week_end,group,spi,spi_prev_week,spi_year_ago,pct_wow_reported,pct_yoy_reported,source_file,week_end_reported,filled_from_next_report,revised_by_next_report,fx_pkr_usd_wavg,diesel_pct_wow,petrol_pct_wow,fuel_revision_week,ramadan_days_in_week,eid_fitr_days_in_week,eid_adha_days_in_week,weeks_to_ramadan,policy_rate,mpc_decision_in_week,log_spi,spi_wow_pct,spi_yoy_pct,fx_wow_pct,spi_wow_pct_lag1,spi_wow_pct_lag2,spi_wow_pct_lag4,fx_wow_pct_lag1,target_spi_wow_pct_next,grp_Combined,grp_Q1,grp_Q2,grp_Q3,grp_Q4,grp_Q5
2019-09-05,Combined,124.34,124.58,106.63,-0.24,16.55,data/raw/spi_weekly/wayback/summary/2019-09-05_summary_weekly_spi_nb.pdf,2019-09-05,False,True,156.8299987792969,-4.04,-5.94,True,0,0,0,33.3,13.25,False,4.823019748841191,,16.6088342867861,,,,,,0.7640341000482609,True,False,False,False,False,False
2019-09-12,Combined,125.29,124.34,106.81,0.76,17.3,data/raw/spi_weekly/wayback/summary/2019-09-12_summary_weekly_spi_nb.pdf,2019-09-12,False,False,155.6459991455078,0.0,0.0,False,0,0,0,32.3,13.25,False,4.830631050257462,0.7640341000482609,17.301750772399593,-0.7549573697665402,,,,,1.013648335860795,True,False,False,False,False,False
2019-09-19,Combined,126.56,125.29,107.16,1.01,18.1,data/raw/spi_weekly/wayback/summary/2019-09-19_summary_weekly_spi_nb.pdf,2019-09-19,False,False,155.93800048828126,0.0,0.0,False,0,0,0,31.3,13.25,True,4.840716504019344,1.013648335860795,18.103770063456516,0.18760607042682675,0.7640341000482609,,,-0.7549573697665402,0.18963337547408532,True,False,False,False,False,False
2019-09-26,Combined,126.8,126.56,107.31,0.19,18.16,data/raw/spi_weekly/wayback/summary/2019-09-26_summary_weekly_spi_nb.pdf,2019-09-26,False,False,156.03799743652343,0.0,0.0,False,0,0,0,30.3,13.25,False,4.842611042003125,0.18963337547408532,18.162333426521293,0.06412609365840094,1.013648335860795,0.7640341000482609,,0.18760607042682675,0.18138801261828874,True,False,False,False,False,False
2019-10-03,Combined,127.03,126.8,110.24,0.18,15.23,data/raw/spi_weekly/wayback/summary/2019-10-03_summary_weekly_spi_nb.pdf,2019-10-03,False,False,155.5259979248047,0.0,0.0,False,0,0,0,29.3,13.25,False,4.844423279035369,0.18138801261828874,15.230406386066765,-0.3281248927377467,0.18963337547408532,1.013648335860795,,0.06412609365840094,-0.44084074628041314,True,False,False,False,False,False
2019-10-10,Combined,126.47,127.03,110.97,-0.44,13.97,data/raw/spi_weekly/wayback/summary/2019-10-10_summary_weekly_spi_nb.pdf,2019-10-10,False,False,155.77999877929688,0.0,0.0,False,0,0,0,28.3,13.25,False,4.840005125891885,-0.44084074628041314,13.967739028566273,0.16331729606711143,0.18138801261828874,0.18963337547408532,0.7640341000482609,-0.3281248927377467,2.3562900292559474,True,False,False,False,False,False
2019-10-17,Combined,129.45,126.47,110.57,2.36,17.08,data/raw/spi_weekly/wayback/summary/2019-10-17_summary_weekly_spi_nb.pdf,2019-10-17,False,False,155.53423461914062,0.0,0.0,False,0,0,0,27.3,13.25,False,4.8632947061975464,2.3562900292559474,17.075156009767568,-0.15776361669154193,-0.44084074628041314,0.18138801261828874,1.013648335860795,0.16331729606711143,0.17767477790653352,True,False,False,False,False,False
2019-10-24,Combined,129.68,129.45,110.45,0.18,17.41,data/raw/spi_weekly/wayback/summary/2019-10-24_summary_weekly_spi_nb.pdf,2019-10-24,False,False,155.55,0.0,0.0,False,0,0,0,26.3,13.25,False,4.865069877427421,0.17767477790653352,17.410593028519706,0.010136277005501348,2.3562900292559474,-0.44084074628041314,0.18963337547408532,-0.15776361669154193,0.5243676742751502,True,False,False,False,False,False
2019-10-31,Combined,130.36,129.68,110.06,0.52,18.44,data/raw/spi_weekly/wayback/summary/2019-10-31_summary_weekly_spi_nb.pdf,2019-10-31,False,False,155.3,0.0,0.0,False,0,0,0,25.3,13.25,False,4.870299853969361,0.5243676742751502,18.444484826458307,-0.16072002571519972,0.17767477790653352,2.3562900292559474,0.18138801261828874,0.010136277005501348,0.5676587910401709,True,False,False,False,False,False
2019-11-07,Combined,131.1,130.36,110.14,0.57,19.03,data/raw/spi_weekly/wayback/summary/2019-11-07_summary_weekly_spi_nb.pdf,2019-11-07,False,False,155.0356414794922,0.22,0.89,False,0,0,0,24.3,13.25,False,4.875960390769654,0.5676587910401709,19.030325040857086,-0.1702244175839085,0.5243676742751502,0.17767477790653352,-0.44084074628041314,-0.16072002571519972,1.090770404271546,True,False,False,False,False,False
2019-11-14,Combined,132.53,131.1,110.79,1.09,19.62,data/raw/spi_weekly/wayback/summary/2019-11-14_summary_weekly_spi_nb.pdf,2019-11-14,False,False,155.2,0.0,0.0,False,0,0,0,23.3,13.25,False,4.886809034892587,1.090770404271546,19.6227096308331,0.10601337791706911,0.5676587910401709,0.5243676742751502,2.3562900292559474,-0.1702244175839085,0.2188183807439792,True,False,False,False,False,False
2019-11-21,Combined,132.82,132.53,110.81,0.22,19.86,data/raw/spi_weekly/wayback/summary/2019-11-21_summary_weekly_spi_nb.pdf,2019-11-21,False,False,154.74620361328124,0.0,0.0,False,0,0,0,22.3,13.25,False,4.888994828112567,0.2188183807439792,19.86282826459704,-0.29239457907136446,1.090770404271546,0.5676587910401709,0.17767477790653352,0.10601337791706911,-0.7152537268483528,True,False,False,False,False,False
2019-11-28,Combined,131.87,132.82,110.85,-0.72,18.96,data/raw/spi_weekly/wayback/summary/2019-11-28_summary_weekly_spi_nb.pdf,2019-11-28,False,False,154.8800018310547,0.0,0.0,False,0,0,0,21.3,13.25,True,4.881816588819608,-0.7152537268483528,18.962562020748774,0.08646300500387838,0.2188183807439792,1.090770404271546,0.5243676742751502,-0.29239457907136446,-0.8341548494729567,True,False,False,False,False,False
2019-12-05,Combined,130.77,131.87,110.29,-0.83,18.57,data/raw/spi_weekly/wayback/summary/2019-12-05_summary_weekly_spi_nb.pdf,2019-12-05,False,False,154.22896728515624,-1.86,-0.2,True,0,0,0,20.3,13.25,False,4.873440054918411,-0.8341548494729567,18.569226584459166,-0.42034771319838793,-0.7152537268483528,0.2188183807439792,0.5676587910401709,0.08646300500387838,-0.5429379827177505,True,False,False,False,False,False
2019-12-12,Combined,130.06,130.77,110.24,-0.54,17.98,data/raw/spi_weekly/wayback/summary/2019-12-12_summary_weekly_spi_nb.pdf,2019-12-12,False,False,154.49000244140626,0.0,0.0,False,0,0,0,19.3,13.25,False,4.867995882441006,-0.5429379827177505,17.978955007256904,0.16925170468617967,-0.8341548494729567,-0.7152537268483528,1.090770404271546,-0.42034771319838793,-0.03075503613716446,True,False,False,False,False,False
2019-12-19,Combined,130.02,130.06,110.24,-0.03,17.94,data/raw/spi_weekly/wayback/summary/2019-12-19_summary_weekly_spi_nb.pdf,2019-12-19,False,False,154.34918212890625,0.0,0.0,False,0,0,0,18.3,13.25,False,4.867688284776323,-0.03075503613716446,17.942670537010173,-0.09115173168141588,-0.5429379827177505,-0.8341548494729567,0.2188183807439792,0.16925170468617967,0.6537455776034484,True,False,False,False,False,False
2019-12-26,Combined,130.87,130.02,110.43,0.65,18.51,data/raw/spi_weekly/wayback/summary/2019-12-26_summary_weekly_spi_nb.pdf,2019-12-26,False,False,153.9727355957031,0.0,0.0,False,0,0,0,17.3,13.25,False,4.87420446406739,0.6537455776034484,18.509463008240502,-0.2438927942544855,-0.03075503613716446,-0.5429379827177505,-0.7152537268483528,-0.09115173168141588,0.7411935508519818,True,False,False,False,False,False
2020-01-02,Combined,131.84,130.87,110.01,0.74,19.84,data/raw/spi_weekly/wayback/summary/2020-01-02_summary_weekly_spi_nb.pdf,2020-01-02,False,False,154.40554809570312,1.76,2.28,True,0,0,0,16.3,13.25,False,4.881589066161162,0.7411935508519818,19.843650577220238,0.28109684375321464,0.6537455776034484,-0.03075503613716446,-0.8341548494729567,-0.2438927942544855,0.3640776699028958,True,False,False,False,False,False
2020-01-09,Combined,132.32,131.84,110.2,0.36,20.07,data/raw/spi_weekly/wayback/summary/2020-01-09_summary_weekly_spi_nb.pdf,2020-01-09,False,False,154.36000061035156,0.0,0.0,False,0,0,0,15.3,13.25,False,4.885223231275381,0.3640776699028958,20.072595281306715,-0.02949860669729798,0.7411935508519818,0.6537455776034484,-0.5429379827177505,0.28109684375321464,-0.1813784764207793,True,False,False,False,False,False
2020-01-16,Combined,132.08,132.32,110.05,-0.18,20.02,data/raw/spi_weekly/wayback/summary/2020-01-16_summary_weekly_spi_nb.pdf,2020-01-16,False,False,154.09642333984374,0.0,0.0,False,0,0,0,14.3,13.25,False,4.883407799611873,-0.1813784764207793,20.018173557473883,-0.17075490377405078,0.3640776699028958,0.7411935508519818,-0.03075503613716446,-0.02949860669729798,-0.4012719563900702,True,False,False,False,False,False
2020-01-23,Combined,131.55,132.08,109.91,-0.4,19.69,data/raw/spi_weekly/wayback/summary/2020-01-23_summary_weekly_spi_nb.pdf,2020-01-23,False,False,153.88193054199218,0.0,0.0,False,0,0,0,13.3,13.25,False,4.879387007486302,-0.4012719563900702,19.68883632062599,-0.1391938847136731,-0.1813784764207793,0.3640776699028958,0.6537455776034484,-0.17075490377405078,-0.35727860129228795,True,False,False,False,False,False
2020-01-30,Combined,131.08,131.55,110.45,-0.36,18.68,data/raw/spi_weekly/wayback/summary/2020-01-30_summary_weekly_spi_nb.pdf,2020-01-30,False,False,153.96000061035156,0.0,0.0,False,0,0,0,12.3,13.25,True,4.8758078238306135,-0.35727860129228795,18.678134902670894,0.05073374637580841,-0.4012719563900702,-0.1813784764207793,0.7411935508519818,-0.1391938847136731,0.20598108025631223,True,False,False,False,False,False
2020-02-06,Combined,131.35,131.08,111.71,0.21,17.58,data/raw/spi_weekly/wayback/summary/2020-02-06_summary_weekly_spi_nb.pdf,2020-02-06,False,False,153.7567169189453,0.0,0.0,False,0,0,0,11.3,13.25,False,4.877865516131549,0.20598108025631223,17.581237131859282,-0.13203669173835753,-0.35727860129228795,-0.4012719563900702,0.3640776699028958,0.05073374637580841,-0.3806623524933439,True,False,False,False,False,False
2020-02-13,Combined,130.85,131.35,112.43,-0.38,16.38,data/raw/spi_weekly/wayback/summary/2020-02-13_summary_weekly_spi_nb.pdf,2020-02-13,False,False,153.72173767089845,0.0,0.0,False,0,0,0,10.3,13.25,False,4.874051628976154,-0.3806623524933439,16.38352752823977,-0.022749736562921452,0.20598108025631223,-0.35727860129228795,-0.1813784764207793,-0.13203669173835753,-0.1375620940007649,True,False,False,False,False,False
2020-02-20,Combined,130.67,130.85,112.68,-0.14,15.97,data/raw/spi_weekly/wayback/summary/2020-02-20_summary_weekly_spi_nb.pdf,2020-02-20,False,False,153.81999816894532,0.0,0.0,False,0,0,0,9.3,13.25,False,4.872675061001055,-0.1375620940007649,15.96556620518279,0.06392101698540209,-0.3806623524933439,0.20598108025631223,-0.4012719563900702,-0.022749736562921452,-1.163235631744075,True,False,False,False,False,False
2020-02-27,Combined,129.15,130.67,112.7,-1.16,14.6,data/raw/spi_weekly/wayback/summary/2020-02-27_summary_weekly_spi_nb.pdf,2020-02-27,False,False,153.79000244140624,0.0,0.0,False,0,0,0,8.3,13.25,False,4.860974519541849,-1.163235631744075,14.596273291925478,-0.019500538223993225,-0.1375620940007649,-0.3806623524933439,-0.35727860129228795,0.06392101698540209,-0.31746031746031633,True,False,False,False,False,False
2020-03-05,Combined,128.74,129.15,115.37,-0.32,11.59,data/raw/spi_weekly/wayback/summary/2020-03-05_summary_weekly_spi_nb.pdf,2020-03-05,False,False,153.8,-3.91,-4.24,True,0,0,0,7.3,13.25,False,4.85779486662447,-0.31746031746031633,11.58880124815811,0.006500785769603112,-1.163235631744075,-0.1375620940007649,0.20598108025631223,-0.019500538223993225,0.7146186111542496,True,False,False,False,False,False
2020-03-12,Combined,129.66,128.74,115.36,0.71,12.4,data/raw/spi_weekly/wayback/summary/2020-03-12_summary_weekly_spi_nb.pdf,2020-03-12,False,False,155.272802734375,0.0,0.0,False,0,0,0,6.3,13.25,False,4.864915639746849,0.7146186111542496,12.395977808599156,0.9576090600617704,-0.31746031746031633,-1.163235631744075,-0.3806623524933439,0.006500785769603112,0.04627487274411202,True,False,False,False,False,False
2020-03-19,Combined,129.72,129.66,114.95,0.05,12.85,data/raw/spi_weekly/wayback/summary/2020-03-19_summary_weekly_spi_nb.pdf,2020-03-19,False,False,157.58949279785156,0.0,0.0,False,0,0,0,5.3,12.5,True,4.865378281439117,0.04627487274411202,12.849064810787292,1.4920127818132567,0.7146186111542496,-0.31746031746031633,-0.1375620940007649,0.9576090600617704,-1.2488436632747457,True,False,False,False,False,False
2020-03-26,Combined,128.1,129.72,114.52,-1.25,11.86,data/raw/spi_weekly/wayback/summary/2020-03-26_summary_weekly_spi_nb.pdf,2020-03-26,False,False,158.47000122070312,-12.15,-13.31,True,0,0,0,4.3,11.0,True,4.852811208902689,-1.2488436632747457,11.858190709046458,0.5587354887809814,0.04627487274411202,0.7146186111542496,-1.163235631744075,1.4920127818132567,-2.014051522248239,True,False,False,False,False,False
2020-04-02,Combined,125.52,128.1,114.87,-2.01,9.27,data/raw/spi_weekly/wayback/summary/2020-04-02_summary_weekly_spi_nb.pdf,2020-04-02,False,False,164.6666473388672,0.0,0.0,False,0,0,0,3.3,11.0,False,4.832465108424777,-2.014051522248239,9.27135022199006,3.9102959995147124,-1.2488436632747457,0.04627487274411202,-0.31746031746031633,0.5587354887809814,-0.43817718291905283,True,False,False,False,False,False
2020-04-09,Combined,124.97,125.52,115.5,-0.44,8.2,data/raw/spi_weekly/wayback/summary/2020-04-09_summary_weekly_spi_nb.pdf,2020-04-09,False,False,166.52000122070314,0.0,0.0,False,0,0,0,2.3,11.0,False,4.828073708497692,-0.43817718291905283,8.199134199134207,1.1255186838303288,-2.014051522248239,-1.2488436632747457,0.7146186111542496,3.9102959995147124,0.15203648875730114,True,False,False,False,False,False
2020-04-16,Combined,125.16,124.97,116.22,0.15,7.69,data/raw/spi_weekly/wayback/summary/2020-04-16_summary_weekly_spi_nb.pdf,2020-04-16,False,False,166.27999877929688,0.0,0.0,False,0,0,0,1.3,9.0,True,4.829592918800682,0.15203648875730114,7.692307692307687,-0.14412829668921656,-0.43817718291905283,-2.014051522248239,0.04627487274411202,1.1255186838303288,0.6152125279642151,True,False,False,False,False,False
2020-04-23,Combined,125.93,125.16,116.71,0.62,7.9,data/raw/spi_weekly/wayback/summary/2020-04-23_summary_weekly_spi_nb.pdf,2020-04-23,False,False,162.41874084472656,0.0,0.0,False,0,0,0,0.3,9.0,False,4.835726197017755,0.6152125279642151,7.899922885785293,-2.3221421475323467,0.15203648875730114,-0.43817718291905283,-1.2488436632747457,-0.14412829668921656,0.7226236798221208,True,False,False,False,False,False
2020-04-30,Combined,126.84,125.93,115.48,0.72,9.84,data/raw/spi_weekly/wayback/summary/2020-04-30_summary_weekly_spi_nb.pdf,2020-04-30,False,False,160.4800018310547,0.0,0.0,False,6,0,0,49.9,9.0,False,4.842926449670147,0.7226236798221208,9.837201246969162,-1.1936670630425028,0.6152125279642151,0.15203648875730114,-2.014051522248239,-2.3221421475323467,0.36266162093976373,True,False,False,False,False,False
2020-05-07,Combined,127.3,126.84,117.26,0.36,8.56,data/raw/spi_weekly/wayback/summary/2020-05-07_summary_weekly_spi_nb.pdf,2020-05-07,False,False,159.25,-25.2,-15.55,True,7,0,0,48.9,9.0,False,4.846546505563361,0.36266162093976373,8.562169537779285,-0.7664517802969506,0.7226236798221208,0.6152125279642151,-0.43817718291905283,-1.1936670630425028,0.007855459544381382,True,False,False,False,False,False
2020-05-14,Combined,127.31,127.3,116.52,0.01,9.26,data/raw/spi_weekly/wayback/summary/2020-05-14_summary_weekly_spi_nb.pdf,2020-05-14,False,False,159.76000061035157,0.0,0.0,False,7,0,0,47.9,9.0,False,4.846625057073554,0.007855459544381382,9.260212838997607,0.320251560660334,0.36266162093976373,0.7226236798221208,0.15203648875730114,-0.7664517802969506,0.6598067708742494,True,False,False,False,False,False
2020-05-21,Combined,128.15,127.31,116.87,0.66,9.65,data/raw/spi_weekly/wayback/summary/2020-05-21_summary_weekly_spi_nb.pdf,2020-05-21,False,False,160.02000122070314,0.0,0.0,False,7,0,0,46.9,8.0,True,4.85320145281008,0.6598067708742494,9.651749807478405,0.16274449759530185,0.007855459544381382,0.36266162093976373,0.6152125279642151,0.320251560660334,0.13265704252827248,True,False,False,False,False,False
2020-05-28,Combined,128.32,128.15,117.05,0.13,9.63,data/raw/spi_weekly/wayback/summary/2020-05-28_summary_weekly_spi_nb.pdf,2020-05-28,False,False,160.19259643554688,0.0,0.0,False,2,3,0,45.9,8.0,False,4.8545271441182045,0.13265704252827248,9.628363947031172,0.10785852613868219,0.6598067708742494,0.007855459544381382,0.7226236798221208,0.16274449759530185,-0.42082294264338405,True,False,False,False,False,False
2020-06-04,Combined,127.78,128.32,117.05,-0.42,9.17,data/raw/spi_weekly/wayback/summary/2020-06-04_summary_weekly_spi_nb.pdf,2020-06-04,False,False,163.2300018310547,0.15,-8.55,True,0,0,0,44.9,8.0,False,4.850310035174197,-0.42082294264338405,9.167022639897482,1.8960959888866702,0.13265704252827248,0.6598067708742494,0.36266162093976373,0.10785852613868219,0.05478165597119222,True,False,False,False,False,False
2020-06-11,Combined,127.85,127.78,117.85,0.05,8.49,data/raw/spi_weekly/wayback/summary/2020-06-11_summary_weekly_spi_nb.pdf,2020-06-11,False,False,163.36000061035156,0.0,0.0,False,0,0,0,43.9,8.0,False,4.850857701737196,0.05478165597119222,8.48536274925753,0.07964147389487586,-0.42082294264338405,0.13265704252827248,0.007855459544381382,1.8960959888866702,1.0246382479468075,True,False,False,False,False,False
2020-06-18,Combined,129.16,127.85,117.54,1.02,9.89,data/raw/spi_weekly/wayback/summary/2020-06-18_summary_weekly_spi_nb.pdf,2020-06-18,False,False,164.3800018310547,0.0,0.0,False,0,0,0,42.9,8.0,False,4.8610519458900745,1.0246382479468075,9.885996256593499,0.6243885999584808,0.05478165597119222,-0.42082294264338405,0.6598067708742494,0.07964147389487586,0.1548467017652655,True,False,False,False,False,False
2020-06-25,Combined,129.36,129.16,117.38,0.15,10.21,data/raw/spi_weekly/wayback/summary/2020-06-25_summary_weekly_spi_nb.pdf,2020-06-25,False,False,166.44400329589843,0.0,0.0,False,0,0,0,41.9,7.0,True,4.862599215268851,0.1548467017652655,10.206168001363114,1.2556280824020494,1.0246382479468075,0.05478165597119222,0.13265704252827248,0.6243885999584808,2.288188002473701,True,False,False,False,False,False
2020-07-02,Combined,132.32,129.36,120.54,2.29,9.77,data/raw/spi_weekly/wayback/summary/2020-07-02_summary_weekly_spi_nb.pdf,2020-07-02,False,False,167.60999755859376,26.21,33.97,True,0,0,0,40.9,7.0,False,4.885223231275381,2.288188002473701,9.77268956363031,0.7005324551239367,0.1548467017652655,1.0246382479468075,-0.42082294264338405,1.2556280824020494,0.9824667472793314,True,False,False,False,False,False
2020-07-09,Combined,133.62,132.32,120.36,0.98,11.02,data/raw/spi_weekly/wayback/summary/2020-07-09_summary_weekly_spi_nb.pdf,2020-07-09,False,False,166.69199829101564,0.0,0.0,False,0,0,0,39.9,7.0,False,4.894999950497331,0.9824667472793314,11.016949152542388,-0.5476995888966663,2.288188002473701,0.1548467017652655,0.05478165597119222,0.7005324551239367,-0.007483909594363514,True,False,False,False,False,False
2020-07-16,Combined,133.61,133.62,121.14,-0.01,10.29,data/raw/spi_weekly/wayback/summary/2020-07-16_summary_weekly_spi_nb.pdf,2020-07-16,False,False,165.9234619140625,0.0,0.0,False,0,0,0,38.9,7.0,False,4.894925108600803,-0.007483909594363514,10.293874855539054,-0.4610517510333034,0.9824667472793314,2.288188002473701,1.0246382479468075,-0.5476995888966663,0.20956515230894368,True,False,False,False,False,False
2020-07-23,Combined,133.89,133.61,121.17,0.21,10.5,data/raw/spi_weekly/wayback/summary/2020-07-23_summary_weekly_spi_nb.pdf,2020-07-23,False,False,166.93800048828126,0.0,0.0,False,0,0,0,37.9,7.0,False,4.8970185673092885,0.20956515230894368,10.497647932656594,0.6114497386416895,-0.007483909594363514,0.9824667472793314,0.1548467017652655,-0.4610517510333034,0.31369034281873986,True,False,False,False,False,False
2020-07-30,Combined,134.31,133.89,121.99,0.31,10.1,data/raw/spi_weekly/wayback/summary/2020-07-29_summary_weekly_spi_nb.pdf,2020-07-29,False,False,166.5459991455078,0.0,0.0,False,0,0,0,36.9,7.0,False,4.9001505609209834,0.31369034281873986,10.09918845807034,-0.23481852042487317,0.20956515230894368,-0.007483909594363514,2.288188002473701,0.6114497386416895,-0.059563695927344895,True,False,False,False,False,False
2020-08-06,Combined,134.23,134.31,123.75,-0.06,8.47,data/raw/spi_weekly/wayback/summary/2020-08-06_summary_weekly_spi_nb.pdf,2020-08-06,False,False,166.84951782226562,5.01,3.93,True,0,0,3,35.9,7.0,False,4.899554746499545,-0.059563695927344895,8.46868686868687,0.18224315103039235,0.31369034281873986,0.20956515230894368,0.9824667472793314,-0.23481852042487317,-0.21604708336436795,True,False,False,False,False,False
2020-08-13,Combined,133.94,134.23,125.17,-0.22,7.01,data/raw/spi_weekly/wayback/summary/2020-08-13_summary_weekly_spi_nb.pdf,2020-08-13,False,False,167.8654022216797,0.0,0.0,False,0,0,0,34.9,7.0,False,4.8973919384819045,-0.21604708336436795,7.006471199169129,0.6088626522110951,-0.059563695927344895,0.31369034281873986,-0.007483909594363514,0.18224315103039235,0.9556517843810619,True,False,False,False,False,False
2020-08-20,Combined,135.22,133.94,124.63,0.96,8.5,data/raw/spi_weekly/wayback/summary/2020-08-20_summary_weekly_spi_nb.pdf,2020-08-20,False,False,167.1359619140625,0.0,0.0,False,0,0,0,33.9,7.0,False,4.906903081662532,0.9556517843810619,8.49715156864319,-0.4345388018990981,-0.21604708336436795,-0.059563695927344895,0.20956515230894368,0.6088626522110951,-0.1405117586155913,True,False,False,False,False,False
2020-08-27,Combined,135.03,135.22,124.58,-0.14,8.39,data/raw/spi_weekly/wayback/summary/2020-08-27_summary_weekly_spi_nb.pdf,2020-08-27,False,False,167.2309814453125,0.0,0.0,False,0,0,0,32.9,7.0,False,4.905496975972951,-0.1405117586155913,8.38818429924546,0.05685163753019751,0.9556517843810619,-0.21604708336436795,0.31369034281873986,-0.4345388018990981,0.7998222617196182,True,False,False,False,False,False
2020-09-03,Combined,136.11,135.03,124.34,0.8,9.47,data/raw/spi_weekly/wayback/summary/2020-09-03_summary_weekly_spi_nb.pdf,2020-09-03,False,False,164.87991943359376,0.0,0.0,False,0,0,0,31.9,7.0,False,4.913463382343982,0.7998222617196182,9.465980376387328,-1.4058770638068485,-0.1405117586155913,0.9556517843810619,-0.059563695927344895,0.05685163753019751,0.3746969363015218,True,False,False,False,False,False
2020-09-10,Combined,136.62,136.11,125.29,0.37,9.04,data/raw/spi_weekly/wayback/summary/2020-09-10_summary_weekly_spi_nb.pdf,2020-09-10,False,False,165.5295379638672,0.0,0.0,False,0,0,0,30.9,7.0,False,4.917203349303703,0.3746969363015218,9.043020193151886,0.39399493431646615,0.7998222617196182,-0.1405117586155913,-0.21604708336436795,-1.4058770638068485,0.7099985360854877,True,False,False,False,False,False
2020-09-17,Combined,137.59,136.62,126.56,0.71,8.72,data/raw/spi_weekly/wayback/summary/2020-09-17_summary_weekly_spi_nb.pdf,2020-09-17,False,False,165.86000061035156,0.0,0.0,False,0,0,0,29.9,7.0,False,4.924278248439725,0.7099985360854877,8.715233881163087,0.19963968397984644,0.3746969363015218,0.7998222617196182,0.9556517843810619,0.39399493431646615,0.3197906824623953,True,False,False,False,False,False
2020-09-24,Combined,138.03,137.59,126.8,0.32,8.86,data/raw/spi_weekly/wayback/summary/2020-09-24_summary_weekly_spi_nb.pdf,2020-09-24,False,False,165.9,0.0,0.0,False,0,0,0,28.9,7.0,True,4.927471052835487,0.3197906824623953,8.856466876971613,0.024116356867986966,0.7099985360854877,0.3746969363015218,-0.1405117586155913,0.19963968397984644,0.7099905817575802,True,False,False,False,False,False
2020-10-01,Combined,139.01,138.03,127.03,0.71,9.43,data/raw/spi_weekly/wayback/summary/2020-10-01_summary_weekly_spi_nb.pdf,2020-10-01,False,False,165.65999755859374,-2.28,0.0,True,0,0,0,27.9,7.0,False,4.934545872989001,0.7099905817575802,9.430843107927256,-0.14466693273433862,0.3197906824623953,0.7099985360854877,0.7998222617196182,0.024116356867986966,1.2373210560391312,True,False,False,False,False,False
2020-10-08,Combined,140.73,139.01,126.47,1.24,11.28,data/raw/spi_weekly/wayback/summary/2020-10-08_summary_weekly_spi_nb.pdf,2020-10-08,False,False,163.95091857910157,0.0,0.0,False,0,0,0,26.9,7.0,False,4.946843161008476,1.2373210560391312,11.275401280936181,-1.0316787424119567,0.7099905817575802,0.3197906824623953,0.3746969363015218,-0.14466693273433862,0.4476657429119735,True,False,False,False,False,False
2020-10-15,Combined,141.36,140.73,129.45,0.45,9.2,data/raw/spi_weekly/wayback/summary/2020-10-15_summary_weekly_spi_nb.pdf,2020-10-15,False,False,163.23410339355468,0.0,0.0,False,0,0,0,25.9,7.0,False,4.951309828011441,0.4476657429119735,9.200463499420653,-0.4372132780708138,1.2373210560391312,0.7099905817575802,0.7099985360854877,-1.0316787424119567,-0.22637238256933978,True,False,False,False,False,False
2020-10-22,Combined,141.04,141.36,129.68,-0.23,8.76,data/raw/spi_weekly/wayback/summary/2020-10-22_summary_weekly_spi_nb.pdf,2020-10-22,False,False,162.3300018310547,0.0,0.0,False,0,0,0,24.9,7.0,False,4.949043538089615,-0.22637238256933978,8.760024676125845,-0.5538680604752155,0.4476657429119735,1.2373210560391312,0.3197906824623953,-0.4372132780708138,1.3754963131026754,True,False,False,False,False,False
2020-10-29,Combined,142.98,141.04,130.36,1.38,9.68,data/raw/spi_weekly/wayback/summary/2020-10-29_summary_weekly_spi_nb.pdf,2020-10-29,False,False,160.87999877929687,0.0,0.0,False,0,0,0,23.9,7.0,False,4.962704760338705,1.3754963131026754,9.680883706658472,-0.8932440309259104,-0.22637238256933978,0.4476657429119735,0.7099905817575802,-0.5538680604752155,-0.11889774793676366,True,False,False,False,False,False
2020-11-05,Combined,142.81,142.98,131.1,-0.12,8.93,data/raw/spi_weekly/wayback/summary/2020-11-05_summary_weekly_spi_nb.pdf,2020-11-05,False,False,159.61024475097656,-0.78,-1.46,True,0,0,0,22.9,7.0,False,4.961515075464842,-0.11889774793676366,8.932112890922973,-0.7892553691911774,1.3754963131026754,-0.22637238256933978,1.2373210560391312,-0.8932440309259104,-0.07002310762551645,True,False,False,False,False,False
2020-11-12,Combined,142.71,142.81,132.53,-0.07,7.68,data/raw/spi_weekly/wayback/summary/2020-11-12_summary_weekly_spi_nb.pdf,2020-11-12,False,False,158.42555541992186,0.0,0.0,False,0,0,0,21.9,7.0,False,4.9608145991123,-0.07002310762551645,7.681279710254296,-0.7422389038391874,-0.11889774793676366,1.3754963131026754,0.4476657429119735,-0.7892553691911774,0.2382453927545436,True,False,False,False,False,False
2020-11-19,Combined,143.05,142.71,132.82,0.24,7.7,data/raw/spi_weekly/wayback/summary/2020-11-19_summary_weekly_spi_nb.pdf,2020-11-19,False,False,158.0,-1.74,-1.67,True,0,0,0,20.9,7.0,False,4.96319421949612,0.2382453927545436,7.7021532901671685,-0.2686153877093145,-0.07002310762551645,-0.11889774793676366,-0.22637238256933978,-0.7422389038391874,-0.9157637189793788,True,False,False,False,False,False
2020-11-26,Combined,141.74,143.05,131.87,-0.92,7.48,data/raw/spi_weekly/wayback/summary/2020-11-26_summary_weekly_spi_nb.pdf,2020-11-26,False,False,160.07000122070312,0.0,0.0,False,0,0,0,19.9,7.0,True,4.95399439338211,-0.9157637189793788,7.484643967543803,1.31012735487539,0.2382453927545436,-0.07002310762551645,1.3754963131026754,-0.2686153877093145,-0.23282065754198777,True,False,False,False,False,False
2020-12-03,Combined,141.41,141.74,130.77,-0.23,8.14,data/raw/spi_weekly/wayback/summary/2020-12-03_summary_weekly_spi_nb.pdf,2020-12-03,False,False,158.99773254394532,3.92,0.0,True,0,0,0,18.9,7.0,False,4.9516634723196855,-0.23282065754198777,8.136422726925119,-0.669874847617058,-0.9157637189793788,0.2382453927545436,-0.11889774793676366,1.31012735487539,-0.2616505197652219,True,False,False,False,False,False
2020-12-10,Combined,141.04,141.41,130.06,-0.26,8.44,data/raw/spi_weekly/wayback/summary/2020-12-10_summary_weekly_spi_nb.pdf,2020-12-10,False,False,160.01000061035157,0.0,0.0,False,0,0,0,17.9,7.0,False,4.949043538089615,-0.2616505197652219,8.442257419652455,0.6366556618198738,-0.23282065754198777,-0.9157637189793788,-0.07002310762551645,-0.669874847617058,-0.21979580260919063,True,False,False,False,False,False
2020-12-17,Combined,140.73,141.04,130.02,-0.22,8.24,data/raw/spi_weekly/wayback/summary/2020-12-17_summary_weekly_spi_nb.pdf,2020-12-17,False,False,160.02000427246094,2.77,2.97,True,0,0,0,16.9,7.0,False,4.946843161008476,-0.21979580260919063,8.237194277803406,0.006251898050879667,-0.2616505197652219,-0.23282065754198777,0.2382453927545436,0.6366556618198738,0.11369288708875658,True,False,False,False,False,False
2020-12-24,Combined,140.89,140.73,130.87,0.11,7.66,data/raw/spi_weekly/wayback/summary/2020-12-24_summary_weekly_spi_nb.pdf,2020-12-24,False,False,160.0240020751953,0.0,0.0,False,0,0,0,15.9,7.0,False,4.947979444065186,0.11369288708875658,7.656452968594785,0.0024983143529722085,-0.21979580260919063,-0.2616505197652219,-0.9157637189793788,0.006251898050879667,-0.6884803747604473,True,False,False,False,False,False
2020-12-31,Combined,139.92,140.89,131.84,-0.69,6.13,data/raw/spi_weekly/wayback/summary/2020-12-31_summary_weekly_spi_nb.pdf,2020-12-31,False,False,159.88395080566406,0.0,0.0,False,0,0,0,14.9,7.0,False,4.941070830710347,-0.6884803747604473,6.1286407766990125,-0.08751891448474103,0.11369288708875658,-0.21979580260919063,-0.23282065754198777,0.0024983143529722085,0.06432246998284707,True,False,False,False,False,False
2021-01-07,Combined,140.01,139.92,132.32,0.06,5.81,data/raw/spi_weekly/wayback/summary/2021-01-07_summary_weekly_spi_nb.pdf,2021-01-07,False,False,159.7465850830078,1.66,2.15,True,0,0,0,13.9,7.0,False,4.941713848629834,0.06432246998284707,5.811668681983062,-0.08591589209802075,-0.6884803747604473,0.11369288708875658,-0.2616505197652219,-0.08751891448474103,-0.2214127562316981,True,False,False,False,False,False
2021-01-14,Combined,139.7,140.01,132.08,-0.22,5.77,data/raw/spi_weekly/wayback/summary/2021-01-14_summary_weekly_spi_nb.pdf,2021-01-14,False,False,159.84575805664062,0.0,0.0,False,0,0,0,12.9,7.0,False,4.939497266262916,-0.2214127562316981,5.769230769230749,0.062081435782368466,0.06432246998284707,-0.6884803747604473,-0.21979580260919063,-0.08591589209802075,0.3221188260558394,True,False,False,False,False,False
2021-01-21,Combined,140.15,139.7,131.55,0.32,6.54,data/raw/spi_weekly/wayback/summary/2021-01-21_summary_weekly_spi_nb.pdf,2021-01-21,False,False,159.86031494140624,2.67,3.02,True,0,0,0,11.9,7.0,False,4.942713277610797,0.3221188260558394,6.5374382364119965,0.009106832075245208,-0.2214127562316981,0.06432246998284707,0.11369288708875658,0.062081435782368466,0.520870495897241,True,False,False,False,False,False
2021-01-28,Combined,140.88,140.15,131.08,0.52,7.48,data/raw/spi_weekly/wayback/summary/2021-01-28_summary_weekly_spi_nb.pdf,2021-01-28,False,False,160.32000122070312,0.0,0.0,False,0,0,0,10.9,7.0,True,4.94790846418795,0.520870495897241,7.476350320415004,0.28755496914001366,0.3221188260558394,-0.2214127562316981,-0.6884803747604473,0.009106832075245208,0.5820556501987539,True,False,False,False,False,False
2021-02-04,Combined,141.7,140.88,131.35,0.53,7.82,data/raw/spi_weekly/wayback/summary/2021-02-04_summary_weekly_spi_nb.pdf,2021-02-04,False,True,159.80806884765624,2.57,2.49,True,0,0,0,9.9,7.0,False,4.953712146696635,0.5820556501987539,7.879710696612108,-0.3193190925330214,0.520870495897241,0.3221188260558394,0.06432246998284707,0.28755496914001366,0.8115737473535667,True,False,False,False,False,False
2021-02-11,Combined,142.85,141.7,130.85,0.81,9.17,data/raw/spi_weekly/wayback/summary/2021-02-11_summary_weekly_spi_nb.pdf,2021-02-11,False,False,159.56000366210938,0.0,0.0,False,0,0,0,8.9,7.0,False,4.961795128676782,0.8115737473535667,9.170806266717623,-0.15522694650877966,0.5820556501987539,0.520870495897241,-0.2214127562316981,-0.3193190925330214,0.5460273013650596,True,False,False,False,False,False
2021-02-18,Combined,143.63,142.85,130.67,0.55,9.92,data/raw/spi_weekly/wayback/summary/2021-02-18_summary_weekly_spi_nb.pdf,2021-02-18,False,False,158.7555389404297,0.0,0.0,False,0,0,0,7.9,7.0,False,4.967240548443732,0.5460273013650596,9.918114333818018,-0.5041769260567652,0.8115737473535667,0.5820556501987539,0.3221188260558394,-0.15522694650877966,2.40896748590127,True,False,False,False,False,False
2021-02-25,Combined,147.09,143.63,129.15,2.41,13.89,data/raw/spi_weekly/wayback/summary/2021-02-25_summary_weekly_spi_nb.pdf,2021-02-25,False,False,158.51245727539063,0.0,0.0,False,0,0,0,6.9,7.0,False,4.991044644331252,2.40896748590127,13.890824622531927,-0.15311696628755866,0.5460273013650596,0.8115737473535667,0.520870495897241,-0.5041769260567652,0.6118702834998935,True,False,False,False,False,False
2021-03-04,Combined,147.99,147.09,128.74,0.61,14.95,data/raw/spi_weekly/wayback/summary/2021-03-04_summary_weekly_spi_nb.pdf,2021-03-04,False,False,157.15894470214843,0.0,0.0,False,0,0,0,5.9,7.0,False,4.997144703913756,0.6118702834998935,14.952617679043033,-0.8538840394674341,2.40896748590127,0.5460273013650596,0.5820556501987539,-0.15311696628755866,-0.5743631326441179,True,False,False,False,False,False
2021-03-11,Combined,147.14,147.99,129.66,-0.57,13.48,data/raw/spi_weekly/wayback/summary/2021-03-11_summary_weekly_spi_nb.pdf,2021-03-11,False,False,156.7499969482422,0.0,0.0,False,0,0,0,4.9,7.0,False,4.9913845145041185,-0.5743631326441179,13.481412926114444,-0.2602128403707993,0.6118702834998935,2.40896748590127,0.8115737473535667,-0.8538840394674341,-0.1902949571836121,True,False,False,False,False,False
2021-03-18,Combined,146.86,147.14,129.72,-0.19,13.21,data/raw/spi_weekly/wayback/summary/2021-03-18_summary_weekly_spi_nb.pdf,2021-03-18,False,False,156.22545776367187,0.0,0.0,False,0,0,0,3.9,7.0,False,4.989479752023464,-0.1902949571836121,13.21307431390688,-0.3346342550446968,-0.5743631326441179,0.6118702834998935,0.5460273013650596,-0.2602128403707993,0.6128285441917347,True,False,False,False,False,False
2021-03-25,Combined,147.76,146.86,128.1,0.61,15.35,data/raw/spi_weekly/wayback/summary/2021-03-25_summary_weekly_spi_nb.pdf,2021-03-25,False,False,155.3657196044922,0.0,0.0,False,0,0,0,2.9,7.0,True,4.995589335890984,0.6128285441917347,15.34738485558158,-0.5503188606304055,-0.1902949571836121,-0.5743631326441179,2.40896748590127,-0.3346342550446968,-0.43313481321060054,True,False,False,False,False,False
2021-04-01,Combined,147.12,147.76,125.52,-0.43,17.21,data/raw/spi_weekly/wayback/summary/2021-04-01_summary_weekly_spi_nb.pdf,2021-04-01,False,False,153.68600463867188,-2.56,-1.36,True,0,0,0,1.9,7.0,False,4.991248580296066,-0.43313481321060054,17.20841300191205,-1.0811361541634201,0.6128285441917347,-0.1902949571836121,0.6118702834998935,-0.5503188606304055,0.5981511691136365,True,False,False,False,False,False
2021-04-08,Combined,148.0,147.12,124.97,0.6,18.43,data/raw/spi_weekly/wayback/summary/2021-04-08_summary_weekly_spi_nb.pdf,2021-04-08,False,False,152.139892578125,0.0,0.0,False,0,0,0,0.9,7.0,False,4.997212273764115,0.5981511691136365,18.428422821477163,-1.006020075921621,-0.43313481321060054,0.6128285441917347,-0.5743631326441179,-1.0811361541634201,0.5405405405405572,True,False,False,False,False,False
2021-04-15,Combined,148.8,148.0,125.16,0.54,18.89,data/raw/spi_weekly/wayback/summary/2021-04-15_summary_weekly_spi_nb.pdf,2021-04-15,False,False,152.34845275878905,0.0,0.0,False,2,0,0,50.4,7.0,False,5.002603122398992,0.5405405405405572,18.88782358581018,0.13708448003337814,0.5981511691136365,-0.43313481321060054,-0.1902949571836121,-1.006020075921621,-0.40322580645162365,True,False,False,False,False,False
2021-04-22,Combined,148.2,148.8,125.93,-0.4,17.68,data/raw/spi_weekly/wayback/summary/2021-04-22_summary_weekly_spi_nb.pdf,2021-04-22,False,False,152.50263671875,-2.02,-1.58,True,7,0,0,49.4,7.0,False,4.998562712861986,-0.40322580645162365,17.6844278567458,0.10120480856150582,0.5405405405405572,0.5981511691136365,0.6128285441917347,0.13708448003337814,0.04723346828612307,True,False,False,False,False,False
2021-04-29,Combined,148.27,148.2,126.84,0.05,16.9,data/raw/spi_weekly/wayback/summary/2021-04-29_summary_weekly_spi_nb.pdf,2021-04-29,False,False,153.30137939453124,0.0,0.0,False,7,0,0,48.4,7.0,False,4.999034936029934,0.04723346828612307,16.89530116682436,0.5237566333061494,-0.40322580645162365,0.5405405405405572,-0.43313481321060054,0.10120480856150582,0.4990894988871508,True,False,False,False,False,False
2021-05-06,Combined,149.01,148.27,127.3,0.5,17.05,data/raw/spi_weekly/wayback/summary/2021-05-06_summary_weekly_spi_nb.pdf,2021-05-06,False,False,152.87866821289063,0.0,0.0,False,7,0,0,47.4,7.0,False,5.004013417787369,0.4990894988871508,17.054202670856245,-0.2757386680472984,0.04723346828612307,-0.40322580645162365,0.5981511691136365,0.5237566333061494,0.0,True,False,False,False,False,False
2021-05-13,Combined,149.01,,,,,,,True,False,151.4324157714844,,,,6,1,0,46.4,7.0,False,5.004013417787369,0.0,,-0.9460132393306009,0.4990894988871508,0.04723346828612307,0.5405405405405572,-0.2757386680472984,0.8187369975169334,True,False,False,False,False,False
2021-05-20,Combined,150.23,149.01,128.15,0.82,17.23,data/raw/spi_weekly/wayback/summary/2021-05-20_summary_weekly_spi_nb.pdf,2021-05-20,False,False,152.3540008544922,0.0,0.0,False,0,2,0,45.4,7.0,False,5.0121674530743325,0.8187369975169334,17.229808817791636,0.608578472655763,0.0,0.4990894988871508,-0.40322580645162365,-0.9460132393306009,-0.6257072488850435,True,False,False,False,False,False
2021-05-27,Combined,149.29,150.23,128.32,-0.63,16.34,data/raw/spi_weekly/wayback/summary/2021-05-27_summary_weekly_spi_nb.pdf,2021-05-27,False,False,153.56000061035155,0.0,0.0,False,0,0,0,44.4,7.0,False,5.005890723065499,-0.6257072488850435,16.341957605985048,0.791577345586858,0.8187369975169334,0.0,0.04723346828612307,0.608578472655763,-0.6095518788934218,True,False,False,False,False,False
2021-06-03,Combined,148.38,149.29,127.78,-0.61,16.12,data/raw/spi_weekly/wayback/summary/2021-06-03_summary_weekly_spi_nb.pdf,2021-06-03,False,False,154.08638610839844,0.0,0.0,False,0,0,0,43.4,7.0,True,4.999776550761379,-0.6095518788934218,16.121458757239004,0.34278815834505316,-0.6257072488850435,0.8187369975169334,0.4990894988871508,0.791577345586858,-0.5863323898099515,True,False,False,False,False,False
2021-06-10,Combined,147.51,148.38,127.85,-0.59,15.38,data/raw/spi_weekly/wayback/summary/2021-06-10_summary_weekly_spi_nb.pdf,2021-06-10,False,False,154.61000061035156,0.0,0.0,False,0,0,0,42.4,7.0,False,4.993895970091958,-0.5863323898099515,15.377395385217053,0.3398187959218868,-0.6095518788934218,-0.6257072488850435,0.0,0.34278815834505316,0.2779472578130271,True,False,False,False,False,False
2021-06-17,Combined,147.92,147.51,129.16,0.28,14.52,data/raw/spi_weekly/wayback/summary/2021-06-17_summary_weekly_spi_nb.pdf,2021-06-17,False,False,155.67999877929688,1.6,1.89,True,0,0,0,41.4,7.0,False,4.996671587078869,0.2779472578130271,14.524620625580663,0.6920627156854708,-0.5863323898099515,-0.6095518788934218,0.8187369975169334,0.3398187959218868,0.8247701460248669,True,False,False,False,False,False
2021-06-24,Combined,149.14,147.92,129.36,0.82,15.29,data/raw/spi_weekly/wayback/summary/2021-06-24_summary_weekly_spi_nb.pdf,2021-06-24,False,False,157.1,0.0,0.0,False,0,0,0,40.4,7.0,False,5.004885462115649,0.8247701460248669,15.290661719233123,0.9121282321669311,0.2779472578130271,-0.5863323898099515,-0.6257072488850435,0.6920627156854708,0.5297036341692429,True,False,False,False,False,False
2021-07-01,Combined,149.93,149.14,132.32,0.53,13.31,data/raw/spi_weekly/wayback/summary/2021-07-01_summary_weekly_spi_nb.pdf,2021-07-01,False,False,157.56601257324218,1.21,1.78,True,0,0,0,39.4,7.0,False,5.010168518506812,0.5297036341692429,13.308645707376066,0.29663435597846455,0.8247701460248669,0.2779472578130271,-0.6095518788934218,0.9121282321669311,0.06669779230306094,True,False,False,False,False,False
2021-07-08,Combined,150.03,149.93,133.62,0.07,12.28,data/raw/spi_weekly/wayback/summary/2021-07-08_summary_weekly_spi_nb.pdf,2021-07-08,False,False,157.3176696777344,0.0,0.0,False,0,0,0,38.4,7.0,False,5.010835274098922,0.06669779230306094,12.281095644364616,-0.15761196939114708,0.5297036341692429,0.8247701460248669,-0.5863323898099515,0.29663435597846455,0.41325068319668645,True,False,False,False,False,False
2021-07-15,Combined,150.65,150.03,133.61,0.41,12.75,data/raw/spi_weekly/wayback/summary/2021-07-15_summary_weekly_spi_nb.pdf,2021-07-15,False,False,158.76668395996094,0.0,0.0,False,0,0,0,37.4,7.0,False,5.01495926557631,0.41325068319668645,12.753536411945209,0.9210753535790817,0.06669779230306094,0.5297036341692429,0.2779472578130271,-0.15761196939114708,0.0,True,False,False,False,False,False
2021-07-22,Combined,150.65,,,,,,,True,False,159.5035400390625,,,,0,0,2,36.4,7.0,False,5.01495926557631,0.0,,0.4641125333872731,0.41325068319668645,0.06669779230306094,0.8247701460248669,0.9210753535790817,0.03318951211415122,True,False,False,False,False,False
2021-07-29,Combined,150.7,150.65,134.31,0.03,12.2,data/raw/spi_weekly/wayback/summary/2021-07-29_summary_weekly_spi_nb.pdf,2021-07-29,False,False,160.6571075439453,2.3,4.73,True,0,0,1,35.4,7.0,True,5.01529110563245,0.03318951211415122,12.203112203112187,0.7232237633097549,0.0,0.41325068319668645,0.5297036341692429,0.4641125333872731,0.11944260119443051,True,False,False,False,False,False
2021-08-05,Combined,150.88,150.7,134.23,0.12,12.4,data/raw/spi_weekly/wayback/summary/2021-08-05_summary_weekly_spi_nb.pdf,2021-08-05,False,False,161.4541473388672,0.0,1.44,True,0,0,0,34.4,7.0,False,5.016484818885147,0.11944260119443051,12.404082544885654,0.49611237691669086,0.03318951211415122,0.0,0.06669779230306094,0.7232237633097549,0.6097560975609762,True,False,False,False,False,False
2021-08-12,Combined,151.8,150.88,133.94,0.61,13.33,data/raw/spi_weekly/wayback/summary/2021-08-12_summary_weekly_spi_nb.pdf,2021-08-12,False,False,162.92091064453126,0.0,0.0,False,0,0,0,33.4,7.0,False,5.02256386496153,0.6097560975609762,13.334328803942075,0.9084705037558205,0.11944260119443051,0.03318951211415122,0.41325068319668645,0.49611237691669086,0.0,True,False,False,False,False,False
2021-08-19,Combined,151.8,,,,,,,True,False,163.07505798339844,,,,0,0,0,32.4,7.0,False,5.02256386496153,0.0,,0.09461482768378104,0.6097560975609762,0.11944260119443051,0.0,0.9084705037558205,0.22397891963108485,True,False,False,False,False,False
2021-08-26,Combined,152.14,151.8,135.03,0.22,12.67,data/raw/spi_weekly/wayback/summary/2021-08-26_summary_weekly_spi_nb.pdf,2021-08-26,False,False,163.9204864501953,0.0,0.0,False,0,0,0,31.4,7.0,False,5.024801149569155,0.22397891963108485,12.671258238909866,0.5184290456502261,0.0,0.6097560975609762,0.03318951211415122,0.09461482768378104,0.6704351255422791,True,False,False,False,False,False
2021-09-02,Combined,153.16,152.14,136.11,0.67,12.53,data/raw/spi_weekly/wayback/summary/2021-09-02_summary_weekly_spi_nb.pdf,2021-09-02,False,False,165.5001220703125,-1.32,-1.25,True,0,0,0,30.4,7.0,False,5.031483126609094,0.6704351255422791,12.526632870472397,0.9636596708106682,0.22397891963108485,0.0,0.11944260119443051,0.5184290456502261,1.3711151736745864,True,False,False,False,False,False
2021-09-09,Combined,155.26,153.16,136.62,1.37,13.64,data/raw/spi_weekly/wayback/summary/2021-09-09_summary_weekly_spi_nb.pdf,2021-09-09,False,False,166.12130432128907,0.0,0.0,False,0,0,0,29.4,7.0,False,5.045101130977534,1.3711151736745864,13.643683208900592,0.3753364306962048,0.6704351255422791,0.22397891963108485,0.6097560975609762,0.9636596708106682,1.3139250289836646,True,False,False,False,False,False
2021-09-16,Combined,157.3,155.26,137.59,1.31,14.33,data/raw/spi_weekly/wayback/summary/2021-09-16_summary_weekly_spi_nb.pdf,2021-09-16,False,False,167.79497680664062,4.37,4.19,True,0,0,0,28.4,7.0,False,5.058154810064233,1.3139250289836646,14.325168980303804,1.0075002072669426,1.3711151736745864,0.6704351255422791,0.0,0.3753364306962048,-0.06993006993007977,True,False,False,False,False,False
2021-09-23,Combined,157.19,157.3,138.03,-0.07,13.88,data/raw/spi_weekly/wayback/summary/2021-09-23_summary_weekly_spi_nb.pdf,2021-09-23,False,False,167.99000244140626,0.0,0.0,False,0,0,0,27.4,7.25,True,5.057455264740146,-0.06993006993007977,13.881040353546336,0.11622852988644183,1.3139250289836646,1.3711151736745864,0.22397891963108485,1.0075002072669426,-0.09542591767924824,True,False,False,False,False,False
2021-09-30,Combined,157.04,157.19,139.01,-0.1,12.97,data/raw/spi_weekly/wayback/summary/2021-09-30_summary_weekly_spi_nb.pdf,2021-09-30,False,False,168.97999877929686,0.0,0.0,False,0,0,0,26.4,7.25,False,5.056500549968206,-0.09542591767924824,12.970289907200927,0.5893186043829601,-0.06993006993007977,1.3139250289836646,0.6704351255422791,0.11622852988644183,1.2098828323994004,True,False,False,False,False,False
2021-10-07,Combined,158.94,157.04,140.73,1.21,12.94,data/raw/spi_weekly/wayback/summary/2021-10-07_summary_weekly_spi_nb.pdf,2021-10-07,False,False,169.9945831298828,1.59,3.2,True,0,0,0,25.4,7.25,False,5.068526772512033,1.2098828323994004,12.939671711788536,0.6004168291604106,-0.09542591767924824,-0.06993006993007977,1.3711151736745864,0.5893186043829601,0.20133383666791627,True,False,False,False,False,False
2021-10-14,Combined,159.26,158.94,141.36,0.2,12.66,data/raw/spi_weekly/wayback/summary/2021-10-14_summary_weekly_spi_nb.pdf,2021-10-14,False,False,170.21651306152344,0.0,0.0,False,0,0,0,24.4,7.25,False,5.070538086829298,0.20133383666791627,12.662705149971675,0.1305511784873037,1.2098828323994004,-0.09542591767924824,1.3139250289836646,0.6004168291604106,1.3813889237724641,True,False,False,False,False,False
2021-10-21,Combined,161.46,159.26,141.04,1.38,14.48,data/raw/spi_weekly/wayback/summary/2021-10-21_summary_weekly_spi_nb.pdf,2021-10-21,False,False,171.53999938964844,10.06,8.19,True,0,0,0,23.4,7.25,False,5.08425743396687,1.3813889237724641,14.478162223482705,0.7775311010199237,0.20133383666791627,1.2098828323994004,-0.06993006993007977,0.1305511784873037,1.2263099219620877,True,False,False,False,False,False
2021-10-28,Combined,163.44,161.46,142.98,1.23,14.31,data/raw/spi_weekly/wayback/summary/2021-10-28_summary_weekly_spi_nb.pdf,2021-10-28,False,False,173.6042907714844,0.0,0.0,False,0,0,0,22.4,7.25,False,5.096445950509366,1.2263099219620877,14.30969366344943,1.203387774968423,1.3813889237724641,0.20133383666791627,-0.09542591767924824,0.7775311010199237,0.6669114047968661,True,False,False,False,False,False
2021-11-04,Combined,164.53,163.44,142.81,0.67,15.21,data/raw/spi_weekly/wayback/summary/2021-11-04_summary_weekly_spi_nb.pdf,2021-11-04,False,False,170.70999755859376,0.0,0.0,False,0,0,0,21.4,7.25,False,5.103092924398559,0.6669114047968661,15.209018976262168,-1.6671783859883882,1.2263099219620877,1.3813889237724641,1.2098828323994004,1.203387774968423,1.8051419194067941,True,False,False,False,False,False
2021-11-11,Combined,167.5,164.53,142.71,1.81,17.37,data/raw/spi_weekly/wayback/summary/2021-11-11_summary_weekly_spi_nb.pdf,2021-11-11,False,False,170.23999633789063,6.04,5.78,True,0,0,0,20.4,7.25,False,5.120983351265121,1.8051419194067941,17.370892018779326,-0.27532143836028755,0.6669114047968661,1.2263099219620877,0.20133383666791627,-1.6671783859883882,1.068656716417915,True,False,False,False,False,False
2021-11-18,Combined,169.29,167.5,143.05,1.07,18.34,data/raw/spi_weekly/wayback/summary/2021-11-18_summary_weekly_spi_nb.pdf,2021-11-18,False,False,174.02125244140626,0.0,0.0,False,0,0,0,19.4,7.25,False,5.131613220649158,1.068656716417915,18.343236630548752,2.2211326273824827,1.8051419194067941,0.6669114047968661,1.3813889237724641,-0.27532143836028755,-0.6674936499497908,True,False,False,False,False,False
2021-11-25,Combined,168.16,169.29,141.74,-0.67,18.64,data/raw/spi_weekly/wayback/summary/2021-11-25_summary_weekly_spi_nb.pdf,2021-11-25,False,False,174.08734130859375,0.0,0.0,False,0,0,0,18.4,8.75,True,5.124915907128641,-0.6674936499497908,18.639762946239593,0.03797746899318888,1.068656716417915,1.8051419194067941,1.2263099219620877,2.2211326273824827,-0.4757373929590747,True,False,False,False,False,False
2021-12-02,Combined,167.36,168.16,141.41,-0.48,18.35,data/raw/spi_weekly/wayback/summary/2021-12-02_summary_weekly_spi_nb.pdf,2021-12-02,False,False,175.3760955810547,0.0,0.0,False,0,0,0,17.4,8.75,False,5.120147180876558,-0.4757373929590747,18.35089456191219,0.7402917769744333,-0.6674936499497908,1.068656716417915,0.6669114047968661,0.03797746899318888,-0.07170172084129955,True,False,False,False,False,False
2021-12-09,Combined,167.24,167.36,141.04,-0.07,18.58,data/raw/spi_weekly/wayback/summary/2021-12-09_summary_weekly_spi_nb.pdf,2021-12-09,False,False,175.90719299316407,0.0,0.0,False,0,0,0,16.4,8.75,False,5.119429906488365,-0.07170172084129955,18.576290414066943,0.30283341087606885,-0.4757373929590747,-0.6674936499497908,1.8051419194067941,0.7402917769744333,0.5501076297536489,True,False,False,False,False,False
2021-12-16,Combined,168.16,167.24,140.73,0.55,19.49,data/raw/spi_weekly/wayback/summary/2021-12-16_summary_weekly_spi_nb.pdf,2021-12-16,False,False,176.98464660644532,-3.48,-3.4,True,0,0,0,15.4,9.75,True,5.124915907128641,0.5501076297536489,19.491224330277834,0.6125125385424868,-0.07170172084129955,-0.4757373929590747,1.068656716417915,0.30283341087606885,0.3984300666032503,True,False,False,False,False,False
2021-12-23,Combined,168.83,168.16,140.89,0.4,19.83,data/raw/spi_weekly/wayback/summary/2021-12-23_summary_weekly_spi_nb.pdf,2021-12-23,False,False,177.7532531738281,0.0,0.0,False,0,0,0,14.4,9.75,False,5.128892291489103,0.3984300666032503,19.83107388742993,0.43427866886776023,0.5501076297536489,-0.07170172084129955,-0.6674936499497908,0.6125125385424868,-0.5034650239886362,True,False,False,False,False,False
2021-12-30,Combined,167.98,168.83,139.92,-0.5,20.05,data/raw/spi_weekly/wayback/summary/2021-12-30_summary_weekly_spi_nb.pdf,2021-12-30,False,False,176.2300018310547,0.0,0.0,False,0,0,0,13.4,9.75,False,5.123844924697481,-0.5034650239886362,20.05431675242997,-0.8569470969309378,0.3984300666032503,0.5501076297536489,-0.4757373929590747,0.43427866886776023,0.0833432551494262,True,False,False,False,False,False
2022-01-06,Combined,168.12,167.98,140.01,0.08,20.08,data/raw/spi_weekly/wayback/summary/2022-01-06_summary_weekly_spi_nb.pdf,2022-01-06,False,False,176.9200012207031,2.75,2.68,True,0,0,0,12.4,9.75,False,5.124678010136916,0.0833432551494262,20.07713734733234,0.3915334406623394,-0.5034650239886362,0.3984300666032503,-0.07170172084129955,-0.8569470969309378,-0.43421365691174163,True,False,False,False,False,False
2022-01-13,Combined,167.39,168.12,139.7,-0.43,19.82,data/raw/spi_weekly/wayback/summary/2022-01-13_summary_weekly_spi_nb.pdf,2022-01-13,False,False,175.87482299804688,0.0,0.0,False,0,0,0,11.4,9.75,False,5.120326419114528,-0.43421365691174163,19.821045096635647,-0.5907631785240564,0.0833432551494262,-0.5034650239886362,0.5501076297536489,0.3915334406623394,-0.059740725252399596,True,False,False,False,False,False
2022-01-20,Combined,167.29,167.39,140.15,-0.06,19.36,data/raw/spi_weekly/wayback/summary/2022-01-20_summary_weekly_spi_nb.pdf,2022-01-20,False,False,175.58673095703125,2.09,2.07,True,0,0,0,10.4,9.75,False,5.119728833343189,-0.059740725252399596,19.3649661077417,-0.163805163300057,-0.43421365691174163,0.0833432551494262,0.3984300666032503,-0.5907631785240564,-0.10759758503197103,True,False,False,False,False,False
2022-01-27,Combined,167.11,167.29,140.88,-0.11,18.62,data/raw/spi_weekly/wayback/summary/2022-01-27_summary_weekly_spi_nb.pdf,2022-01-27,False,False,176.2,0.0,0.0,False,0,0,0,9.4,9.75,True,5.118652278215292,-0.10759758503197103,18.61868256672348,0.349268443934303,-0.059740725252399596,-0.43421365691174163,-0.5034650239886362,-0.163805163300057,1.3524026090598884,True,False,False,False,False,False
2022-02-03,Combined,169.37,167.11,141.7,1.35,19.53,data/raw/spi_weekly/wayback/summary/2022-02-03_summary_weekly_spi_nb.pdf,2022-02-03,False,False,176.0082794189453,0.0,0.0,False,0,0,0,8.4,9.75,False,5.13208567090303,1.3524026090598884,19.52717007762881,-0.10880850230118311,-0.10759758503197103,-0.059740725252399596,0.0833432551494262,0.349268443934303,-0.0826592666942294,True,False,False,False,False,False
2022-02-10,Combined,169.23,169.37,142.85,-0.08,18.47,data/raw/spi_weekly/wayback/summary/2022-02-10_summary_weekly_spi.pdf,2022-02-10,False,False,174.2802520751953,0.0,0.0,False,0,0,0,7.4,9.75,False,5.131258736419994,-0.0826592666942294,18.466923346167306,-0.9817875326403547,1.3524026090598884,-0.10759758503197103,-0.43421365691174163,-0.10880850230118311,0.22454647521126248,True,False,False,False,False,False
2022-02-17,Combined,169.61,169.23,143.63,0.22,18.09,data/raw/spi_weekly/wayback/summary/2022-02-17_summary_weekly_spi.pdf,2022-02-17,False,False,174.62807922363282,6.52,8.12,True,0,0,0,6.4,9.75,False,5.133501683883748,0.22454647521126248,18.088143145582404,0.19957920894413395,-0.0826592666942294,1.3524026090598884,-0.059740725252399596,-0.9817875326403547,0.5070455751429614,True,False,False,False,False,False
2022-02-24,Combined,170.47,169.61,147.09,0.51,15.9,data/raw/spi_weekly/wayback/summary/2022-02-24_summary_weekly_spi.pdf,2022-02-24,False,False,175.22208557128906,0.0,0.0,False,0,0,0,5.4,9.75,False,5.138559328162834,0.5070455751429614,15.895030253586228,0.34015511726239733,0.22454647521126248,-0.0826592666942294,-0.10759758503197103,0.19957920894413395,0.0351968088226684,True,False,False,False,False,False
2022-03-03,Combined,170.53,170.47,147.99,0.04,15.23,data/raw/spi_weekly/wayback/summary/2022-03-03_summary_weekly_spi.pdf,2022-03-03,False,False,176.25739440917968,-6.43,-6.23,True,0,0,0,4.4,9.75,False,5.138911234324823,0.0351968088226684,15.230758835056424,0.5908552192579686,0.5070455751429614,0.22454647521126248,1.3524026090598884,0.34015511726239733,0.5160382337418667,True,False,False,False,False,False
2022-03-10,Combined,171.41,170.53,147.14,0.52,16.49,data/raw/spi_weekly/wayback/summary/2022-03-10_summary_weekly_spi.pdf,2022-03-10,False,False,177.85528869628905,0.0,0.0,False,0,0,0,3.4,9.75,True,5.144058347518966,0.5160382337418667,16.494495038738634,0.9065686534545536,0.0351968088226684,0.5070455751429614,-0.0826592666942294,0.5908552192579686,-1.37098185636777,True,False,False,False,False,False
2022-03-17,Combined,169.06,171.41,146.86,-1.37,15.12,data/raw/spi_weekly/wayback/summary/2022-03-17_summary_weekly_spi.pdf,2022-03-17,False,False,178.55,0.0,0.0,False,0,0,0,2.4,9.75,False,5.130253681500782,-1.37098185636777,15.116437423396434,0.39060480506558637,0.5160382337418667,0.0351968088226684,0.22454647521126248,0.9065686534545536,1.1002011120312183,True,False,False,False,False,False
2022-03-24,Combined,170.92,169.06,147.76,1.1,15.67,data/raw/spi_weekly/wayback/summary/2022-03-24_summary_weekly_spi.pdf,2022-03-24,False,False,180.1953369140625,0.0,0.0,False,0,0,0,1.4,9.75,False,5.141195610775824,1.1002011120312183,15.674066053059011,0.9214992517851961,-1.37098185636777,0.5160382337418667,0.5070455751429614,0.39060480506558637,0.5265621343318649,True,False,False,False,False,False
2022-03-31,Combined,171.82,170.92,147.12,0.53,16.79,data/raw/spi_weekly/wayback/summary/2022-03-31_summary_weekly_spi.pdf,2022-03-31,False,False,181.6449951171875,0.0,0.0,False,0,0,0,0.4,9.75,False,5.14644741720991,0.5265621343318649,16.789015769439896,0.8044926289165755,1.1002011120312183,-1.37098185636777,0.0351968088226684,0.9214992517851961,1.530671633104408,True,False,False,False,False,False
2022-04-07,Combined,174.45,171.82,148.0,1.53,17.87,data/raw/spi_weekly/wayback/summary/2022-04-07_summary_weekly_spi.pdf,2022-04-07,False,False,183.67746276855468,0.0,0.0,False,5,0,0,50.0,12.25,True,5.161638167632783,1.530671633104408,17.871621621621614,1.1189230124705185,0.5265621343318649,1.1002011120312183,0.5160382337418667,0.8044926289165755,-0.6764115792490588,True,False,False,False,False,False
2022-04-14,Combined,173.27,174.45,148.8,-0.68,16.44,data/raw/spi_weekly/wayback/summary/2022-04-14_summary_weekly_spi.pdf,2022-04-14,False,False,183.08999938964843,0.0,0.0,False,7,0,0,49.0,12.25,False,5.154851071522756,-0.6764115792490588,16.444892473118266,-0.31983421920765975,1.530671633104408,0.5265621343318649,-1.37098185636777,1.1189230124705185,-1.281237375194777,True,False,False,False,False,False
2022-04-21,Combined,171.05,173.27,148.2,-1.28,15.42,data/raw/spi_weekly/wayback/summary/2022-04-21_summary_weekly_spi.pdf,2022-04-21,False,False,182.43000183105468,0.0,0.0,False,7,0,0,48.0,12.25,False,5.141955911423614,-1.281237375194777,15.418353576248322,-0.36047712097543316,-0.6764115792490588,1.530671633104408,1.1002011120312183,-0.31983421920765975,0.42677579655070463,True,False,False,False,False,False
2022-04-28,Combined,171.78,171.05,148.27,0.43,15.86,data/raw/spi_weekly/wayback/summary/2022-04-28_summary_weekly_spi.pdf,2022-04-28,False,False,186.02614135742186,0.0,0.0,False,7,0,0,47.0,12.25,False,5.146214588338078,0.42677579655070463,15.856208268698978,1.9712434853218497,-1.281237375194777,-0.6764115792490588,0.5265621343318649,-0.36047712097543316,0.0,True,False,False,False,False,False
2022-05-05,Combined,171.78,,,,,,,True,False,185.37000122070313,,,,4,3,0,46.0,12.25,False,5.146214588338078,0.0,,-0.35271394220774965,0.42677579655070463,-1.281237375194777,1.530671633104408,1.9712434853218497,0.49481895447665014,True,False,False,False,False,False
2022-05-12,Combined,172.63,171.78,149.01,0.49,15.85,data/raw/spi_weekly/wayback/summary/2022-05-12_summary_weekly_spi.pdf,2022-05-12,False,False,187.35999755859376,0.0,0.0,False,0,0,0,45.0,12.25,False,5.151150575828457,0.49481895447665014,15.851285148647754,1.0735266358019357,0.0,0.42677579655070463,-0.6764115792490588,-0.35271394220774965,1.4192202977466373,True,False,False,False,False,False
2022-05-19,Combined,175.08,172.63,150.23,1.42,16.54,data/raw/spi_weekly/wayback/summary/2022-05-19_summary_weekly_spi.pdf,2022-05-19,False,False,194.03999938964844,0.0,0.0,False,0,0,0,44.0,12.25,False,5.165243012322694,1.4192202977466373,16.541303334886525,3.5653298025719815,0.49481895447665014,0.0,-1.281237375194777,1.0735266358019357,-0.26273703449851693,True,False,False,False,False,False
2022-05-26,Combined,174.62,175.08,149.29,-0.26,16.97,data/raw/spi_weekly/wayback/summary/2022-05-26_summary_weekly_spi.pdf,2022-05-26,False,False,200.5,0.0,0.0,False,0,0,0,43.0,13.75,True,5.162612184382661,-0.26273703449851693,16.96697702458303,3.329210797088966,1.4192202977466373,0.49481895447665014,0.42677579655070463,3.5653298025719815,2.0043523078685066,True,False,False,False,False,False
2022-06-02,Combined,178.12,174.62,148.38,2.0,20.04,data/raw/spi_weekly/wayback/summary/2022-06-02_summary_weekly_spi.pdf,2022-06-02,False,False,199.01598510742187,20.69,19.91,True,0,0,0,42.0,13.75,False,5.182457480453501,2.0043523078685066,20.043132497641203,-0.7401570536549329,-0.26273703449851693,1.4192202977466373,0.0,3.329210797088966,2.6723557152481314,True,False,False,False,False,False
2022-06-09,Combined,182.88,178.12,147.51,2.67,23.98,data/raw/spi_weekly/wayback/summary/2022-06-09_summary_weekly_spi.pdf,2022-06-09,False,False,198.759521484375,17.18,16.61,True,0,0,0,41.0,13.75,False,5.2088302000465,2.6723557152481314,23.978035387431373,-0.12886584105715748,2.0043523078685066,-0.26273703449851693,0.49481895447665014,-0.7401570536549329,3.384733158355213,True,False,False,False,False,False
2022-06-16,Combined,189.07,182.88,147.92,3.38,27.82,data/raw/spi_weekly/wayback/summary/2022-06-16_summary_weekly_spi.pdf,2022-06-16,False,False,203.49714050292968,28.91,11.43,True,0,0,0,40.0,13.75,False,5.242117316859837,3.384733158355213,27.81909140075718,2.383593491860525,2.6723557152481314,2.0043523078685066,1.4192202977466373,-0.12886584105715748,1.010207859522927,True,False,False,False,False,False
2022-06-23,Combined,190.98,189.07,149.14,1.01,28.05,data/raw/spi_weekly/wayback/summary/2022-06-23_summary_weekly_spi.pdf,2022-06-23,False,False,209.0722442626953,0.0,0.0,False,0,0,0,39.0,13.75,False,5.2521687105220565,1.010207859522927,28.05417728308972,2.7396472235369673,3.384733158355213,2.6723557152481314,-0.26273703449851693,2.383593491860525,3.633888365273852,True,False,False,False,False,False
2022-06-30,Combined,197.92,190.98,149.93,3.63,32.01,data/raw/spi_weekly/wayback/summary/2022-07-01_summary_weekly_spi.pdf,2022-06-30,False,False,206.15863647460938,0.0,0.0,False,0,0,0,38.0,13.75,False,5.287862908644177,3.633888365273852,32.008270526245575,-1.393588995211159,1.010207859522927,3.384733158355213,2.0043523078685066,2.7396472235369673,1.3187146321746335,True,False,False,False,False,False
2022-07-07,Combined,200.53,197.92,150.03,1.32,33.66,data/raw/spi_weekly/wayback/summary/2022-07-06_summary_weekly_spi.pdf,2022-07-06,False,False,203.91466064453124,5.06,6.36,True,0,0,0,37.0,15.0,True,5.300963861488942,1.3187146321746335,33.65993467973072,-1.0884704460850991,3.633888365273852,1.010207859522927,2.6723557152481314,-1.393588995211159,0.009973570039401025,True,False,False,False,False,False
2022-07-14,Combined,200.55,200.53,150.65,0.01,33.12,data/raw/spi_weekly/wayback/summary/2022-07-14_summary_weekly_spi.pdf,2022-07-14,False,False,206.3933319091797,0.0,0.0,False,0,0,3,36.0,15.0,False,5.301063592216062,0.009973570039401025,33.12313308994359,1.2155434321465153,1.3187146321746335,3.633888365273852,3.384733158355213,-1.0884704460850991,-0.2243829468960401,True,False,False,False,False,False
2022-07-21,Combined,200.1,200.55,150.65,-0.22,32.82,data/raw/spi_weekly/wayback/summary/2022-07-21_summary_weekly_spi.pdf,2022-07-21,False,False,214.80025939941407,-14.62,-7.41,True,0,0,0,35.0,15.0,False,5.2988172415896875,-0.2243829468960401,32.82442748091603,4.073255377229779,0.009973570039401025,1.3187146321746335,1.010207859522927,1.2155434321465153,3.6831584207896118,True,False,False,False,False,False
2022-07-28,Combined,207.47,200.1,150.7,3.68,37.67,data/raw/spi_weekly/wayback/summary/2022-07-28_summary_weekly_spi.pdf,2022-07-28,False,False,229.11680603027344,0.0,0.0,False,0,0,0,34.0,15.0,False,5.334986750905048,3.6831584207896118,37.67086927670871,6.665050903983416,-0.2243829468960401,0.009973570039401025,3.633888365273852,4.073255377229779,0.8193955752638926,True,False,False,False,False,False
2022-08-04,Combined,209.17,207.47,150.88,0.82,38.63,data/raw/spi_weekly/wayback/summary/2022-08-04_summary_weekly_spi.pdf,2022-08-04,False,False,236.42499923706055,3.78,-1.29,True,0,0,0,33.0,15.0,False,5.343147318465829,0.8193955752638926,38.63335100742311,3.1897237629183284,3.6831584207896118,-0.2243829468960401,1.3187146321746335,6.665050903983416,-0.07649280489553378,True,False,False,False,False,False
2022-08-11,Combined,209.01,209.17,151.8,-0.08,37.69,data/raw/spi_weekly/wayback/summary/2022-08-11_summary_weekly_spi.pdf,2022-08-11,False,False,223.5317840576172,0.0,0.0,False,0,0,0,32.0,15.0,False,5.3423820977101375,-0.07649280489553378,37.68774703557312,-5.453406036184649,0.8193955752638926,3.6831584207896118,0.009973570039401025,3.1897237629183284,3.353906511650173,True,False,False,False,False,False
2022-08-18,Combined,216.02,209.01,151.8,3.35,42.31,data/raw/spi_weekly/wayback/summary/2022-08-18_summary_weekly_spi.pdf,2022-08-18,False,False,214.97715759277344,-0.18,2.96,True,0,0,0,31.0,15.0,False,5.375370995990328,3.353906511650173,42.305665349143595,-3.8270291184356653,-0.07649280489553378,0.8193955752638926,-0.2243829468960401,-5.453406036184649,1.8285343949634214,True,False,False,False,False,False
2022-08-25,Combined,219.97,216.02,152.14,1.83,44.58,data/raw/spi_weekly/wayback/summary/2022-08-25_summary_weekly_spi.pdf,2022-08-25,False,False,215.43961486816406,0.0,0.0,False,0,0,0,30.0,15.0,True,5.393491173417632,1.8285343949634214,44.58393584856055,0.21511926223651834,3.353906511650173,-0.07649280489553378,3.6831584207896118,-3.8270291184356653,1.3092694458335163,True,False,False,False,False,False
2022-09-01,Combined,222.85,219.97,153.16,1.31,45.5,data/raw/spi_weekly/wayback/summary/2022-09-01_summary_weekly_spi.pdf,2022-09-01,False,False,219.76591796875,1.19,0.88,True,0,0,0,29.0,15.0,False,5.406498899392565,1.3092694458335163,45.501436406372434,2.0081279402738295,1.8285343949634214,3.353906511650173,0.8193955752638926,0.21511926223651834,-0.5833520305137951,True,False,False,False,False,False
2022-09-08,Combined,221.55,222.85,155.26,-0.58,42.7,data/raw/spi_weekly/wayback/summary/2022-09-08_summary_weekly_spi.pdf,2022-09-08,False,False,220.0999969482422,0.0,0.0,False,0,0,0,28.0,15.0,False,5.400648297645499,-0.5833520305137951,42.69612263300273,0.15201582783173073,1.3092694458335163,1.8285343949634214,-0.07649280489553378,2.0081279402738295,-0.1850598059129016,True,False,False,False,False,False
2022-09-15,Combined,221.14,221.55,157.3,-0.19,40.58,data/raw/spi_weekly/wayback/summary/2022-09-15_summary_weekly_spi.pdf,2022-09-15,False,False,228.35917053222656,0.0,0.0,False,0,0,0,27.0,15.0,False,5.398795985114256,-0.1850598059129016,40.58486967577875,3.7524641974104878,-0.5833520305137951,1.3092694458335163,3.353906511650173,0.15201582783173073,-8.107985891290582,True,False,False,False,False,False
2022-09-22,Combined,203.21,221.14,157.19,-8.11,29.28,data/raw/spi_weekly/wayback/summary/2022-09-22_summary_weekly_spi.pdf,2022-09-22,False,False,237.4625015258789,0.0,0.6,False,0,0,0,26.0,15.0,False,5.314239927091852,-8.107985891290582,29.276671543991363,3.9864092046032695,-0.1850598059129016,-0.5833520305137951,1.8285343949634214,3.7524641974104878,0.9448353919590424,True,False,False,False,False,False
2022-09-29,Combined,205.13,203.21,157.04,0.94,30.62,data/raw/spi_weekly/wayback/summary/2022-09-29_summary_weekly_spi.pdf,2022-09-29,False,False,237.1417236328125,0.0,0.0,False,0,0,0,25.0,15.0,False,5.323643924494045,0.9448353919590424,30.622771268466643,-0.13508570448182988,-8.107985891290582,-0.1850598059129016,1.3092694458335163,3.9864092046032695,0.2924974406473879,True,False,False,False,False,False
2022-10-06,Combined,205.73,205.13,158.94,0.29,29.44,data/raw/spi_weekly/wayback/summary/2022-10-06_summary_weekly_spi.pdf,2022-10-06,False,False,226.58133850097656,-4.87,-5.29,True,0,0,0,24.0,15.0,False,5.326564629486139,0.2924974406473879,29.43878193028815,-4.453195738843297,0.9448353919590424,-8.107985891290582,-0.5833520305137951,-0.13508570448182988,-0.5735672969425787,True,False,False,False,False,False
2022-10-13,Combined,204.55,205.73,159.26,-0.57,28.44,data/raw/spi_weekly/wayback/summary/2022-10-13_summary_weekly_spi.pdf,2022-10-13,False,False,218.73325805664064,0.0,0.0,False,0,0,0,23.0,15.0,True,5.320812444375408,-0.5735672969425787,28.43777470802462,-3.463692330647128,0.2924974406473879,0.9448353919590424,-0.1850598059129016,-4.453195738843297,0.35199217795161,True,False,False,False,False,False
2022-10-20,Combined,205.27,204.55,161.46,0.35,27.13,data/raw/spi_weekly/wayback/summary/2022-10-20_summary_weekly_spi.pdf,2022-10-20,False,False,219.1,0.0,0.0,False,0,0,0,22.0,15.0,False,5.324326185729087,0.35199217795161,27.13365539452497,0.16766629209372663,-0.5735672969425787,0.2924974406473879,-8.107985891290582,-3.463692330647128,4.126272713986445,True,False,False,False,False,False
2022-10-27,Combined,213.74,205.27,163.56,4.13,30.68,data/raw/spi_weekly/wayback/summary/2022-10-27_summary_weekly_spi.pdf,2022-10-27,False,False,219.07006225585937,0.0,0.0,False,0,0,0,21.0,15.0,False,5.364760323096751,4.126272713986445,30.679872829542674,-0.01366396355118038,0.35199217795161,-0.5735672969425787,0.9448353919590424,0.16766629209372663,0.5333582857677488,True,False,False,False,False,False
2022-11-03,Combined,214.88,213.74,164.53,0.53,30.6,data/raw/spi_weekly/wayback/summary/2022-11-03_summary_weekly_spi.pdf,2022-11-03,False,False,220.61000061035156,0.0,0.0,False,0,0,0,20.0,15.0,False,5.3700797327749275,0.5333582857677488,30.60232176502764,0.7029433134928542,4.126272713986445,0.35199217795161,0.2924974406473879,-0.01366396355118038,0.7446016381235987,True,False,False,False,False,False
2022-11-10,Combined,216.48,214.88,167.5,0.74,29.24,data/raw/spi_weekly/wayback/summary/2022-11-10_summary_weekly_spi.pdf,2022-11-10,False,False,220.41961669921875,0.0,0.0,False,0,0,0,19.0,15.0,False,5.3774981644224775,0.7446016381235987,29.24179104477611,-0.08629885798743242,0.5333582857677488,4.126272713986445,-0.5735672969425787,0.7029433134928542,0.6189948263118916,True,False,False,False,False,False
2022-11-17,Combined,217.82,216.48,169.29,0.62,28.67,data/raw/spi_weekly/wayback/summary/2022-11-17_summary_weekly_spi.pdf,2022-11-17,False,False,220.70864562988282,0.0,0.0,False,0,0,0,18.0,15.0,False,5.38366903364754,0.6189948263118916,28.66678480713569,0.1311266823671442,0.7446016381235987,0.5333582857677488,0.35199217795161,-0.08629885798743242,0.48204939858600415,True,False,False,False,False,False
2022-11-24,Combined,218.87,217.82,168.16,0.48,30.16,data/raw/spi_weekly/wayback/summary/2022-11-24_summary_weekly_spi.pdf,2022-11-24,False,False,222.76000061035157,0.0,0.0,False,0,0,0,17.0,15.0,False,5.3884779462559935,0.48204939858600415,30.15580399619411,0.9294402467172835,0.6189948263118916,0.7446016381235987,4.126272713986445,0.1311266823671442,-0.1644811988851913,True,False,False,False,False,False
2022-12-01,Combined,218.51,218.87,167.36,-0.16,30.56,data/raw/spi_weekly/wayback/summary/2022-12-01_summary_weekly_spi.pdf,2022-12-01,False,False,223.34830627441406,0.0,0.0,False,0,0,0,16.0,16.0,True,5.386831780078776,-0.1644811988851913,30.562858508604187,0.26409842990238186,0.48204939858600415,0.6189948263118916,0.5333582857677488,0.9294402467172835,0.004576449590421028,True,False,False,False,False,False
2022-12-08,Combined,218.52,218.51,167.24,0.0,30.66,data/raw/spi_weekly/wayback/summary/2022-12-08_summary_weekly_spi.pdf,2022-12-08,False,False,223.33275146484374,0.0,0.0,False,0,0,0,15.0,16.0,False,5.386877543527517,0.004576449590421028,30.662520928007652,-0.0069643731935076225,-0.1644811988851913,0.48204939858600415,0.7446016381235987,0.26409842990238186,-0.4027091341753719,True,False,False,False,False,False
2022-12-15,Combined,217.64,218.52,168.16,-0.4,29.42,data/raw/spi_weekly/wayback/summary/2022-12-15_summary_weekly_spi.pdf,2022-12-15,False,False,223.92320556640624,0.0,0.0,False,0,0,0,14.0,16.0,False,5.382842321617725,-0.4027091341753719,29.424357754519505,0.26438312235428363,0.004576449590421028,-0.1644811988851913,0.6189948263118916,-0.0069643731935076225,-0.11486859033266184,True,False,False,False,False,False
2022-12-22,Combined,217.39,217.64,168.83,-0.11,28.76,data/raw/spi_weekly/wayback/summary/2022-12-22_summary_weekly_spi.pdf,2022-12-22,False,False,224.61499938964843,-3.2,-4.45,True,0,0,0,13.0,16.0,False,5.381692975469088,-0.11486859033266184,28.762660664573826,0.3089424436794497,-0.4027091341753719,0.004576449590421028,0.48204939858600415,0.26438312235428363,-0.08740052440314727,True,False,False,False,False,False
2022-12-29,Combined,217.2,217.39,167.98,-0.09,29.3,data/raw/spi_weekly/wayback/summary/2022-12-29_summary_weekly_spi.pdf,2022-12-29,False,False,225.47999877929686,0.0,0.0,False,0,0,0,12.0,16.0,False,5.38081858805978,-0.08740052440314727,29.301107274675566,0.3851031284637818,-0.11486859033266184,-0.4027091341753719,-0.1644811988851913,0.3089424436794497,1.0865561694290982,True,False,False,False,False,False
2023-01-05,Combined,219.56,217.2,168.12,1.09,30.6,data/raw/spi_weekly/wayback/summary/2023-01-05_summary_weekly_spi.pdf,2023-01-05,False,False,226.0849365234375,0.0,0.0,False,0,0,0,11.0,16.0,False,5.3916255436816884,1.0865561694290982,30.597192481560786,0.2682888714811371,-0.08740052440314727,-0.11486859033266184,0.004576449590421028,0.3851031284637818,0.4417926762616098,True,False,False,False,False,False
2023-01-12,Combined,220.53,219.56,167.39,0.44,31.75,data/raw/spi_weekly/wayback/summary/2023-01-12_summary_weekly_spi.pdf,2023-01-12,False,False,227.4,0.0,0.0,False,0,0,0,10.0,16.0,False,5.396033740054106,0.4417926762616098,31.746221399127794,0.581667888530979,1.0865561694290982,-0.08740052440314727,-0.4027091341753719,0.2682888714811371,0.004534530449373797,True,False,False,False,False,False
2023-01-19,Combined,220.54,220.53,167.29,0.0,31.83,data/raw/spi_weekly/wayback/summary/2023-01-19_summary_weekly_spi.pdf,2023-01-19,False,False,227.70220642089845,0.0,0.0,False,0,0,0,9.0,16.0,False,5.396079084330532,0.004534530449373797,31.830952238627532,0.1328964032095259,0.4417926762616098,1.0865561694290982,-0.11486859033266184,0.581667888530979,0.45343248390314894,True,False,False,False,False,False
2023-01-26,Combined,221.54,220.54,167.11,0.45,32.57,data/raw/spi_weekly/wayback/summary/2023-01-26_summary_weekly_spi.pdf,2023-01-26,False,False,229.42153625488282,0.0,0.0,False,0,0,0,8.0,17.0,True,5.400603160088787,0.45343248390314894,32.571360181916084,0.7550782493544572,0.004534530449373797,0.4417926762616098,-0.08740052440314727,0.1328964032095259,2.8211609641599633,True,False,False,False,False,False
2023-02-02,Combined,227.79,221.54,169.37,2.82,34.49,data/raw/spi_weekly/wayback/summary/2023-02-02_summary_weekly_spi.pdf,2023-02-02,False,False,260.43035888671875,15.3,16.22,True,0,0,0,7.0,17.0,False,5.428424151893252,2.8211609641599633,34.49253114483084,13.516090571979134,0.45343248390314894,0.004534530449373797,1.0865561694290982,0.7550782493544572,0.16682031695860466,True,False,False,False,False,False
2023-02-09,Combined,228.17,227.79,169.23,0.17,34.83,data/raw/spi_weekly/wayback/summary/2023-02-09_summary_weekly_spi.pdf,2023-02-09,False,False,274.2564208984375,0.0,0.0,False,0,0,0,6.0,17.0,False,5.430090965157479,0.16682031695860466,34.828340128818766,5.308928678984315,2.8211609641599633,0.45343248390314894,0.4417926762616098,13.516090571979134,2.8925800937897206,True,False,False,False,False,False
2023-02-16,Combined,234.77,228.17,169.61,2.89,38.42,data/raw/spi_weekly/wayback/summary/2023-02-16_summary_weekly_spi.pdf,2023-02-16,False,False,266.7633056640625,6.49,8.82,True,0,0,0,5.0,17.0,False,5.458606311477417,2.8925800937897206,38.417546135251456,-2.7321567202796215,0.16682031695860466,2.8211609641599633,0.004534530449373797,5.308928678984315,2.777186182220892,True,False,False,False,False,False
2023-02-23,Combined,241.29,234.77,170.47,2.78,41.54,data/raw/spi_weekly/wayback/summary/2023-02-23_summary_weekly_spi.pdf,2023-02-23,False,False,260.767431640625,0.0,0.0,False,0,0,0,4.0,17.0,False,5.485999529584087,2.777186182220892,41.543966680354316,-2.2476382231475966,2.8925800937897206,0.16682031695860466,0.45343248390314894,-2.7321567202796215,-0.29839612085043044,True,False,False,False,False,False
2023-03-02,Combined,240.57,241.29,170.53,-0.3,41.07,data/raw/spi_weekly/wayback/summary/2023-03-02_summary_weekly_spi.pdf,2023-03-02,False,False,260.2123107910156,0.0,-1.8,True,0,0,0,3.0,20.0,True,5.483011107487047,-0.29839612085043044,41.07195214918195,-0.21287967063862157,2.777186182220892,2.8925800937897206,2.8211609641599633,-2.2476382231475966,1.3717421124828544,True,False,False,False,False,False
2023-03-09,Combined,243.87,240.57,171.41,1.37,42.27,data/raw/spi_weekly/wayback/summary/2023-03-09_summary_weekly_spi.pdf,2023-03-09,False,False,277.0899963378906,0.0,0.0,False,0,0,0,2.0,20.0,False,5.49663529642659,1.3717421124828544,42.27291289889739,6.48612108150024,-0.29839612085043044,2.777186182220892,0.16682031695860466,-0.21287967063862157,0.9636281625456267,True,False,False,False,False,False
2023-03-16,Combined,246.22,243.87,169.06,0.96,45.64,data/raw/spi_weekly/wayback/summary/2023-03-16_summary_weekly_spi.pdf,2023-03-16,False,False,281.2890869140625,4.65,1.84,True,0,0,0,1.0,20.0,False,5.506225445219469,0.9636281625456267,45.64060097006979,1.5154248192531083,1.3717421124828544,-0.29839612085043044,2.8925800937897206,6.48612108150024,1.803265372431162,True,False,False,False,False,False
2023-03-23,Combined,250.66,246.22,170.92,1.8,46.65,data/raw/spi_weekly/wayback/summary/2023-03-22_summary_weekly_spi.pdf,2023-03-22,False,False,280.2771423339844,0.0,0.0,False,1,0,0,0.0,20.0,False,5.524097439183376,1.803265372431162,46.65340510180202,-0.3597525205047525,0.9636281625456267,1.3717421124828544,2.777186182220892,1.5154248192531083,-0.36304157025452977,True,False,False,False,False,False
2023-03-30,Combined,249.75,250.66,171.82,-0.36,45.36,data/raw/spi_weekly/wayback/summary/2023-03-30_summary_weekly_spi.pdf,2023-03-30,False,False,282.1512145996094,0.0,0.0,False,7,0,0,49.7,20.0,False,5.520460417528663,-0.36304157025452977,45.35560470259574,0.6686496979449785,1.803265372431162,0.9636281625456267,-0.29839612085043044,-0.3597525205047525,0.9249249249249303,True,False,False,False,False,False
2023-04-06,Combined,252.06,249.75,174.45,0.92,44.49,data/raw/spi_weekly/wayback/summary/2023-04-06_summary_weekly_spi.pdf,2023-04-06,False,False,285.1199951171875,0.0,0.0,False,7,0,0,48.7,21.0,True,5.529667154409346,0.9249249249249303,44.488392089423925,1.0521948387821167,-0.36304157025452977,1.803265372431162,1.3717421124828544,0.6686496979449785,-0.5950964056177122,True,False,False,False,False,False
2023-04-13,Combined,250.56,252.06,173.27,-0.6,44.61,data/raw/spi_weekly/wayback/summary/2023-04-13_summary_weekly_spi.pdf,2023-04-13,False,False,285.0419128417969,0.0,0.0,False,7,0,0,47.7,21.0,False,5.523698412802438,-0.5950964056177122,44.60668321117331,-0.027385759233944373,0.9249249249249303,-0.36304157025452977,0.9636281625456267,1.0521948387821167,0.5068646232439411,True,False,False,False,False,False
2023-04-20,Combined,251.83,250.56,171.05,0.51,47.23,data/raw/spi_weekly/wayback/summary/2023-04-19_summary_weekly_spi.pdf,2023-04-19,False,False,281.8388244628906,0.0,3.67,True,7,0,0,46.7,21.0,False,5.528754256689711,0.5068646232439411,47.22595732242034,-1.1237254012830156,-0.5950964056177122,0.9249249249249303,1.803265372431162,-0.027385759233944373,0.14692451256799188,True,False,False,False,False,False
2023-04-27,Combined,252.2,251.83,171.78,0.15,46.82,data/raw/spi_weekly/wayback/summary/2023-04-27_summary_weekly_spi.pdf,2023-04-27,False,False,281.99017944335935,0.0,0.0,False,1,3,0,45.7,21.0,False,5.5302224235308195,0.14692451256799188,46.815694492956105,0.053702672354383196,0.5068646232439411,-0.5950964056177122,-0.36304157025452977,-1.1237254012830156,1.046788263283105,True,False,False,False,False,False
2023-05-04,Combined,254.84,252.2,171.78,1.05,48.35,data/raw/spi_weekly/wayback/summary/2023-05-04_summary_weekly_spi.pdf,2023-05-04,False,False,282.31569213867186,-1.7,0.0,True,0,0,0,44.7,21.0,False,5.540635897248287,1.046788263283105,48.35254395156596,0.11543405375147309,0.14692451256799188,0.5068646232439411,0.9249249249249303,0.053702672354383196,0.27075812274368616,True,False,False,False,False,False
2023-05-11,Combined,255.53,254.84,172.63,0.27,48.02,data/raw/spi_weekly/wayback/summary/2023-05-11_summary_weekly_spi.pdf,2023-05-11,False,False,283.5159973144531,0.0,0.0,False,0,0,0,43.7,21.0,False,5.543339819580688,0.27075812274368616,48.02178068701848,0.4251641723095112,1.046788263283105,0.14692451256799188,-0.5950964056177122,0.11543405375147309,-0.16045082769146068,True,False,False,False,False,False
2023-05-18,Combined,255.12,255.53,175.08,-0.16,45.72,data/raw/spi_weekly/wayback/summary/2023-05-18_summary_weekly_spi.pdf,2023-05-18,False,False,286.32017822265624,-10.38,-4.24,True,0,0,0,42.7,21.0,False,5.541734022701802,-0.16045082769146068,45.71624400274159,0.9890732568056615,0.27075812274368616,1.046788263283105,0.5068646232439411,0.4251641723095112,-0.41941047350266825,True,False,False,False,False,False
2023-05-25,Combined,254.05,255.12,174.62,-0.42,45.49,data/raw/spi_weekly/wayback/summary/2023-05-25_summary_weekly_spi.pdf,2023-05-25,False,False,285.62123413085936,0.0,0.0,False,0,0,0,41.7,21.0,False,5.537531098039741,-0.41941047350266825,45.48734394685603,-0.24411276080351652,-0.16045082769146068,0.27075812274368616,0.14692451256799188,0.9890732568056615,0.0314898641999628,True,False,False,False,False,False
2023-06-01,Combined,254.13,254.05,178.12,0.03,42.67,data/raw/spi_weekly/wayback/summary/2023-06-01_summary_weekly_spi.pdf,2023-06-01,False,False,284.8052612304688,-1.94,-2.96,True,0,0,0,40.7,21.0,False,5.5378459471115695,0.0314898641999628,42.67347855378396,-0.2856835567122906,-0.41941047350266825,-0.16045082769146068,1.046788263283105,-0.24411276080351652,0.21248967064100288,True,False,False,False,False,False
2023-06-08,Combined,254.67,254.13,182.88,0.21,39.26,data/raw/spi_weekly/wayback/summary/2023-06-08_summary_weekly_spi.pdf,2023-06-08,False,False,285.3770690917969,0.0,0.0,False,0,0,0,39.7,21.0,False,5.539968589417986,0.21248967064100288,39.25524934383202,0.20077152327091508,0.0314898641999628,-0.41941047350266825,0.27075812274368616,-0.2856835567122906,0.1963325087368073,True,False,False,False,False,False
2023-06-15,Combined,255.17,254.67,189.07,0.2,34.96,data/raw/spi_weekly/wayback/summary/2023-06-15_summary_weekly_spi.pdf,2023-06-15,False,False,286.6101013183594,0.0,0.0,False,0,0,0,38.7,21.0,True,5.541929989701587,0.1963325087368073,34.960596604432226,0.432071234905651,0.21248967064100288,0.0314898641999628,-0.16045082769146068,0.20077152327091508,0.3252733471803104,True,False,False,False,False,False
2023-06-22,Combined,256.0,255.17,190.98,0.33,34.05,data/raw/spi_weekly/wayback/summary/2023-06-22_summary_weekly_spi.pdf,2023-06-22,False,False,286.52321166992186,0.0,0.0,False,0,0,0,37.7,21.0,False,5.545177444479562,0.3252733471803104,34.04544978531785,-0.030316324525148097,0.1963325087368073,0.21248967064100288,-0.41941047350266825,0.432071234905651,0.0,True,False,False,False,False,False
2023-06-29,Combined,256.0,,,,,,,True,False,285.58369140625,,,,0,0,1,36.7,22.0,True,5.545177444479562,0.0,,-0.32790371788593564,0.3252733471803104,0.1963325087368073,0.0314898641999628,-0.030316324525148097,0.699218750000008,True,False,False,False,False,False
2023-07-06,Combined,257.79,256.0,200.53,0.7,28.55,data/raw/spi_weekly/wayback/summary/2023-07-06_summary_weekly_spi.pdf,2023-07-06,False,False,281.19697265625,2.95,0.0,True,0,0,2,35.7,22.0,False,5.552145299993241,0.699218750000008,28.554331022789615,-1.5360536620278475,0.0,0.3252733471803104,0.21248967064100288,-0.32790371788593564,0.325846619341319,True,False,False,False,False,False
2023-07-13,Combined,258.63,257.79,200.55,0.33,28.96,data/raw/spi_weekly/pbs_live/summary/2023-07-13_summary_live.pdf,2023-07-13,False,False,276.5734130859375,0.0,0.0,False,0,0,0,34.7,22.0,False,5.555398468889943,0.325846619341319,28.96035901271503,-1.644242299850296,0.699218750000008,0.0,0.1963325087368073,-1.5360536620278475,-0.06959749449020336,True,False,False,False,False,False
2023-07-20,Combined,258.45,258.63,200.1,-0.07,29.16,data/raw/spi_weekly/pbs_live/summary/2023-07-20_summary_live.pdf,2023-07-20,False,False,277.7791259765625,-2.64,-3.4,True,0,0,0,33.7,22.0,False,5.554702251642048,-0.06959749449020336,29.160419790104953,0.43594678070171256,0.325846619341319,0.699218750000008,0.3252733471803104,-1.644242299850296,3.7260591990713854,True,False,False,False,False,False
2023-07-27,Combined,268.08,258.45,207.47,3.73,29.21,data/raw/spi_weekly/wayback/summary/2023-07-26_summary_weekly_spi.pdf,2023-07-26,False,False,286.3264892578125,0.0,0.0,False,0,0,0,32.7,22.0,False,5.591285443429055,3.7260591990713854,29.21386224514386,3.077035846808429,-0.06959749449020336,0.325846619341319,0.0,0.43594678070171256,1.2981199641898034,True,False,False,False,False,False
2023-08-03,Combined,271.56,268.08,209.17,1.3,29.83,data/raw/spi_weekly/wayback/summary/2023-08-03_summary_weekly_spi.pdf,2023-08-03,False,False,285.56980590820314,7.82,7.86,True,0,0,0,31.7,22.0,True,5.604183109433446,1.2981199641898034,29.82741310895445,-0.2642729115181708,3.7260591990713854,-0.06959749449020336,0.699218750000008,3.077035846808429,0.6886139343055042,True,False,False,False,False,False
2023-08-10,Combined,273.43,271.56,209.01,0.69,30.82,data/raw/spi_weekly/wayback/summary/2023-08-10_summary_weekly_spi.pdf,2023-08-10,False,False,284.65879516601564,0.0,0.0,False,0,0,0,30.7,22.0,False,5.611045647604334,0.6886139343055042,30.82149179465099,-0.31901507909429805,1.2981199641898034,3.7260591990713854,0.325846619341319,-0.2642729115181708,0.782650038401056,True,False,False,False,False,False
2023-08-17,Combined,275.57,273.43,216.02,0.78,27.57,data/raw/spi_weekly/pbs_live/summary/2023-08-17_summary_live.pdf,2023-08-17,False,False,289.11541137695315,7.29,6.4,True,0,0,0,29.7,22.0,False,5.618841679803801,0.782650038401056,27.566891954448657,1.5655993373886012,0.6886139343055042,1.2981199641898034,-0.06959749449020336,-0.31901507909429805,0.05080378851107792,True,False,False,False,False,False
2023-08-24,Combined,275.71,275.57,219.97,0.05,25.34,data/raw/spi_weekly/wayback/summary/2023-08-24_summary_weekly_spi.pdf,2023-08-24,False,False,295.75078125,0.0,0.0,False,0,0,0,28.7,22.0,False,5.619349588681358,0.05080378851107792,25.339819066236302,2.2950592088622823,0.782650038401056,0.6886139343055042,3.7260591990713854,1.5655993373886012,0.5440499075115124,True,False,False,False,False,False
2023-08-31,Combined,277.21,275.71,222.85,0.54,24.39,data/raw/spi_weekly/wayback/summary/2023-08-31_summary_weekly_spi.pdf,2023-08-31,False,False,301.737841796875,0.0,0.0,False,0,0,0,27.7,22.0,False,5.624775341701135,0.5440499075115124,24.393089522100063,2.0243600106719883,0.05080378851107792,0.782650038401056,1.2981199641898034,2.2950592088622823,0.9595613433858841,True,False,False,False,False,False
2023-09-07,Combined,279.87,277.21,221.55,0.96,26.32,data/raw/spi_weekly/wayback/summary/2023-09-07_summary_weekly_spi.pdf,2023-09-07,False,False,305.99155883789064,6.28,5.12,True,0,0,0,26.7,22.0,False,5.63432520964098,0.9595613433858841,26.32362897765741,1.4097393338814879,0.5440499075115124,0.05080378851107792,0.6886139343055042,2.0243600106719883,-0.24654303783899767,True,False,False,False,False,False
2023-09-14,Combined,279.18,279.87,221.14,-0.25,26.25,data/raw/spi_weekly/pbs_live/summary/2023-09-14_summary_live.pdf,2023-09-14,False,False,301.6349609375,0.0,0.0,False,0,0,0,25.7,22.0,True,5.631856735084612,-0.24654303783899767,26.24581712942029,-1.4237640792890915,0.9595613433858841,0.5440499075115124,0.782650038401056,1.4097393338814879,0.9277168851636874,True,False,False,False,False,False
2023-09-21,Combined,281.77,279.18,203.21,0.93,38.66,data/raw/spi_weekly/pbs_live/summary/2023-09-21_summary_live.pdf,2023-09-21,False,False,295.2542358398438,5.54,8.51,True,0,0,0,24.7,22.0,False,5.641091135316281,0.9277168851636874,38.659514787658075,-2.1153798212994124,-0.24654303783899767,0.9595613433858841,0.05080378851107792,-1.4237640792890915,-0.024842957021686818,True,False,False,False,False,False
2023-09-28,Combined,281.7,281.77,205.13,-0.02,37.33,data/raw/spi_weekly/wayback/summary/2023-09-27_summary_weekly_spi.pdf,2023-09-27,False,False,289.3449645996094,0.0,0.0,False,0,0,0,23.7,22.0,False,5.640842674882327,-0.024842957021686818,37.32754838395165,-2.00141793848464,0.9277168851636874,-0.24654303783899767,0.5440499075115124,-2.1153798212994124,0.10649627263046302,True,False,False,False,False,False
2023-10-05,Combined,282.0,281.7,205.73,0.11,37.07,data/raw/spi_weekly/wayback/summary/2023-10-05_summary_weekly_spi.pdf,2023-10-05,False,False,286.27183227539064,-3.33,-2.4,True,0,0,0,22.7,22.0,False,5.641907070938114,0.10649627263046302,37.072862489670946,-1.0620998117148228,-0.024842957021686818,0.9277168851636874,0.9595613433858841,-2.00141793848464,0.3049645390071021,True,False,False,False,False,False
2023-10-12,Combined,282.86,282.0,204.55,0.3,38.28,data/raw/spi_weekly/wayback/summary/2023-10-12_summary_weekly_spi.pdf,2023-10-12,False,False,278.5675842285156,0.0,0.0,False,0,0,0,21.7,22.0,False,5.644952075592354,0.3049645390071021,38.284038132485954,-2.691235105332901,0.10649627263046302,-0.024842957021686818,-0.24654303783899767,-1.0620998117148228,-1.7040231916849335,True,False,False,False,False,False
2023-10-19,Combined,278.04,282.86,205.27,-1.7,35.45,data/raw/spi_weekly/pbs_live/summary/2023-10-19_summary_live.pdf,2023-10-19,False,False,276.9391357421875,-4.68,-12.31,True,0,0,0,20.7,22.0,False,5.627764988232285,-1.7040231916849335,35.450869586398404,-0.5845793188170356,0.3049645390071021,0.10649627263046302,0.9277168851636874,-2.691235105332901,-0.33448424687095857,True,False,False,False,False,False
2023-10-26,Combined,277.11,278.04,213.74,-0.33,29.65,data/raw/spi_weekly/wayback/summary/2023-10-26_summary_weekly_spi.pdf,2023-10-26,False,False,277.7182312011719,0.0,0.0,False,0,0,0,19.7,22.0,False,5.624414539272628,-0.33448424687095857,29.648170674651443,0.28132371284268487,-1.7040231916849335,0.3049645390071021,-0.024842957021686818,-0.5845793188170356,0.710909025296802,True,False,False,False,False,False
2023-11-02,Combined,279.08,277.11,214.88,0.71,29.88,data/raw/spi_weekly/wayback/summary/2023-11-02_summary_weekly_spi.pdf,2023-11-02,False,False,279.64427490234374,0.0,0.0,False,0,0,0,18.7,22.0,True,5.631498479071036,0.710909025296802,29.877140729709595,0.6935244016359476,-0.33448424687095857,-1.7040231916849335,0.10649627263046302,0.28132371284268487,0.7309731976494316,True,False,False,False,False,False
2023-11-09,Combined,281.12,279.08,216.48,0.73,29.86,data/raw/spi_weekly/wayback/summary/2023-11-08_summary_weekly_spi.pdf,2023-11-08,False,False,282.686181640625,0.0,0.0,False,0,0,0,17.7,22.0,False,5.638781624438787,0.7309731976494316,29.859571322985957,1.0877772267440688,0.710909025296802,-0.33448424687095857,0.3049645390071021,0.6935244016359476,9.949487763232767,True,False,False,False,False,False
2023-11-16,Combined,309.09,281.12,217.82,9.95,41.9,data/raw/spi_weekly/pbs_live/summary/2023-11-16_summary_live.pdf,2023-11-16,False,False,284.96796264648435,-2.15,-0.73,True,0,0,0,16.7,22.0,False,5.733632496625086,9.949487763232767,41.90157010375539,0.8071781197851902,0.7309731976494316,0.710909025296802,-1.7040231916849335,1.0877772267440688,-0.06147076903166848,True,False,False,False,False,False
2023-11-23,Combined,308.9,309.09,218.87,-0.06,41.13,data/raw/spi_weekly/wayback/summary/2023-11-23_summary_weekly_spi.pdf,2023-11-23,False,False,285.6649597167969,0.0,0.0,False,0,0,0,15.7,22.0,False,5.733017599924536,-0.06147076903166848,41.13400648786949,0.24458787010286365,9.949487763232767,0.7309731976494316,-0.33448424687095857,0.8071781197851902,-0.22661055357721116,True,False,False,False,False,False
2023-11-30,Combined,308.2,308.9,218.51,-0.23,41.05,data/raw/spi_weekly/wayback/summary/2023-11-30_summary_weekly_spi.pdf,2023-11-30,False,False,283.1644287109375,0.0,0.0,False,0,0,0,14.7,22.0,False,5.730748922886015,-0.22661055357721116,41.04617637636721,-0.8753369710931214,-0.06147076903166848,9.949487763232767,0.710909025296802,0.24458787010286365,1.1615833874107695,True,False,False,False,False,False
2023-12-07,Combined,311.78,308.2,218.52,1.16,42.68,data/raw/spi_weekly/wayback/summary/2023-12-07_summary_weekly_spi.pdf,2023-12-07,False,False,283.1326416015625,-2.31,0.0,True,0,0,0,13.7,22.0,False,5.742297810884534,1.1615833874107695,42.678015742266126,-0.011225671783599012,-0.22661055357721116,-0.06147076903166848,0.7309731976494316,-0.8753369710931214,-0.06414779652318403,True,False,False,False,False,False
2023-12-14,Combined,311.58,311.78,217.64,-0.06,43.16,data/raw/spi_weekly/pbs_live/summary/2023-12-14_summary_live.pdf,2023-12-14,False,False,283.0827941894531,0.0,0.0,False,0,0,0,12.7,22.0,True,5.7416561270842825,-0.06414779652318403,43.163021503400124,-0.017605674791654202,1.1615833874107695,-0.22661055357721116,9.949487763232767,-0.011225671783599012,-0.5070928814429609,True,False,False,False,False,False
2023-12-21,Combined,310.0,311.58,217.39,-0.51,42.6,data/raw/spi_weekly/wayback/summary/2023-12-21_summary_weekly_spi.pdf,2023-12-21,False,False,281.3607482910156,-4.68,-4.97,True,0,0,0,11.7,22.0,False,5.736572297479192,-0.5070928814429609,42.600855605133646,-0.6083188147722685,-0.06414779652318403,1.1615833874107695,-0.06147076903166848,-0.017605674791654202,0.36774193548385625,True,False,False,False,False,False
2023-12-28,Combined,311.14,310.0,217.2,0.37,43.25,data/raw/spi_weekly/wayback/summary/2023-12-28_summary_weekly_spi.pdf,2023-12-28,False,False,280.4610290527344,0.0,0.0,False,0,0,0,10.7,22.0,False,5.740242971658976,0.36774193548385625,43.250460405156545,-0.31977425555843597,-0.5070928814429609,-0.06414779652318403,-0.22661055357721116,-0.6083188147722685,0.8099247926978359,True,False,False,False,False,False
2024-01-04,Combined,313.66,311.14,219.56,0.81,42.86,data/raw/spi_weekly/pbs_live/summary/2024-01-04_summary_live.pdf,2024-01-04,False,False,279.8627075195312,0.0,0.0,False,0,0,0,9.7,22.0,False,5.748309596706279,0.8099247926978359,42.85844416104938,-0.21333499888522844,0.36774193548385625,-0.5070928814429609,1.1615833874107695,-0.31977425555843597,1.3581585155901355,True,False,False,False,False,False
2024-01-11,Combined,317.92,313.66,220.53,1.36,44.16,data/raw/spi_weekly/pbs_live/summary/2024-01-11_summary_live.pdf,2024-01-11,False,False,279.73817138671876,0.0,0.0,False,0,0,0,8.7,22.0,False,5.761799778803507,1.3581585155901355,44.161792046433604,-0.04449900950228569,0.8099247926978359,0.36774193548385625,-0.06414779652318403,-0.21333499888522844,0.3397081026673243,True,False,False,False,False,False
2024-01-18,Combined,319.0,317.92,220.54,0.34,44.64,data/raw/spi_weekly/pbs_live/summary/2024-01-18_summary_live.pdf,2024-01-18,False,False,278.39923095703125,0.0,-2.99,True,0,0,0,7.7,22.0,False,5.765191102784844,0.3397081026673243,44.644962365103844,-0.47864058846531776,1.3581585155901355,0.8099247926978359,-0.5070928814429609,-0.04449900950228569,-0.14106583072099887,True,False,False,False,False,False
2024-01-25,Combined,318.55,319.0,221.54,-0.14,43.79,data/raw/spi_weekly/pbs_live/summary/2024-01-25_summary_live.pdf,2024-01-25,False,False,279.14365844726564,0.0,0.0,False,0,0,0,6.7,22.0,False,5.763779448562497,-0.14106583072099887,43.78893202130543,0.26739567048204016,0.3397081026673243,1.3581585155901355,0.36774193548385625,-0.47864058846531776,-0.28253021503689135,True,False,False,False,False,False
2024-02-01,Combined,317.65,318.55,227.79,-0.28,39.45,data/raw/spi_weekly/pbs_live/summary/2024-02-01_summary_live.pdf,2024-02-01,False,False,278.9609313964844,0.95,5.2,True,0,0,0,5.7,22.0,True,5.760950147712542,-0.28253021503689135,39.4486149523684,-0.06545986098973611,-0.14106583072099887,0.3397081026673243,0.8099247926978359,0.26739567048204016,0.0,True,False,False,False,False,False
2024-02-08,Combined,317.65,,,,,,,True,False,278.21637573242185,,,,0,0,0,4.7,22.0,False,5.760950147712542,0.0,,-0.2669032040921615,-0.28253021503689135,-0.14106583072099887,1.3581585155901355,-0.06545986098973611,-0.7775853927278309,True,False,False,False,False,False
2024-02-15,Combined,315.18,317.65,234.77,-0.78,34.25,data/raw/spi_weekly/pbs_live/summary/2024-02-15_summary_live.pdf,2024-02-15,False,False,278.19187622070314,0.0,0.0,False,0,0,0,3.7,22.0,False,5.753143904193926,-0.7775853927278309,34.250543084721215,-0.0088059200879953,0.0,-0.28253021503689135,0.3397081026673243,-0.2669032040921615,0.04124627197157338,True,False,False,False,False,False
2024-02-22,Combined,315.31,315.18,241.29,0.04,30.68,data/raw/spi_weekly/pbs_live/summary/2024-02-22_summary_live.pdf,2024-02-22,False,False,278.11827392578124,3.02,1.0,True,0,0,0,2.7,22.0,False,5.7535562818742765,0.04124627197157338,30.676778979651043,-0.026457384709355214,-0.7775853927278309,0.0,-0.14106583072099887,-0.0088059200879953,1.2654213313881613,True,False,False,False,False,False
2024-02-29,Combined,319.3,315.31,240.57,1.27,32.73,data/raw/spi_weekly/wayback/summary/2024-02-29_summary_weekly_spi.pdf,2024-02-29,False,False,278.1599548339844,0.0,0.0,False,0,0,0,1.7,22.0,False,5.766131099720736,1.2654213313881613,32.726441368416694,0.014986756394974599,0.04124627197157338,-0.7775853927278309,-0.28253021503689135,-0.026457384709355214,1.1149389289069944,True,False,False,False,False,False
2024-03-07,Combined,322.86,319.3,243.87,1.11,32.39,data/raw/spi_weekly/pbs_live/summary/2024-03-07_summary_live.pdf,2024-03-07,False,False,278.10906372070315,0.0,1.49,True,0,0,0,0.7,22.0,False,5.777218792729383,1.1149389289069944,32.39020789765039,-0.018295628970610434,1.2654213313881613,0.04124627197157338,0.0,0.014986756394974599,1.3473332094406043,True,False,False,False,False,False
2024-03-14,Combined,327.21,322.86,246.22,1.35,32.89,data/raw/spi_weekly/pbs_live/summary/2024-03-14_summary_live.pdf,2024-03-14,False,False,277.98333740234375,0.0,0.0,False,3,0,0,50.4,22.0,False,5.790602166608761,1.3473332094406043,32.89334741288279,-0.04520755874596327,1.1149389289069944,1.2654213313881613,-0.7775853927278309,-0.018295628970610434,-1.1338284282265132,True,False,False,False,False,False
2024-03-21,Combined,323.5,327.21,250.66,-1.13,29.06,data/raw/spi_weekly/pbs_live/summary/2024-03-21_summary_live.pdf,2024-03-21,False,False,278.2802978515625,-0.6,0.0,False,7,0,0,49.4,22.0,True,5.7791991139409555,-1.1338284282265132,29.05928349158222,0.10682670838970676,1.3473332094406043,1.1149389289069944,0.04124627197157338,-0.04520755874596327,-0.09273570324574987,True,False,False,False,False,False
2024-03-28,Combined,323.2,323.5,249.75,-0.09,29.41,data/raw/spi_weekly/pbs_live/summary/2024-03-28_summary_live.pdf,2024-03-28,False,False,277.1078125,0.0,0.0,False,7,0,0,48.4,22.0,False,5.77827132664694,-0.09273570324574987,29.409409409409413,-0.4213325056119932,-1.1338284282265132,1.3473332094406043,1.2654213313881613,0.10682670838970676,0.9560643564356486,True,False,False,False,False,False
2024-04-04,Combined,326.29,323.2,252.06,0.96,29.45,data/raw/spi_weekly/pbs_live/summary/2024-04-04_summary_live.pdf,2024-04-04,False,False,276.9991394042969,-1.18,3.45,True,7,0,0,47.4,22.0,False,5.7877865564854645,0.9560643564356486,29.44933745933509,-0.039216900715532965,-0.09273570324574987,-1.1338284282265132,1.1149389289069944,-0.4213325056119932,0.0,True,False,False,False,False,False
2024-04-11,Combined,326.29,,,,,,,True,False,277.0074829101562,,,,5,2,0,46.4,22.0,False,5.7877865564854645,0.0,,0.003012105336241966,0.9560643564356486,-0.09273570324574987,1.3473332094406043,-0.039216900715532965,-0.7907076527015944,True,False,False,False,False,False
2024-04-18,Combined,323.71,326.29,251.83,-0.79,28.54,data/raw/spi_weekly/pbs_live/summary/2024-04-18_summary_live.pdf,2024-04-18,False,False,276.8033752441406,2.87,1.56,True,0,1,0,45.4,22.0,False,5.779848053257003,-0.7907076527015944,28.543064765913506,-0.0736830875004979,0.0,0.9560643564356486,-1.1338284282265132,0.003012105336241966,-1.102838960798247,True,False,False,False,False,False
2024-04-25,Combined,320.14,323.71,252.2,-1.1,26.94,data/raw/spi_weekly/pbs_live/summary/2024-04-25_summary_live.pdf,2024-04-25,False,False,277.69883422851564,0.0,0.0,False,0,0,0,44.4,22.0,False,5.768758400118552,-1.102838960798247,26.93893735130848,0.3235000236486263,-0.7907076527015944,0.0,-0.09273570324574987,-0.0736830875004979,-0.9964390579121574,True,False,False,False,False,False
2024-05-02,Combined,316.95,320.14,254.84,-1.0,24.37,data/raw/spi_weekly/pbs_live/summary/2024-05-02_summary_live.pdf,2024-05-02,False,False,278.01820068359376,-2.89,-1.84,True,0,0,0,43.4,22.0,True,5.758744032730175,-0.9964390579121574,24.372155077695812,0.11500460776703303,-1.102838960798247,-0.7907076527015944,0.9560643564356486,0.3235000236486263,-1.3850765104906126,True,False,False,False,False,False
2024-05-09,Combined,312.56,316.95,255.53,-1.39,22.32,data/raw/spi_weekly/pbs_live/summary/2024-05-09_summary_live.pdf,2024-05-09,False,False,277.6024963378906,0.0,0.0,False,0,0,0,42.4,22.0,False,5.744796450746815,-1.3850765104906126,22.318318788400582,-0.1495241479446352,-0.9964390579121574,-1.102838960798247,0.0,0.11500460776703303,-1.0589966726388567,True,False,False,False,False,False
2024-05-16,Combined,309.25,312.56,255.12,-1.06,21.22,data/raw/spi_weekly/pbs_live/summary/2024-05-16_summary_live.pdf,2024-05-16,False,False,277.4353454589844,-2.79,-5.32,True,0,0,0,41.4,22.0,False,5.734150011272598,-1.0589966726388567,21.217466290373153,-0.060212311168406085,-1.3850765104906126,-0.9964390579121574,-0.7907076527015944,-0.1495241479446352,-0.34276475343573143,True,False,False,False,False,False
2024-05-23,Combined,308.19,309.25,254.05,-0.34,21.31,data/raw/spi_weekly/pbs_live/summary/2024-05-23_summary_live.pdf,2024-05-23,False,False,277.4455139160156,0.0,0.0,False,0,0,0,40.4,22.0,False,5.730716475896282,-0.34276475343573143,21.310765597323346,0.0036651627839390244,-1.0589966726388567,-1.3850765104906126,-1.102838960798247,-0.060212311168406085,0.10707680327071145,True,False,False,False,False,False
2024-05-30,Combined,308.52,308.19,254.13,0.11,21.4,data/raw/spi_weekly/pbs_live/summary/2024-05-30_summary_live.pdf,2024-05-30,False,False,277.34837646484374,0.0,0.0,False,0,0,0,39.4,22.0,False,5.731786671065798,0.10707680327071145,21.40243182623067,-0.035011361258230345,-0.34276475343573143,-1.0589966726388567,-0.9964390579121574,0.0036651627839390244,0.4505380526384162,True,False,False,False,False,False
2024-06-06,Combined,309.91,308.52,254.67,0.45,21.69,data/raw/spi_weekly/pbs_live/summary/2024-06-06_summary_live.pdf,2024-06-06,False,False,277.87554321289065,-1.42,-1.74,True,0,0,0,38.4,22.0,False,5.736281932746788,0.4505380526384162,21.690815565241305,0.19007385396168086,0.10707680327071145,-0.34276475343573143,-1.3850765104906126,-0.035011361258230345,1.2971507857119757,True,False,False,False,False,False
2024-06-13,Combined,313.93,309.91,255.17,1.3,23.03,data/raw/spi_weekly/pbs_live/summary/2024-06-13_summary_live.pdf,2024-06-13,False,False,277.92295532226564,0.0,0.0,False,0,0,0,37.4,20.5,True,5.749170031119376,1.2971507857119757,23.027785397969993,0.01706235418446056,0.4505380526384162,0.10707680327071145,-1.0589966726388567,0.19007385396168086,0.9396999331060973,True,False,False,False,False,False
2024-06-20,Combined,316.88,313.93,256.0,0.94,23.78,data/raw/spi_weekly/pbs_live/summary/2024-06-20_summary_live.pdf,2024-06-20,False,False,277.9128723144531,-0.84,-3.76,True,0,0,3,36.4,20.5,False,5.758523153313662,0.9396999331060973,23.78125,-0.00362798668459563,1.2971507857119757,0.4505380526384162,-0.34276475343573143,0.01706235418446056,-0.7289825801565231,True,False,False,False,False,False
2024-06-27,Combined,314.57,316.88,256.0,-0.73,22.88,data/raw/spi_weekly/pbs_live/summary/2024-06-27_summary_live.pdf,2024-06-27,False,False,277.83534545898436,0.0,0.0,False,0,0,0,35.4,20.5,False,5.751206626890933,-0.7289825801565231,22.878906249999996,-0.027896100969748705,0.9396999331060973,1.2971507857119757,0.10707680327071145,-0.00362798668459563,1.284292844200019,True,False,False,False,False,False
2024-07-04,Combined,318.61,314.57,257.79,1.28,23.59,data/raw/spi_weekly/pbs_live/summary/2024-07-04_summary_live.pdf,2024-07-04,False,False,277.30556640625,3.58,2.88,True,0,0,0,34.4,20.5,False,5.763967784302899,1.284292844200019,23.59284689088017,-0.1906809415695987,-0.7289825801565231,0.9396999331060973,0.4505380526384162,-0.027896100969748705,0.10985217036501016,True,False,False,False,False,False
2024-07-11,Combined,318.96,318.61,258.63,0.11,23.33,data/raw/spi_weekly/pbs_live/summary/2024-07-11_summary_live.pdf,2024-07-11,False,False,277.33192138671876,0.0,0.0,False,0,0,0,33.4,20.5,False,5.765065703073099,0.10985217036501016,23.326760236631472,0.009503949311318038,1.284292844200019,-0.7289825801565231,1.2971507857119757,-0.1906809415695987,0.7649862051667844,True,False,False,False,False,False
2024-07-18,Combined,321.4,318.96,258.45,0.76,24.36,data/raw/spi_weekly/pbs_live/summary/2024-07-18_summary_live.pdf,2024-07-18,False,False,277.328271484375,2.25,3.77,True,0,0,0,32.4,20.5,False,5.772686453303412,0.7649862051667844,24.356742116463526,-0.0013160772569853485,0.10985217036501016,1.284292844200019,0.9396999331060973,0.009503949311318038,0.17112632233977632,True,False,False,False,False,False
2024-07-25,Combined,321.95,321.4,268.08,0.17,20.09,data/raw/spi_weekly/pbs_live/summary/2024-07-25_summary_live.pdf,2024-07-25,False,False,277.47581787109374,0.0,0.0,False,0,0,0,31.4,20.5,False,5.774396253984192,0.17112632233977632,20.09474783646672,0.05320279318403731,0.7649862051667844,0.10985217036501016,-0.7289825801565231,-0.0013160772569853485,-0.12113682248795499,True,False,False,False,False,False
2024-08-01,Combined,321.56,321.95,271.56,-0.12,18.41,data/raw/spi_weekly/pbs_live/summary/2024-08-01_summary_live.pdf,2024-08-01,False,False,277.5934265136719,-3.81,-2.23,True,0,0,0,30.4,19.5,True,5.77318415145976,-0.12113682248795499,18.412137280895568,0.04238518638506328,0.17112632233977632,0.7649862051667844,1.284292844200019,0.05320279318403731,0.3047642741634604,True,False,False,False,False,False
2024-08-08,Combined,322.54,321.56,273.43,0.3,17.96,data/raw/spi_weekly/pbs_live/summary/2024-08-08_summary_live.pdf,2024-08-08,False,False,277.47392578125,0.0,0.0,False,0,0,0,29.4,19.5,False,5.77622715955237,0.3047642741634604,17.96072120835315,-0.04304883365673362,-0.12113682248795499,0.17112632233977632,0.10985217036501016,0.04238518638506328,-0.15811992311032252,True,False,False,False,False,False
2024-08-15,Combined,322.03,322.54,275.57,-0.16,16.86,data/raw/spi_weekly/pbs_live/summary/2024-08-15_summary_live.pdf,2024-08-15,False,False,278.0433715820312,-2.44,-3.15,True,0,0,0,28.4,19.5,False,5.774644708906431,-0.15811992311032252,16.859600101607562,0.20522497714980936,0.3047642741634604,-0.12113682248795499,0.7649862051667844,-0.04304883365673362,-0.09626432319967959,True,False,False,False,False,False
2024-08-22,Combined,321.72,322.03,275.71,-0.1,16.69,data/raw/spi_weekly/pbs_live/summary/2024-08-22_summary_live.pdf,2024-08-22,False,False,277.7050048828125,0.0,0.0,False,0,0,0,27.4,19.5,False,5.773681602035868,-0.09626432319967959,16.68782416306991,-0.1216956539166758,-0.15811992311032252,0.3047642741634604,0.17112632233977632,0.20522497714980936,-0.6185502921795427,True,False,False,False,False,False
2024-08-29,Combined,319.73,321.72,277.21,-0.62,15.34,data/raw/spi_weekly/pbs_live/summary/2024-08-29_summary_live.pdf,2024-08-29,False,False,277.2988342285156,0.0,0.0,False,0,0,0,26.4,19.5,False,5.767476889636389,-0.6185502921795427,15.338552000288598,-0.1462597530311971,-0.09626432319967959,-0.15811992311032252,-0.12113682248795499,-0.1216956539166758,-0.15325430832264786,True,False,False,False,False,False
2024-09-05,Combined,319.24,319.73,279.87,-0.15,14.07,data/raw/spi_weekly/pbs_live/summary/2024-09-05_summary_live.pdf,2024-09-05,False,False,277.5597229003906,-1.23,-0.68,True,0,0,0,25.4,19.5,False,5.765943171007808,-0.15325430832264786,14.067245506842463,0.09408213799413367,-0.6185502921795427,-0.09626432319967959,0.3047642741634604,-0.1462597530311971,0.012529758175650052,True,False,False,False,False,False
2024-09-12,Combined,319.28,319.24,279.18,0.01,14.36,data/raw/spi_weekly/pbs_live/summary/2024-09-12_summary_live.pdf,2024-09-12,False,False,277.71728515625,0.0,0.0,False,0,0,0,24.4,17.5,True,5.766068460740478,0.012529758175650052,14.363493086897329,0.05676697404541908,-0.15325430832264786,-0.6185502921795427,-0.15811992311032252,0.09408213799413367,-0.5230518667000639,True,False,False,False,False,False
2024-09-19,Combined,317.61,319.28,281.77,-0.52,12.72,data/raw/spi_weekly/wayback/summary/2024-09-19_summary_weekly_spi.pdf,2024-09-19,False,False,277.628564453125,-5.0,-3.88,True,0,0,0,23.4,17.5,False,5.760824215023398,-0.5230518667000639,12.719593995102407,-0.03194641020455302,0.012529758175650052,-0.15325430832264786,-0.09626432319967959,0.05676697404541908,0.04722773212428866,True,False,False,False,False,False
2024-09-26,Combined,317.76,317.61,281.7,0.05,12.8,data/raw/spi_weekly/wayback/summary/2024-09-26_summary_weekly_spi.pdf,2024-09-26,False,False,277.3974853515625,0.0,0.0,False,0,0,0,22.4,17.5,False,5.761296380856808,0.04722773212428866,12.800851970181037,-0.08323318676436431,-0.5230518667000639,0.012529758175650052,-0.6185502921795427,-0.03194641020455302,0.443731117824786,True,False,False,False,False,False
2024-10-03,Combined,319.17,317.76,282.0,0.44,13.18,data/raw/spi_weekly/wayback/summary/2024-10-03_summary_weekly_spi.pdf,2024-10-03,False,False,277.2000427246094,-1.32,-0.81,True,0,0,0,21.4,17.5,False,5.765723876196384,0.443731117824786,13.180851063829802,-0.07117679048276315,0.04722773212428866,-0.5230518667000639,-0.15325430832264786,-0.08323318676436431,-0.08146129022150728,True,False,False,False,False,False
2024-10-10,Combined,318.91,319.17,282.86,-0.08,12.74,data/raw/spi_weekly/wayback/summary/2024-10-10_summary_weekly_spi.pdf,2024-10-10,False,False,276.8408569335937,0.0,0.0,False,0,0,0,20.4,17.5,False,5.7649089313167785,-0.08146129022150728,12.744820759386277,-0.129576383713792,0.443731117824786,0.04722773212428866,0.012529758175650052,-0.07117679048276315,0.2759399203537072,True,False,False,False,False,False
2024-10-17,Combined,319.79,318.91,278.04,0.28,15.02,data/raw/spi_weekly/wayback/summary/2024-10-17_summary_weekly_spi.pdf,2024-10-17,False,False,276.854296875,2.01,0.0,True,0,0,0,19.4,17.5,False,5.767664530367487,0.2759399203537072,15.015825061142273,0.004854753577610005,-0.08146129022150728,0.443731117824786,-0.5230518667000639,-0.129576383713792,-0.21889364895714136,True,False,False,False,False,False
2024-10-24,Combined,319.09,319.79,277.11,-0.22,15.15,data/raw/spi_weekly/wayback/summary/2024-10-24_summary_weekly_spi.pdf,2024-10-24,False,False,277.0350036621094,0.0,0.0,False,0,0,0,18.4,17.5,False,5.765473194654634,-0.21889364895714136,15.149218721807213,0.06527144030239462,0.2759399203537072,-0.08146129022150728,0.04722773212428866,0.004854753577610005,0.09715127393525869,True,False,False,False,False,False
2024-10-31,Combined,319.4,319.09,279.08,0.1,14.45,data/raw/spi_weekly/wayback/summary/2024-10-31_summary_weekly_spi.pdf,2024-10-31,False,False,277.30556030273436,0.0,0.0,False,0,0,0,17.4,17.5,False,5.766444235780912,0.09715127393525869,14.447470259423811,0.09766153628549823,-0.21889364895714136,0.2759399203537072,0.443731117824786,0.06527144030239462,0.24107701941140647,True,False,False,False,False,False
2024-11-07,Combined,320.17,319.4,281.12,0.24,13.89,data/raw/spi_weekly/pbs_live/summary/2024-11-07_summary_live.pdf,2024-11-07,False,False,277.2270263671875,1.54,0.56,True,0,0,0,16.4,15.0,True,5.768852104730449,0.24107701941140647,13.89086511098463,-0.028320360926459287,0.09715127393525869,-0.21889364895714136,-0.08146129022150728,0.09766153628549823,0.5528313083674297,True,False,False,False,False,False
2024-11-14,Combined,321.94,320.17,309.09,0.55,4.16,data/raw/spi_weekly/pbs_live/summary/2024-11-14_summary_live.pdf,2024-11-14,False,False,277.4592346191406,0.0,0.0,False,0,0,0,15.4,15.0,False,5.774365192778084,0.5528313083674297,4.157365168721094,0.08376104415070973,0.24107701941140647,0.09715127393525869,0.2759399203537072,-0.028320360926459287,0.6740386407405152,True,False,False,False,False,False
2024-11-21,Combined,324.11,321.94,308.9,0.67,4.92,data/raw/spi_weekly/pbs_live/summary/2024-11-21_summary_live.pdf,2024-11-21,False,False,277.59373168945314,0.0,0.0,False,0,0,0,14.4,15.0,False,5.781082964345989,0.6740386407405152,4.923923599870528,0.04847453374443589,0.5528313083674297,0.24107701941140647,-0.21889364895714136,0.08376104415070973,-0.033939094751789245,True,False,False,False,False,False
2024-11-28,Combined,324.0,324.11,308.2,-0.03,5.13,data/raw/spi_weekly/pbs_live/summary/2024-11-28_summary_live.pdf,2024-11-28,False,False,277.0849670410156,0.0,0.0,False,0,0,0,13.4,15.0,False,5.780743515792329,-0.033939094751789245,5.126541207008439,-0.18327670633668802,0.6740386407405152,0.5528313083674297,0.09715127393525869,0.04847453374443589,-0.33641975308641436,True,False,False,False,False,False
2024-12-05,Combined,322.91,324.0,311.78,-0.34,3.57,data/raw/spi_weekly/pbs_live/summary/2024-12-05_summary_live.pdf,2024-12-05,False,False,277.080810546875,1.27,1.48,True,0,0,0,12.4,15.0,False,5.777373646625042,-0.33641975308641436,3.569824876515515,-0.0015000792662922535,-0.033939094751789245,0.6740386407405152,0.24107701941140647,-0.18327670633668802,0.07122727695021425,True,False,False,False,False,False
2024-12-12,Combined,323.14,322.91,311.58,0.07,3.71,data/raw/spi_weekly/wayback/summary/2024-12-12_summary_weekly_spi.pdf,2024-12-12,False,False,277.37750244140625,0.0,0.0,False,0,0,0,11.4,15.0,False,5.7780856658486845,0.07122727695021425,3.710122600937149,0.10707774888691901,-0.33641975308641436,-0.033939094751789245,0.5528313083674297,-0.0015000792662922535,0.38373460419631744,True,False,False,False,False,False
2024-12-19,Combined,324.38,323.14,310.0,0.38,4.64,data/raw/spi_weekly/pbs_live/summary/2024-12-19_summary_live.pdf,2024-12-19,False,False,276.514697265625,-1.17,0.0,True,0,0,0,10.4,13.0,True,5.781915668059543,0.38373460419631744,4.63870967741935,-0.3110580952626174,0.07122727695021425,-0.33641975308641436,0.6740386407405152,0.10707774888691901,0.7953634626055806,True,False,False,False,False,False
2024-12-26,Combined,326.96,324.38,311.14,0.8,5.08,data/raw/spi_weekly/pbs_live/summary/2024-12-26_summary_live.pdf,2024-12-26,False,False,276.65205078125,0.0,0.0,False,0,0,0,9.4,13.0,False,5.7898378392560215,0.7953634626055806,5.08452786526965,0.04967313382733263,0.38373460419631744,0.07122727695021425,-0.033939094751789245,-0.3110580952626174,-0.26302911671151064,True,False,False,False,False,False
2025-01-02,Combined,326.1,326.96,313.66,-0.26,3.97,data/raw/spi_weekly/pbs_live/summary/2025-01-02_summary_live.pdf,2025-01-02,False,False,276.77980041503906,1.18,0.21,True,0,0,0,8.4,13.0,False,5.787204082795274,-0.26302911671151064,3.9660779187655315,0.04617700589180096,0.7953634626055806,0.38373460419631744,-0.33641975308641436,0.04967313382733263,-0.6531738730450765,True,False,False,False,False,False
2025-01-09,Combined,323.97,326.1,317.92,-0.65,1.9,data/raw/spi_weekly/pbs_live/summary/2025-01-09_summary_live.pdf,2025-01-09,False,False,277.6433471679687,0.0,0.0,False,0,0,0,7.4,13.0,False,5.780650918912778,-0.6531738730450765,1.9029944640161167,0.31199775114902906,-0.26302911671151064,0.7953634626055806,0.07122727695021425,0.04617700589180096,-0.3889249004537576,True,False,False,False,False,False
2025-01-16,Combined,322.71,323.97,319.0,-0.39,1.16,data/raw/spi_weekly/pbs_live/summary/2025-01-16_summary_live.pdf,2025-01-16,False,False,278.1304077148437,0.99,1.39,True,0,0,0,6.4,13.0,False,5.776754087112024,-0.3889249004537576,1.1630094043887151,0.17542669465813177,-0.6531738730450765,-0.26302911671151064,0.38373460419631744,0.31199775114902906,-0.7746893495708229,True,False,False,False,False,False
2025-01-23,Combined,320.21,322.71,318.55,-0.77,0.52,data/raw/spi_weekly/pbs_live/summary/2025-01-23_summary_live.pdf,2025-01-23,False,False,277.9803405761719,0.0,0.0,False,0,0,0,5.4,13.0,False,5.768977030555902,-0.7746893495708229,0.5211112855124655,-0.05395567493133857,-0.3889249004537576,-0.6531738730450765,0.7953634626055806,0.17542669465813177,-0.35913931482464134,True,False,False,False,False,False
2025-01-30,Combined,319.06,320.21,317.65,-0.36,0.44,data/raw/spi_weekly/pbs_live/summary/2025-01-30_summary_live.pdf,2025-01-30,False,False,278.2019348144531,0.0,0.0,False,0,0,0,4.4,12.0,True,5.765379172872851,-0.35913931482464134,0.44388477884464983,0.07971579494503445,-0.7746893495708229,-0.3889249004537576,-0.26302911671151064,-0.05395567493133857,-0.2131260577947769,True,False,False,False,False,False
2025-02-06,Combined,318.38,319.06,315.18,-0.21,1.02,data/raw/spi_weekly/pbs_live/summary/2025-02-06_summary_live.pdf,2025-02-06,False,False,278.5856140136719,2.67,0.38,True,0,0,0,3.4,12.0,False,5.76324563792699,-0.2131260577947769,1.0152928485309909,0.13791392194113516,-0.35913931482464134,-0.7746893495708229,-0.6531738730450765,0.07971579494503445,-0.03769080972423344,True,False,False,False,False,False
2025-02-13,Combined,318.26,318.38,315.18,-0.04,0.98,data/raw/spi_weekly/pbs_live/summary/2025-02-13_summary_live.pdf,2025-02-13,False,False,278.77418823242186,0.0,0.0,False,0,0,0,2.4,12.0,False,5.762868658782038,-0.03769080972423344,0.9772193667110907,0.06768986238490093,-0.2131260577947769,-0.35913931482464134,-0.3889249004537576,0.13791392194113516,0.2702193175391221,True,False,False,False,False,False
2025-02-20,Combined,319.12,318.26,315.31,0.27,1.21,data/raw/spi_weekly/pbs_live/summary/2025-02-20_summary_live.pdf,2025-02-20,False,False,278.34784545898435,-1.49,-0.36,True,0,0,0,1.4,12.0,False,5.765567207597151,0.2702193175391221,1.2083346547841822,-0.152934809402816,-0.03769080972423344,-0.2131260577947769,-0.7746893495708229,0.06768986238490093,0.3760340937578377,True,False,False,False,False,False
2025-02-27,Combined,320.32,319.12,319.3,0.38,0.32,data/raw/spi_weekly/pbs_live/summary/2025-02-27_summary_live.pdf,2025-02-27,False,False,279.13425903320314,0.0,0.0,False,0,0,0,0.4,12.0,False,5.769320496126856,0.3760340937578377,0.319448794237398,0.28252906823187374,0.2702193175391221,-0.03769080972423344,-0.35913931482464134,-0.152934809402816,-0.08741258741258306,True,False,False,False,False,False
2025-03-06,Combined,320.04,320.32,322.86,-0.09,-0.87,data/raw/spi_weekly/pbs_live/summary/2025-03-06_summary_live.pdf,2025-03-06,False,False,279.29474487304685,-2.0,-0.24,True,5,0,0,49.9,12.0,False,5.768445987981924,-0.08741258741258306,-0.8734435978442701,0.05749413934339476,0.3760340937578377,0.2702193175391221,-0.2131260577947769,0.28252906823187374,0.22184726909135755,True,False,False,False,False,False
2025-03-13,Combined,320.75,320.04,327.21,0.22,-1.97,data/raw/spi_weekly/pbs_live/summary/2025-03-13_summary_live.pdf,2025-03-13,False,False,279.0785705566406,0.0,0.0,False,7,0,0,48.9,12.0,True,5.770662003495746,0.22184726909135755,-1.9742672901194913,-0.07740006583528691,-0.08741258741258306,0.3760340937578377,-0.03769080972423344,0.05749413934339476,-0.3522992985190987,True,False,False,False,False,False
2025-03-20,Combined,319.62,320.75,323.5,-0.35,-1.2,data/raw/spi_weekly/pbs_live/summary/2025-03-20_summary_live.pdf,2025-03-20,False,False,279.2890380859375,0.0,0.0,False,7,0,0,47.9,12.0,False,5.767132790156963,-0.3522992985190987,-1.1993817619783576,0.07541515239850582,0.22184726909135755,-0.08741258741258306,0.2702193175391221,-0.07740006583528691,-0.15017833677493098,True,False,False,False,False,False
2025-03-27,Combined,319.14,319.62,323.2,-0.15,-1.26,data/raw/spi_weekly/pbs_live/summary/2025-03-27_summary_live.pdf,2025-03-27,False,False,279.6386413574219,0.0,0.0,False,7,0,0,46.9,12.0,False,5.765629877982281,-0.15017833677493098,-1.256188118811885,0.1251761522329531,-0.3522992985190987,0.22184726909135755,0.3760340937578377,0.07541515239850582,0.20367236949301315,True,False,False,False,False,False
2025-04-03,Combined,319.79,319.14,326.29,0.2,-1.99,data/raw/spi_weekly/pbs_live/summary/2025-04-03_summary_live.pdf,2025-04-03,False,False,279.1408325195313,0.0,-0.33,False,3,3,0,45.9,12.0,False,5.767664530367487,0.20367236949301315,-1.9920929234729878,-0.1780186155511787,-0.15017833677493098,-0.3522992985190987,-0.08741258741258306,0.1251761522329531,-0.8349229181650486,True,False,False,False,False,False
2025-04-10,Combined,317.12,319.79,326.29,-0.83,-2.81,data/raw/spi_weekly/pbs_live/summary/2025-04-10_summary_live.pdf,2025-04-10,False,False,280.541357421875,0.0,0.0,False,0,0,0,44.9,12.0,False,5.7592802511416235,-0.8349229181650486,-2.8103834012688123,0.5017269919640688,0.20367236949301315,-0.15017833677493098,0.22184726909135755,-0.1780186155511787,-0.6937436932391461,True,False,False,False,False,False
2025-04-17,Combined,314.92,317.12,323.71,-0.69,-2.72,data/raw/spi_weekly/pbs_live/summary/2025-04-17_summary_live.pdf,2025-04-17,False,False,279.5498474121094,0.0,0.0,False,0,0,0,43.9,12.0,False,5.752318638316266,-0.6937436932391461,-2.7153934076797004,-0.3534273944053701,-0.8349229181650486,0.20367236949301315,-0.3522992985190987,0.5017269919640688,-1.9242982344722437,True,False,False,False,False,False
2025-04-24,Combined,308.86,314.92,320.14,-1.92,-3.52,data/raw/spi_weekly/pbs_live/summary/2025-04-24_summary_live.pdf,2025-04-24,False,False,280.15496826171875,0.0,0.0,False,0,0,0,42.9,12.0,False,5.732888099794855,-1.9242982344722437,-3.523458486911968,0.21646259341980834,-0.6937436932391461,-0.8349229181650486,-0.15017833677493098,-0.3534273944053701,0.14569707958298483,True,False,False,False,False,False
2025-05-01,Combined,309.31,308.86,316.95,0.15,-2.41,data/raw/spi_weekly/pbs_live/summary/2025-04-30_summary_live.pdf,2025-04-30,False,False,280.5137634277344,0.0,0.0,False,0,0,0,41.9,12.0,False,5.734344010238544,0.14569707958298483,-2.4104748383025676,0.12807024920593602,-1.9242982344722437,-0.6937436932391461,0.20367236949301315,0.21646259341980834,0.23924218421649268,True,False,False,False,False,False
2025-05-08,Combined,310.05,309.31,312.56,0.24,-0.8,data/raw/spi_weekly/pbs_live/summary/2025-05-08_summary_live.pdf,2025-05-08,False,False,280.2733642578125,-0.78,-0.83,False,0,0,0,40.9,11.0,True,5.736733574795887,0.23924218421649268,-0.8030458152034736,-0.08569959883049094,0.14569707958298483,-1.9242982344722437,-0.8349229181650486,0.12807024920593602,1.0288663118851682,True,False,False,False,False,False
2025-05-15,Combined,313.24,310.05,309.25,1.03,1.29,data/raw/spi_weekly/pbs_live/summary/2025-05-15_summary_live.pdf,2025-05-15,False,False,280.2608947753906,0.0,0.0,False,0,0,0,39.9,11.0,False,5.746969669882737,1.0288663118851682,1.290218270008081,-0.004449042974485895,0.23924218421649268,0.14569707958298483,-0.6937436932391461,-0.08569959883049094,-0.28731962712298387,True,False,False,False,False,False
2025-05-22,Combined,312.34,313.24,308.19,-0.29,1.35,data/raw/spi_weekly/pbs_live/summary/2025-05-22_summary_live.pdf,2025-05-22,False,False,280.7584594726562,-0.78,0.0,False,0,0,0,38.9,11.0,False,5.7440923380596995,-0.28731962712298387,1.3465719199195147,0.17753625516123694,1.0288663118851682,0.23924218421649268,-1.9242982344722437,-0.004449042974485895,-0.8132163667797787,True,False,False,False,False,False
2025-05-29,Combined,309.8,312.34,308.52,-0.81,0.41,data/raw/spi_weekly/pbs_live/summary/2025-05-29_summary_live.pdf,2025-05-29,False,False,280.7929626464844,0.0,0.0,False,0,0,0,37.9,11.0,False,5.735926927982768,-0.8132163667797787,0.4148839621418432,0.012289273097221276,-0.28731962712298387,1.0288663118851682,0.14569707958298483,0.17753625516123694,0.016139444803098257,True,False,False,False,False,False
2025-06-05,Combined,309.85,309.8,309.91,0.02,-0.02,data/raw/spi_weekly/pbs_live/summary/2025-06-04_summary_live.pdf,2025-06-04,False,False,280.75726928710935,0.0,0.41,False,0,0,0,36.9,11.0,False,5.7360883094081165,0.016139444803098257,-0.019360459488237947,-0.012711628895056837,-0.8132163667797787,-0.28731962712298387,0.23924218421649268,0.012289273097221276,-0.10973051476521611,True,False,False,False,False,False
2025-06-12,Combined,309.51,309.85,313.93,-0.11,-1.41,data/raw/spi_weekly/pbs_live/summary/2025-06-12_summary_live.pdf,2025-06-12,False,False,281.8246154785156,0.0,0.0,False,0,0,3,35.9,11.0,False,5.7349904017803945,-0.10973051476521611,-1.4079571879081376,0.3801668943840486,0.016139444803098257,-0.8132163667797787,1.0288663118851682,-0.012711628895056837,0.27139672385383395,True,False,False,False,False,False
2025-06-19,Combined,310.35,,,,,,,True,False,282.3740661621094,,,,0,0,0,34.9,11.0,True,5.7377006928596614,0.27139672385383395,,0.19496192078922725,-0.10973051476521611,0.016139444803098257,-0.28731962712298387,0.3801668943840486,-0.17721926856775205,True,False,False,False,False,False
2025-06-26,Combined,309.8,310.35,314.57,-0.18,-1.52,data/raw/spi_weekly/pbs_live/summary/2025-06-26_summary_live.pdf,2025-06-26,False,False,283.163671875,0.0,0.0,False,0,0,0,33.9,11.0,False,5.735926927982768,-0.17721926856775205,-1.516355660107438,0.2796311019714226,0.27139672385383395,-0.10973051476521611,-0.8132163667797787,0.19496192078922725,0.7295029051000546,True,False,False,False,False,False
2025-07-03,Combined,312.06,309.8,318.61,0.73,-2.06,data/raw/spi_weekly/pbs_live/summary/2025-07-03_summary_live.pdf,2025-07-03,False,False,283.11436767578124,3.94,3.22,True,0,0,0,32.9,11.0,False,5.743195477013036,0.7295029051000546,-2.055804902545433,-0.01741190841758611,-0.17721926856775205,0.27139672385383395,0.016139444803098257,0.2796311019714226,0.9517400499903683,True,False,False,False,False,False
2025-07-10,Combined,315.03,,,,,,,True,False,283.6403015136719,,,,0,0,0,31.9,11.0,False,5.752667872386011,0.9517400499903683,,0.1857672721480963,0.7295029051000546,-0.17721926856775205,-0.10973051476521611,-0.01741190841758611,0.3809161032282793,True,False,False,False,False,False
2025-07-17,Combined,316.23,315.03,321.4,0.3809161032282731,-1.6085874299937757,data/raw/spi_weekly/pbs_live/summary/2025-07-17_summary_live.xlsx,2025-07-17,False,False,284.15741577148435,4.15,2.0,True,0,0,0,30.9,11.0,False,5.756469796935208,0.3809161032282793,-1.6085874299937686,0.18231339307315242,0.9517400499903683,0.7295029051000546,0.27139672385383395,0.1857672721480963,4.066660342156014,True,False,False,False,False,False
2025-07-24,Combined,329.09,316.23,321.95,4.066660342156013,2.2177356732411795,data/raw/spi_weekly/pbs_live/summary/2025-07-24_summary_live.xlsx,2025-07-24,False,False,284.1965087890625,0.0,0.0,False,0,0,0,29.9,11.0,False,5.796331269586691,4.066660342156014,2.2177356732411724,0.01375752150334364,0.3809161032282793,0.9517400499903683,-0.17721926856775205,0.18231339307315242,-0.3494484791394359,True,False,False,False,False,False
2025-07-31,Combined,327.94,329.09,321.56,-0.3494484791394399,1.9840776215947216,data/raw/spi_weekly/pbs_live/summary/2025-07-31_summary_live.xlsx,2025-07-31,False,False,282.97553100585935,0.0,0.0,False,0,0,0,28.9,11.0,True,5.7928306648217225,-0.3494484791394359,1.9840776215947153,-0.42962448356793637,4.066660342156014,0.3809161032282793,0.7295029051000546,0.01375752150334364,0.05488808928462152,True,False,False,False,False,False
2025-08-07,Combined,328.12,327.94,322.54,0.05,1.73,data/raw/spi_weekly/pbs_live/summary/2025-08-07_summary_live.pdf,2025-08-07,False,False,281.6005432128906,0.52,-2.75,True,0,0,0,27.9,11.0,False,5.793379395134549,0.05488808928462152,1.7300179822657524,-0.4859034235508708,-0.3494484791394359,4.066660342156014,0.9517400499903683,-0.42962448356793637,0.3139095452882934,True,False,False,False,False,False
2025-08-14,Combined,329.15,328.12,322.03,0.31,2.21,data/raw/spi_weekly/pbs_live/summary/2025-08-13_summary_live.pdf,2025-08-13,False,False,282.4434875488281,0.0,0.0,False,0,0,0,26.9,11.0,False,5.796513573913885,0.3139095452882934,2.2109741328447674,0.2993404509522568,0.05488808928462152,-0.3494484791394359,0.3809161032282793,-0.4859034235508708,-0.01215251405133344,True,False,False,False,False,False
2025-08-21,Combined,329.11,329.15,321.72,-0.01,2.3,data/raw/spi_weekly/pbs_live/summary/2025-08-21_summary_live.pdf,2025-08-21,False,False,281.8772338867187,-4.46,0.0,True,0,0,0,25.9,11.0,False,5.796392041388594,-0.01215251405133344,2.297028471963203,-0.20048387981028704,0.3139095452882934,0.05488808928462152,4.066660342156014,0.2993404509522568,0.6168150466409283,True,False,False,False,False,False
2025-08-28,Combined,331.14,329.11,319.73,0.62,3.57,data/raw/spi_weekly/pbs_live/summary/2025-08-28_summary_live.pdf,2025-08-28,False,False,281.14459838867185,0.0,0.0,False,0,0,0,24.9,11.0,False,5.802541246679465,0.6168150466409283,3.5686360366559144,-0.25991297273099123,-0.01215251405133344,0.3139095452882934,-0.3494484791394359,-0.20048387981028704,1.2894848100501344,True,False,False,False,False,False
2025-09-04,Combined,335.41,331.14,319.24,1.29,5.07,data/raw/spi_weekly/pbs_live/summary/2025-09-04_summary_live.pdf,2025-09-04,False,False,281.8087585449219,-0.91,0.0,False,0,0,0,23.9,11.0,False,5.81535366409074,1.2894848100501344,5.065154742513478,0.23623436482740345,0.6168150466409283,-0.01215251405133344,0.05488808928462152,-0.25991297273099123,-0.01788855430666647,True,False,False,False,False,False
2025-09-11,Combined,335.35,335.41,319.28,-0.02,5.03,data/raw/spi_weekly/pbs_live/summary/2025-09-11_summary_live.pdf,2025-09-11,False,False,281.6524353027344,0.0,0.0,False,0,0,0,22.9,11.0,False,5.815174762545746,-0.01788855430666647,5.033199699323498,-0.05547139237072063,1.2894848100501344,0.6168150466409283,0.3139095452882934,0.23623436482740345,-1.3448635753690263,True,False,False,False,False,False
2025-09-18,Combined,330.84,335.35,317.61,-1.34,4.17,data/raw/spi_weekly/pbs_live/summary/2025-09-18_summary_live.pdf,2025-09-18,False,False,281.54197998046874,1.06,0.0,True,0,0,0,21.9,11.0,True,5.801634874823706,-1.3448635753690263,4.165485973363547,-0.039216888768212055,-0.01788855430666647,1.2894848100501344,-0.01215251405133344,-0.05547139237072063,-0.15717567404183175,True,False,False,False,False,False
2025-09-25,Combined,330.32,330.84,317.76,-0.16,3.95,data/raw/spi_weekly/pbs_live/summary/2025-09-25_summary_live.pdf,2025-09-25,False,False,281.5032592773438,0.0,0.0,False,0,0,0,20.9,11.0,False,5.800061881577835,-0.15717567404183175,3.952668680765359,-0.013753083333312155,-1.3448635753690263,-0.01788855430666647,0.6168150466409283,-0.039216888768212055,0.560062969241959,True,False,False,False,False,False
2025-10-02,Combined,332.17,330.32,319.17,0.56,4.07,data/raw/spi_weekly/pbs_live/summary/2025-10-02_summary_live.pdf,2025-10-02,False,False,281.031689453125,1.45,1.72,True,0,0,0,19.9,11.0,False,5.8056468860573185,0.560062969241959,4.073064511075608,-0.16751842427307206,-0.15717567404183175,-1.3448635753690263,1.2894848100501344,-0.013753083333312155,0.1746093867597942,True,False,False,False,False,False
2025-10-09,Combined,332.75,332.17,318.91,0.17,4.34,data/raw/spi_weekly/pbs_live/summary/2025-10-09_summary_live.pdf,2025-10-09,False,False,281.4290710449219,0.0,0.0,False,0,0,0,18.9,11.0,False,5.807391457275221,0.1746093867597942,4.339782383744617,0.1414009902478197,0.560062969241959,-0.15717567404183175,-0.01788855430666647,-0.16751842427307206,0.49286250939142295,True,False,False,False,False,False
2025-10-16,Combined,334.39,332.75,319.79,0.4928625093914291,4.565496106820092,data/raw/spi_weekly/pbs_live/summary/2025-10-16_summary_live.xlsx,2025-10-16,False,False,281.635791015625,-0.55,-2.09,True,0,0,0,17.9,11.0,False,5.812307976457184,0.49286250939142295,4.565496106820088,0.0734536662952312,0.1746093867597942,0.560062969241959,-1.3448635753690263,0.1414009902478197,0.2242890038577805,True,False,False,False,False,False
2025-10-23,Combined,335.14,334.39,319.09,0.2242890038577769,5.029928860196193,data/raw/spi_weekly/pbs_live/summary/2025-10-23_summary_live.xlsx,2025-10-23,False,False,281.33897705078124,0.0,0.0,False,0,0,0,16.9,11.0,False,5.814548354972578,0.2242890038577805,5.029928860196198,-0.10538929152910104,0.49286250939142295,0.1746093867597942,-0.15717567404183175,0.0734536662952312,0.11636927851046419,True,False,False,False,False,False
2025-10-30,Combined,335.53,335.14,319.4,0.1163692785104615,5.050093926111458,data/raw/spi_weekly/pbs_live/summary/2025-10-30_summary_live.xlsx,2025-10-30,False,False,280.863916015625,0.0,0.0,False,0,0,0,15.9,11.0,True,5.815711371192059,0.11636927851046419,5.050093926111465,-0.16885717014264445,0.2242890038577805,0.49286250939142295,0.560062969241959,-0.10538929152910104,-0.5901111674067816,True,False,False,False,False,False
2025-11-06,Combined,333.55,335.53,320.17,-0.5901111674067749,4.179029890370728,data/raw/spi_weekly/pbs_live/summary/2025-11-06_summary_live.xlsx,2025-11-06,False,False,280.808935546875,1.12,0.91,True,0,0,0,14.9,11.0,False,5.809792779155525,-0.5901111674067816,4.1790298903707335,-0.01957548321978031,0.11636927851046419,0.2242890038577805,0.1746093867597942,-0.16885717014264445,0.5276570229350908,True,False,False,False,False,False
2025-11-13,Combined,335.31,333.55,321.94,0.5276570229350881,4.152947754239932,data/raw/spi_weekly/pbs_live/summary/2025-11-13_summary_live.xlsx,2025-11-13,False,False,281.1173522949219,0.0,0.0,False,0,0,0,13.9,11.0,False,5.81505547706563,0.5276570229350908,4.152947754239933,0.1098315292019647,-0.5901111674067816,0.11636927851046419,0.49286250939142295,-0.01957548321978031,0.06859324207451056,True,False,False,False,False,False
2025-11-20,Combined,335.54,335.31,324.11,0.0685932420745132,3.526580481935156,data/raw/spi_weekly/pbs_live/summary/2025-11-20_summary_live.xlsx,2025-11-20,False,False,280.5745788574219,2.17,0.0,True,0,0,0,12.9,11.0,False,5.8157411743422545,0.06859324207451056,3.5265804819351487,-0.1930771733117953,0.5276570229350908,-0.5901111674067816,0.2242890038577805,0.1098315292019647,0.7301662990999658,True,False,False,False,False,False
2025-11-27,Combined,337.99,335.54,324.0,0.7301662990999631,4.317901234567898,data/raw/spi_weekly/pbs_live/summary/2025-11-27_summary_live.xlsx,2025-11-27,False,False,280.56865234375,0.0,0.0,False,0,0,0,11.9,11.0,False,5.823016309246534,0.7301662990999658,4.3179012345679,-0.0021122774900184105,0.06859324207451056,0.5276570229350908,0.11636927851046419,-0.1930771733117953,-0.6361134944820934,True,False,False,False,False,False
2025-12-04,Combined,335.84,337.99,322.91,-0.636113494482089,4.004211699854437,data/raw/spi_weekly/pbs_live/summary/2025-12-04_summary_live.xlsx,2025-12-04,False,False,280.456689453125,-1.67,-0.73,True,0,0,0,10.9,11.0,False,5.816634856072323,-0.6361134944820934,4.004211699854432,-0.03990570211236388,0.7301662990999658,0.06859324207451056,-0.5901111674067816,-0.0021122774900184105,-0.03275369223438851,True,False,False,False,False,False
2025-12-11,Combined,335.73,335.84,323.14,-0.0327536922343938,3.896144086154621,data/raw/spi_weekly/pbs_live/summary/2025-12-11_summary_live.xlsx,2025-12-11,False,False,280.05153198242186,0.0,0.0,False,0,0,0,9.9,11.0,False,5.816307265498046,-0.03275369223438851,3.896144086154618,-0.14446347187980768,-0.6361134944820934,0.7301662990999658,0.5276570229350908,-0.03990570211236388,0.2382867184940185,True,False,False,False,False,False
2025-12-18,Combined,336.53,335.73,324.38,0.2382867184940238,3.74560700413096,data/raw/spi_weekly/pbs_live/summary/2025-12-18_summary_live.xlsx,2025-12-18,False,False,279.6886779785156,-5.0,0.0,True,0,0,0,8.9,10.5,True,5.818687298156949,0.2382867184940185,3.7456070041309575,-0.1295668698320207,-0.03275369223438851,-0.6361134944820934,0.06859324207451056,-0.14446347187980768,-0.09211660178882752,True,False,False,False,False,False
2025-12-25,Combined,336.22,336.53,326.96,-0.092116601788831,2.8321507218008577,data/raw/spi_weekly/pbs_live/summary/2025-12-24_summary_live.xlsx,2025-12-24,False,False,279.6449203491211,0.0,0.0,False,0,0,0,7.9,10.5,False,5.817765707604913,-0.09211660178882752,2.8321507218008524,-0.01564512003516816,0.2382867184940185,-0.03275369223438851,0.7301662990999658,-0.1295668698320207,-0.6721789304622083,True,False,False,False,False,False
2026-01-01,Combined,333.96,336.22,326.1,-0.6721789304622092,2.410303587856476,data/raw/spi_weekly/pbs_live/summary/2026-01-01_summary_live.xlsx,2026-01-01,False,False,279.6135711669922,-3.2,-3.89,True,0,0,0,6.9,10.5,False,5.8110212253258,-0.6721789304622083,2.410303587856477,-0.011210352789448041,-0.09211660178882752,0.2382867184940185,-0.6361134944820934,-0.01564512003516816,0.11678045274885474,True,False,False,False,False,False
2026-01-08,Combined,334.35,333.96,323.97,0.1167804527488556,3.204000370404671,data/raw/spi_weekly/pbs_live/summary/2026-01-08_summary_live.xlsx,2026-01-08,False,False,279.451220703125,0.0,0.0,False,0,0,0,5.9,10.5,False,5.812188348499988,0.11678045274885474,3.2040003704046693,-0.05806244067110278,-0.6721789304622083,-0.09211660178882752,-0.03275369223438851,-0.011210352789448041,0.2542246149244809,True,False,False,False,False,False
2026-01-15,Combined,335.2,334.35,322.71,0.2542246149244818,3.8703479904558256,data/raw/spi_weekly/pbs_live/summary/2026-01-15_summary_live.xlsx,2026-01-15,False,False,279.30419921875,0.0,0.0,False,0,0,0,4.9,10.5,False,5.814727368607928,0.2542246149244809,3.8703479904558247,-0.05261078624207993,0.11678045274885474,-0.6721789304622083,0.2382867184940185,-0.05806244067110278,-0.4773269689737347,True,False,False,False,False,False
2026-01-22,Combined,333.6,335.2,320.21,-0.4773269689737276,4.181630804784376,data/raw/spi_weekly/pbs_live/summary/2026-01-22_summary_live.xlsx,2026-01-22,False,False,279.19635620117185,0.0,0.0,False,0,0,0,3.9,10.5,False,5.809942670484592,-0.4773269689737347,4.181630804784375,-0.038611312640413065,0.2542246149244809,0.11678045274885474,-0.09211660178882752,-0.05261078624207993,-0.03297362110311619,True,False,False,False,False,False
2026-01-29,Combined,333.49,333.6,319.06,-0.0329736211031104,4.5226603146743685,data/raw/spi_weekly/pbs_live/summary/2026-01-29_summary_live.xlsx,2026-01-29,False,False,278.35935668945314,0.0,0.0,False,0,0,0,2.9,10.5,True,5.809612879898623,-0.03297362110311619,4.522660314674365,-0.29978883790146016,-0.4773269689737347,0.2542246149244809,-0.6721789304622083,-0.038611312640413065,0.08995771987165835,True,False,False,False,False,False
2026-02-05,Combined,333.79,333.49,318.38,0.0899577198716627,4.840128148753081,data/raw/spi_weekly/pbs_live/summary/2026-02-04_summary_live.xlsx,2026-02-04,False,False,278.97703857421874,4.35,0.0,True,0,0,0,1.9,10.5,False,5.810512052720266,0.08995771987165835,4.840128148753076,0.22190088815829956,-0.03297362110311619,-0.4773269689737347,0.11678045274885474,-0.29978883790146016,-0.5931873333533066,True,False,False,False,False,False
2026-02-12,Combined,331.81,333.79,318.26,-0.5931873333533133,4.2575252937849655,data/raw/spi_weekly/pbs_live/summary/2026-02-12_summary_live.xlsx,2026-02-12,False,False,279.0117980957031,0.0,0.0,False,0,0,0,0.9,10.5,False,5.804562515939918,-0.5931873333533066,4.257525293784958,0.012459635266770519,0.08995771987165835,-0.03297362110311619,0.2542246149244809,0.22190088815829956,1.1633163557457582,True,False,False,False,False,False
2026-02-19,Combined,335.67,331.81,319.12,1.1633163557457635,5.186136876410146,data/raw/spi_weekly/pbs_live/summary/2026-02-19_summary_live.xlsx,2026-02-19,False,False,278.56842041015625,2.69,1.93,True,2,0,0,50.6,10.5,False,5.816128534487739,1.1633163557457582,5.186136876410141,-0.158910013330249,-0.5931873333533066,0.08995771987165835,-0.4773269689737347,0.012459635266770519,-0.5392200673280279,True,False,False,False,False,False
2026-02-26,Combined,333.86,335.67,320.32,-0.5392200673280314,4.227022977022983,data/raw/spi_weekly/pbs_live/summary/2026-02-26_summary_live.xlsx,2026-02-26,False,False,277.984814453125,0.0,0.0,False,7,0,0,49.6,10.5,False,5.8107217434272425,-0.5392200673280279,4.227022977022976,-0.209501836630277,1.1633163557457582,-0.5931873333533066,-0.03297362110311619,-0.158910013330249,0.36841789971844285,True,False,False,False,False,False
2026-03-05,Combined,335.09,333.86,320.04,0.3684178997184375,4.70253718285214,data/raw/spi_weekly/pbs_live/summary/2026-03-05_summary_live.xlsx,2026-03-05,False,False,278.8382202148438,1.84,3.06,True,7,0,0,48.6,10.5,False,5.814399152459731,0.36841789971844285,4.70253718285214,0.30699725932787914,-0.5392200673280279,1.1633163557457582,0.08995771987165835,-0.209501836630277,1.8890447342505112,True,False,False,False,False,False
2026-03-12,Combined,341.42,335.09,320.75,1.8890447342505183,6.4442712392829264,data/raw/spi_weekly/pbs_live/summary/2026-03-11_summary_live.xlsx,2026-03-11,False,False,278.3218566894531,19.54,20.6,True,7,0,0,47.6,10.5,True,5.833113390952607,1.8890447342505112,6.444271239282928,-0.18518391237499765,0.36841789971844285,-0.5392200673280279,-0.5931873333533066,0.30699725932787914,0.20795501142287787,True,False,False,False,False,False
2026-03-19,Combined,342.13,341.42,319.62,0.2079550114228823,7.042738251673853,data/raw/spi_weekly/pbs_live/summary/2026-03-18_summary_live.xlsx,2026-03-18,False,False,278.7607177734375,0.0,0.0,False,7,0,0,46.6,10.5,False,5.835190781795521,0.20795501142287787,7.042738251673852,0.157681142690147,1.8890447342505112,0.36841789971844285,1.1633163557457582,-0.18518391237499765,0.9703913717008072,True,False,False,False,False,False
2026-03-26,Combined,345.45,342.13,319.14,0.9703913717008136,8.244030832863317,data/raw/spi_weekly/pbs_live/summary/2026-03-26_summary_live.xlsx,2026-03-26,False,False,278.281982421875,0.0,0.0,False,0,3,0,45.6,10.5,False,5.844847914934804,0.9703913717008072,8.244030832863313,-0.1717370206915536,0.20795501142287787,1.8890447342505112,-0.5392200673280279,0.157681142690147,1.0102764510059314,True,False,False,False,False,False
2026-04-02,Combined,348.94,345.45,319.79,1.010276451005936,9.115356953000417,data/raw/spi_weekly/pbs_live/summary/2026-04-02_summary_live.xlsx,2026-04-02,False,False,278.03447265625,0.0,0.0,False,0,0,0,44.6,10.5,False,5.854899987651756,1.0102764510059314,9.115356953000408,-0.0889420736013724,0.9703913717008072,0.20795501142287787,0.36841789971844285,-0.1717370206915536,1.9258325213503902,True,False,False,False,False,False
2026-04-09,Combined,355.66,348.94,317.12,1.9258325213503864,12.153128153380436,data/raw/spi_weekly/pbs_live/summary/2026-04-09_summary_live.xlsx,2026-04-09,False,False,278.40264282226565,54.71,17.86,True,0,0,0,43.6,10.5,False,5.873975218315515,1.9258325213503902,12.153128153380433,0.13241889126132111,1.0102764510059314,0.9703913717008072,1.8890447342505112,-0.0889420736013724,-0.688860147331738,True,False,False,False,False,False
2026-04-16,Combined,353.21,355.66,314.92,-0.688860147331738,12.158643465006977,data/raw/spi_weekly/pbs_live/summary/2026-04-16_summary_live.xlsx,2026-04-16,False,False,278.3883972167969,-25.77,-3.1,True,0,0,0,42.6,10.5,False,5.867062780899793,-0.688860147331738,12.158643465006968,-0.005116907413071914,1.9258325213503902,1.0102764510059314,0.20795501142287787,0.13241889126132111,-0.33124769966873524,True,False,False,False,False,False
2026-04-23,Combined,352.04,353.21,308.86,-0.3312476996687366,13.980444214207084,data/raw/spi_weekly/pbs_live/summary/2026-04-23_summary_live.xlsx,2026-04-23,False,False,278.58518676757814,-8.35,0.0,True,0,0,0,41.6,10.5,False,5.863744805505611,-0.33124769966873524,13.980444214207077,0.07068884793643981,-0.688860147331738,1.9258325213503902,0.9703913717008072,-0.005116907413071914,0.6220883990455617,True,False,False,False,False,False
2026-04-30,Combined,354.23,352.04,309.31,0.62,14.52,data/raw/spi_weekly/pbs_live/summary/2026-04-30_summary_live.pdf,2026-04-30,False,False,278.18047485351565,7.53,7.18,True,0,0,0,40.6,11.5,True,5.869946419672853,0.6220883990455617,14.522647182438341,-0.14527402506873122,-0.33124769966873524,-0.688860147331738,1.0102764510059314,0.07068884793643981,0.7932699093809115,True,False,False,False,False,False
2026-05-07,Combined,357.04,354.23,310.05,0.7932699093809106,15.155620061280445,data/raw/spi_weekly/pbs_live/summary/2026-05-07_summary_live.xlsx,2026-05-07,False,False,278.0315246582031,5.1,1.66,True,0,0,0,39.6,11.5,False,5.877847820321015,0.7932699093809115,15.15562006128044,-0.053544446421327496,0.6220883990455617,-0.33124769966873524,1.9258325213503902,-0.14527402506873122,0.4677347075957794,True,False,False,False,False,False
2026-05-14,Combined,358.71,357.04,313.24,0.4677347075957812,14.51602605031286,data/raw/spi_weekly/pbs_live/summary/2026-05-14_summary_live.xlsx,2026-05-14,False,False,277.6396850585937,3.76,3.73,True,0,0,0,38.6,11.5,False,5.8825142625995985,0.4677347075957794,14.516026050312858,-0.14093351467647786,0.7932699093809115,0.6220883990455617,-0.688860147331738,-0.053544446421327496,-0.3261687714309458,True,False,False,False,False,False
2026-05-21,Combined,357.54,358.71,312.34,-0.3261687714309431,14.471409361593146,data/raw/spi_weekly/pbs_live/summary/2026-05-21_summary_live.xlsx,2026-05-21,False,False,277.92547607421875,-1.21,-1.21,True,0,0,0,37.6,11.5,False,5.879247243986943,-0.3261687714309458,14.471409361593146,0.10293593855816852,0.4677347075957794,0.7932699093809115,-0.33124769966873524,-0.14093351467647786,0.0,True,False,False,False,False,False
2026-05-28,Combined,357.54,,,,,,,True,False,277.33640747070314,,,,0,0,2,36.6,11.5,False,5.879247243986943,0.0,,-0.21195199944833432,-0.3261687714309458,0.4677347075957794,0.6220883990455617,0.10293593855816852,-0.5565810818370043,True,False,False,False,False,False
2026-06-04,Combined,355.55,357.54,309.85,-0.5565810818370096,14.749072131676629,data/raw/spi_weekly/pbs_live/summary/2026-06-04_summary_live.xlsx,2026-06-04,False,False,277.9414489746094,-7.01,-6.8,True,0,0,1,35.6,11.5,False,5.873665886329527,-0.5565810818370043,14.749072131676622,0.21816158557190768,0.0,-0.3261687714309458,0.7932699093809115,-0.21195199944833432,0.15750246097594456,True,False,False,False,False,False
2026-06-11,Combined,356.11,355.55,309.51,0.1575024609759481,15.056056347129342,data/raw/spi_weekly/pbs_live/summary/2026-06-11_summary_live.xlsx,2026-06-11,False,False,277.6693481445312,0.0,-1.04,True,0,0,0,34.6,11.5,False,5.875239671888878,0.15750246097594456,15.056056347129342,-0.09789861536737554,-0.5565810818370043,0.0,0.4677347075957794,0.21816158557190768,0.4633399792199011,True,False,False,False,False,False
2026-06-18,Combined,357.76,356.11,310.35,0.4633399792198958,15.276300950539706,data/raw/spi_weekly/pbs_live/summary/2026-06-18_summary_live.xlsx,2026-06-18,False,False,277.0531982421875,-0.51,-1.06,True,0,0,0,33.6,11.5,True,5.87986237052668,0.4633399792199011,15.276300950539712,-0.22190058299954574,0.15750246097594456,-0.5565810818370043,-0.3261687714309458,-0.09789861536737554,0.0,True,False,False,False,False,False
2026-06-25,Combined,357.76,,,,,,,True,False,277.091162109375,,,,0,0,0,32.6,11.5,False,5.87986237052668,0.0,,0.013702735585940928,0.4633399792199011,0.15750246097594456,0.0,-0.22190058299954574,-0.9838998211091132,True,False,False,False,False,False
2026-07-02,Combined,354.24,357.76,312.06,-0.9838998211091194,13.516631417035184,data/raw/spi_weekly/pbs_live/summary/2026-07-02_summary_live.xlsx,2026-07-02,False,False,276.75453491210936,-17.73,-19.77,True,0,0,0,31.6,11.5,False,5.869974649520272,-0.9838998211091132,13.516631417035185,-0.12148608230699853,0.0,0.4633399792199011,-0.5565810818370043,0.013702735585940928,-0.44602529358626075,True,False,False,False,False,False
2026-07-09,Combined,352.66,354.24,315.03,-0.4460252935862598,11.944894137066314,data/raw/spi_weekly/pbs_live/summary/2026-07-09_summary_live.xlsx,2026-07-09,False,False,277.21002807617185,-0.63,-0.69,False,0,0,0,30.6,11.5,False,5.865504419979778,-0.44602529358626075,11.94489413706632,0.1645838122244836,-0.9838998211091132,0.0,0.15750246097594456,-0.12148608230699853,1.4036182158452926,True,False,False,False,False,False
2026-07-16,Combined,357.61,352.66,316.23,1.4036182158452988,13.08541251620656,data/raw/spi_weekly/pbs_live/summary/2026-07-16_summary_live.xlsx,2026-07-16,False,False,277.0631408691406,4.41,4.4,True,0,0,0,29.6,11.5,False,5.879443007114185,1.4036182158452926,13.085412516206564,-0.05298769602622988,-0.44602529358626075,-0.9838998211091132,0.4633399792199011,0.1645838122244836,0.9144039596208131,True,False,False,False,False,False
2026-07-23,Combined,360.88,357.61,329.09,0.9144039596208132,9.659971436385192,data/raw/spi_weekly/pbs_live/summary/2026-07-23_summary_live.xlsx,2026-07-23,False,False,277.11009521484374,15.87,5.23,True,0,0,0,28.6,11.5,False,5.888545493100141,0.9144039596208131,9.659971436385195,0.0169471643018948,1.4036182158452926,-0.44602529358626075,0.0,-0.05298769602622988,-0.9061183772999248,True,False,False,False,False,False
2026-07-30,Combined,357.61,360.88,327.94,-0.9061183772999186,9.047386717082404,data/raw/spi_weekly/pbs_live/summary/2026-07-30_summary_live.xlsx,2026-07-30,False,False,277.20325927734376,4.17,2.46,True,0,0,0,27.6,11.5,True,5.879443007114185,-0.9061183772999248,9.047386717082407,0.03361987315106951,0.9144039596208131,1.4036182158452926,-0.9838998211091132,0.0169471643018948,0.2768378960319895,True,False,False,False,False,False
2026-08-06,Combined,358.6,357.61,328.12,0.2768378960319921,9.28928440814336,data/raw/spi_weekly/pbs_live/summary/2026-08-06_summary_live.xlsx,2026-08-06,False,False,276.63751831054685,-1.66,-0.63,True,0,0,0,26.6,11.5,False,5.8822075611710325,0.2768378960319895,9.289284408143361,-0.20408885821608935,-0.9061183772999248,0.9144039596208131,-0.44602529358626075,0.03361987315106951,0.15337423312882237,True,False,False,False,False,False
2026-08-13,Combined,359.15,358.6,329.15,0.1533742331288294,9.114385538508271,data/raw/spi_weekly/pbs_live/summary/2026-08-13_summary_live.xlsx,2026-08-13,False,False,276.48651733398435,-0.29,-2.35,True,0,0,0,25.6,11.5,False,5.88374012852081,0.15337423312882237,9.114385538508273,-0.05458441699617289,0.2768378960319895,-0.9061183772999248,1.4036182158452926,-0.20408885821608935,0.4872615898649624,True,False,False,False,False,False
2026-08-20,Combined,360.9,359.15,329.11,0.487261589864957,9.659384400352453,data/raw/spi_weekly/pbs_live/summary/2026-08-20_summary_live.xlsx,2026-08-20,False,False,276.41481323242186,-5.15,3.77,True,0,0,0,24.6,11.5,False,5.8886009116487426,0.4872615898649624,9.659384400352454,-0.02593403188476673,0.15337423312882237,0.2768378960319895,0.9144039596208131,-0.05458441699617289,0.04710446106954702,True,False,False,False,False,False
2026-08-27,Combined,361.07,360.9,331.14,0.0471044610695514,9.038473153349043,data/raw/spi_weekly/pbs_live/summary/2026-08-27_summary_live.xlsx,2026-08-27,False,False,276.7794189453125,2.44,1.71,True,0,0,0,23.6,11.5,False,5.889071845352753,0.04710446106954702,9.038473153349047,0.1319052725962555,0.4872615898649624,0.15337423312882237,-0.9061183772999248,-0.02593403188476673,0.6508433267787384,True,False,False,False,False,False
2026-09-03,Combined,363.42,361.07,335.41,0.650843326778741,8.35097343549684,data/raw/spi_weekly/pbs_live/summary/2026-09-03_summary_live.xlsx,2026-09-03,False,False,276.7824951171875,0.09,0.9,False,0,0,0,22.6,11.5,False,5.895559190220911,0.6508433267787384,8.350973435496844,0.001111416407595378,0.04710446106954702,0.4872615898649624,0.2768378960319895,0.1319052725962555,0.23113752682846211,True,False,False,False,False,False
2026-09-10,Combined,364.26,363.42,335.35,0.2311375268284621,8.62084389443865,data/raw/spi_weekly/pbs_live/summary/2026-09-10_summary_live.xlsx,2026-09-10,False,False,273.6826477050781,5.49,6.18,True,0,0,0,21.6,11.5,False,5.897867898370397,0.23113752682846211,8.620843894438647,-1.1199578971917812,0.6508433267787384,0.04710446106954702,0.15337423312882237,0.001111416407595378,0.49140723658924745,True,False,False,False,False,False
2026-09-17,Combined,366.05,364.26,330.84,0.4914072365892536,10.642606698101815,data/raw/spi_weekly/pbs_live/summary/2026-09-17_summary_live.xlsx,2026-09-17,False,False,273.71156005859376,7.29,6.4,True,0,0,0,20.6,11.5,True,5.9027699360926515,0.49140723658924745,10.642606698101819,0.010564189493944554,0.23113752682846211,0.6508433267787384,0.4872615898649624,-1.1199578971917812,0.9943996721759385,True,False,False,False,False,False
2026-09-24,Combined,369.69,366.05,330.32,0.9943996721759448,11.918745458948903,data/raw/spi_weekly/pbs_live/summary/2026-09-24_summary_live.xlsx,2026-09-24,False,False,270.28033447265625,-1.57,-0.34,True,0,0,0,19.6,11.5,False,5.9126648166181415,0.9943996721759385,11.918745458948909,-1.2535917683575315,0.49140723658924745,0.23113752682846211,0.04710446106954702,0.010564189493944554,0.2082826151640571,True,False,False,False,False,False
2026-10-01,Combined,370.46,369.69,332.17,0.2082826151640517,11.5272300328145,data/raw/spi_weekly/pbs_live/summary/2026-10-01_summary_live.xlsx,2026-10-01,False,False,270.23224487304685,-3.43,-0.65,True,0,0,0,18.6,11.5,False,5.914745476694577,0.2082826151640571,11.527230032814506,-0.01779248930678934,0.9943996721759385,0.49140723658924745,0.6508433267787384,-1.2535917683575315,,True,False,False,False,False,False
2019-09-05,Q1,127.08,126.84,111.57,0.17,13.88,data/raw/spi_weekly/wayback/summary/2019-09-05_summary_weekly_spi_nb.pdf,2019-09-05,False,True,156.8299987792969,-4.04,-5.94,True,0,0,0,33.3,13.25,False,4.8448168094013155,,13.901586447969883,,,,,,0.8734655335221886,False,True,False,False,False,False
2019-09-12,Q1,128.19,127.08,111.92,0.87,14.54,data/raw/spi_weekly/wayback/summary/2019-09-12_summary_weekly_spi_nb.pdf,2019-09-12,False,False,155.6459991455078,0.0,0.0,False,0,0,0,32.3,13.25,False,4.8535135383240435,0.8734655335221886,14.537169406719075,-0.7549573697665402,,,,,0.8893049379826934,False,True,False,False,False,False
2019-09-19,Q1,129.33,128.19,112.3,0.89,15.16,data/raw/spi_weekly/wayback/summary/2019-09-19_summary_weekly_spi_nb.pdf,2019-09-19,False,False,155.93800048828126,0.0,0.0,False,0,0,0,31.3,13.25,True,4.862367277427153,0.8893049379826934,15.164737310774722,0.18760607042682675,0.8734655335221886,,,-0.7549573697665402,0.17010747699683915,False,True,False,False,False,False
2019-09-26,Q1,129.55,129.33,112.59,0.17,15.06,data/raw/spi_weekly/wayback/summary/2019-09-26_summary_weekly_spi_nb.pdf,2019-09-26,False,False,156.03799743652343,0.0,0.0,False,0,0,0,30.3,13.25,False,4.8640669070081195,0.17010747699683915,15.063504751754152,0.06412609365840094,0.8893049379826934,0.8734655335221886,,0.18760607042682675,0.40910845233501636,False,True,False,False,False,False
2019-10-03,Q1,130.08,129.55,114.6,0.41,13.51,data/raw/spi_weekly/wayback/summary/2019-10-03_summary_weekly_spi_nb.pdf,2019-10-03,False,False,155.5259979248047,0.0,0.0,False,0,0,0,29.3,13.25,False,4.868149645799501,0.40910845233501636,13.507853403141379,-0.3281248927377467,0.17010747699683915,0.8893049379826934,,0.06412609365840094,-0.30750307503075724,False,True,False,False,False,False
2019-10-10,Q1,129.68,130.08,115.15,-0.31,12.62,data/raw/spi_weekly/wayback/summary/2019-10-10_summary_weekly_spi_nb.pdf,2019-10-10,False,False,155.77999877929688,0.0,0.0,False,0,0,0,28.3,13.25,False,4.865069877427421,-0.30750307503075724,12.618323925314812,0.16331729606711143,0.40910845233501636,0.17010747699683915,0.8734655335221886,-0.3281248927377467,2.475323874151747,False,True,False,False,False,False
2019-10-17,Q1,132.89,129.68,114.5,2.48,16.06,data/raw/spi_weekly/wayback/summary/2019-10-17_summary_weekly_spi_nb.pdf,2019-10-17,False,False,155.53423461914062,0.0,0.0,False,0,0,0,27.3,13.25,False,4.889521718343416,2.475323874151747,16.061135371179034,-0.15776361669154193,-0.30750307503075724,0.40910845233501636,0.8893049379826934,0.16331729606711143,0.3461509519151251,False,True,False,False,False,False
2019-10-24,Q1,133.35,132.89,114.34,0.35,16.63,data/raw/spi_weekly/wayback/summary/2019-10-24_summary_weekly_spi_nb.pdf,2019-10-24,False,False,155.55,0.0,0.0,False,0,0,0,26.3,13.25,False,4.892977250628023,0.3461509519151251,16.625852719958,0.010136277005501348,2.475323874151747,-0.30750307503075724,0.17010747699683915,-0.15776361669154193,0.6524184476940365,False,True,False,False,False,False
2019-10-31,Q1,134.22,133.35,113.36,0.65,18.4,data/raw/spi_weekly/wayback/summary/2019-10-31_summary_weekly_spi_nb.pdf,2019-10-31,False,False,155.3,0.0,0.0,False,0,0,0,25.3,13.25,False,4.899480244730094,0.6524184476940365,18.40155257586451,-0.16072002571519972,0.3461509519151251,2.475323874151747,0.40910845233501636,0.010136277005501348,0.7971986291163802,False,True,False,False,False,False
2019-11-07,Q1,135.29,134.22,113.42,0.8,19.28,data/raw/spi_weekly/wayback/summary/2019-11-07_summary_weekly_spi_nb.pdf,2019-11-07,False,False,155.0356414794922,0.22,0.89,False,0,0,0,24.3,13.25,False,4.907420622615269,0.7971986291163802,19.28231352495149,-0.1702244175839085,0.6524184476940365,0.3461509519151251,-0.30750307503075724,-0.16072002571519972,1.677877152782914,False,True,False,False,False,False
2019-11-14,Q1,137.56,135.29,114.22,1.68,20.43,data/raw/spi_weekly/wayback/summary/2019-11-14_summary_weekly_spi_nb.pdf,2019-11-14,False,False,155.2,0.0,0.0,False,0,0,0,23.3,13.25,False,4.924060185564065,1.677877152782914,20.434249693573815,0.10601337791706911,0.7971986291163802,0.6524184476940365,2.475323874151747,-0.1702244175839085,0.34893864495491034,False,True,False,False,False,False
2019-11-21,Q1,138.04,137.56,114.12,0.35,20.96,data/raw/spi_weekly/wayback/summary/2019-11-21_summary_weekly_spi_nb.pdf,2019-11-21,False,False,154.74620361328124,0.0,0.0,False,0,0,0,22.3,13.25,False,4.927543498229802,0.34893864495491034,20.960392569225373,-0.29239457907136446,1.677877152782914,0.7971986291163802,0.3461509519151251,0.10601337791706911,-0.8982903506229989,False,True,False,False,False,False
2019-11-28,Q1,136.8,138.04,114.05,-0.9,19.95,data/raw/spi_weekly/wayback/summary/2019-11-28_summary_weekly_spi_nb.pdf,2019-11-28,False,False,154.8800018310547,0.0,0.0,False,0,0,0,21.3,13.25,True,4.918520005188451,-0.8982903506229989,19.947391494958367,0.08646300500387838,0.34893864495491034,1.677877152782914,0.6524184476940365,-0.29239457907136446,-1.1842105263157876,False,True,False,False,False,False
2019-12-05,Q1,135.18,136.8,113.61,-1.18,18.99,data/raw/spi_weekly/wayback/summary/2019-12-05_summary_weekly_spi_nb.pdf,2019-12-05,False,False,154.22896728515624,-1.86,-0.2,True,0,0,0,20.3,13.25,False,4.906607223672208,-1.1842105263157876,18.986004753102726,-0.42034771319838793,-0.8982903506229989,0.34893864495491034,0.7971986291163802,0.08646300500387838,-0.8803077378310431,False,True,False,False,False,False
2019-12-12,Q1,133.99,135.18,113.48,-0.88,18.07,data/raw/spi_weekly/wayback/summary/2019-12-12_summary_weekly_spi_nb.pdf,2019-12-12,False,False,154.49000244140626,0.0,0.0,False,0,0,0,19.3,13.25,False,4.8977651703005165,-0.8803077378310431,18.073669369051814,0.16925170468617967,-1.1842105263157876,-0.8982903506229989,1.677877152782914,-0.42034771319838793,-0.23882379282037514,False,True,False,False,False,False
2019-12-19,Q1,133.67,133.99,113.41,-0.24,17.86,data/raw/spi_weekly/wayback/summary/2019-12-19_summary_weekly_spi_nb.pdf,2019-12-19,False,False,154.34918212890625,0.0,0.0,False,0,0,0,18.3,13.25,False,4.895374075983382,-0.23882379282037514,17.8643858566264,-0.09115173168141588,-0.8803077378310431,-1.1842105263157876,0.34893864495491034,0.16925170468617967,0.2543577466896041,False,True,False,False,False,False
2019-12-26,Q1,134.01,133.67,113.67,0.25,17.89,data/raw/spi_weekly/wayback/summary/2019-12-26_summary_weekly_spi_nb.pdf,2019-12-26,False,False,153.9727355957031,0.0,0.0,False,0,0,0,17.3,13.25,False,4.897914424032137,0.2543577466896041,17.893903404592226,-0.2438927942544855,-0.23882379282037514,-0.8803077378310431,-0.8982903506229989,-0.09115173168141588,0.8954555630176886,False,True,False,False,False,False
2020-01-02,Q1,135.21,134.01,113.63,0.9,18.99,data/raw/spi_weekly/wayback/summary/2020-01-02_summary_weekly_spi_nb.pdf,2020-01-02,False,False,154.40554809570312,1.76,2.28,True,0,0,0,16.3,13.25,False,4.906829125370667,0.8954555630176886,18.991463521957243,0.28109684375321464,0.2543577466896041,-0.23882379282037514,-1.1842105263157876,-0.2438927942544855,0.4511500628651577,False,True,False,False,False,False
2020-01-09,Q1,135.82,135.21,113.99,0.45,19.15,data/raw/spi_weekly/wayback/summary/2020-01-09_summary_weekly_spi_nb.pdf,2020-01-09,False,False,154.36000061035156,0.0,0.0,False,0,0,0,15.3,13.25,False,4.911330479685645,0.4511500628651577,19.15080270199141,-0.02949860669729798,0.8954555630176886,0.2543577466896041,-0.8803077378310431,0.28109684375321464,-0.4343984685613367,False,True,False,False,False,False
2020-01-16,Q1,135.23,135.82,113.87,-0.43,18.76,data/raw/spi_weekly/wayback/summary/2020-01-16_summary_weekly_spi_nb.pdf,2020-01-16,False,False,154.09642333984374,0.0,0.0,False,0,0,0,14.3,13.25,False,4.906977032485268,-0.4343984685613367,18.758233072802312,-0.17075490377405078,0.4511500628651577,0.8954555630176886,-0.23882379282037514,-0.02949860669729798,-0.5546106633143588,False,True,False,False,False,False
2020-01-23,Q1,134.48,135.23,113.87,-0.55,18.1,data/raw/spi_weekly/wayback/summary/2020-01-23_summary_weekly_spi_nb.pdf,2020-01-23,False,False,153.88193054199218,0.0,0.0,False,0,0,0,13.3,13.25,False,4.90141548910036,-0.5546106633143588,18.09958724861682,-0.1391938847136731,-0.4343984685613367,0.4511500628651577,0.2543577466896041,-0.17075490377405078,-0.31231409875073224,False,True,False,False,False,False
2020-01-30,Q1,134.06,134.48,114.47,-0.31,17.11,data/raw/spi_weekly/wayback/summary/2020-01-30_summary_weekly_spi_nb.pdf,2020-01-30,False,False,153.96000061035156,0.0,0.0,False,0,0,0,12.3,13.25,True,4.8982874609298115,-0.31231409875073224,17.113654232550026,0.05073374637580841,-0.5546106633143588,-0.4343984685613367,0.8954555630176886,-0.1391938847136731,0.47739817991943045,False,True,False,False,False,False
2020-02-06,Q1,134.7,134.06,115.94,0.48,16.18,data/raw/spi_weekly/wayback/summary/2020-02-06_summary_weekly_spi_nb.pdf,2020-02-06,False,False,153.7567169189453,0.0,0.0,False,0,0,0,11.3,13.25,False,4.903050083416319,0.47739817991943045,16.18078316370535,-0.13203669173835753,-0.31231409875073224,-0.5546106633143588,0.4511500628651577,0.05073374637580841,-0.46770601336302287,False,True,False,False,False,False
2020-02-13,Q1,134.07,134.7,116.83,-0.47,14.76,data/raw/spi_weekly/wayback/summary/2020-02-13_summary_weekly_spi_nb.pdf,2020-02-13,False,False,153.72173767089845,0.0,0.0,False,0,0,0,10.3,13.25,False,4.89836205161347,-0.46770601336302287,14.75648377985106,-0.022749736562921452,0.47739817991943045,-0.31231409875073224,-0.4343984685613367,-0.13203669173835753,-0.02983516073692405,False,True,False,False,False,False
2020-02-20,Q1,134.03,134.07,117.17,-0.03,14.39,data/raw/spi_weekly/wayback/summary/2020-02-20_summary_weekly_spi_nb.pdf,2020-02-20,False,False,153.81999816894532,0.0,0.0,False,0,0,0,9.3,13.25,False,4.898063655490406,-0.02983516073692405,14.389348809422199,0.06392101698540209,-0.46770601336302287,0.47739817991943045,-0.5546106633143588,-0.022749736562921452,-1.3429829142729277,False,True,False,False,False,False
2020-02-27,Q1,132.23,134.03,117.07,-1.34,12.95,data/raw/spi_weekly/wayback/summary/2020-02-27_summary_weekly_spi_nb.pdf,2020-02-27,False,False,153.79000244140624,0.0,0.0,False,0,0,0,8.3,13.25,False,4.884542830568732,-1.3429829142729277,12.949517382762444,-0.019500538223993225,-0.02983516073692405,-0.46770601336302287,-0.31231409875073224,0.06392101698540209,0.2798154730394131,False,True,False,False,False,False
2020-03-05,Q1,132.6,132.23,119.7,0.28,10.78,data/raw/spi_weekly/wayback/summary/2020-03-05_summary_weekly_spi_nb.pdf,2020-03-05,False,False,153.8,-3.91,-4.24,True,0,0,0,7.3,13.25,False,4.887337077751762,0.2798154730394131,10.776942355889707,0.006500785769603112,-1.3429829142729277,-0.02983516073692405,0.47739817991943045,-0.019500538223993225,0.7541478129713397,False,True,False,False,False,False
2020-03-12,Q1,133.6,132.6,119.92,0.75,11.41,data/raw/spi_weekly/wayback/summary/2020-03-12_summary_weekly_spi_nb.pdf,2020-03-12,False,False,155.272802734375,0.0,0.0,False,0,0,0,6.3,13.25,False,4.894850261102546,0.7541478129713397,11.4076050700467,0.9576090600617704,0.2798154730394131,-1.3429829142729277,-0.46770601336302287,0.006500785769603112,0.06736526946107269,False,True,False,False,False,False
2020-03-19,Q1,133.69,133.6,119.16,0.07,12.19,data/raw/spi_weekly/wayback/summary/2020-03-19_summary_weekly_spi_nb.pdf,2020-03-19,False,False,157.58949279785156,0.0,0.0,False,0,0,0,5.3,12.5,True,4.895523686995031,0.06736526946107269,12.193689157435372,1.4920127818132567,0.7541478129713397,0.2798154730394131,-0.02983516073692405,0.9576090600617704,-0.22439973072033714,False,True,False,False,False,False
2020-03-26,Q1,133.39,133.69,118.55,-0.22,12.52,data/raw/spi_weekly/wayback/summary/2020-03-26_summary_weekly_spi_nb.pdf,2020-03-26,False,False,158.47000122070312,-12.15,-13.31,True,0,0,0,4.3,11.0,True,4.893277168152952,-0.22439973072033714,12.517924926191482,0.5587354887809814,0.06736526946107269,0.7541478129713397,-1.3429829142729277,1.4920127818132567,-1.7692480695704171,False,True,False,False,False,False
2020-04-02,Q1,131.03,133.39,118.64,-1.77,10.44,data/raw/spi_weekly/wayback/summary/2020-04-02_summary_weekly_spi_nb.pdf,2020-04-02,False,False,164.6666473388672,0.0,0.0,False,0,0,0,3.3,11.0,False,4.875426304616494,-1.7692480695704171,10.44335805799057,3.9102959995147124,-0.22439973072033714,0.06736526946107269,0.2798154730394131,0.5587354887809814,-0.6716019232236858,False,True,False,False,False,False
2020-04-09,Q1,130.15,131.03,119.52,-0.67,8.89,data/raw/spi_weekly/wayback/summary/2020-04-09_summary_weekly_spi_nb.pdf,2020-04-09,False,False,166.52000122070314,0.0,0.0,False,0,0,0,2.3,11.0,False,4.868687631440574,-0.6716019232236858,8.893908969210184,1.1255186838303288,-1.7692480695704171,-0.22439973072033714,0.7541478129713397,3.9102959995147124,-0.007683442182115918,False,True,False,False,False,False
2020-04-16,Q1,130.14,130.15,120.29,-0.01,8.19,data/raw/spi_weekly/wayback/summary/2020-04-16_summary_weekly_spi_nb.pdf,2020-04-16,False,False,166.27999877929688,0.0,0.0,False,0,0,0,1.3,9.0,True,4.8686107940668375,-0.007683442182115918,8.188544351151371,-0.14412829668921656,-0.6716019232236858,-1.7692480695704171,0.06736526946107269,1.1255186838303288,0.9067158444751922,False,True,False,False,False,False
2020-04-23,Q1,131.32,130.14,120.94,0.91,8.58,data/raw/spi_weekly/wayback/summary/2020-04-23_summary_weekly_spi_nb.pdf,2020-04-23,False,False,162.41874084472656,0.0,0.0,False,0,0,0,0.3,9.0,False,4.877637092633392,0.9067158444751922,8.582768314866861,-2.3221421475323467,-0.007683442182115918,-0.6716019232236858,-0.22439973072033714,-0.14412829668921656,0.654888821200128,False,True,False,False,False,False
2020-04-30,Q1,132.18,131.32,119.77,0.65,10.36,data/raw/spi_weekly/wayback/summary/2020-04-30_summary_weekly_spi_nb.pdf,2020-04-30,False,False,160.4800018310547,0.0,0.0,False,6,0,0,49.9,9.0,False,4.8841646300423065,0.654888821200128,10.361526258662446,-1.1936670630425028,0.9067158444751922,-0.007683442182115918,-1.7692480695704171,-2.3221421475323467,0.89272204569526,False,True,False,False,False,False
2020-05-07,Q1,133.36,132.18,121.16,0.89,10.07,data/raw/spi_weekly/wayback/summary/2020-05-07_summary_weekly_spi_nb.pdf,2020-05-07,False,False,159.25,-25.2,-15.55,True,7,0,0,48.9,9.0,False,4.893052238442539,0.89272204569526,10.069329811819095,-0.7664517802969506,0.654888821200128,0.9067158444751922,-0.6716019232236858,-1.1936670630425028,-0.04499100179964355,False,True,False,False,False,False
2020-05-14,Q1,133.3,133.36,120.17,-0.04,10.93,data/raw/spi_weekly/wayback/summary/2020-05-14_summary_weekly_spi_nb.pdf,2020-05-14,False,False,159.76000061035157,0.0,0.0,False,7,0,0,47.9,9.0,False,4.892602227184663,-0.04499100179964355,10.926187900474327,0.320251560660334,0.89272204569526,0.654888821200128,-0.007683442182115918,-0.7664517802969506,0.5701425356338996,False,True,False,False,False,False
2020-05-21,Q1,134.06,133.3,120.72,0.57,11.05,data/raw/spi_weekly/wayback/summary/2020-05-21_summary_weekly_spi_nb.pdf,2020-05-21,False,False,160.02000122070314,0.0,0.0,False,7,0,0,46.9,8.0,True,4.8982874609298115,0.5701425356338996,11.050364479787934,0.16274449759530185,-0.04499100179964355,0.89272204569526,0.9067158444751922,0.320251560660334,0.10443085185736223,False,True,False,False,False,False
2020-05-28,Q1,134.2,134.06,120.82,0.1,11.07,data/raw/spi_weekly/wayback/summary/2020-05-28_summary_weekly_spi_nb.pdf,2020-05-28,False,False,160.19259643554688,0.0,0.0,False,2,3,0,45.9,8.0,False,4.8993312245375815,0.10443085185736223,11.074325442807487,0.10785852613868219,0.5701425356338996,-0.04499100179964355,0.654888821200128,0.16274449759530185,0.07451564828615531,False,True,False,False,False,False
2020-06-04,Q1,134.3,134.2,120.82,0.07,11.16,data/raw/spi_weekly/wayback/summary/2020-06-04_summary_weekly_spi_nb.pdf,2020-06-04,False,False,163.2300018310547,0.15,-8.55,True,0,0,0,44.9,8.0,False,4.900076103529192,0.07451564828615531,11.157093196490653,1.8960959888866702,0.10443085185736223,0.5701425356338996,0.89272204569526,0.10785852613868219,0.3499627699180996,False,True,False,False,False,False
2020-06-11,Q1,134.77,134.3,121.79,0.35,10.66,data/raw/spi_weekly/wayback/summary/2020-06-11_summary_weekly_spi_nb.pdf,2020-06-11,False,False,163.36000061035156,0.0,0.0,False,0,0,0,43.9,8.0,False,4.903569621781068,0.3499627699180996,10.657689465473364,0.07964147389487586,0.07451564828615531,0.10443085185736223,-0.04499100179964355,1.8960959888866702,1.291088521184225,False,True,False,False,False,False
2020-06-18,Q1,136.51,134.77,121.62,1.29,12.24,data/raw/spi_weekly/wayback/summary/2020-06-18_summary_weekly_spi_nb.pdf,2020-06-18,False,False,164.3800018310547,0.0,0.0,False,0,0,0,42.9,8.0,False,4.916397872014886,1.291088521184225,12.243052129583942,0.6243885999584808,0.3499627699180996,0.07451564828615531,0.5701425356338996,0.07964147389487586,0.37359900373601374,False,True,False,False,False,False
2020-06-25,Q1,137.02,136.51,121.67,0.37,12.62,data/raw/spi_weekly/wayback/summary/2020-06-25_summary_weekly_spi_nb.pdf,2020-06-25,False,False,166.44400329589843,0.0,0.0,False,0,0,0,41.9,7.0,True,4.920126900574753,0.37359900373601374,12.616092709788784,1.2556280824020494,1.291088521184225,0.3499627699180996,0.10443085185736223,0.6243885999584808,0.8903809662822892,False,True,False,False,False,False
2020-07-02,Q1,138.24,137.02,122.34,0.89,13.0,data/raw/spi_weekly/wayback/summary/2020-07-02_summary_weekly_spi_nb.pdf,2020-07-02,False,False,167.60999755859376,26.21,33.97,True,0,0,0,40.9,7.0,False,4.928991305055746,0.8903809662822892,12.996566944580689,0.7005324551239367,0.37359900373601374,1.291088521184225,0.07451564828615531,1.2556280824020494,1.26591435185186,False,True,False,False,False,False
2020-07-09,Q1,139.99,138.24,122.44,1.27,14.33,data/raw/spi_weekly/wayback/summary/2020-07-09_summary_weekly_spi_nb.pdf,2020-07-09,False,False,166.69199829101564,0.0,0.0,False,0,0,0,39.9,7.0,False,4.941570991486734,1.26591435185186,14.333551127082655,-0.5476995888966663,0.8903809662822892,0.37359900373601374,0.3499627699180996,0.7005324551239367,-0.38574183870278,False,True,False,False,False,False
2020-07-16,Q1,139.45,139.99,123.17,-0.39,13.22,data/raw/spi_weekly/wayback/summary/2020-07-16_summary_weekly_spi_nb.pdf,2020-07-16,False,False,165.9234619140625,0.0,0.0,False,0,0,0,38.9,7.0,False,4.937706114073498,-0.38574183870278,13.217504262401558,-0.4610517510333034,1.26591435185186,0.8903809662822892,1.291088521184225,-0.5476995888966663,0.43026174256006744,False,True,False,False,False,False
2020-07-23,Q1,140.05,139.45,123.37,0.43,13.52,data/raw/spi_weekly/wayback/summary/2020-07-23_summary_weekly_spi_nb.pdf,2020-07-23,False,False,166.93800048828126,0.0,0.0,False,0,0,0,37.9,7.0,False,4.941999501706118,0.43026174256006744,13.520304774256298,0.6114497386416895,-0.38574183870278,1.26591435185186,0.37359900373601374,-0.4610517510333034,0.5855051767226005,False,True,False,False,False,False
2020-07-30,Q1,140.87,140.05,124.09,0.59,13.52,data/raw/spi_weekly/wayback/summary/2020-07-29_summary_weekly_spi_nb.pdf,2020-07-29,False,False,166.5459991455078,0.0,0.0,False,0,0,0,36.9,7.0,False,4.9478374792722155,0.5855051767226005,13.522443387863659,-0.23481852042487317,0.43026174256006744,-0.38574183870278,0.8903809662822892,0.6114497386416895,-0.3336409455526379,False,True,False,False,False,False
2020-08-06,Q1,140.4,140.87,126.18,-0.33,11.27,data/raw/spi_weekly/wayback/summary/2020-08-06_summary_weekly_spi_nb.pdf,2020-08-06,False,False,166.84951782226562,5.01,3.93,True,0,0,3,35.9,7.0,False,4.944495491591711,-0.3336409455526379,11.269614835948637,0.18224315103039235,0.5855051767226005,0.43026174256006744,1.26591435185186,-0.23481852042487317,-0.05698005698006048,False,True,False,False,False,False
2020-08-13,Q1,140.32,140.4,127.48,-0.06,10.07,data/raw/spi_weekly/wayback/summary/2020-08-13_summary_weekly_spi_nb.pdf,2020-08-13,False,False,167.8654022216797,0.0,0.0,False,0,0,0,34.9,7.0,False,4.943925528623873,-0.05698005698006048,10.072168183244411,0.6088626522110951,-0.3336409455526379,0.5855051767226005,-0.38574183870278,0.18224315103039235,0.9264538198403782,False,True,False,False,False,False
2020-08-20,Q1,141.62,140.32,127.03,0.93,11.49,data/raw/spi_weekly/wayback/summary/2020-08-20_summary_weekly_spi_nb.pdf,2020-08-20,False,False,167.1359619140625,0.0,0.0,False,0,0,0,33.9,7.0,False,4.953147414223628,0.9264538198403782,11.485475871841299,-0.4345388018990981,-0.05698005698006048,-0.3336409455526379,0.43026174256006744,0.6088626522110951,-0.08473379466177322,False,True,False,False,False,False
2020-08-27,Q1,141.5,141.62,126.84,-0.08,11.56,data/raw/spi_weekly/wayback/summary/2020-08-27_summary_weekly_spi_nb.pdf,2020-08-27,False,False,167.2309814453125,0.0,0.0,False,0,0,0,32.9,7.0,False,4.952299717083292,-0.08473379466177322,11.557868180384734,0.05685163753019751,0.9264538198403782,-0.05698005698006048,0.5855051767226005,-0.4345388018990981,1.0600706713780994,False,True,False,False,False,False
2020-09-03,Q1,143.0,141.5,127.08,1.06,12.53,data/raw/spi_weekly/wayback/summary/2020-09-03_summary_weekly_spi_nb.pdf,2020-09-03,False,False,164.87991943359376,0.0,0.0,False,0,0,0,31.9,7.0,False,4.962844630259907,1.0600706713780994,12.527541706011958,-1.4058770638068485,-0.08473379466177322,0.9264538198403782,-0.3336409455526379,0.05685163753019751,0.1328671328671316,False,True,False,False,False,False
2020-09-10,Q1,143.19,143.0,128.19,0.13,11.7,data/raw/spi_weekly/wayback/summary/2020-09-10_summary_weekly_spi_nb.pdf,2020-09-10,False,False,165.5295379638672,0.0,0.0,False,0,0,0,30.9,7.0,False,4.964172419685915,0.1328671328671316,11.701380762930036,0.39399493431646615,1.0600706713780994,-0.08473379466177322,-0.05698005698006048,-1.4058770638068485,0.8589985334171324,False,True,False,False,False,False
2020-09-17,Q1,144.42,143.19,129.33,0.86,11.67,data/raw/spi_weekly/wayback/summary/2020-09-17_summary_weekly_spi_nb.pdf,2020-09-17,False,False,165.86000061035156,0.0,0.0,False,0,0,0,29.9,7.0,False,4.972725721023036,0.8589985334171324,11.667826490373434,0.19963968397984644,0.1328671328671316,1.0600706713780994,0.9264538198403782,0.39399493431646615,0.581636892397186,False,True,False,False,False,False
2020-09-24,Q1,145.26,144.42,129.55,0.58,12.13,data/raw/spi_weekly/wayback/summary/2020-09-24_summary_weekly_spi_nb.pdf,2020-09-24,False,False,165.9,0.0,0.0,False,0,0,0,28.9,7.0,True,4.978525240178022,0.581636892397186,12.126592049401763,0.024116356867986966,0.8589985334171324,0.1328671328671316,-0.08473379466177322,0.19963968397984644,0.8467575382073544,False,True,False,False,False,False
2020-10-01,Q1,146.49,145.26,130.08,0.85,12.62,data/raw/spi_weekly/wayback/summary/2020-10-01_summary_weekly_spi_nb.pdf,2020-10-01,False,False,165.65999755859374,-2.28,0.0,True,0,0,0,27.9,7.0,False,4.9869571667416785,0.8467575382073544,12.615313653136528,-0.14466693273433862,0.581636892397186,0.8589985334171324,1.0600706713780994,0.024116356867986966,1.5632466379957632,False,True,False,False,False,False
2020-10-08,Q1,148.78,146.49,129.68,1.56,14.73,data/raw/spi_weekly/wayback/summary/2020-10-08_summary_weekly_spi_nb.pdf,2020-10-08,False,False,163.95091857910157,0.0,0.0,False,0,0,0,26.9,7.0,False,5.002468704763196,1.5632466379957632,14.728562615669327,-1.0316787424119567,0.8467575382073544,0.581636892397186,0.1328671328671316,-0.14466693273433862,0.2554106734776074,False,True,False,False,False,False
2020-10-15,Q1,149.16,148.78,132.89,0.26,12.24,data/raw/spi_weekly/wayback/summary/2020-10-15_summary_weekly_spi_nb.pdf,2020-10-15,False,False,163.23410339355468,0.0,0.0,False,0,0,0,25.9,7.0,False,5.00501955531062,0.2554106734776074,12.243208668823847,-0.4372132780708138,1.5632466379957632,0.8467575382073544,0.8589985334171324,-1.0316787424119567,-0.43577366586216026,False,True,False,False,False,False
2020-10-22,Q1,148.51,149.16,133.35,-0.44,11.37,data/raw/spi_weekly/wayback/summary/2020-10-22_summary_weekly_spi_nb.pdf,2020-10-22,False,False,162.3300018310547,0.0,0.0,False,0,0,0,24.9,7.0,False,5.000652296042854,-0.43577366586216026,11.368578927634054,-0.5538680604752155,0.2554106734776074,1.5632466379957632,0.581636892397186,-0.4372132780708138,1.9055955827890436,False,True,False,False,False,False
2020-10-29,Q1,151.34,148.51,134.22,1.91,12.76,data/raw/spi_weekly/wayback/summary/2020-10-29_summary_weekly_spi_nb.pdf,2020-10-29,False,False,160.87999877929687,0.0,0.0,False,0,0,0,23.9,7.0,False,5.019528961266375,1.9055955827890436,12.755178065862015,-0.8932440309259104,-0.43577366586216026,0.2554106734776074,0.8467575382073544,-0.5538680604752155,-0.3303819215012549,False,True,False,False,False,False
2020-11-05,Q1,150.84,151.34,135.29,-0.33,11.49,data/raw/spi_weekly/wayback/summary/2020-11-05_summary_weekly_spi_nb.pdf,2020-11-05,False,False,159.61024475097656,-0.78,-1.46,True,0,0,0,22.9,7.0,False,5.016219672390156,-0.3303819215012549,11.493828073028322,-0.7892553691911774,1.9055955827890436,-0.43577366586216026,1.5632466379957632,-0.8932440309259104,-0.3248475205515855,False,True,False,False,False,False
2020-11-12,Q1,150.35,150.84,137.56,-0.32,9.3,data/raw/spi_weekly/wayback/summary/2020-11-12_summary_weekly_spi_nb.pdf,2020-11-12,False,False,158.42555541992186,0.0,0.0,False,0,0,0,21.9,7.0,False,5.012965909434538,-0.3248475205515855,9.29776097702819,-0.7422389038391874,-0.3303819215012549,1.9055955827890436,0.2554106734776074,-0.7892553691911774,0.3990688393747943,False,True,False,False,False,False
2020-11-19,Q1,150.95,150.35,138.04,0.4,9.35,data/raw/spi_weekly/wayback/summary/2020-11-19_summary_weekly_spi_nb.pdf,2020-11-19,False,False,158.0,-1.74,-1.67,True,0,0,0,20.9,7.0,False,5.016948656152848,0.3990688393747943,9.352361634308902,-0.2686153877093145,-0.3248475205515855,-0.3303819215012549,-0.43577366586216026,-0.7422389038391874,-1.0135806558463023,False,True,False,False,False,False
2020-11-26,Q1,149.42,150.95,136.8,-1.01,9.23,data/raw/spi_weekly/wayback/summary/2020-11-26_summary_weekly_spi_nb.pdf,2020-11-26,False,False,160.07000122070312,0.0,0.0,False,0,0,0,19.9,7.0,True,5.0067611325476555,-1.0135806558463023,9.22514619883039,1.31012735487539,0.3990688393747943,-0.3248475205515855,1.9055955827890436,-0.2686153877093145,-0.7562575291125695,False,True,False,False,False,False
2020-12-03,Q1,148.29,149.42,135.18,-0.76,9.7,data/raw/spi_weekly/wayback/summary/2020-12-03_summary_weekly_spi_nb.pdf,2020-12-03,False,False,158.99773254394532,3.92,0.0,True,0,0,0,18.9,7.0,False,4.999169815986978,-0.7562575291125695,9.698180204172214,-0.669874847617058,-1.0135806558463023,0.3990688393747943,-0.3303819215012549,1.31012735487539,-0.5597140737743533,False,True,False,False,False,False
2020-12-10,Q1,147.46,148.29,133.99,-0.56,10.05,data/raw/spi_weekly/wayback/summary/2020-12-10_summary_weekly_spi_nb.pdf,2020-12-10,False,False,160.01000061035157,0.0,0.0,False,0,0,0,17.9,7.0,False,4.993556952561504,-0.5597140737743533,10.052989029032023,0.6366556618198738,-0.7562575291125695,-1.0135806558463023,-0.3248475205515855,-0.669874847617058,-0.9629730096297417,False,True,False,False,False,False
2020-12-17,Q1,146.04,147.46,133.67,-0.96,9.25,data/raw/spi_weekly/wayback/summary/2020-12-17_summary_weekly_spi_nb.pdf,2020-12-17,False,False,160.02000427246094,2.77,2.97,True,0,0,0,16.9,7.0,False,4.983880556787436,-0.9629730096297417,9.254133313383717,0.006251898050879667,-0.5597140737743533,-0.7562575291125695,0.3990688393747943,0.6366556618198738,-0.13010134209805457,False,True,False,False,False,False
2020-12-24,Q1,145.85,146.04,134.01,-0.13,8.84,data/raw/spi_weekly/wayback/summary/2020-12-24_summary_weekly_spi_nb.pdf,2020-12-24,False,False,160.0240020751953,0.0,0.0,False,0,0,0,15.9,7.0,False,4.98257869631373,-0.13010134209805457,8.83516155510784,0.0024983143529722085,-0.9629730096297417,-0.5597140737743533,-1.0135806558463023,0.006251898050879667,-0.8021940349674184,False,True,False,False,False,False
2020-12-31,Q1,144.68,145.85,135.21,-0.8,7.0,data/raw/spi_weekly/wayback/summary/2020-12-31_summary_weekly_spi_nb.pdf,2020-12-31,False,False,159.88395080566406,0.0,0.0,False,0,0,0,14.9,7.0,False,4.974524407083897,-0.8021940349674184,7.003919828415062,-0.08751891448474103,-0.13010134209805457,-0.9629730096297417,-0.7562575291125695,0.0024983143529722085,0.16588332872544687,False,True,False,False,False,False
2021-01-07,Q1,144.92,144.68,135.82,0.17,6.7,data/raw/spi_weekly/wayback/summary/2021-01-07_summary_weekly_spi_nb.pdf,2021-01-07,False,False,159.7465850830078,1.66,2.15,True,0,0,0,13.9,7.0,False,4.976181866026876,0.16588332872544687,6.7000441761154494,-0.08591589209802075,-0.8021940349674184,-0.13010134209805457,-0.5597140737743533,-0.08751891448474103,0.10350538227987816,False,True,False,False,False,False
2021-01-14,Q1,145.07,144.92,135.23,0.1,7.28,data/raw/spi_weekly/wayback/summary/2021-01-14_summary_weekly_spi_nb.pdf,2021-01-14,False,False,159.84575805664062,0.0,0.0,False,0,0,0,12.9,7.0,False,4.977216384550811,0.10350538227987816,7.276491902684312,0.062081435782368466,0.16588332872544687,-0.8021940349674184,-0.9629730096297417,-0.08591589209802075,0.05514579168677258,False,True,False,False,False,False
2021-01-21,Q1,145.15,145.07,134.48,0.06,7.93,data/raw/spi_weekly/wayback/summary/2021-01-21_summary_weekly_spi_nb.pdf,2021-01-21,False,False,159.86031494140624,2.67,3.02,True,0,0,0,11.9,7.0,False,4.977767690470639,0.05514579168677258,7.934265318262956,0.009106832075245208,0.10350538227987816,0.16588332872544687,-0.13010134209805457,0.062081435782368466,0.43403375818118484,False,True,False,False,False,False
2021-01-28,Q1,145.78,145.15,134.06,0.43,8.74,data/raw/spi_weekly/wayback/summary/2021-01-28_summary_weekly_spi_nb.pdf,2021-01-28,False,False,160.32000122070312,0.0,0.0,False,0,0,0,10.9,7.0,True,4.982098635954067,0.43403375818118484,8.742354169774735,0.28755496914001366,0.05514579168677258,0.10350538227987816,-0.8021940349674184,0.009106832075245208,0.5213335162573607,False,True,False,False,False,False
2021-02-04,Q1,146.54,145.78,134.7,0.46,8.72,data/raw/spi_weekly/wayback/summary/2021-02-04_summary_weekly_spi_nb.pdf,2021-02-04,False,True,159.80806884765624,2.57,2.49,True,0,0,0,9.9,7.0,False,4.987298428731818,0.5213335162573607,8.78990348923534,-0.3193190925330214,0.43403375818118484,0.05514579168677258,0.16588332872544687,0.28755496914001366,0.7711205131704535,False,True,False,False,False,False
2021-02-11,Q1,147.67,146.54,134.07,0.77,10.14,data/raw/spi_weekly/wayback/summary/2021-02-11_summary_weekly_spi_nb.pdf,2021-02-11,False,False,159.56000366210938,0.0,0.0,False,0,0,0,8.9,7.0,False,4.994980054485683,0.7711205131704535,10.143954650555687,-0.15522694650877966,0.5213335162573607,0.43403375818118484,0.10350538227987816,-0.3193190925330214,0.5485203494277835,False,True,False,False,False,False
2021-02-18,Q1,148.48,147.67,134.03,0.55,10.78,data/raw/spi_weekly/wayback/summary/2021-02-18_summary_weekly_spi_nb.pdf,2021-02-18,False,False,158.7555389404297,0.0,0.0,False,0,0,0,7.9,7.0,False,5.0004502690378905,0.5485203494277835,10.78116839513541,-0.5041769260567652,0.7711205131704535,0.5213335162573607,0.05514579168677258,-0.15522694650877966,6.654094827586232,False,True,False,False,False,False
2021-02-25,Q1,158.36,148.48,132.23,6.65,19.76,data/raw/spi_weekly/wayback/summary/2021-02-25_summary_weekly_spi_nb.pdf,2021-02-25,False,False,158.51245727539063,0.0,0.0,False,0,0,0,6.9,7.0,False,5.06487092223793,6.654094827586232,19.761022460863664,-0.15311696628755866,0.5485203494277835,0.7711205131704535,0.43403375818118484,-0.5041769260567652,0.5367517049760018,False,True,False,False,False,False
2021-03-04,Q1,159.21,158.36,132.6,0.54,20.07,data/raw/spi_weekly/wayback/summary/2021-03-04_summary_weekly_spi_nb.pdf,2021-03-04,False,False,157.15894470214843,0.0,0.0,False,0,0,0,5.9,7.0,False,5.070224085507913,0.5367517049760018,20.06787330316744,-0.8538840394674341,6.654094827586232,0.5485203494277835,0.5213335162573607,-0.15311696628755866,-0.9547138998806659,False,True,False,False,False,False
2021-03-11,Q1,157.69,159.21,133.6,-0.95,18.03,data/raw/spi_weekly/wayback/summary/2021-03-11_summary_weekly_spi_nb.pdf,2021-03-11,False,False,156.7499969482422,0.0,0.0,False,0,0,0,4.9,7.0,False,5.060631080417496,-0.9547138998806659,18.031437125748507,-0.2602128403707993,0.5367517049760018,6.654094827586232,0.7711205131704535,-0.8538840394674341,-0.05073244974315161,False,True,False,False,False,False
2021-03-18,Q1,157.61,157.69,133.69,-0.05,17.89,data/raw/spi_weekly/wayback/summary/2021-03-18_summary_weekly_spi_nb.pdf,2021-03-18,False,False,156.22545776367187,0.0,0.0,False,0,0,0,3.9,7.0,False,5.0601236271874495,-0.05073244974315161,17.892138529433787,-0.3346342550446968,-0.9547138998806659,0.5367517049760018,0.5485203494277835,-0.2602128403707993,0.5202715563733307,False,True,False,False,False,False
2021-03-25,Q1,158.43,157.61,133.39,0.52,18.77,data/raw/spi_weekly/wayback/summary/2021-03-25_summary_weekly_spi_nb.pdf,2021-03-25,False,False,155.3657196044922,0.0,0.0,False,0,0,0,2.9,7.0,True,5.065312855386951,0.5202715563733307,18.772021890696465,-0.5503188606304055,-0.05073244974315161,-0.9547138998806659,6.654094827586232,-0.3346342550446968,-0.31559679353657666,False,True,False,False,False,False
2021-04-01,Q1,157.93,158.43,131.03,-0.32,20.53,data/raw/spi_weekly/wayback/summary/2021-04-01_summary_weekly_spi_nb.pdf,2021-04-01,False,False,153.68600463867188,-2.56,-1.36,True,0,0,0,1.9,7.0,False,5.062151896881963,-0.31559679353657666,20.52964969854232,-1.0811361541634201,0.5202715563733307,-0.05073244974315161,0.5367517049760018,-0.5503188606304055,0.5128854555815909,False,True,False,False,False,False
2021-04-08,Q1,158.74,157.93,130.15,0.51,21.97,data/raw/spi_weekly/wayback/summary/2021-04-08_summary_weekly_spi_nb.pdf,2021-04-08,False,False,152.139892578125,0.0,0.0,False,0,0,0,0.9,7.0,False,5.0672676436627295,0.5128854555815909,21.966961198616985,-1.006020075921621,-0.31559679353657666,0.5202715563733307,-0.9547138998806659,-1.0811361541634201,0.5480660199067788,False,True,False,False,False,False
2021-04-15,Q1,159.61,158.74,130.14,0.55,22.64,data/raw/spi_weekly/wayback/summary/2021-04-15_summary_weekly_spi_nb.pdf,2021-04-15,False,False,152.34845275878905,0.0,0.0,False,2,0,0,50.4,7.0,False,5.072733339694467,0.5480660199067788,22.64484401413864,0.13708448003337814,0.5128854555815909,-0.31559679353657666,-0.05073244974315161,-1.006020075921621,-0.4135079255685903,False,True,False,False,False,False
2021-04-22,Q1,158.95,159.61,131.32,-0.41,21.04,data/raw/spi_weekly/wayback/summary/2021-04-22_summary_weekly_spi_nb.pdf,2021-04-22,False,False,152.50263671875,-2.02,-1.58,True,7,0,0,49.4,7.0,False,5.068589687356812,-0.4135079255685903,21.040207127627177,0.10120480856150582,0.5480660199067788,0.5128854555815909,0.5202715563733307,0.13708448003337814,0.1509908776344826,False,True,False,False,False,False
2021-04-29,Q1,159.19,158.95,132.18,0.15,20.43,data/raw/spi_weekly/wayback/summary/2021-04-29_summary_weekly_spi_nb.pdf,2021-04-29,False,False,153.30137939453124,0.0,0.0,False,7,0,0,48.4,7.0,False,5.0700984573670445,0.1509908776344826,20.434256317143284,0.5237566333061494,-0.4135079255685903,0.5480660199067788,-0.31559679353657666,0.10120480856150582,0.37062629562159,False,True,False,False,False,False
2021-05-06,Q1,159.78,159.19,133.36,0.37,19.81,data/raw/spi_weekly/wayback/summary/2021-05-06_summary_weekly_spi_nb.pdf,2021-05-06,False,False,152.87866821289063,0.0,0.0,False,7,0,0,47.4,7.0,False,5.073797869053896,0.37062629562159,19.81103779244151,-0.2757386680472984,0.1509908776344826,-0.4135079255685903,0.5128854555815909,0.5237566333061494,0.0,False,True,False,False,False,False
2021-05-13,Q1,159.78,,,,,,,True,False,151.4324157714844,,,,6,1,0,46.4,7.0,False,5.073797869053896,0.0,,-0.9460132393306009,0.37062629562159,0.1509908776344826,0.5480660199067788,-0.2757386680472984,0.657153586181014,False,True,False,False,False,False
2021-05-20,Q1,160.83,159.78,134.06,0.66,19.97,data/raw/spi_weekly/wayback/summary/2021-05-20_summary_weekly_spi_nb.pdf,2021-05-20,False,False,152.3540008544922,0.0,0.0,False,0,2,0,45.4,7.0,False,5.080347906507556,0.657153586181014,19.968670744442797,0.608578472655763,0.0,0.37062629562159,-0.4135079255685903,-0.9460132393306009,-0.47876639930362064,False,True,False,False,False,False
2021-05-27,Q1,160.06,160.83,134.2,-0.48,19.27,data/raw/spi_weekly/wayback/summary/2021-05-27_summary_weekly_spi_nb.pdf,2021-05-27,False,False,153.56000061035155,0.0,0.0,False,0,0,0,44.4,7.0,False,5.0755487449389,-0.47876639930362064,19.269746646795838,0.791577345586858,0.657153586181014,0.0,0.1509908776344826,0.608578472655763,-0.4685742846432639,False,True,False,False,False,False
2021-06-03,Q1,159.31,160.06,134.3,-0.47,18.62,data/raw/spi_weekly/wayback/summary/2021-06-03_summary_weekly_spi_nb.pdf,2021-06-03,False,False,154.08638610839844,0.0,0.0,False,0,0,0,43.4,7.0,True,5.070851989584804,-0.4685742846432639,18.622486969471332,0.34278815834505316,-0.47876639930362064,0.657153586181014,0.37062629562159,0.791577345586858,-0.25735986441528524,False,True,False,False,False,False
2021-06-10,Q1,158.9,159.31,134.77,-0.26,17.9,data/raw/spi_weekly/wayback/summary/2021-06-10_summary_weekly_spi_nb.pdf,2021-06-10,False,False,154.61000061035156,0.0,0.0,False,0,0,0,42.4,7.0,False,5.0682750735426705,-0.25735986441528524,17.904578170215913,0.3398187959218868,-0.4685742846432639,-0.47876639930362064,0.0,0.34278815834505316,0.17621145374449032,False,True,False,False,False,False
2021-06-17,Q1,159.18,158.9,136.51,0.18,16.61,data/raw/spi_weekly/wayback/summary/2021-06-17_summary_weekly_spi_nb.pdf,2021-06-17,False,False,155.67999877929688,1.6,1.89,True,0,0,0,41.4,7.0,False,5.070035637377703,0.17621145374449032,16.606841989597854,0.6920627156854708,-0.25735986441528524,-0.4685742846432639,0.657153586181014,0.3398187959218868,0.6721949993717669,False,True,False,False,False,False
2021-06-24,Q1,160.25,159.18,137.02,0.67,16.95,data/raw/spi_weekly/wayback/summary/2021-06-24_summary_weekly_spi_nb.pdf,2021-06-24,False,False,157.1,0.0,0.0,False,0,0,0,40.4,7.0,False,5.076735095800779,0.6721949993717669,16.95372938257187,0.9121282321669311,0.17621145374449032,-0.25735986441528524,-0.47876639930362064,0.6920627156854708,0.667706708268323,False,True,False,False,False,False
2021-07-01,Q1,161.32,160.25,138.24,0.67,16.7,data/raw/spi_weekly/wayback/summary/2021-07-01_summary_weekly_spi_nb.pdf,2021-07-01,False,False,157.56601257324218,1.21,1.78,True,0,0,0,39.4,7.0,False,5.083389970005167,0.667706708268323,16.695601851851837,0.29663435597846455,0.6721949993717669,0.17621145374449032,-0.4685742846432639,0.9121282321669311,0.4153235804612132,False,True,False,False,False,False
2021-07-08,Q1,161.99,161.32,139.99,0.42,15.72,data/raw/spi_weekly/wayback/summary/2021-07-08_summary_weekly_spi_nb.pdf,2021-07-08,False,False,157.3176696777344,0.0,0.0,False,0,0,0,38.4,7.0,False,5.0875346049320465,0.4153235804612132,15.71540824344595,-0.15761196939114708,0.667706708268323,0.6721949993717669,-0.25735986441528524,0.29663435597846455,0.481511204395324,False,True,False,False,False,False
2021-07-15,Q1,162.77,161.99,139.45,0.48,16.72,data/raw/spi_weekly/wayback/summary/2021-07-15_summary_weekly_spi_nb.pdf,2021-07-15,False,False,158.76668395996094,0.0,0.0,False,0,0,0,37.4,7.0,False,5.092338161403407,0.481511204395324,16.722839727500904,0.9210753535790817,0.4153235804612132,0.667706708268323,0.17621145374449032,-0.15761196939114708,0.0,False,True,False,False,False,False
2021-07-22,Q1,162.77,,,,,,,True,False,159.5035400390625,,,,0,0,2,36.4,7.0,False,5.092338161403407,0.0,,0.4641125333872731,0.481511204395324,0.4153235804612132,0.6721949993717669,0.9210753535790817,-0.024574553050327186,False,True,False,False,False,False
2021-07-29,Q1,162.73,162.77,140.87,-0.02,15.52,data/raw/spi_weekly/wayback/summary/2021-07-29_summary_weekly_spi_nb.pdf,2021-07-29,False,False,160.6571075439453,2.3,4.73,True,0,0,1,35.4,7.0,True,5.092092385672523,-0.024574553050327186,15.517853339958808,0.7232237633097549,0.0,0.481511204395324,0.667706708268323,0.4641125333872731,-0.09832237448533787,False,True,False,False,False,False
2021-08-05,Q1,162.57,162.73,140.4,-0.1,15.79,data/raw/spi_weekly/wayback/summary/2021-08-05_summary_weekly_spi_nb.pdf,2021-08-05,False,False,161.4541473388672,0.0,1.44,True,0,0,0,34.4,7.0,False,5.091108678246132,-0.09832237448533787,15.790598290598279,0.49611237691669086,-0.024574553050327186,0.0,0.4153235804612132,0.7232237633097549,0.6458756228086449,False,True,False,False,False,False
2021-08-12,Q1,163.62,162.57,140.32,0.65,16.6,data/raw/spi_weekly/wayback/summary/2021-08-12_summary_weekly_spi_nb.pdf,2021-08-12,False,False,162.92091064453126,0.0,0.0,False,0,0,0,33.4,7.0,False,5.097546666085552,0.6458756228086449,16.604903078677324,0.9084705037558205,-0.09832237448533787,-0.024574553050327186,0.481511204395324,0.49611237691669086,0.0,False,True,False,False,False,False
2021-08-19,Q1,163.62,,,,,,,True,False,163.07505798339844,,,,0,0,0,32.4,7.0,False,5.097546666085552,0.0,,0.09461482768378104,0.6458756228086449,-0.09832237448533787,0.0,0.9084705037558205,0.19557511306684816,False,True,False,False,False,False
2021-08-26,Q1,163.94,163.62,141.5,0.2,15.86,data/raw/spi_weekly/wayback/summary/2021-08-26_summary_weekly_spi_nb.pdf,2021-08-26,False,False,163.9204864501953,0.0,0.0,False,0,0,0,31.4,7.0,False,5.099500507224884,0.19557511306684816,15.858657243816253,0.5184290456502261,0.0,0.6458756228086449,-0.024574553050327186,0.09461482768378104,0.7563742832743747,False,True,False,False,False,False
2021-09-02,Q1,165.18,163.94,143.0,0.76,15.51,data/raw/spi_weekly/wayback/summary/2021-09-02_summary_weekly_spi_nb.pdf,2021-09-02,False,False,165.5001220703125,-1.32,-1.25,True,0,0,0,30.4,7.0,False,5.1070357883825706,0.7563742832743747,15.510489510489522,0.9636596708106682,0.19557511306684816,0.0,-0.09832237448533787,0.5184290456502261,1.5982564475117922,False,True,False,False,False,False
2021-09-09,Q1,167.82,165.18,143.19,1.6,17.2,data/raw/spi_weekly/wayback/summary/2021-09-09_summary_weekly_spi_nb.pdf,2021-09-09,False,False,166.12130432128907,0.0,0.0,False,0,0,0,29.4,7.0,False,5.122891976441923,1.5982564475117922,17.20092185208464,0.3753364306962048,0.7563742832743747,0.19557511306684816,0.6458756228086449,0.9636596708106682,0.7746394946967161,False,True,False,False,False,False
2021-09-16,Q1,169.12,167.82,144.42,0.77,17.1,data/raw/spi_weekly/wayback/summary/2021-09-16_summary_weekly_spi_nb.pdf,2021-09-16,False,False,167.79497680664062,4.37,4.19,True,0,0,0,28.4,7.0,False,5.1306085221219275,0.7746394946967161,17.10289433596457,1.0075002072669426,1.5982564475117922,0.7563742832743747,0.0,0.3753364306962048,-0.1537369914853315,False,True,False,False,False,False
2021-09-23,Q1,168.86,169.12,145.26,-0.15,16.25,data/raw/spi_weekly/wayback/summary/2021-09-23_summary_weekly_spi_nb.pdf,2021-09-23,False,False,167.99000244140626,0.0,0.0,False,0,0,0,27.4,7.25,True,5.129069969241354,-0.1537369914853315,16.246730001376864,0.11622852988644183,0.7746394946967161,1.5982564475117922,0.19557511306684816,1.0075002072669426,-0.23096055904300306,False,True,False,False,False,False
2021-09-30,Q1,168.47,168.86,146.49,-0.23,15.0,data/raw/spi_weekly/wayback/summary/2021-09-30_summary_weekly_spi_nb.pdf,2021-09-30,False,False,168.97999877929686,0.0,0.0,False,0,0,0,26.4,7.25,False,5.126757692398113,-0.23096055904300306,15.00443716294626,0.5893186043829601,-0.1537369914853315,0.7746394946967161,0.7563742832743747,0.11622852988644183,0.8844304623968791,False,True,False,False,False,False
2021-10-07,Q1,169.96,168.47,148.78,0.88,14.24,data/raw/spi_weekly/wayback/summary/2021-10-07_summary_weekly_spi_nb.pdf,2021-10-07,False,False,169.9945831298828,1.59,3.2,True,0,0,0,25.4,7.25,False,5.135563115246611,0.8844304623968791,14.23578437962092,0.6004168291604106,-0.23096055904300306,-0.1537369914853315,1.5982564475117922,0.5893186043829601,0.15297717109907794,False,True,False,False,False,False
2021-10-14,Q1,170.22,169.96,149.16,0.15,14.12,data/raw/spi_weekly/wayback/summary/2021-10-14_summary_weekly_spi_nb.pdf,2021-10-14,False,False,170.21651306152344,0.0,0.0,False,0,0,0,24.4,7.25,False,5.137091718048815,0.15297717109907794,14.11906677393404,0.1305511784873037,0.8844304623968791,-0.23096055904300306,0.7746394946967161,0.6004168291604106,0.9575843026671249,False,True,False,False,False,False
2021-10-21,Q1,171.85,170.22,148.51,0.96,15.72,data/raw/spi_weekly/wayback/summary/2021-10-21_summary_weekly_spi_nb.pdf,2021-10-21,False,False,171.53999938964844,10.06,8.19,True,0,0,0,23.4,7.25,False,5.1466220032958425,0.9575843026671249,15.716113393037512,0.7775311010199237,0.15297717109907794,0.8844304623968791,-0.1537369914853315,0.1305511784873037,1.2860052371254094,False,True,False,False,False,False
2021-10-28,Q1,174.06,171.85,151.34,1.29,15.01,data/raw/spi_weekly/wayback/summary/2021-10-28_summary_weekly_spi_nb.pdf,2021-10-28,False,False,173.6042907714844,0.0,0.0,False,0,0,0,22.4,7.25,False,5.159400067361368,1.2860052371254094,15.01255451301704,1.203387774968423,0.9575843026671249,0.15297717109907794,-0.23096055904300306,0.7775311010199237,0.9019878202918497,False,True,False,False,False,False
2021-11-04,Q1,175.63,174.06,150.84,0.9,16.43,data/raw/spi_weekly/wayback/summary/2021-11-04_summary_weekly_spi_nb.pdf,2021-11-04,False,False,170.70999755859376,0.0,0.0,False,0,0,0,21.4,7.25,False,5.168379509433644,0.9019878202918497,16.434632723415543,-1.6671783859883882,1.2860052371254094,0.9575843026671249,0.8844304623968791,1.203387774968423,1.5487103570005045,False,True,False,False,False,False
2021-11-11,Q1,178.35,175.63,150.35,1.55,18.62,data/raw/spi_weekly/wayback/summary/2021-11-11_summary_weekly_spi_nb.pdf,2021-11-11,False,False,170.23999633789063,6.04,5.78,True,0,0,0,20.4,7.25,False,5.1837479118049,1.5487103570005045,18.62321250415697,-0.27532143836028755,0.9019878202918497,1.2860052371254094,0.15297717109907794,-1.6671783859883882,0.39248668348752513,False,True,False,False,False,False
2021-11-18,Q1,179.05,178.35,150.95,0.39,18.62,data/raw/spi_weekly/wayback/summary/2021-11-18_summary_weekly_spi_nb.pdf,2021-11-18,False,False,174.02125244140626,0.0,0.0,False,0,0,0,19.4,7.25,False,5.187665096444442,0.39248668348752513,18.615435574693628,2.2211326273824827,1.5487103570005045,0.9019878202918497,0.9575843026671249,-0.27532143836028755,-0.8098296565205332,False,True,False,False,False,False
2021-11-25,Q1,177.6,179.05,149.42,-0.81,18.86,data/raw/spi_weekly/wayback/summary/2021-11-25_summary_weekly_spi_nb.pdf,2021-11-25,False,False,174.08734130859375,0.0,0.0,False,0,0,0,18.4,8.75,True,5.17953383055807,-0.8098296565205332,18.859590416276273,0.03797746899318888,0.39248668348752513,1.5487103570005045,1.2860052371254094,2.2211326273824827,-0.4673423423423362,False,True,False,False,False,False
2021-12-02,Q1,176.77,177.6,148.29,-0.47,19.21,data/raw/spi_weekly/wayback/summary/2021-12-02_summary_weekly_spi_nb.pdf,2021-12-02,False,False,175.3760955810547,0.0,0.0,False,0,0,0,17.4,8.75,False,5.174849452547792,-0.4673423423423362,19.205610627823866,0.7402917769744333,-0.8098296565205332,0.39248668348752513,0.9019878202918497,0.03797746899318888,-0.14142671267749485,False,True,False,False,False,False
2021-12-09,Q1,176.52,176.77,147.46,-0.14,19.71,data/raw/spi_weekly/wayback/summary/2021-12-09_summary_weekly_spi_nb.pdf,2021-12-09,False,False,175.90719299316407,0.0,0.0,False,0,0,0,16.4,8.75,False,5.173434184401347,-0.14142671267749485,19.707039197070397,0.30283341087606885,-0.4673423423423362,-0.8098296565205332,1.5487103570005045,0.7402917769744333,0.4532064355313725,False,True,False,False,False,False
2021-12-16,Q1,177.32,176.52,146.04,0.45,21.42,data/raw/spi_weekly/wayback/summary/2021-12-16_summary_weekly_spi_nb.pdf,2021-12-16,False,False,176.98464660644532,-3.48,-3.4,True,0,0,0,15.4,9.75,True,5.177956009876853,0.4532064355313725,21.418789372774594,0.6125125385424868,-0.14142671267749485,-0.4673423423423362,0.39248668348752513,0.30283341087606885,0.2819760884277045,False,True,False,False,False,False
2021-12-23,Q1,177.82,177.32,145.85,0.28,21.92,data/raw/spi_weekly/wayback/summary/2021-12-23_summary_weekly_spi_nb.pdf,2021-12-23,False,False,177.7532531738281,0.0,0.0,False,0,0,0,14.4,9.75,False,5.180771802692993,0.2819760884277045,21.91978059650326,0.43427866886776023,0.4532064355313725,-0.14142671267749485,-0.8098296565205332,0.6125125385424868,-0.7985603419187859,False,True,False,False,False,False
2021-12-30,Q1,176.4,177.82,144.68,-0.8,21.92,data/raw/spi_weekly/wayback/summary/2021-12-30_summary_weekly_spi_nb.pdf,2021-12-30,False,False,176.2300018310547,0.0,0.0,False,0,0,0,13.4,9.75,False,5.172754143572691,-0.7985603419187859,21.92424661321537,-0.8569470969309378,0.2819760884277045,0.4532064355313725,-0.4673423423423362,0.43427866886776023,-0.2777777777777879,False,True,False,False,False,False
2022-01-06,Q1,175.91,176.4,144.92,-0.28,21.38,data/raw/spi_weekly/wayback/summary/2022-01-06_summary_weekly_spi_nb.pdf,2022-01-06,False,False,176.9200012207031,2.75,2.68,True,0,0,0,12.4,9.75,False,5.169972500610814,-0.2777777777777879,21.384211979022915,0.3915334406623394,-0.7985603419187859,0.2819760884277045,-0.14142671267749485,-0.8569470969309378,-0.3012904326075816,False,True,False,False,False,False
2022-01-13,Q1,175.38,175.91,145.07,-0.3,20.89,data/raw/spi_weekly/wayback/summary/2022-01-13_summary_weekly_spi_nb.pdf,2022-01-13,False,False,175.87482299804688,0.0,0.0,False,0,0,0,11.4,9.75,False,5.16695504835121,-0.3012904326075816,20.893361825325705,-0.5907631785240564,-0.2777777777777879,-0.7985603419187859,0.4532064355313725,0.3915334406623394,0.017105713308240844,False,True,False,False,False,False
2022-01-20,Q1,175.41,175.38,145.15,0.02,20.85,data/raw/spi_weekly/wayback/summary/2022-01-20_summary_weekly_spi_nb.pdf,2022-01-20,False,False,175.58673095703125,2.09,2.07,True,0,0,0,10.4,9.75,False,5.167126090855689,0.017105713308240844,20.847399242163277,-0.163805163300057,-0.3012904326075816,-0.2777777777777879,0.2819760884277045,-0.5907631785240564,-0.06841115101762218,False,True,False,False,False,False
2022-01-27,Q1,175.29,175.41,145.78,-0.07,20.24,data/raw/spi_weekly/wayback/summary/2022-01-27_summary_weekly_spi_nb.pdf,2022-01-27,False,False,176.2,0.0,0.0,False,0,0,0,9.4,9.75,True,5.166441745234455,-0.06841115101762218,20.24283166415146,0.349268443934303,0.017105713308240844,-0.3012904326075816,-0.7985603419187859,-0.163805163300057,1.5403046380284113,False,True,False,False,False,False
2022-02-03,Q1,177.99,175.29,146.54,1.54,21.46,data/raw/spi_weekly/wayback/summary/2022-02-03_summary_weekly_spi_nb.pdf,2022-02-03,False,False,176.0082794189453,0.0,0.0,False,0,0,0,8.4,9.75,False,5.181727368938661,1.5403046380284113,21.461716937354993,-0.10880850230118311,-0.06841115101762218,0.017105713308240844,-0.2777777777777879,0.349268443934303,-0.23596831282657327,False,True,False,False,False,False
2022-02-10,Q1,177.57,177.99,147.67,-0.24,20.25,data/raw/spi_weekly/wayback/summary/2022-02-10_summary_weekly_spi.pdf,2022-02-10,False,False,174.2802520751953,0.0,0.0,False,0,0,0,7.4,9.75,False,5.179364897370744,-0.23596831282657327,20.24784993566737,-0.9817875326403547,1.5403046380284113,-0.06841115101762218,-0.3012904326075816,-0.10880850230118311,-0.16331587542940396,False,True,False,False,False,False
2022-02-17,Q1,177.28,177.57,148.48,-0.16,19.4,data/raw/spi_weekly/wayback/summary/2022-02-17_summary_weekly_spi.pdf,2022-02-17,False,False,174.62807922363282,6.52,8.12,True,0,0,0,6.4,9.75,False,5.177730403558919,-0.16331587542940396,19.396551724137943,0.19957920894413395,-0.23596831282657327,1.5403046380284113,0.017105713308240844,-0.9817875326403547,0.3384476534296077,False,True,False,False,False,False
2022-02-24,Q1,177.88,177.28,158.36,0.34,12.33,data/raw/spi_weekly/wayback/summary/2022-02-24_summary_weekly_spi.pdf,2022-02-24,False,False,175.22208557128906,0.0,0.0,False,0,0,0,5.4,9.75,False,5.1811091656424955,0.3384476534296077,12.326345036625398,0.34015511726239733,-0.16331587542940396,-0.23596831282657327,-0.06841115101762218,0.19957920894413395,0.1236788846413317,False,True,False,False,False,False
2022-03-03,Q1,178.1,177.88,159.21,0.12,11.86,data/raw/spi_weekly/wayback/summary/2022-03-03_summary_weekly_spi.pdf,2022-03-03,False,False,176.25739440917968,-6.43,-6.23,True,0,0,0,4.4,9.75,False,5.182345190295616,0.1236788846413317,11.864832611016896,0.5908552192579686,0.3384476534296077,-0.16331587542940396,1.5403046380284113,0.34015511726239733,0.47725996631104994,False,True,False,False,False,False
2022-03-10,Q1,178.95,178.1,157.69,0.48,13.48,data/raw/spi_weekly/wayback/summary/2022-03-10_summary_weekly_spi.pdf,2022-03-10,False,False,177.85528869628905,0.0,0.0,False,0,0,0,3.4,9.75,True,5.187106437212035,0.47725996631104994,13.482148519246628,0.9065686534545536,0.1236788846413317,0.3384476534296077,-0.23596831282657327,0.5908552192579686,-0.9946912545403697,False,True,False,False,False,False
2022-03-17,Q1,177.17,178.95,157.61,-0.99,12.41,data/raw/spi_weekly/wayback/summary/2022-03-17_summary_weekly_spi.pdf,2022-03-17,False,False,178.55,0.0,0.0,False,0,0,0,2.4,9.75,False,5.177109723612346,-0.9946912545403697,12.410380052027147,0.39060480506558637,0.47725996631104994,0.1236788846413317,-0.16331587542940396,0.9065686534545536,1.2417452164587672,False,True,False,False,False,False
2022-03-24,Q1,179.37,177.17,158.43,1.24,13.22,data/raw/spi_weekly/wayback/summary/2022-03-24_summary_weekly_spi.pdf,2022-03-24,False,False,180.1953369140625,0.0,0.0,False,0,0,0,1.4,9.75,False,5.189450711560923,1.2417452164587672,13.21719371331187,0.9214992517851961,-0.9946912545403697,0.47725996631104994,0.3384476534296077,0.39060480506558637,0.9143112003122011,False,True,False,False,False,False
2022-03-31,Q1,181.01,179.37,157.93,0.91,14.61,data/raw/spi_weekly/wayback/summary/2022-03-31_summary_weekly_spi.pdf,2022-03-31,False,False,181.6449951171875,0.0,0.0,False,0,0,0,0.4,9.75,False,5.198552278358462,0.9143112003122011,14.61406952447286,0.8044926289165755,1.2417452164587672,-0.9946912545403697,0.1236788846413317,0.9214992517851961,1.845201922545714,False,True,False,False,False,False
2022-04-07,Q1,184.35,181.01,158.74,1.85,16.13,data/raw/spi_weekly/wayback/summary/2022-04-07_summary_weekly_spi.pdf,2022-04-07,False,False,183.67746276855468,0.0,0.0,False,5,0,0,50.0,12.25,True,5.216836124680153,1.845201922545714,16.133299735416394,1.1189230124705185,0.9143112003122011,1.2417452164587672,0.47725996631104994,0.8044926289165755,-1.0143748304854872,False,True,False,False,False,False
2022-04-14,Q1,182.48,184.35,159.61,-1.01,14.33,data/raw/spi_weekly/wayback/summary/2022-04-14_summary_weekly_spi.pdf,2022-04-14,False,False,183.08999938964843,0.0,0.0,False,7,0,0,49.0,12.25,False,5.206640577976133,-1.0143748304854872,14.328676148110997,-0.31983421920765975,1.845201922545714,0.9143112003122011,-0.9946912545403697,1.1189230124705185,-1.6220955721174768,False,True,False,False,False,False
2022-04-21,Q1,179.52,182.48,158.95,-1.62,12.94,data/raw/spi_weekly/wayback/summary/2022-04-21_summary_weekly_spi.pdf,2022-04-21,False,False,182.43000183105468,0.0,0.0,False,7,0,0,48.0,12.25,False,5.190286622334331,-1.6220955721174768,12.941176470588257,-0.36047712097543316,-1.0143748304854872,1.845201922545714,1.2417452164587672,-0.31983421920765975,0.45677361853833087,False,True,False,False,False,False
2022-04-28,Q1,180.34,179.52,159.19,0.46,13.29,data/raw/spi_weekly/wayback/summary/2022-04-28_summary_weekly_spi.pdf,2022-04-28,False,False,186.02614135742186,0.0,0.0,False,7,0,0,47.0,12.25,False,5.19484395807176,0.45677361853833087,13.286010427790696,1.9712434853218497,-1.6220955721174768,-1.0143748304854872,0.9143112003122011,-0.36047712097543316,0.0,False,True,False,False,False,False
2022-05-05,Q1,180.34,,,,,,,True,False,185.37000122070313,,,,4,3,0,46.0,12.25,False,5.19484395807176,0.0,,-0.35271394220774965,0.45677361853833087,-1.6220955721174768,1.845201922545714,1.9712434853218497,0.9371187756459953,False,True,False,False,False,False
2022-05-12,Q1,182.03,180.34,159.78,0.94,13.93,data/raw/spi_weekly/wayback/summary/2022-05-12_summary_weekly_spi.pdf,2022-05-12,False,False,187.35999755859376,0.0,0.0,False,0,0,0,45.0,12.25,False,5.204171508657807,0.9371187756459953,13.92539742145451,1.0735266358019357,0.0,0.45677361853833087,-1.0143748304854872,-0.35271394220774965,1.461297588309618,False,True,False,False,False,False
2022-05-19,Q1,184.69,182.03,160.83,1.46,14.84,data/raw/spi_weekly/wayback/summary/2022-05-19_summary_weekly_spi.pdf,2022-05-19,False,False,194.03999938964844,0.0,0.0,False,0,0,0,44.0,12.25,False,5.21867874388782,1.461297588309618,14.835540632966481,3.5653298025719815,0.9371187756459953,0.0,-1.6220955721174768,1.0735266358019357,-0.38442796036601834,False,True,False,False,False,False
2022-05-26,Q1,183.98,184.69,160.06,-0.38,14.94,data/raw/spi_weekly/wayback/summary/2022-05-26_summary_weekly_spi.pdf,2022-05-26,False,False,200.5,0.0,0.0,False,0,0,0,43.0,13.75,True,5.214827056049011,-0.38442796036601834,14.944395851555669,3.329210797088966,1.461297588309618,0.9371187756459953,0.45677361853833087,3.5653298025719815,1.0218502011088315,False,True,False,False,False,False
2022-06-02,Q1,185.86,183.98,159.31,1.02,16.67,data/raw/spi_weekly/wayback/summary/2022-06-02_summary_weekly_spi.pdf,2022-06-02,False,False,199.01598510742187,20.69,19.91,True,0,0,0,42.0,13.75,False,5.2249937021291935,1.0218502011088315,16.665620488356048,-0.7401570536549329,-0.38442796036601834,1.461297588309618,0.0,3.329210797088966,1.7217260303454163,False,True,False,False,False,False
2022-06-09,Q1,189.06,185.86,158.9,1.72,18.98,data/raw/spi_weekly/wayback/summary/2022-06-09_summary_weekly_spi.pdf,2022-06-09,False,False,198.759521484375,17.18,16.61,True,0,0,0,41.0,13.75,False,5.242064424997238,1.7217260303454163,18.980490874763987,-0.12886584105715748,1.0218502011088315,-0.38442796036601834,0.9371187756459953,-0.7401570536549329,2.8456574632391707,False,True,False,False,False,False
2022-06-16,Q1,194.44,189.06,159.18,2.85,22.15,data/raw/spi_weekly/wayback/summary/2022-06-16_summary_weekly_spi.pdf,2022-06-16,False,False,203.49714050292968,28.91,11.43,True,0,0,0,40.0,13.75,False,5.270123632177254,2.8456574632391707,22.151023997989693,2.383593491860525,1.7217260303454163,1.0218502011088315,1.461297588309618,-0.12886584105715748,1.3474593704998927,False,True,False,False,False,False
2022-06-23,Q1,197.06,194.44,160.25,1.35,22.97,data/raw/spi_weekly/wayback/summary/2022-06-23_summary_weekly_spi.pdf,2022-06-23,False,False,209.0722442626953,0.0,0.0,False,0,0,0,39.0,13.75,False,5.283508250894329,1.3474593704998927,22.970358814352565,2.7396472235369673,2.8456574632391707,1.7217260303454163,-0.38442796036601834,2.383593491860525,3.7907236374708164,False,True,False,False,False,False
2022-06-30,Q1,204.53,197.06,161.32,3.79,26.79,data/raw/spi_weekly/wayback/summary/2022-07-01_summary_weekly_spi.pdf,2022-06-30,False,False,206.15863647460938,0.0,0.0,False,0,0,0,38.0,13.75,False,5.320714663990075,3.7907236374708164,26.78527151004215,-1.393588995211159,1.3474593704998927,2.8456574632391707,1.0218502011088315,2.7396472235369673,0.8311739109177152,False,True,False,False,False,False
2022-07-07,Q1,206.23,204.53,161.99,0.83,27.31,data/raw/spi_weekly/wayback/summary/2022-07-06_summary_weekly_spi.pdf,2022-07-06,False,False,203.91466064453124,5.06,6.36,True,0,0,0,37.0,15.0,True,5.328992050815955,0.8311739109177152,27.310327798012214,-1.0884704460850991,3.7907236374708164,1.3474593704998927,1.7217260303454163,-1.393588995211159,-0.053338505552047444,False,True,False,False,False,False
2022-07-14,Q1,206.12,206.23,162.77,-0.05,26.63,data/raw/spi_weekly/wayback/summary/2022-07-14_summary_weekly_spi.pdf,2022-07-14,False,False,206.3933319091797,0.0,0.0,False,0,0,3,36.0,15.0,False,5.328458523460023,-0.053338505552047444,26.6326718682804,1.2155434321465153,0.8311739109177152,3.7907236374708164,2.8456574632391707,-1.0884704460850991,0.32505336697068454,False,True,False,False,False,False
2022-07-21,Q1,206.79,206.12,162.77,0.33,27.04,data/raw/spi_weekly/wayback/summary/2022-07-21_summary_weekly_spi.pdf,2022-07-21,False,False,214.80025939941407,-14.62,-7.41,True,0,0,0,35.0,15.0,False,5.33170378556567,0.32505336697068454,27.044295631873183,4.073255377229779,-0.053338505552047444,0.8311739109177152,1.3474593704998927,1.2155434321465153,3.2690168770250105,False,True,False,False,False,False
2022-07-28,Q1,213.55,206.79,162.73,3.27,31.23,data/raw/spi_weekly/wayback/summary/2022-07-28_summary_weekly_spi.pdf,2022-07-28,False,False,229.11680603027344,0.0,0.0,False,0,0,0,34.0,15.0,False,5.363870997287475,3.2690168770250105,31.229644195907348,6.665050903983416,0.32505336697068454,-0.053338505552047444,3.7907236374708164,4.073255377229779,1.1613205338328214,False,True,False,False,False,False
2022-08-04,Q1,216.03,213.55,162.57,1.16,32.88,data/raw/spi_weekly/wayback/summary/2022-08-04_summary_weekly_spi.pdf,2022-08-04,False,False,236.42499923706055,3.78,-1.29,True,0,0,0,33.0,15.0,False,5.375417286928885,1.1613205338328214,32.884295995571144,3.1897237629183284,3.2690168770250105,0.32505336697068454,0.8311739109177152,6.665050903983416,-0.12498264129982006,False,True,False,False,False,False
2022-08-11,Q1,215.76,216.03,163.62,-0.12,31.87,data/raw/spi_weekly/wayback/summary/2022-08-11_summary_weekly_spi.pdf,2022-08-11,False,False,223.5317840576172,0.0,0.0,False,0,0,0,32.0,15.0,False,5.374166678831474,-0.12498264129982006,31.866519985331855,-5.453406036184649,1.1613205338328214,3.2690168770250105,-0.053338505552047444,3.1897237629183284,1.7982944011865065,False,True,False,False,False,False
2022-08-18,Q1,219.64,215.76,163.62,1.8,34.24,data/raw/spi_weekly/wayback/summary/2022-08-18_summary_weekly_spi.pdf,2022-08-18,False,False,214.97715759277344,-0.18,2.96,True,0,0,0,31.0,15.0,False,5.391989842410672,1.7982944011865065,34.237868231267555,-3.8270291184356653,-0.12498264129982006,1.1613205338328214,0.32505336697068454,-5.453406036184649,2.6588963758878092,False,True,False,False,False,False
2022-08-25,Q1,225.48,219.64,163.94,2.66,37.54,data/raw/spi_weekly/wayback/summary/2022-08-25_summary_weekly_spi.pdf,2022-08-25,False,False,215.43961486816406,0.0,0.0,False,0,0,0,30.0,15.0,True,5.418231463213374,2.6588963758878092,37.53812370379406,0.21511926223651834,1.7982944011865065,-0.12498264129982006,3.2690168770250105,-3.8270291184356653,1.6276388149725207,False,True,False,False,False,False
2022-09-01,Q1,229.15,225.48,165.18,1.63,38.73,data/raw/spi_weekly/wayback/summary/2022-09-01_summary_weekly_spi.pdf,2022-09-01,False,False,219.76591796875,1.19,0.88,True,0,0,0,29.0,15.0,False,5.434376810955133,1.6276388149725207,38.727448843685664,2.0081279402738295,2.6588963758878092,1.7982944011865065,1.1613205338328214,0.21511926223651834,-1.5186559022474455,False,True,False,False,False,False
2022-09-08,Q1,225.67,229.15,167.82,-1.52,34.47,data/raw/spi_weekly/wayback/summary/2022-09-08_summary_weekly_spi.pdf,2022-09-08,False,False,220.0999969482422,0.0,0.0,False,0,0,0,28.0,15.0,False,5.419073755183819,-1.5186559022474455,34.47145751400309,0.15201582783173073,1.6276388149725207,2.6588963758878092,-0.12498264129982006,2.0081279402738295,-0.3057561926707142,False,True,False,False,False,False
2022-09-15,Q1,224.98,225.67,169.12,-0.31,33.03,data/raw/spi_weekly/wayback/summary/2022-09-15_summary_weekly_spi.pdf,2022-09-15,False,False,228.35917053222656,0.0,0.0,False,0,0,0,27.0,15.0,False,5.4160115093646795,-0.3057561926707142,33.0298013245033,3.7524641974104878,-1.5186559022474455,1.6276388149725207,1.7982944011865065,0.15201582783173073,-8.445195128455863,False,True,False,False,False,False
2022-09-22,Q1,205.98,224.98,168.86,-8.45,21.98,data/raw/spi_weekly/wayback/summary/2022-09-22_summary_weekly_spi.pdf,2022-09-22,False,False,237.4625015258789,0.0,0.6,False,0,0,0,26.0,15.0,False,5.327779076697656,-8.445195128455863,21.98270756839984,3.9864092046032695,-0.3057561926707142,-1.5186559022474455,2.6588963758878092,3.7524641974104878,1.553548888241596,False,True,False,False,False,False
2022-09-29,Q1,209.18,205.98,168.47,1.55,24.16,data/raw/spi_weekly/wayback/summary/2022-09-29_summary_weekly_spi.pdf,2022-09-29,False,False,237.1417236328125,0.0,0.0,False,0,0,0,25.0,15.0,False,5.3431951253261225,1.553548888241596,24.164539680655306,-0.13508570448182988,-8.445195128455863,-0.3057561926707142,1.6276388149725207,3.9864092046032695,1.219045797877416,False,True,False,False,False,False
2022-10-06,Q1,211.73,209.18,169.96,1.22,24.58,data/raw/spi_weekly/wayback/summary/2022-10-06_summary_weekly_spi.pdf,2022-10-06,False,False,226.58133850097656,-4.87,-5.29,True,0,0,0,24.0,15.0,False,5.355311878067845,1.219045797877416,24.576370910802538,-4.453195738843297,1.553548888241596,-8.445195128455863,-1.5186559022474455,-0.13508570448182988,-0.7934633731639273,False,True,False,False,False,False
2022-10-13,Q1,210.05,211.73,170.22,-0.79,23.4,data/raw/spi_weekly/wayback/summary/2022-10-13_summary_weekly_spi.pdf,2022-10-13,False,False,218.73325805664064,0.0,0.0,False,0,0,0,23.0,15.0,True,5.347345597615391,-0.7934633731639273,23.399130536952196,-3.463692330647128,1.219045797877416,1.553548888241596,-0.3057561926707142,-4.453195738843297,0.3475363008807353,False,True,False,False,False,False
2022-10-20,Q1,210.78,210.05,171.85,0.35,22.65,data/raw/spi_weekly/wayback/summary/2022-10-20_summary_weekly_spi.pdf,2022-10-20,False,False,219.1,0.0,0.0,False,0,0,0,22.0,15.0,False,5.350814935505791,0.3475363008807353,22.653476869362834,0.16766629209372663,-0.7934633731639273,1.219045797877416,-8.445195128455863,-3.463692330647128,4.639908909763735,False,True,False,False,False,False
2022-10-27,Q1,220.56,210.78,174.08,4.64,26.7,data/raw/spi_weekly/wayback/summary/2022-10-27_summary_weekly_spi.pdf,2022-10-27,False,False,219.07006225585937,0.0,0.0,False,0,0,0,21.0,15.0,False,5.396169766715541,4.639908909763735,26.70036764705881,-0.01366396355118038,0.3475363008807353,-0.7934633731639273,1.553548888241596,0.16766629209372663,0.9022488211824387,False,True,False,False,False,False
2022-11-03,Q1,222.55,220.56,175.63,0.9,26.72,data/raw/spi_weekly/wayback/summary/2022-11-03_summary_weekly_spi.pdf,2022-11-03,False,False,220.61000061035156,0.0,0.0,False,0,0,0,20.0,15.0,False,5.4051517954618635,0.9022488211824387,26.715253658258842,0.7029433134928542,4.639908909763735,0.3475363008807353,1.219045797877416,-0.01366396355118038,1.1143563244214727,False,True,False,False,False,False
2022-11-10,Q1,225.03,222.55,178.35,1.11,26.17,data/raw/spi_weekly/wayback/summary/2022-11-10_summary_weekly_spi.pdf,2022-11-10,False,False,220.41961669921875,0.0,0.0,False,0,0,0,19.0,15.0,False,5.416233726649654,1.1143563244214727,26.17325483599664,-0.08629885798743242,0.9022488211824387,4.639908909763735,-0.7934633731639273,0.7029433134928542,0.9598720170644004,False,True,False,False,False,False
2022-11-17,Q1,227.19,225.03,179.05,0.96,26.89,data/raw/spi_weekly/wayback/summary/2022-11-17_summary_weekly_spi.pdf,2022-11-17,False,False,220.70864562988282,0.0,0.0,False,0,0,0,18.0,15.0,False,5.4257866717938406,0.9598720170644004,26.886344596481425,0.1311266823671442,1.1143563244214727,0.9022488211824387,0.3475363008807353,-0.08629885798743242,0.45776662705223625,False,True,False,False,False,False
2022-11-24,Q1,228.23,227.19,177.6,0.46,28.51,data/raw/spi_weekly/wayback/summary/2022-11-24_summary_weekly_spi.pdf,2022-11-24,False,False,222.76000061035157,0.0,0.0,False,0,0,0,17.0,15.0,False,5.430353892415786,0.45776662705223625,28.507882882882885,0.9294402467172835,0.9598720170644004,1.1143563244214727,4.639908909763735,0.1311266823671442,-0.341760504753974,False,True,False,False,False,False
2022-12-01,Q1,227.45,228.23,176.77,-0.34,28.67,data/raw/spi_weekly/wayback/summary/2022-12-01_summary_weekly_spi.pdf,2022-12-01,False,False,223.34830627441406,0.0,0.0,False,0,0,0,16.0,16.0,True,5.426930434016013,-0.341760504753974,28.670023193980864,0.26409842990238186,0.45776662705223625,0.9598720170644004,0.9022488211824387,0.9294402467172835,0.0,False,True,False,False,False,False
2022-12-08,Q1,227.45,227.45,176.52,0.0,28.85,data/raw/spi_weekly/wayback/summary/2022-12-08_summary_weekly_spi.pdf,2022-12-08,False,False,223.33275146484374,0.0,0.0,False,0,0,0,15.0,16.0,False,5.426930434016013,0.0,28.852254702016754,-0.0069643731935076225,-0.341760504753974,0.45776662705223625,1.1143563244214727,0.26409842990238186,-0.7737964387777518,False,True,False,False,False,False
2022-12-15,Q1,225.69,227.45,177.32,-0.77,27.28,data/raw/spi_weekly/wayback/summary/2022-12-15_summary_weekly_spi.pdf,2022-12-15,False,False,223.92320556640624,0.0,0.0,False,0,0,0,14.0,16.0,False,5.41916237624024,-0.7737964387777518,27.278366794495824,0.26438312235428363,0.0,-0.341760504753974,0.9598720170644004,-0.0069643731935076225,-0.04430856484558543,False,True,False,False,False,False
2022-12-22,Q1,225.59,225.69,177.82,-0.04,26.86,data/raw/spi_weekly/wayback/summary/2022-12-22_summary_weekly_spi.pdf,2022-12-22,False,False,224.61499938964843,-3.2,-4.45,True,0,0,0,13.0,16.0,False,5.418719192400332,-0.04430856484558543,26.86424474187381,0.3089424436794497,-0.7737964387777518,0.0,0.45776662705223625,0.26438312235428363,-0.06649230905625414,False,True,False,False,False,False
2022-12-29,Q1,225.44,225.59,176.4,-0.07,27.8,data/raw/spi_weekly/wayback/summary/2022-12-29_summary_weekly_spi.pdf,2022-12-29,False,False,225.47999877929686,0.0,0.0,False,0,0,0,12.0,16.0,False,5.4180540481503705,-0.06649230905625414,27.80045351473923,0.3851031284637818,-0.04430856484558543,-0.7737964387777518,-0.341760504753974,0.3089424436794497,1.1266855926188812,False,True,False,False,False,False
2023-01-05,Q1,227.98,225.44,175.91,1.13,29.6,data/raw/spi_weekly/wayback/summary/2023-01-05_summary_weekly_spi.pdf,2023-01-05,False,False,226.0849365234375,0.0,0.0,False,0,0,0,11.0,16.0,False,5.429257905808632,1.1266855926188812,29.600363822409182,0.2682888714811371,-0.06649230905625414,-0.04430856484558543,0.0,0.3851031284637818,0.6579524519694679,False,True,False,False,False,False
2023-01-12,Q1,229.48,227.98,175.38,0.66,30.85,data/raw/spi_weekly/wayback/summary/2023-01-12_summary_weekly_spi.pdf,2023-01-12,False,False,227.4,0.0,0.0,False,0,0,0,10.0,16.0,False,5.435815879733671,0.6579524519694679,30.84730299920173,0.581667888530979,1.1266855926188812,-0.06649230905625414,-0.7737964387777518,0.2682888714811371,-0.25274533728428805,False,True,False,False,False,False
2023-01-19,Q1,228.9,229.48,175.41,-0.25,30.49,data/raw/spi_weekly/wayback/summary/2023-01-19_summary_weekly_spi.pdf,2023-01-19,False,False,227.70220642089845,0.0,0.0,False,0,0,0,9.0,16.0,False,5.433285226958521,-0.25274533728428805,30.494270566102276,0.1328964032095259,0.6579524519694679,1.1266855926188812,-0.04430856484558543,0.581667888530979,0.4062909567496664,False,True,False,False,False,False
2023-01-26,Q1,229.83,228.9,175.29,0.41,31.11,data/raw/spi_weekly/wayback/summary/2023-01-26_summary_weekly_spi.pdf,2023-01-26,False,False,229.42153625488282,0.0,0.0,False,0,0,0,8.0,17.0,True,5.437339905196839,0.4062909567496664,31.114153688173896,0.7550782493544572,-0.25274533728428805,0.6579524519694679,-0.06649230905625414,0.1328964032095259,1.7099595353087027,False,True,False,False,False,False
2023-02-02,Q1,233.76,229.83,177.99,1.71,31.33,data/raw/spi_weekly/wayback/summary/2023-02-02_summary_weekly_spi.pdf,2023-02-02,False,False,260.43035888671875,15.3,16.22,True,0,0,0,7.0,17.0,False,5.4542949480023895,1.7099595353087027,31.333220967470066,13.516090571979134,0.4062909567496664,-0.25274533728428805,1.1266855926188812,0.7550782493544572,-0.06416837782340368,False,True,False,False,False,False
2023-02-09,Q1,233.61,233.76,177.57,-0.06,31.56,data/raw/spi_weekly/wayback/summary/2023-02-09_summary_weekly_spi.pdf,2023-02-09,False,False,274.2564208984375,0.0,0.0,False,0,0,0,6.0,17.0,False,5.453653058257005,-0.06416837782340368,31.55938503125528,5.308928678984315,1.7099595353087027,0.4062909567496664,0.6579524519694679,13.516090571979134,2.452805958649029,False,True,False,False,False,False
2023-02-16,Q1,239.34,233.61,177.28,2.45,35.01,data/raw/spi_weekly/wayback/summary/2023-02-16_summary_weekly_spi.pdf,2023-02-16,False,False,266.7633056640625,6.49,8.82,True,0,0,0,5.0,17.0,False,5.47788513514537,2.452805958649029,35.0067689530686,-2.7321567202796215,-0.06416837782340368,1.7099595353087027,-0.25274533728428805,5.308928678984315,2.423330826439374,False,True,False,False,False,False
2023-02-23,Q1,245.14,239.34,177.88,2.42,37.81,data/raw/spi_weekly/wayback/summary/2023-02-23_summary_weekly_spi.pdf,2023-02-23,False,False,260.767431640625,0.0,0.0,False,0,0,0,4.0,17.0,False,5.501829475913019,2.423330826439374,37.81200809534517,-2.2476382231475966,2.452805958649029,-0.06416837782340368,0.4062909567496664,-2.7321567202796215,-0.08158603247123697,False,True,False,False,False,False
2023-03-02,Q1,244.94,245.14,178.1,-0.08,37.53,data/raw/spi_weekly/wayback/summary/2023-03-02_summary_weekly_spi.pdf,2023-03-02,False,False,260.2123107910156,0.0,-1.8,True,0,0,0,3.0,20.0,True,5.501013282593141,-0.08158603247123697,37.52947782144862,-0.21287967063862157,2.423330826439374,2.452805958649029,1.7099595353087027,-2.2476382231475966,1.616722462643927,False,True,False,False,False,False
2023-03-09,Q1,248.9,244.94,178.95,1.62,39.09,data/raw/spi_weekly/wayback/summary/2023-03-09_summary_weekly_spi.pdf,2023-03-09,False,False,277.0899963378906,0.0,0.0,False,0,0,0,2.0,20.0,False,5.517051209373546,1.616722462643927,39.08913104219056,6.48612108150024,-0.08158603247123697,2.423330826439374,-0.06416837782340368,-0.21287967063862157,0.5905986339895586,False,True,False,False,False,False
2023-03-16,Q1,250.37,248.9,177.17,0.59,41.32,data/raw/spi_weekly/wayback/summary/2023-03-16_summary_weekly_spi.pdf,2023-03-16,False,False,281.2890869140625,4.65,1.84,True,0,0,0,1.0,20.0,False,5.522939823741646,0.5905986339895586,41.316249929446315,1.5154248192531083,1.616722462643927,-0.08158603247123697,2.452805958649029,6.48612108150024,2.895714342772693,False,True,False,False,False,False
2023-03-23,Q1,257.62,250.37,179.37,2.9,43.62,data/raw/spi_weekly/wayback/summary/2023-03-22_summary_weekly_spi.pdf,2023-03-22,False,False,280.2771423339844,0.0,0.0,False,1,0,0,0.0,20.0,False,5.5514856309679415,2.895714342772693,43.62490940514021,-0.3597525205047525,0.5905986339895586,1.616722462643927,2.423330826439374,1.5154248192531083,-0.4231037962891149,False,True,False,False,False,False
2023-03-30,Q1,256.53,257.62,181.01,-0.42,41.72,data/raw/spi_weekly/wayback/summary/2023-03-30_summary_weekly_spi.pdf,2023-03-30,False,False,282.1512145996094,0.0,0.0,False,7,0,0,49.7,20.0,False,5.547245616835974,-0.4231037962891149,41.721451853488745,0.6686496979449785,2.895714342772693,0.5905986339895586,-0.08158603247123697,-0.3597525205047525,0.9160721942852668,False,True,False,False,False,False
2023-04-06,Q1,258.88,256.53,184.35,0.92,40.43,data/raw/spi_weekly/wayback/summary/2023-04-06_summary_weekly_spi.pdf,2023-04-06,False,False,285.1199951171875,0.0,0.0,False,7,0,0,48.7,21.0,True,5.5563646338701265,0.9160721942852668,40.42853268239761,1.0521948387821167,-0.4231037962891149,2.895714342772693,1.616722462643927,0.6686496979449785,-0.69144004944377,False,True,False,False,False,False
2023-04-13,Q1,257.09,258.88,182.48,-0.69,40.89,data/raw/spi_weekly/wayback/summary/2023-04-13_summary_weekly_spi.pdf,2023-04-13,False,False,285.0419128417969,0.0,0.0,False,7,0,0,47.7,21.0,False,5.549426218143949,-0.69144004944377,40.88667251205611,-0.027385759233944373,0.9160721942852668,-0.4231037962891149,0.5905986339895586,1.0521948387821167,0.24894005990121482,False,True,False,False,False,False
2023-04-20,Q1,257.73,257.09,179.52,0.25,43.57,data/raw/spi_weekly/wayback/summary/2023-04-19_summary_weekly_spi.pdf,2023-04-19,False,False,281.8388244628906,0.0,3.67,True,7,0,0,46.7,21.0,False,5.551912525318075,0.24894005990121482,43.566176470588246,-1.1237254012830156,-0.69144004944377,0.9160721942852668,2.895714342772693,-0.027385759233944373,0.15132115004072855,False,True,False,False,False,False
2023-04-27,Q1,258.12,257.73,180.34,0.15,43.13,data/raw/spi_weekly/wayback/summary/2023-04-27_summary_weekly_spi.pdf,2023-04-27,False,False,281.99017944335935,0.0,0.0,False,1,3,0,45.7,21.0,False,5.553424593067639,0.15132115004072855,43.129644005766885,0.053702672354383196,0.24894005990121482,-0.69144004944377,-0.4231037962891149,-1.1237254012830156,0.9375484270881751,False,True,False,False,False,False
2023-05-04,Q1,260.54,258.12,180.34,0.94,44.47,data/raw/spi_weekly/wayback/summary/2023-05-04_summary_weekly_spi.pdf,2023-05-04,False,False,282.31569213867186,-1.7,0.0,True,0,0,0,44.7,21.0,False,5.562756400269418,0.9375484270881751,44.47155373183986,0.11543405375147309,0.15132115004072855,0.24894005990121482,0.9160721942852668,0.053702672354383196,0.37998004145234354,False,True,False,False,False,False
2023-05-11,Q1,261.53,260.54,182.03,0.38,43.67,data/raw/spi_weekly/wayback/summary/2023-05-11_summary_weekly_spi.pdf,2023-05-11,False,False,283.5159973144531,0.0,0.0,False,0,0,0,43.7,21.0,False,5.566548999678171,0.37998004145234354,43.67411965060703,0.4251641723095112,0.9375484270881751,0.15132115004072855,-0.69144004944377,0.11543405375147309,0.04588383741828128,False,True,False,False,False,False
2023-05-18,Q1,261.65,261.53,184.69,0.05,41.67,data/raw/spi_weekly/wayback/summary/2023-05-18_summary_weekly_spi.pdf,2023-05-18,False,False,286.32017822265624,-10.38,-4.24,True,0,0,0,42.7,21.0,False,5.567007732818217,0.04588383741828128,41.66982511235042,0.9890732568056615,0.37998004145234354,0.9375484270881751,0.24894005990121482,0.4251641723095112,-0.33632715459582796,False,True,False,False,False,False
2023-05-25,Q1,260.77,261.65,183.98,-0.34,41.74,data/raw/spi_weekly/wayback/summary/2023-05-25_summary_weekly_spi.pdf,2023-05-25,False,False,285.62123413085936,0.0,0.0,False,0,0,0,41.7,21.0,False,5.5636387927611155,-0.33632715459582796,41.73823241656702,-0.24411276080351652,0.04588383741828128,0.37998004145234354,0.15132115004072855,0.9890732568056615,-0.07669593895003324,False,True,False,False,False,False
2023-06-01,Q1,260.57,260.77,185.86,-0.08,40.2,data/raw/spi_weekly/wayback/summary/2023-06-01_summary_weekly_spi.pdf,2023-06-01,False,False,284.8052612304688,-1.94,-2.96,True,0,0,0,40.7,21.0,False,5.562871539107794,-0.07669593895003324,40.196922414720746,-0.2856835567122906,-0.33632715459582796,0.04588383741828128,0.9375484270881751,-0.24411276080351652,0.3031814867406224,False,True,False,False,False,False
2023-06-08,Q1,261.36,260.57,189.06,0.3,38.24,data/raw/spi_weekly/wayback/summary/2023-06-08_summary_weekly_spi.pdf,2023-06-08,False,False,285.3770690917969,0.0,0.0,False,0,0,0,39.7,21.0,False,5.565898767292815,0.3031814867406224,38.24182799111393,0.20077152327091508,-0.07669593895003324,-0.33632715459582796,0.37998004145234354,-0.2856835567122906,0.11478420569330794,False,True,False,False,False,False
2023-06-15,Q1,261.66,261.36,194.44,0.11,34.57,data/raw/spi_weekly/wayback/summary/2023-06-15_summary_weekly_spi.pdf,2023-06-15,False,False,286.6101013183594,0.0,0.0,False,0,0,0,38.7,21.0,True,5.56704595108273,0.11478420569330794,34.571075910306526,0.432071234905651,0.3031814867406224,-0.07669593895003324,0.04588383741828128,0.20077152327091508,0.5235802186042804,False,True,False,False,False,False
2023-06-22,Q1,263.03,261.66,197.06,0.52,33.48,data/raw/spi_weekly/wayback/summary/2023-06-22_summary_weekly_spi.pdf,2023-06-22,False,False,286.52321166992186,0.0,0.0,False,0,0,0,37.7,21.0,False,5.572268094113519,0.5235802186042804,33.47711356947121,-0.030316324525148097,0.11478420569330794,0.3031814867406224,-0.33632715459582796,0.432071234905651,0.0,False,True,False,False,False,False
2023-06-29,Q1,263.03,,,,,,,True,False,285.58369140625,,,,0,0,1,36.7,22.0,True,5.572268094113519,0.0,,-0.32790371788593564,0.5235802186042804,0.11478420569330794,-0.07669593895003324,-0.030316324525148097,1.0835265939246552,False,True,False,False,False,False
2023-07-06,Q1,265.88,263.03,206.23,1.08,28.92,data/raw/spi_weekly/wayback/summary/2023-07-06_summary_weekly_spi.pdf,2023-07-06,False,False,281.19697265625,2.95,0.0,True,0,0,2,35.7,22.0,False,5.583045079173381,1.0835265939246552,28.924016874363588,-1.5360536620278475,0.0,0.5235802186042804,0.3031814867406224,-0.32790371788593564,0.5115089514066584,False,True,False,False,False,False
2023-07-13,Q1,267.24,265.88,206.12,0.51,29.65,data/raw/spi_weekly/pbs_live/summary/2023-07-13_summary_live.pdf,2023-07-13,False,False,276.5734130859375,0.0,0.0,False,0,0,0,34.7,22.0,False,5.588147131057276,0.5115089514066584,29.65262953619252,-1.644242299850296,1.0835265939246552,0.0,0.11478420569330794,-1.5360536620278475,0.5126478072144947,False,True,False,False,False,False
2023-07-20,Q1,268.61,267.24,206.79,0.51,29.9,data/raw/spi_weekly/pbs_live/summary/2023-07-20_summary_live.pdf,2023-07-20,False,False,277.7791259765625,-2.64,-3.4,True,0,0,0,33.7,22.0,False,5.593260513478021,0.5126478072144947,29.89506262391799,0.43594678070171256,0.5115089514066584,1.0835265939246552,0.5235802186042804,-1.644242299850296,2.490599754290601,False,True,False,False,False,False
2023-07-27,Q1,275.3,268.61,213.55,2.49,28.92,data/raw/spi_weekly/wayback/summary/2023-07-26_summary_weekly_spi.pdf,2023-07-26,False,False,286.3264892578125,0.0,0.0,False,0,0,0,32.7,22.0,False,5.617861412148562,2.490599754290601,28.91594474361976,3.077035846808429,0.5126478072144947,0.5115089514066584,0.0,0.43594678070171256,0.817290228841272,False,True,False,False,False,False
2023-08-03,Q1,277.55,275.3,216.03,0.82,28.48,data/raw/spi_weekly/wayback/summary/2023-08-03_summary_weekly_spi.pdf,2023-08-03,False,False,285.56980590820314,7.82,7.86,True,0,0,0,31.7,22.0,True,5.626001097136171,0.817290228841272,28.47752626949962,-0.2642729115181708,2.490599754290601,0.5126478072144947,1.0835265939246552,3.077035846808429,0.7602233831742078,False,True,False,False,False,False
2023-08-10,Q1,279.66,277.55,215.76,0.76,29.62,data/raw/spi_weekly/wayback/summary/2023-08-10_summary_weekly_spi.pdf,2023-08-10,False,False,284.65879516601564,0.0,0.0,False,0,0,0,30.7,22.0,False,5.633574579612705,0.7602233831742078,29.616240266963302,-0.31901507909429805,0.817290228841272,2.490599754290601,0.5115089514066584,-0.2642729115181708,0.3611528284345189,False,True,False,False,False,False
2023-08-17,Q1,280.67,279.66,219.64,0.36,27.79,data/raw/spi_weekly/pbs_live/summary/2023-08-17_summary_live.pdf,2023-08-17,False,False,289.11541137695315,7.29,6.4,True,0,0,0,29.7,22.0,False,5.637179601988253,0.3611528284345189,27.78637770897834,1.5655993373886012,0.7602233831742078,0.817290228841272,0.5126478072144947,-0.31901507909429805,0.18527095877720612,False,True,False,False,False,False
2023-08-24,Q1,281.19,280.67,225.48,0.19,24.71,data/raw/spi_weekly/wayback/summary/2023-08-24_summary_weekly_spi.pdf,2023-08-24,False,False,295.75078125,0.0,0.0,False,0,0,0,28.7,22.0,False,5.639030597426504,0.18527095877720612,24.707291112293774,2.2950592088622823,0.3611528284345189,0.7602233831742078,2.490599754290601,1.5655993373886012,0.6792560190618468,False,True,False,False,False,False
2023-08-31,Q1,283.1,281.19,229.15,0.68,23.54,data/raw/spi_weekly/wayback/summary/2023-08-31_summary_weekly_spi.pdf,2023-08-31,False,False,301.737841796875,0.0,0.0,False,0,0,0,27.7,22.0,False,5.6458001921178536,0.6792560190618468,23.543530438577353,2.0243600106719883,0.18527095877720612,0.3611528284345189,0.817290228841272,2.2950592088622823,0.7665135994348038,False,True,False,False,False,False
2023-09-07,Q1,285.27,283.1,225.67,0.77,26.41,data/raw/spi_weekly/wayback/summary/2023-09-07_summary_weekly_spi.pdf,2023-09-07,False,False,305.99155883789064,6.28,5.12,True,0,0,0,26.7,22.0,False,5.653436100219462,0.7665135994348038,26.41024504807905,1.4097393338814879,0.6792560190618468,0.18527095877720612,0.7602233831742078,2.0243600106719883,-0.21383250955233635,False,True,False,False,False,False
2023-09-14,Q1,284.66,285.27,224.98,-0.21,26.53,data/raw/spi_weekly/pbs_live/summary/2023-09-14_summary_live.pdf,2023-09-14,False,False,301.6349609375,0.0,0.0,False,0,0,0,25.7,22.0,True,5.651295485642479,-0.21383250955233635,26.526802382434013,-1.4237640792890915,0.7665135994348038,0.6792560190618468,0.3611528284345189,1.4097393338814879,0.04918147965993214,False,True,False,False,False,False
2023-09-21,Q1,284.8,284.66,205.98,0.05,38.27,data/raw/spi_weekly/pbs_live/summary/2023-09-21_summary_live.pdf,2023-09-21,False,False,295.2542358398438,5.54,8.51,True,0,0,0,24.7,22.0,False,5.651787179537821,0.04918147965993214,38.265851053500356,-2.1153798212994124,-0.21383250955233635,0.7665135994348038,0.18527095877720612,-1.4237640792890915,0.03160112359550382,False,True,False,False,False,False
2023-09-28,Q1,284.89,284.8,209.18,0.03,36.19,data/raw/spi_weekly/wayback/summary/2023-09-27_summary_weekly_spi.pdf,2023-09-27,False,False,289.3449645996094,0.0,0.0,False,0,0,0,23.7,22.0,False,5.652103140852742,0.03160112359550382,36.1937087675686,-2.00141793848464,0.04918147965993214,-0.21383250955233635,0.6792560190618468,-2.1153798212994124,0.49141774018042206,False,True,False,False,False,False
2023-10-05,Q1,286.29,284.89,211.73,0.49,35.21,data/raw/spi_weekly/wayback/summary/2023-10-05_summary_weekly_spi.pdf,2023-10-05,False,False,286.27183227539064,-3.33,-2.4,True,0,0,0,22.7,22.0,False,5.657005283097273,0.49141774018042206,35.21466018041848,-1.0620998117148228,0.03160112359550382,0.04918147965993214,0.7665135994348038,-2.00141793848464,0.2514932411191273,False,True,False,False,False,False
2023-10-12,Q1,287.01,286.29,210.05,0.25,36.64,data/raw/spi_weekly/wayback/summary/2023-10-12_summary_weekly_spi.pdf,2023-10-12,False,False,278.5675842285156,0.0,0.0,False,0,0,0,21.7,22.0,False,5.659517058358186,0.2514932411191273,36.638895501071154,-2.691235105332901,0.49141774018042206,0.03160112359550382,-0.21383250955233635,-1.0620998117148228,-0.8849865858332362,False,True,False,False,False,False
2023-10-19,Q1,284.47,287.01,210.78,-0.88,34.96,data/raw/spi_weekly/pbs_live/summary/2023-10-19_summary_live.pdf,2023-10-19,False,False,276.9391357421875,-4.68,-12.31,True,0,0,0,20.7,22.0,False,5.650627799851681,-0.8849865858332362,34.96062244994782,-0.5845793188170356,0.2514932411191273,0.49141774018042206,0.04918147965993214,-2.691235105332901,-0.24607164200093345,False,True,False,False,False,False
2023-10-26,Q1,283.77,284.47,220.56,-0.25,28.66,data/raw/spi_weekly/wayback/summary/2023-10-26_summary_weekly_spi.pdf,2023-10-26,False,False,277.7182312011719,0.0,0.0,False,0,0,0,19.7,22.0,False,5.648164050893189,-0.24607164200093345,28.65886833514688,0.28132371284268487,-0.8849865858332362,0.2514932411191273,0.03160112359550382,-0.5845793188170356,0.8528033266377744,False,True,False,False,False,False
2023-11-02,Q1,286.19,283.77,222.55,0.85,28.6,data/raw/spi_weekly/wayback/summary/2023-11-02_summary_weekly_spi.pdf,2023-11-02,False,False,279.64427490234374,0.0,0.0,False,0,0,0,18.7,22.0,True,5.656655925910935,0.8528033266377744,28.59582116378341,0.6935244016359476,-0.24607164200093345,-0.8849865858332362,0.49141774018042206,0.28132371284268487,1.0482546559977601,False,True,False,False,False,False
2023-11-09,Q1,289.19,286.19,225.03,1.05,28.51,data/raw/spi_weekly/wayback/summary/2023-11-08_summary_weekly_spi.pdf,2023-11-08,False,False,282.686181640625,0.0,0.0,False,0,0,0,17.7,22.0,False,5.667083911540161,1.0482546559977601,28.511753988357103,1.0877772267440688,0.8528033266377744,-0.24607164200093345,0.2514932411191273,0.6935244016359476,6.625401984854262,False,True,False,False,False,False
2023-11-16,Q1,308.35,289.19,227.19,6.63,35.72,data/raw/spi_weekly/pbs_live/summary/2023-11-16_summary_live.pdf,2023-11-16,False,False,284.96796264648435,-2.15,-0.73,True,0,0,0,16.7,22.0,False,5.731235501437502,6.625401984854262,35.72340331880805,0.8071781197851902,1.0482546559977601,0.8528033266377744,-0.8849865858332362,1.0877772267440688,-0.1751256688827696,False,True,False,False,False,False
2023-11-23,Q1,307.81,308.35,228.23,-0.18,34.87,data/raw/spi_weekly/wayback/summary/2023-11-23_summary_weekly_spi.pdf,2023-11-23,False,False,285.6649597167969,0.0,0.0,False,0,0,0,15.7,22.0,False,5.729482709506015,-0.1751256688827696,34.868334574771076,0.24458787010286365,6.625401984854262,1.0482546559977601,-0.24607164200093345,0.8071781197851902,-0.22741301452193774,False,True,False,False,False,False
2023-11-30,Q1,307.11,307.81,227.45,-0.23,35.02,data/raw/spi_weekly/wayback/summary/2023-11-30_summary_weekly_spi.pdf,2023-11-30,False,False,283.1644287109375,0.0,0.0,False,0,0,0,14.7,22.0,False,5.727205989599789,-0.22741301452193774,35.02308199604309,-0.8753369710931214,-0.1751256688827696,6.625401984854262,0.8528033266377744,0.24458787010286365,-0.16932043893068682,False,True,False,False,False,False
2023-12-07,Q1,306.59,307.11,227.45,-0.17,34.79,data/raw/spi_weekly/wayback/summary/2023-12-07_summary_weekly_spi.pdf,2023-12-07,False,False,283.1326416015625,-2.31,0.0,True,0,0,0,13.7,22.0,False,5.725511350119767,-0.16932043893068682,34.79446032094966,-0.011225671783599012,-0.22741301452193774,-0.1751256688827696,1.0482546559977601,-0.8753369710931214,-0.18591604422845132,False,True,False,False,False,False
2023-12-14,Q1,306.02,306.59,225.69,-0.19,35.59,data/raw/spi_weekly/pbs_live/summary/2023-12-14_summary_live.pdf,2023-12-14,False,False,283.0827941894531,0.0,0.0,False,0,0,0,12.7,22.0,True,5.723650459293667,-0.18591604422845132,35.59307014045814,-0.017605674791654202,-0.16932043893068682,-0.22741301452193774,6.625401984854262,-0.011225671783599012,-0.3888634729756202,False,True,False,False,False,False
2023-12-21,Q1,304.83,306.02,225.59,-0.39,35.13,data/raw/spi_weekly/wayback/summary/2023-12-21_summary_weekly_spi.pdf,2023-12-21,False,False,281.3607482910156,-4.68,-4.97,True,0,0,0,11.7,22.0,False,5.7197542441659,-0.3888634729756202,35.1256704641163,-0.6083188147722685,-0.18591604422845132,-0.16932043893068682,-0.1751256688827696,-0.017605674791654202,0.39694255814717305,False,True,False,False,False,False
2023-12-28,Q1,306.04,304.83,225.44,0.4,35.75,data/raw/spi_weekly/wayback/summary/2023-12-28_summary_weekly_spi.pdf,2023-12-28,False,False,280.4610290527344,0.0,0.0,False,0,0,0,10.7,22.0,False,5.723715812363651,0.39694255814717305,35.752306600425854,-0.31977425555843597,-0.3888634729756202,-0.18591604422845132,-0.22741301452193774,-0.6083188147722685,0.8136191347536181,False,True,False,False,False,False
2024-01-04,Q1,308.53,306.04,227.98,0.81,35.33,data/raw/spi_weekly/pbs_live/summary/2024-01-04_summary_live.pdf,2024-01-04,False,False,279.8627075195312,0.0,0.0,False,0,0,0,9.7,22.0,False,5.731819083350057,0.8136191347536181,35.3320466707606,-0.21333499888522844,0.39694255814717305,-0.3888634729756202,-0.16932043893068682,-0.31977425555843597,1.1992350824879372,False,True,False,False,False,False
2024-01-11,Q1,312.23,308.53,229.48,1.2,36.06,data/raw/spi_weekly/pbs_live/summary/2024-01-11_summary_live.pdf,2024-01-11,False,False,279.73817138671876,0.0,0.0,False,0,0,0,8.7,22.0,False,5.743740095713326,1.1992350824879372,36.05978734530244,-0.04449900950228569,0.8136191347536181,0.39694255814717305,-0.18591604422845132,-0.21333499888522844,0.6053229990711895,False,True,False,False,False,False
2024-01-18,Q1,314.12,312.23,228.9,0.61,37.23,data/raw/spi_weekly/pbs_live/summary/2024-01-18_summary_live.pdf,2024-01-18,False,False,278.39923095703125,0.0,-2.99,True,0,0,0,7.7,22.0,False,5.749775078506674,0.6053229990711895,37.230231542158144,-0.47864058846531776,1.1992350824879372,0.8136191347536181,-0.3888634729756202,-0.04449900950228569,-0.327900165541839,False,True,False,False,False,False
2024-01-25,Q1,313.09,314.12,229.83,-0.33,36.23,data/raw/spi_weekly/pbs_live/summary/2024-01-25_summary_live.pdf,2024-01-25,False,False,279.14365844726564,0.0,0.0,False,0,0,0,6.7,22.0,False,5.74649068914457,-0.327900165541839,36.22677631292692,0.26739567048204016,0.6053229990711895,1.1992350824879372,0.39694255814717305,-0.47864058846531776,-0.852789932607223,False,True,False,False,False,False
2024-02-01,Q1,310.42,313.09,233.76,-0.85,32.79,data/raw/spi_weekly/pbs_live/summary/2024-02-01_summary_live.pdf,2024-02-01,False,False,278.9609313964844,0.95,5.2,True,0,0,0,5.7,22.0,True,5.737926219223039,-0.852789932607223,32.79431895961671,-0.06545986098973611,-0.327900165541839,0.6053229990711895,0.8136191347536181,0.26739567048204016,0.0,False,True,False,False,False,False
2024-02-08,Q1,310.42,,,,,,,True,False,278.21637573242185,,,,0,0,0,4.7,22.0,False,5.737926219223039,0.0,,-0.2669032040921615,-0.852789932607223,-0.327900165541839,1.1992350824879372,-0.06545986098973611,-0.782810385928745,False,True,False,False,False,False
2024-02-15,Q1,307.99,310.42,239.34,-0.78,28.68,data/raw/spi_weekly/pbs_live/summary/2024-02-15_summary_live.pdf,2024-02-15,False,False,278.19187622070314,0.0,0.0,False,0,0,0,3.7,22.0,False,5.7300673149140255,-0.782810385928745,28.68304504052812,-0.0088059200879953,0.0,-0.852789932607223,0.6053229990711895,-0.2669032040921615,-0.0844183252702968,False,True,False,False,False,False
2024-02-22,Q1,307.73,307.99,245.14,-0.08,25.53,data/raw/spi_weekly/pbs_live/summary/2024-02-22_summary_live.pdf,2024-02-22,False,False,278.11827392578124,3.02,1.0,True,0,0,0,2.7,22.0,False,5.729222775137979,-0.0844183252702968,25.532348861874855,-0.026457384709355214,-0.782810385928745,0.0,-0.327900165541839,-0.0088059200879953,1.3615832060572597,False,True,False,False,False,False
2024-02-29,Q1,311.92,307.73,244.94,1.36,27.35,data/raw/spi_weekly/wayback/summary/2024-02-29_summary_weekly_spi.pdf,2024-02-29,False,False,278.1599548339844,0.0,0.0,False,0,0,0,1.7,22.0,False,5.742746744674342,1.3615832060572597,27.345472360578114,0.014986756394974599,-0.0844183252702968,-0.782810385928745,-0.852789932607223,-0.026457384709355214,1.6863298281610595,False,True,False,False,False,False
2024-03-07,Q1,317.18,311.92,248.9,1.69,27.43,data/raw/spi_weekly/pbs_live/summary/2024-03-07_summary_live.pdf,2024-03-07,False,False,278.10906372070315,0.0,1.49,True,0,0,0,0.7,22.0,False,5.759469436070455,1.6863298281610595,27.432703897147448,-0.018295628970610434,1.3615832060572597,-0.0844183252702968,0.0,0.014986756394974599,0.9080017655589856,False,True,False,False,False,False
2024-03-14,Q1,320.06,317.18,250.37,0.91,27.83,data/raw/spi_weekly/pbs_live/summary/2024-03-14_summary_live.pdf,2024-03-14,False,False,277.98333740234375,0.0,0.0,False,3,0,0,50.4,22.0,False,5.768508478217845,0.9080017655589856,27.834804489355758,-0.04520755874596327,1.6863298281610595,1.3615832060572597,-0.782810385928745,-0.018295628970610434,-1.8309067049928185,False,True,False,False,False,False
2024-03-21,Q1,314.2,320.06,257.62,-1.83,21.96,data/raw/spi_weekly/pbs_live/summary/2024-03-21_summary_live.pdf,2024-03-21,False,False,278.2802978515625,-0.6,0.0,False,7,0,0,49.4,22.0,True,5.750029725821521,-1.8309067049928185,21.96258054498874,0.10682670838970676,0.9080017655589856,1.6863298281610595,-0.0844183252702968,-0.04520755874596327,-0.2705283259070601,False,True,False,False,False,False
2024-03-28,Q1,313.35,314.2,256.53,-0.27,22.15,data/raw/spi_weekly/pbs_live/summary/2024-03-28_summary_live.pdf,2024-03-28,False,False,277.1078125,0.0,0.0,False,7,0,0,48.4,22.0,False,5.747320776670684,-0.2705283259070601,22.149456203952766,-0.4213325056119932,-1.8309067049928185,0.9080017655589856,1.3615832060572597,0.10682670838970676,0.8297430987713295,False,True,False,False,False,False
2024-04-04,Q1,315.95,313.35,258.88,0.83,22.04,data/raw/spi_weekly/pbs_live/summary/2024-04-04_summary_live.pdf,2024-04-04,False,False,276.9991394042969,-1.18,3.45,True,7,0,0,47.4,22.0,False,5.755583973219464,0.8297430987713295,22.0449629171817,-0.039216900715532965,-0.2705283259070601,-1.8309067049928185,1.6863298281610595,-0.4213325056119932,0.0,False,True,False,False,False,False
2024-04-11,Q1,315.95,,,,,,,True,False,277.0074829101562,,,,5,2,0,46.4,22.0,False,5.755583973219464,0.0,,0.003012105336241966,0.8297430987713295,-0.2705283259070601,0.9080017655589856,-0.039216900715532965,-0.705807880993814,False,True,False,False,False,False
2024-04-18,Q1,313.72,315.95,257.73,-0.71,21.72,data/raw/spi_weekly/pbs_live/summary/2024-04-18_summary_live.pdf,2024-04-18,False,False,276.8033752441406,2.87,1.56,True,0,1,0,45.4,22.0,False,5.748500868344466,-0.705807880993814,21.72428510456679,-0.0736830875004979,0.0,0.8297430987713295,-1.8309067049928185,0.003012105336241966,-1.3005227591482926,False,True,False,False,False,False
2024-04-25,Q1,309.64,313.72,258.12,-1.3,19.96,data/raw/spi_weekly/pbs_live/summary/2024-04-25_summary_live.pdf,2024-04-25,False,False,277.69883422851564,0.0,0.0,False,0,0,0,44.4,22.0,False,5.735410332336513,-1.3005227591482926,19.95970866263752,0.3235000236486263,-0.705807880993814,0.0,-0.2705283259070601,-0.0736830875004979,-1.0915902338199168,False,True,False,False,False,False
2024-05-02,Q1,306.26,309.64,260.54,-1.09,17.55,data/raw/spi_weekly/pbs_live/summary/2024-05-02_summary_live.pdf,2024-05-02,False,False,278.01820068359376,-2.89,-1.84,True,0,0,0,43.4,22.0,True,5.724434414387062,-1.0915902338199168,17.548169187072983,0.11500460776703303,-1.3005227591482926,-0.705807880993814,0.8297430987713295,0.3235000236486263,-0.9860902501142799,False,True,False,False,False,False
2024-05-09,Q1,303.24,306.26,261.53,-0.99,15.95,data/raw/spi_weekly/pbs_live/summary/2024-05-09_summary_live.pdf,2024-05-09,False,False,277.6024963378906,0.0,0.0,False,0,0,0,42.4,22.0,False,5.714524571188103,-0.9860902501142799,15.948457155966821,-0.1495241479446352,-1.0915902338199168,-1.3005227591482926,0.0,0.11500460776703303,-1.167392164622083,False,True,False,False,False,False
2024-05-16,Q1,299.7,303.24,261.65,-1.17,14.54,data/raw/spi_weekly/pbs_live/summary/2024-05-16_summary_live.pdf,2024-05-16,False,False,277.4353454589844,-2.79,-5.32,True,0,0,0,41.4,22.0,False,5.702781974322617,-1.167392164622083,14.542327536785793,-0.060212311168406085,-0.9860902501142799,-1.0915902338199168,-0.705807880993814,-0.1495241479446352,-0.38038038038037403,False,True,False,False,False,False
2024-05-23,Q1,298.56,299.7,260.77,-0.38,14.49,data/raw/spi_weekly/pbs_live/summary/2024-05-23_summary_live.pdf,2024-05-23,False,False,277.4455139160156,0.0,0.0,False,0,0,0,40.4,22.0,False,5.698970917658979,-0.38038038038037403,14.491697664608672,0.0036651627839390244,-1.167392164622083,-0.9860902501142799,-1.3005227591482926,-0.060212311168406085,0.0870846730975261,False,True,False,False,False,False
2024-05-30,Q1,298.82,298.56,260.57,0.09,14.68,data/raw/spi_weekly/pbs_live/summary/2024-05-30_summary_live.pdf,2024-05-30,False,False,277.34837646484374,0.0,0.0,False,0,0,0,39.4,22.0,False,5.699841385422939,0.0870846730975261,14.67935679471928,-0.035011361258230345,-0.38038038038037403,-1.167392164622083,-1.0915902338199168,0.0036651627839390244,0.8131985810855946,False,True,False,False,False,False
2024-06-06,Q1,301.25,298.82,261.36,0.81,15.26,data/raw/spi_weekly/pbs_live/summary/2024-06-06_summary_live.pdf,2024-06-06,False,False,277.87554321289065,-1.42,-1.74,True,0,0,0,38.4,22.0,False,5.7079404848048645,0.8131985810855946,15.262473217018657,0.19007385396168086,0.0870846730975261,-0.38038038038037403,-0.9860902501142799,-0.035011361258230345,1.0058091286306858,False,True,False,False,False,False
2024-06-13,Q1,304.28,301.25,261.66,1.01,16.29,data/raw/spi_weekly/pbs_live/summary/2024-06-13_summary_live.pdf,2024-06-13,False,False,277.92295532226564,0.0,0.0,False,0,0,0,37.4,20.5,True,5.717948330129101,1.0058091286306858,16.288313078040172,0.01706235418446056,0.8131985810855946,0.0870846730975261,-1.167392164622083,0.19007385396168086,1.584067306428305,False,True,False,False,False,False
2024-06-20,Q1,309.1,304.28,263.03,1.58,17.52,data/raw/spi_weekly/pbs_live/summary/2024-06-20_summary_live.pdf,2024-06-20,False,False,277.9128723144531,-0.84,-3.76,True,0,0,3,36.4,20.5,False,5.733664849138071,1.584067306428305,17.515112344599505,-0.00362798668459563,1.0058091286306858,0.8131985810855946,-0.38038038038037403,0.01706235418446056,-0.8023293432546152,False,True,False,False,False,False
2024-06-27,Q1,306.62,309.1,263.03,-0.8,16.57,data/raw/spi_weekly/pbs_live/summary/2024-06-27_summary_live.pdf,2024-06-27,False,False,277.83534545898436,0.0,0.0,False,0,0,0,35.4,20.5,False,5.725609195882308,-0.8023293432546152,16.57225411550014,-0.027896100969748705,1.584067306428305,1.0058091286306858,0.0870846730975261,-0.00362798668459563,1.4252168808296828,False,True,False,False,False,False
2024-07-04,Q1,310.99,306.62,265.88,1.43,16.97,data/raw/spi_weekly/pbs_live/summary/2024-07-04_summary_live.pdf,2024-07-04,False,False,277.30556640625,3.58,2.88,True,0,0,0,34.4,20.5,False,5.739760757321436,1.4252168808296828,16.966300586730853,-0.1906809415695987,-0.8023293432546152,1.584067306428305,0.8131985810855946,-0.027896100969748705,-0.17042348628574233,False,True,False,False,False,False
2024-07-11,Q1,310.46,310.99,267.24,-0.17,16.17,data/raw/spi_weekly/pbs_live/summary/2024-07-11_summary_live.pdf,2024-07-11,False,False,277.33192138671876,0.0,0.0,False,0,0,0,33.4,20.5,False,5.738055068598297,-0.17042348628574233,16.172728633438105,0.009503949311318038,1.4252168808296828,-0.8023293432546152,1.0058091286306858,-0.1906809415695987,0.4863750563679936,False,True,False,False,False,False
2024-07-18,Q1,311.97,310.46,268.61,0.49,16.14,data/raw/spi_weekly/pbs_live/summary/2024-07-18_summary_live.pdf,2024-07-18,False,False,277.328271484375,2.25,3.77,True,0,0,0,32.4,20.5,False,5.742907029340251,0.4863750563679936,16.142362533040465,-0.0013160772569853485,-0.17042348628574233,1.4252168808296828,1.584067306428305,0.009503949311318038,0.08013591050421986,False,True,False,False,False,False
2024-07-25,Q1,312.22,311.97,275.3,0.08,13.41,data/raw/spi_weekly/pbs_live/summary/2024-07-25_summary_live.pdf,2024-07-25,False,False,277.47581787109374,0.0,0.0,False,0,0,0,31.4,20.5,False,5.74370806752852,0.08013591050421986,13.410824555030887,0.05320279318403731,0.4863750563679936,-0.17042348628574233,-0.8023293432546152,-0.0013160772569853485,-0.9032092755108745,False,True,False,False,False,False
2024-08-01,Q1,309.4,312.22,277.55,-0.9,11.48,data/raw/spi_weekly/pbs_live/summary/2024-08-01_summary_live.pdf,2024-08-01,False,False,277.5934265136719,-3.81,-2.23,True,0,0,0,30.4,19.5,True,5.734634938138965,-0.9032092755108745,11.475409836065564,0.04238518638506328,0.08013591050421986,0.4863750563679936,1.4252168808296828,0.05320279318403731,0.4621848739495782,False,True,False,False,False,False
2024-08-08,Q1,310.83,309.4,279.66,0.46,11.15,data/raw/spi_weekly/pbs_live/summary/2024-08-08_summary_live.pdf,2024-08-08,False,False,277.47392578125,0.0,0.0,False,0,0,0,29.4,19.5,False,5.73924613893177,0.4621848739495782,11.145676893370515,-0.04304883365673362,-0.9032092755108745,0.08013591050421986,-0.17042348628574233,0.04238518638506328,0.06756104623106829,False,True,False,False,False,False
2024-08-15,Q1,311.04,310.83,280.67,0.07,10.82,data/raw/spi_weekly/pbs_live/summary/2024-08-15_summary_live.pdf,2024-08-15,False,False,278.0433715820312,-2.44,-3.15,True,0,0,0,28.4,19.5,False,5.739921521272074,0.06756104623106829,10.820536573199835,0.20522497714980936,0.4621848739495782,-0.9032092755108745,0.4863750563679936,-0.04304883365673362,-0.2411265432098797,False,True,False,False,False,False
2024-08-22,Q1,310.29,311.04,281.19,-0.24,10.35,data/raw/spi_weekly/pbs_live/summary/2024-08-22_summary_live.pdf,2024-08-22,False,False,277.7050048828125,0.0,0.0,False,0,0,0,27.4,19.5,False,5.737507344057822,-0.2411265432098797,10.34887442654433,-0.1216956539166758,0.06756104623106829,0.4621848739495782,0.08013591050421986,0.20522497714980936,0.1643623706854891,False,True,False,False,False,False
2024-08-29,Q1,310.8,310.29,283.1,0.16,9.78,data/raw/spi_weekly/pbs_live/summary/2024-08-29_summary_live.pdf,2024-08-29,False,False,277.2988342285156,0.0,0.0,False,0,0,0,26.4,19.5,False,5.739149618493492,0.1643623706854891,9.784528435181915,-0.1462597530311971,-0.2411265432098797,0.06756104623106829,-0.9032092755108745,-0.1216956539166758,-0.14478764478763617,False,True,False,False,False,False
2024-09-05,Q1,310.35,310.8,285.27,-0.14,8.79,data/raw/spi_weekly/pbs_live/summary/2024-09-05_summary_live.pdf,2024-09-05,False,False,277.5597229003906,-1.23,-0.68,True,0,0,0,25.4,19.5,False,5.7377006928596614,-0.14478764478763617,8.7916710484804,0.09408213799413367,0.1643623706854891,-0.2411265432098797,0.4621848739495782,-0.1462597530311971,0.5767681649750056,False,True,False,False,False,False
2024-09-12,Q1,312.14,310.35,284.66,0.58,9.65,data/raw/spi_weekly/pbs_live/summary/2024-09-12_summary_live.pdf,2024-09-12,False,False,277.71728515625,0.0,0.0,False,0,0,0,24.4,17.5,True,5.7434518051144074,0.5767681649750056,9.653621864680662,0.05676697404541908,-0.14478764478763617,0.1643623706854891,0.06756104623106829,0.09408213799413367,-0.4164797847119872,False,True,False,False,False,False
2024-09-19,Q1,310.84,312.14,284.8,-0.42,9.14,data/raw/spi_weekly/wayback/summary/2024-09-19_summary_weekly_spi.pdf,2024-09-19,False,False,277.628564453125,-5.0,-3.88,True,0,0,0,23.4,17.5,False,5.739278310341041,-0.4164797847119872,9.143258426966284,-0.03194641020455302,0.5767681649750056,-0.14478764478763617,-0.2411265432098797,0.05676697404541908,0.08042722944279213,False,True,False,False,False,False
2024-09-26,Q1,311.09,310.84,284.89,0.08,9.2,data/raw/spi_weekly/wayback/summary/2024-09-26_summary_weekly_spi.pdf,2024-09-26,False,False,277.3974853515625,0.0,0.0,False,0,0,0,22.4,17.5,False,5.740082259381818,0.08042722944279213,9.196531994805014,-0.08323318676436431,-0.4164797847119872,0.5767681649750056,0.1643623706854891,-0.03194641020455302,0.6782603105210727,False,True,False,False,False,False
2024-10-03,Q1,313.2,311.09,286.29,0.68,9.4,data/raw/spi_weekly/wayback/summary/2024-10-03_summary_weekly_spi.pdf,2024-10-03,False,False,277.2000427246094,-1.32,-0.81,True,0,0,0,21.4,17.5,False,5.746841964116648,0.6782603105210727,9.399559886828035,-0.07117679048276315,0.08042722944279213,-0.4164797847119872,-0.14478764478763617,-0.08323318676436431,-0.09259259259257746,False,True,False,False,False,False
2024-10-10,Q1,312.91,313.2,287.01,-0.09,9.02,data/raw/spi_weekly/wayback/summary/2024-10-10_summary_weekly_spi.pdf,2024-10-10,False,False,276.8408569335937,0.0,0.0,False,0,0,0,20.4,17.5,False,5.745915609256517,-0.09259259259257746,9.02407581617366,-0.129576383713792,0.6782603105210727,0.08042722944279213,0.5767681649750056,-0.07117679048276315,0.2652519893899141,False,True,False,False,False,False
2024-10-17,Q1,313.74,312.91,284.47,0.27,10.29,data/raw/spi_weekly/wayback/summary/2024-10-17_summary_weekly_spi.pdf,2024-10-17,False,False,276.854296875,2.01,0.0,True,0,0,0,19.4,17.5,False,5.748564617428094,0.2652519893899141,10.289309944809633,0.004854753577610005,-0.09259259259257746,0.6782603105210727,-0.4164797847119872,-0.129576383713792,-0.18486644992669055,False,True,False,False,False,False
2024-10-24,Q1,313.16,313.74,283.77,-0.18,10.36,data/raw/spi_weekly/wayback/summary/2024-10-24_summary_weekly_spi.pdf,2024-10-24,False,False,277.0350036621094,0.0,0.0,False,0,0,0,18.4,17.5,False,5.7467142420397135,-0.18486644992669055,10.356979243753761,0.06527144030239462,0.2652519893899141,-0.09259259259257746,0.08042722944279213,0.004854753577610005,-0.3640311661770479,False,True,False,False,False,False
2024-10-31,Q1,312.02,313.16,286.19,-0.36,9.03,data/raw/spi_weekly/wayback/summary/2024-10-31_summary_weekly_spi.pdf,2024-10-31,False,False,277.30556030273436,0.0,0.0,False,0,0,0,17.4,17.5,False,5.743067288319104,-0.3640311661770479,9.025472588140747,0.09766153628549823,-0.18486644992669055,0.2652519893899141,0.6782603105210727,0.06527144030239462,0.29164797128389264,False,True,False,False,False,False
2024-11-07,Q1,312.93,312.02,289.19,0.29,8.21,data/raw/spi_weekly/pbs_live/summary/2024-11-07_summary_live.pdf,2024-11-07,False,False,277.2270263671875,1.54,0.56,True,0,0,0,16.4,15.0,True,5.74597952335599,0.29164797128389264,8.209135862235906,-0.028320360926459287,-0.3640311661770479,-0.18486644992669055,-0.09259259259257746,0.09766153628549823,0.8276611382737276,False,True,False,False,False,False
2024-11-14,Q1,315.52,312.93,308.35,0.83,2.33,data/raw/spi_weekly/pbs_live/summary/2024-11-14_summary_live.pdf,2024-11-14,False,False,277.4592346191406,0.0,0.0,False,0,0,0,15.4,15.0,False,5.7542220714142704,0.8276611382737276,2.325279714610007,0.08376104415070973,0.29164797128389264,-0.3640311661770479,0.2652519893899141,-0.028320360926459287,0.9127789046653234,False,True,False,False,False,False
2024-11-21,Q1,318.4,315.52,307.81,0.91,3.44,data/raw/spi_weekly/pbs_live/summary/2024-11-21_summary_live.pdf,2024-11-21,False,False,277.59373168945314,0.0,0.0,False,0,0,0,14.4,15.0,False,5.763308453970228,0.9127789046653234,3.4404340339819983,0.04847453374443589,0.8276611382737276,0.29164797128389264,-0.18486644992669055,0.08376104415070973,0.06281407035177988,False,True,False,False,False,False
2024-11-28,Q1,318.6,318.4,307.11,0.06,3.74,data/raw/spi_weekly/pbs_live/summary/2024-11-28_summary_live.pdf,2024-11-28,False,False,277.0849670410156,0.0,0.0,False,0,0,0,13.4,15.0,False,5.763936397475948,0.06281407035177988,3.7413304679105197,-0.18327670633668802,0.9127789046653234,0.8276611382737276,-0.3640311661770479,0.04847453374443589,-0.4394224733207941,False,True,False,False,False,False
2024-12-05,Q1,317.2,318.6,306.59,-0.44,3.46,data/raw/spi_weekly/pbs_live/summary/2024-12-05_summary_live.pdf,2024-12-05,False,False,277.080810546875,1.27,1.48,True,0,0,0,12.4,15.0,False,5.7595324897606925,-0.4394224733207941,3.4606477706383254,-0.0015000792662922535,0.06281407035177988,0.9127789046653234,0.29164797128389264,-0.18327670633668802,0.025220680958382147,False,True,False,False,False,False
2024-12-12,Q1,317.28,317.2,306.02,0.03,3.68,data/raw/spi_weekly/wayback/summary/2024-12-12_summary_weekly_spi.pdf,2024-12-12,False,False,277.37750244140625,0.0,0.0,False,0,0,0,11.4,15.0,False,5.759784664771486,0.025220680958382147,3.6794980720214365,0.10707774888691901,-0.4394224733207941,0.06281407035177988,0.8276611382737276,-0.0015000792662922535,0.6807866868381307,False,True,False,False,False,False
2024-12-19,Q1,319.44,317.28,304.83,0.68,4.79,data/raw/spi_weekly/pbs_live/summary/2024-12-19_summary_live.pdf,2024-12-19,False,False,276.514697265625,-1.17,0.0,True,0,0,0,10.4,13.0,True,5.7665694627549655,0.6807866868381307,4.79283535085131,-0.3110580952626174,0.025220680958382147,-0.4394224733207941,0.9127789046653234,0.10707774888691901,0.6918357124968688,False,True,False,False,False,False
2024-12-26,Q1,321.65,319.44,306.04,0.69,5.1,data/raw/spi_weekly/pbs_live/summary/2024-12-26_summary_live.pdf,2024-12-26,False,False,276.65205078125,0.0,0.0,False,0,0,0,9.4,13.0,False,5.773463997857009,0.6918357124968688,5.100640439158255,0.04967313382733263,0.6807866868381307,0.025220680958382147,0.06281407035177988,-0.3110580952626174,-0.5098709777708654,False,True,False,False,False,False
2025-01-02,Q1,320.01,321.65,308.53,-0.51,3.72,data/raw/spi_weekly/pbs_live/summary/2025-01-02_summary_live.pdf,2025-01-02,False,False,276.77980041503906,1.18,0.21,True,0,0,0,8.4,13.0,False,5.768352245305501,-0.5098709777708654,3.7208699316112037,0.04617700589180096,0.6918357124968688,0.6807866868381307,-0.4394224733207941,0.04967313382733263,-1.0280928720977411,False,True,False,False,False,False
2025-01-09,Q1,316.72,320.01,312.23,-1.03,1.44,data/raw/spi_weekly/pbs_live/summary/2025-01-09_summary_live.pdf,2025-01-09,False,False,277.6433471679687,0.0,0.0,False,0,0,0,7.4,13.0,False,5.758018102797875,-1.0280928720977411,1.438042468692946,0.31199775114902906,-0.5098709777708654,0.6918357124968688,0.025220680958382147,0.04617700589180096,-0.6220005051780886,False,True,False,False,False,False
2025-01-16,Q1,314.75,316.72,314.12,-0.62,0.2,data/raw/spi_weekly/pbs_live/summary/2025-01-16_summary_live.pdf,2025-01-16,False,False,278.1304077148437,0.99,1.39,True,0,0,0,6.4,13.0,False,5.751778672924456,-0.6220005051780886,0.20056029542849796,0.17542669465813177,-1.0280928720977411,-0.5098709777708654,0.6807866868381307,0.31199775114902906,-1.0420969023034021,False,True,False,False,False,False
2025-01-23,Q1,311.47,314.75,313.09,-1.04,-0.52,data/raw/spi_weekly/pbs_live/summary/2025-01-23_summary_live.pdf,2025-01-23,False,False,277.9803405761719,0.0,0.0,False,0,0,0,5.4,13.0,False,5.741303025403381,-1.0420969023034021,-0.5174231051774059,-0.05395567493133857,-0.6220005051780886,-1.0280928720977411,0.6918357124968688,0.17542669465813177,-0.5201142967219963,False,True,False,False,False,False
2025-01-30,Q1,309.85,311.47,310.42,-0.52,-0.18,data/raw/spi_weekly/pbs_live/summary/2025-01-30_summary_live.pdf,2025-01-30,False,False,278.2019348144531,0.0,0.0,False,0,0,0,4.4,12.0,True,5.7360883094081165,-0.5201142967219963,-0.18362218929192098,0.07971579494503445,-1.0420969023034021,-0.6220005051780886,-0.5098709777708654,-0.05395567493133857,-0.28723575923835787,False,True,False,False,False,False
2025-02-06,Q1,308.96,309.85,307.99,-0.29,0.31,data/raw/spi_weekly/pbs_live/summary/2025-02-06_summary_live.pdf,2025-02-06,False,False,278.5856140136719,2.67,0.38,True,0,0,0,3.4,12.0,False,5.733211818680204,-0.28723575923835787,0.3149452904315009,0.13791392194113516,-0.5201142967219963,-1.0420969023034021,-1.0280928720977411,0.07971579494503445,-0.23303987571205997,False,True,False,False,False,False
2025-02-13,Q1,308.24,308.96,307.99,-0.23,0.08,data/raw/spi_weekly/pbs_live/summary/2025-02-13_summary_live.pdf,2025-02-13,False,False,278.77418823242186,0.0,0.0,False,0,0,0,2.4,12.0,False,5.730878700317902,-0.23303987571205997,0.081171466606067,0.06768986238490093,-0.28723575923835787,-0.5201142967219963,-0.6220005051780886,0.13791392194113516,0.18816506618219986,False,True,False,False,False,False
2025-02-20,Q1,308.82,308.24,307.73,0.19,0.35,data/raw/spi_weekly/pbs_live/summary/2025-02-20_summary_live.pdf,2025-02-20,False,False,278.34784545898435,-1.49,-0.36,True,0,0,0,1.4,12.0,False,5.732758582892719,0.18816506618219986,0.3542066096902996,-0.152934809402816,-0.23303987571205997,-0.28723575923835787,-1.0420969023034021,0.06768986238490093,0.36267081147594027,False,True,False,False,False,False
2025-02-27,Q1,309.94,308.82,311.92,0.36,-0.63,data/raw/spi_weekly/pbs_live/summary/2025-02-27_summary_live.pdf,2025-02-27,False,False,279.13425903320314,0.0,0.0,False,0,0,0,0.4,12.0,False,5.736378730359189,0.36267081147594027,-0.6347781482431425,0.28252906823187374,0.18816506618219986,-0.23303987571205997,-0.5201142967219963,-0.152934809402816,-0.19681228624895963,False,True,False,False,False,False
2025-03-06,Q1,309.33,309.94,317.18,-0.2,-2.47,data/raw/spi_weekly/pbs_live/summary/2025-03-06_summary_live.pdf,2025-03-06,False,False,279.29474487304685,-2.0,-0.24,True,5,0,0,49.9,12.0,False,5.734408668197962,-0.19681228624895963,-2.474935367929887,0.05749413934339476,0.36267081147594027,0.18816506618219986,-0.28723575923835787,0.28252906823187374,0.1034493906184375,False,True,False,False,False,False
2025-03-13,Q1,309.65,309.33,320.06,0.1,-3.25,data/raw/spi_weekly/pbs_live/summary/2025-03-13_summary_live.pdf,2025-03-13,False,False,279.0785705566406,0.0,0.0,False,7,0,0,48.9,12.0,True,5.73544262738407,0.1034493906184375,-3.2525151534087415,-0.07740006583528691,-0.19681228624895963,0.36267081147594027,-0.23303987571205997,0.05749413934339476,-0.39399321814951316,False,True,False,False,False,False
2025-03-20,Q1,308.43,309.65,314.2,-0.39,-1.84,data/raw/spi_weekly/pbs_live/summary/2025-03-20_summary_live.pdf,2025-03-20,False,False,279.2890380859375,0.0,0.0,False,7,0,0,47.9,12.0,False,5.731494913222737,-0.39399321814951316,-1.8364099299808978,0.07541515239850582,0.1034493906184375,-0.19681228624895963,0.18816506618219986,-0.07740006583528691,-0.2075025127257324,False,True,False,False,False,False
2025-03-27,Q1,307.79,308.43,313.35,-0.21,-1.77,data/raw/spi_weekly/pbs_live/summary/2025-03-27_summary_live.pdf,2025-03-27,False,False,279.6386413574219,0.0,0.0,False,7,0,0,46.9,12.0,False,5.729417732248032,-0.2075025127257324,-1.7743737035264107,0.1251761522329531,-0.39399321814951316,0.1034493906184375,0.36267081147594027,0.07541515239850582,0.28266025536891615,False,True,False,False,False,False
2025-04-03,Q1,308.66,307.79,315.95,0.28,-2.31,data/raw/spi_weekly/pbs_live/summary/2025-04-03_summary_live.pdf,2025-04-03,False,False,279.1408325195313,0.0,-0.33,False,3,3,0,45.9,12.0,False,5.732240347472685,0.28266025536891615,-2.3073271087197256,-0.1780186155511787,-0.2075025127257324,-0.39399321814951316,-0.19681228624895963,0.1251761522329531,-0.9751830493099356,False,True,False,False,False,False
2025-04-10,Q1,305.65,308.66,315.95,-0.98,-3.26,data/raw/spi_weekly/pbs_live/summary/2025-04-10_summary_live.pdf,2025-04-10,False,False,280.541357421875,0.0,0.0,False,0,0,0,44.9,12.0,False,5.722440656474735,-0.9751830493099356,-3.2600094951732883,0.5017269919640688,0.28266025536891615,-0.2075025127257324,0.1034493906184375,-0.1780186155511787,-0.8015704236872256,False,True,False,False,False,False
2025-04-17,Q1,303.2,305.65,313.72,-0.8,-3.35,data/raw/spi_weekly/pbs_live/summary/2025-04-17_summary_live.pdf,2025-04-17,False,False,279.5498474121094,0.0,0.0,False,0,0,0,43.9,12.0,False,5.714392653768217,-0.8015704236872256,-3.3533086829019676,-0.3534273944053701,-0.9751830493099356,0.28266025536891615,-0.39399321814951316,0.5017269919640688,-1.8106860158311422,False,True,False,False,False,False
2025-04-24,Q1,297.71,303.2,309.64,-1.81,-3.85,data/raw/spi_weekly/pbs_live/summary/2025-04-24_summary_live.pdf,2025-04-24,False,False,280.15496826171875,0.0,0.0,False,0,0,0,42.9,12.0,False,5.696119858320856,-1.8106860158311422,-3.85286138741765,0.21646259341980834,-0.8015704236872256,-0.9751830493099356,-0.2075025127257324,-0.3534273944053701,0.07389741694938667,False,True,False,False,False,False
2025-05-01,Q1,297.93,297.71,306.26,0.07,-2.72,data/raw/spi_weekly/pbs_live/summary/2025-04-30_summary_live.pdf,2025-04-30,False,False,280.5137634277344,0.0,0.0,False,0,0,0,41.9,12.0,False,5.696858559583377,0.07389741694938667,-2.719911186573498,0.12807024920593602,-1.8106860158311422,-0.8015704236872256,0.28266025536891615,0.21646259341980834,0.10405128721511225,False,True,False,False,False,False
2025-05-08,Q1,298.24,297.93,303.24,0.1,-1.65,data/raw/spi_weekly/pbs_live/summary/2025-05-08_summary_live.pdf,2025-05-08,False,False,280.2733642578125,-0.78,-0.83,False,0,0,0,40.9,11.0,True,5.697898531497226,0.10405128721511225,-1.648858989579216,-0.08569959883049094,0.07389741694938667,-1.8106860158311422,-0.9751830493099356,0.12807024920593602,0.9153701716738238,False,True,False,False,False,False
2025-05-15,Q1,300.97,298.24,299.7,0.92,0.42,data/raw/spi_weekly/pbs_live/summary/2025-05-15_summary_live.pdf,2025-05-15,False,False,280.2608947753906,0.0,0.0,False,0,0,0,39.9,11.0,False,5.707010592007626,0.9153701716738238,0.42375709042377085,-0.004449042974485895,0.10405128721511225,0.07389741694938667,-0.8015704236872256,-0.08569959883049094,-0.26248463301991043,False,True,False,False,False,False
2025-05-22,Q1,300.18,300.97,298.56,-0.26,0.54,data/raw/spi_weekly/pbs_live/summary/2025-05-22_summary_live.pdf,2025-05-22,False,False,280.7584594726562,-0.78,0.0,False,0,0,0,38.9,11.0,False,5.704382294728169,-0.26248463301991043,0.5426045016077241,0.17753625516123694,0.9153701716738238,0.10405128721511225,-1.8106860158311422,-0.004449042974485895,-0.6695982410553691,False,True,False,False,False,False
2025-05-29,Q1,298.17,300.18,298.82,-0.67,-0.22,data/raw/spi_weekly/pbs_live/summary/2025-05-29_summary_live.pdf,2025-05-29,False,False,280.7929626464844,0.0,0.0,False,0,0,0,37.9,11.0,False,5.697663793648024,-0.6695982410553691,-0.21752225419984228,0.012289273097221276,-0.26248463301991043,0.9153701716738238,0.07389741694938667,0.17753625516123694,0.2750108998222478,False,True,False,False,False,False
2025-06-05,Q1,298.99,298.17,301.25,0.28,-0.75,data/raw/spi_weekly/pbs_live/summary/2025-06-04_summary_live.pdf,2025-06-04,False,False,280.75726928710935,0.0,0.41,False,0,0,0,36.9,11.0,False,5.700410128015343,0.2750108998222478,-0.75020746887966,-0.012711628895056837,-0.6695982410553691,-0.26248463301991043,0.10405128721511225,0.012289273097221276,0.150506705909903,False,True,False,False,False,False
2025-06-12,Q1,299.44,298.99,304.28,0.15,-1.59,data/raw/spi_weekly/pbs_live/summary/2025-06-12_summary_live.pdf,2025-06-12,False,False,281.8246154785156,0.0,0.0,False,0,0,3,35.9,11.0,False,5.701914063596173,0.150506705909903,-1.5906401998159514,0.3801668943840486,0.2750108998222478,-0.6695982410553691,0.9153701716738238,-0.012711628895056837,0.046753940689292506,False,True,False,False,False,False
2025-06-19,Q1,299.58,,,,,,,True,False,282.3740661621094,,,,0,0,0,34.9,11.0,True,5.702381493740573,0.046753940689292506,,0.19496192078922725,0.150506705909903,0.2750108998222478,-0.26248463301991043,0.3801668943840486,-0.06342212430736627,False,True,False,False,False,False
2025-06-26,Q1,299.39,299.58,306.62,-0.06,-2.36,data/raw/spi_weekly/pbs_live/summary/2025-06-26_summary_live.pdf,2025-06-26,False,False,283.163671875,0.0,0.0,False,0,0,0,33.9,11.0,False,5.701747071294131,-0.06342212430736627,-2.3579675167960445,0.2796311019714226,0.046753940689292506,0.150506705909903,-0.6695982410553691,0.19496192078922725,0.7381676074685206,False,True,False,False,False,False
2025-07-03,Q1,301.6,299.39,310.99,0.74,-3.02,data/raw/spi_weekly/pbs_live/summary/2025-07-03_summary_live.pdf,2025-07-03,False,False,283.11436767578124,3.94,3.22,True,0,0,0,32.9,11.0,False,5.709101636133801,0.7381676074685206,-3.01938969098684,-0.01741190841758611,-0.06342212430736627,0.046753940689292506,0.2750108998222478,0.2796311019714226,1.057692307692304,False,True,False,False,False,False
2025-07-10,Q1,304.79,,,,,,,True,False,283.6403015136719,,,,0,0,0,31.9,11.0,False,5.719623014875334,1.057692307692304,,0.1857672721480963,0.7381676074685206,-0.06342212430736627,0.150506705909903,-0.01741190841758611,0.13123790150595394,False,True,False,False,False,False
2025-07-17,Q1,305.19,304.79,311.97,0.1312379015059548,-2.1732858928743184,data/raw/spi_weekly/pbs_live/summary/2025-07-17_summary_live.xlsx,2025-07-17,False,False,284.15741577148435,4.15,2.0,True,0,0,0,30.9,11.0,False,5.720934533473766,0.13123790150595394,-2.1732858928743215,0.18231339307315242,1.057692307692304,0.7381676074685206,0.046753940689292506,0.1857672721480963,3.981126511353583,False,True,False,False,False,False
2025-07-24,Q1,317.34,305.19,312.22,3.98112651135358,1.639869322913313,data/raw/spi_weekly/pbs_live/summary/2025-07-24_summary_live.xlsx,2025-07-24,False,False,284.1965087890625,0.0,0.0,False,0,0,0,29.9,11.0,False,5.7599737543059435,3.981126511353583,1.639869322913312,0.01375752150334364,0.13123790150595394,1.057692307692304,-0.06342212430736627,0.18231339307315242,-0.4191088422512035,False,True,False,False,False,False
2025-07-31,Q1,316.01,317.34,309.4,-0.4191088422512052,2.136393018745977,data/raw/spi_weekly/pbs_live/summary/2025-07-31_summary_live.xlsx,2025-07-31,False,False,282.97553100585935,0.0,0.0,False,0,0,0,28.9,11.0,True,5.755773858655822,-0.4191088422512035,2.1363930187459745,-0.42962448356793637,3.981126511353583,0.13123790150595394,0.7381676074685206,0.01375752150334364,0.3037878548147299,False,True,False,False,False,False
2025-08-07,Q1,316.97,316.01,310.83,0.3,1.98,data/raw/spi_weekly/pbs_live/summary/2025-08-07_summary_live.pdf,2025-08-07,False,False,281.6005432128906,0.52,-2.75,True,0,0,0,27.9,11.0,False,5.758807132174922,0.3037878548147299,1.975356304089071,-0.4859034235508708,-0.4191088422512035,3.981126511353583,1.057692307692304,-0.42962448356793637,0.3060226519859821,False,True,False,False,False,False
2025-08-14,Q1,317.94,316.97,311.04,0.31,2.22,data/raw/spi_weekly/pbs_live/summary/2025-08-13_summary_live.pdf,2025-08-13,False,False,282.4434875488281,0.0,0.0,False,0,0,0,26.9,11.0,False,5.7618626857327255,0.3060226519859821,2.2183641975308532,0.2993404509522568,0.3037878548147299,-0.4191088422512035,0.13123790150595394,-0.4859034235508708,0.20444108951374051,False,True,False,False,False,False
2025-08-21,Q1,318.59,317.94,310.29,0.2,2.67,data/raw/spi_weekly/pbs_live/summary/2025-08-21_summary_live.pdf,2025-08-21,False,False,281.8772338867187,-4.46,0.0,True,0,0,0,25.9,11.0,False,5.763905009663833,0.20444108951374051,2.674917013116751,-0.20048387981028704,0.3060226519859821,0.3037878548147299,3.981126511353583,0.2993404509522568,0.8443453969051218,False,True,False,False,False,False
2025-08-28,Q1,321.28,318.59,310.8,0.84,3.37,data/raw/spi_weekly/pbs_live/summary/2025-08-28_summary_live.pdf,2025-08-28,False,False,281.14459838867185,0.0,0.0,False,0,0,0,24.9,11.0,False,5.7723130170633095,0.8443453969051218,3.3719433719433534,-0.25991297273099123,0.20444108951374051,0.3060226519859821,-0.4191088422512035,-0.20048387981028704,2.007594621513964,False,True,False,False,False,False
2025-09-04,Q1,327.73,321.28,310.35,2.01,5.6,data/raw/spi_weekly/pbs_live/summary/2025-09-04_summary_live.pdf,2025-09-04,False,False,281.8087585449219,-0.91,0.0,False,0,0,0,23.9,11.0,False,5.792190098661365,2.007594621513964,5.600128886740774,0.23623436482740345,0.8443453969051218,0.20444108951374051,0.3037878548147299,-0.25991297273099123,-0.10374393555672157,False,True,False,False,False,False
2025-09-11,Q1,327.39,327.73,312.14,-0.1,4.89,data/raw/spi_weekly/pbs_live/summary/2025-09-11_summary_live.pdf,2025-09-11,False,False,281.6524353027344,0.0,0.0,False,0,0,0,22.9,11.0,False,5.791152120793108,-0.10374393555672157,4.885628243736795,-0.05547139237072063,2.007594621513964,0.8443453969051218,0.3060226519859821,0.23623436482740345,-1.4294877668835304,False,True,False,False,False,False
2025-09-18,Q1,322.71,327.39,310.84,-1.43,3.82,data/raw/spi_weekly/pbs_live/summary/2025-09-18_summary_live.pdf,2025-09-18,False,False,281.54197998046874,1.06,0.0,True,0,0,0,21.9,11.0,True,5.776754087112024,-1.4294877668835304,3.818684853944143,-0.039216888768212055,-0.10374393555672157,2.007594621513964,0.20444108951374051,-0.05547139237072063,0.018592544389695043,False,True,False,False,False,False
2025-09-25,Q1,322.77,322.71,311.09,0.02,3.75,data/raw/spi_weekly/pbs_live/summary/2025-09-25_summary_live.pdf,2025-09-25,False,False,281.5032592773438,0.0,0.0,False,0,0,0,20.9,11.0,False,5.776939995273928,0.018592544389695043,3.7545404866758947,-0.013753083333312155,-1.4294877668835304,-0.10374393555672157,0.8443453969051218,-0.039216888768212055,0.8241162437649274,False,True,False,False,False,False
2025-10-02,Q1,325.43,322.77,313.2,0.82,3.9,data/raw/spi_weekly/pbs_live/summary/2025-10-02_summary_live.pdf,2025-10-02,False,False,281.031689453125,1.45,1.72,True,0,0,0,19.9,11.0,False,5.785147384757806,0.8241162437649274,3.9048531289910704,-0.16751842427307206,0.018592544389695043,-1.4294877668835304,2.007594621513964,-0.013753083333312155,0.138278585256435,False,True,False,False,False,False
2025-10-09,Q1,325.88,325.43,312.91,0.14,4.14,data/raw/spi_weekly/pbs_live/summary/2025-10-09_summary_live.pdf,2025-10-09,False,False,281.4290710449219,0.0,0.0,False,0,0,0,18.9,11.0,False,5.786529215442441,0.138278585256435,4.14496181010513,0.1414009902478197,0.8241162437649274,0.018592544389695043,-0.10374393555672157,-0.16751842427307206,1.070946360623548,False,True,False,False,False,False
2025-10-16,Q1,329.37,325.88,313.74,1.0709463606235516,4.981832090265812,data/raw/spi_weekly/pbs_live/summary/2025-10-16_summary_live.xlsx,2025-10-16,False,False,281.635791015625,-0.55,-2.09,True,0,0,0,17.9,11.0,False,5.797181738914751,1.070946360623548,4.981832090265814,0.0734536662952312,0.138278585256435,0.8241162437649274,-1.4294877668835304,0.1414009902478197,0.27324892977502735,False,True,False,False,False,False
2025-10-23,Q1,330.27,329.37,313.16,0.273248929775022,5.463660748499152,data/raw/spi_weekly/pbs_live/summary/2025-10-23_summary_live.xlsx,2025-10-23,False,False,281.33897705078124,0.0,0.0,False,0,0,0,16.9,11.0,False,5.799910501750421,0.27324892977502735,5.463660748499155,-0.10538929152910104,1.070946360623548,0.138278585256435,0.018592544389695043,0.0734536662952312,0.27553214037001617,False,True,False,False,False,False
2025-10-30,Q1,331.18,330.27,312.02,0.2755321403700179,6.140632010768556,data/raw/spi_weekly/pbs_live/summary/2025-10-30_summary_live.xlsx,2025-10-30,False,False,280.863916015625,0.0,0.0,False,0,0,0,15.9,11.0,True,5.802662034214338,0.27553214037001617,6.140632010768554,-0.16885717014264445,0.27324892977502735,1.070946360623548,0.8241162437649274,-0.10538929152910104,-1.0417295730418497,False,True,False,False,False,False
2025-11-06,Q1,327.73,331.18,312.93,-1.0417295730418488,4.729492218707065,data/raw/spi_weekly/pbs_live/summary/2025-11-06_summary_live.xlsx,2025-11-06,False,False,280.808935546875,1.12,0.91,True,0,0,0,14.9,11.0,False,5.792190098661365,-1.0417295730418497,4.729492218707065,-0.01957548321978031,0.27553214037001617,0.27324892977502735,0.138278585256435,-0.16885717014264445,0.3539498977817024,False,True,False,False,False,False
2025-11-13,Q1,328.89,327.73,315.52,0.3539498977817032,4.237449290060852,data/raw/spi_weekly/pbs_live/summary/2025-11-13_summary_live.xlsx,2025-11-13,False,False,281.1173522949219,0.0,0.0,False,0,0,0,13.9,11.0,False,5.795723348354558,0.3539498977817024,4.237449290060846,0.1098315292019647,-1.0417295730418497,0.27553214037001617,1.070946360623548,-0.01957548321978031,0.6932409012131879,False,True,False,False,False,False
2025-11-20,Q1,331.17,328.89,318.4,0.0729727264434814,3.369974874371877,data/raw/spi_weekly/pbs_live/summary/2025-11-20_summary_live.xlsx,2025-11-20,False,True,280.5745788574219,2.17,0.0,True,0,0,0,12.9,11.0,False,5.80263183869837,0.6932409012131879,4.01067839195981,-0.1930771733117953,0.3539498977817024,-1.0417295730418497,0.27324892977502735,0.1098315292019647,-0.08756831838633294,False,True,False,False,False,False
2025-11-27,Q1,330.88,331.17,318.6,-0.0875683183863316,3.8543628374136745,data/raw/spi_weekly/pbs_live/summary/2025-11-27_summary_live.xlsx,2025-11-27,False,False,280.56865234375,0.0,0.0,False,0,0,0,11.9,11.0,False,5.80175577188001,-0.08756831838633294,3.854362837413672,-0.0021122774900184105,0.6932409012131879,0.3539498977817024,0.27553214037001617,-0.1930771733117953,-0.9610735009671245,False,True,False,False,False,False
2025-12-04,Q1,327.7,330.88,317.2,-0.9610735009671316,3.3102143757881493,data/raw/spi_weekly/pbs_live/summary/2025-12-04_summary_live.xlsx,2025-12-04,False,False,280.456689453125,-1.67,-0.73,True,0,0,0,10.9,11.0,False,5.792098555704769,-0.9610735009671245,3.3102143757881564,-0.03990570211236388,-0.08756831838633294,0.6932409012131879,-1.0417295730418497,-0.0021122774900184105,-0.2624351541043679,False,True,False,False,False,False
2025-12-11,Q1,326.84,327.7,317.28,-0.2624351541043666,3.01311144730208,data/raw/spi_weekly/pbs_live/summary/2025-12-11_summary_live.xlsx,2025-12-11,False,False,280.05153198242186,0.0,0.0,False,0,0,0,9.9,11.0,False,5.789470754516507,-0.2624351541043679,3.013111447302075,-0.14446347187980768,-0.9610735009671245,-0.08756831838633294,0.3539498977817024,-0.03990570211236388,0.07037082364460545,False,True,False,False,False,False
2025-12-18,Q1,327.07,326.84,319.44,0.070370823644609,2.3885549711996106,data/raw/spi_weekly/pbs_live/summary/2025-12-18_summary_live.xlsx,2025-12-18,False,False,279.6886779785156,-5.0,0.0,True,0,0,0,8.9,10.5,True,5.79017421526641,0.07037082364460545,2.388554971199608,-0.1295668698320207,-0.2624351541043679,-0.9610735009671245,0.6932409012131879,-0.14446347187980768,-0.32714709389427554,False,True,False,False,False,False
2025-12-25,Q1,326.0,327.07,321.65,-0.3271470938942684,1.3524016788434778,data/raw/spi_weekly/pbs_live/summary/2025-12-24_summary_live.xlsx,2025-12-24,False,False,279.6449203491211,0.0,0.0,False,0,0,0,7.9,10.5,False,5.786897381366708,-0.32714709389427554,1.3524016788434734,-0.01564512003516816,0.07037082364460545,-0.2624351541043679,-0.08756831838633294,-0.1295668698320207,-0.6196319018404894,False,True,False,False,False,False
2026-01-01,Q1,323.98,326.0,320.01,-0.6196319018404921,1.2405862316802685,data/raw/spi_weekly/pbs_live/summary/2026-01-01_summary_live.xlsx,2026-01-01,False,False,279.6135711669922,-3.2,-3.89,True,0,0,0,6.9,10.5,False,5.780681785491992,-0.6196319018404894,1.240586231680263,-0.011210352789448041,-0.32714709389427554,0.07037082364460545,-0.9610735009671245,-0.01564512003516816,0.12037780109883656,False,True,False,False,False,False
2026-01-08,Q1,324.37,323.98,316.72,0.1203778010988401,2.4153826723920133,data/raw/spi_weekly/pbs_live/summary/2026-01-08_summary_live.xlsx,2026-01-08,False,False,279.451220703125,0.0,0.0,False,0,0,0,5.9,10.5,False,5.781884839543164,0.12037780109883656,2.415382672392008,-0.05806244067110278,-0.6196319018404894,-0.32714709389427554,-0.2624351541043679,-0.011210352789448041,0.2805438234115165,False,True,False,False,False,False
2026-01-15,Q1,325.28,324.37,314.75,0.28054382341152,3.3455123113582204,data/raw/spi_weekly/pbs_live/summary/2026-01-15_summary_live.xlsx,2026-01-15,False,False,279.30419921875,0.0,0.0,False,0,0,0,4.9,10.5,False,5.784686349880037,0.2805438234115165,3.345512311358223,-0.05261078624207993,0.12037780109883656,-0.6196319018404894,0.07037082364460545,-0.05806244067110278,-0.30127889818001297,False,True,False,False,False,False
2026-01-22,Q1,324.3,325.28,311.47,-0.3012788981800156,4.119176806755064,data/raw/spi_weekly/pbs_live/summary/2026-01-22_summary_live.xlsx,2026-01-22,False,False,279.19635620117185,0.0,0.0,False,0,0,0,3.9,10.5,False,5.781669013313272,-0.30127889818001297,4.119176806755065,-0.038611312640413065,0.2805438234115165,0.12037780109883656,-0.32714709389427554,-0.05261078624207993,-0.15417823003391895,False,True,False,False,False,False
2026-01-29,Q1,323.8,324.3,309.85,-0.1541782300339207,4.50217847345489,data/raw/spi_weekly/pbs_live/summary/2026-01-29_summary_live.xlsx,2026-01-29,False,False,278.35935668945314,0.0,0.0,False,0,0,0,2.9,10.5,True,5.780126041243535,-0.15417823003391895,4.5021784734548875,-0.29978883790146016,-0.30127889818001297,0.2805438234115165,-0.6196319018404894,-0.038611312640413065,0.1327980234712811,False,True,False,False,False,False
2026-02-05,Q1,324.23,323.8,308.96,0.1327980234712811,4.942387364060068,data/raw/spi_weekly/pbs_live/summary/2026-02-04_summary_live.xlsx,2026-02-04,False,False,278.97703857421874,4.35,0.0,True,0,0,0,1.9,10.5,False,5.781453140492364,0.1327980234712811,4.942387364060075,0.22190088815829956,-0.15417823003391895,-0.30127889818001297,0.12037780109883656,-0.29978883790146016,-0.6168460660642139,False,True,False,False,False,False
2026-02-12,Q1,322.23,324.23,308.24,-0.6168460660642126,4.5386711653257095,data/raw/spi_weekly/pbs_live/summary/2026-02-12_summary_live.xlsx,2026-02-12,False,False,279.0117980957031,0.0,0.0,False,0,0,0,0.9,10.5,False,5.775265576278065,-0.6168460660642139,4.538671165325714,0.012459635266770519,0.1327980234712811,-0.15417823003391895,0.2805438234115165,0.22190088815829956,1.107904291965367,False,True,False,False,False,False
2026-02-19,Q1,325.8,322.23,308.82,1.1079042919653688,5.498348552554887,data/raw/spi_weekly/pbs_live/summary/2026-02-19_summary_live.xlsx,2026-02-19,False,False,278.56842041015625,2.69,1.93,True,2,0,0,50.6,10.5,False,5.786283696167945,1.107904291965367,5.498348552554888,-0.158910013330249,-0.6168460660642139,0.1327980234712811,-0.30127889818001297,0.012459635266770519,-0.7120933087783943,False,True,False,False,False,False
2026-02-26,Q1,323.48,325.8,309.94,-0.7120933087783925,4.368587468542302,data/raw/spi_weekly/pbs_live/summary/2026-02-26_summary_live.xlsx,2026-02-26,False,False,277.984814453125,0.0,0.0,False,7,0,0,49.6,10.5,False,5.779137288227622,-0.7120933087783943,4.368587468542295,-0.209501836630277,1.107904291965367,-0.6168460660642139,-0.15417823003391895,-0.158910013330249,0.0,False,True,False,False,False,False
2026-03-05,Q1,323.48,323.48,309.33,0.0,4.574402741408861,data/raw/spi_weekly/pbs_live/summary/2026-03-05_summary_live.xlsx,2026-03-05,False,False,278.8382202148438,1.84,3.06,True,7,0,0,48.6,10.5,False,5.779137288227622,0.0,4.574402741408856,0.30699725932787914,-0.7120933087783943,1.107904291965367,0.1327980234712811,-0.209501836630277,0.6615555830344899,False,True,False,False,False,False
2026-03-12,Q1,325.62,323.48,309.65,0.6615555830344846,5.157435814629423,data/raw/spi_weekly/pbs_live/summary/2026-03-11_summary_live.xlsx,2026-03-11,False,False,278.3218566894531,19.54,20.6,True,7,0,0,47.6,10.5,True,5.7857310573033685,0.6615555830344899,5.157435814629419,-0.18518391237499765,0.0,-0.7120933087783943,-0.6168460660642139,0.30699725932787914,0.18426386585590482,False,True,False,False,False,False
2026-03-19,Q1,326.22,325.62,308.43,0.184263865855911,5.767921408423305,data/raw/spi_weekly/pbs_live/summary/2026-03-18_summary_live.xlsx,2026-03-18,False,False,278.7607177734375,0.0,0.0,False,7,0,0,46.6,10.5,False,5.787572000385884,0.18426386585590482,5.767921408423304,0.157681142690147,0.6615555830344899,0.0,1.107904291965367,-0.18518391237499765,0.9717368646925184,False,True,False,False,False,False
2026-03-26,Q1,329.39,326.22,307.79,0.9717368646925166,7.017771857435264,data/raw/spi_weekly/pbs_live/summary/2026-03-26_summary_live.xlsx,2026-03-26,False,False,278.281982421875,0.0,0.0,False,0,3,0,45.6,10.5,False,5.79724245905564,0.9717368646925184,7.017771857435262,-0.1717370206915536,0.18426386585590482,0.6615555830344899,-0.7120933087783943,0.157681142690147,0.6982604207778076,False,True,False,False,False,False
2026-04-02,Q1,331.69,329.39,308.66,0.6982604207778138,7.46128426099915,data/raw/spi_weekly/pbs_live/summary/2026-04-02_summary_live.xlsx,2026-04-02,False,False,278.03447265625,0.0,0.0,False,0,0,0,44.6,10.5,False,5.804200797774708,0.6982604207778076,7.461284260999146,-0.0889420736013724,0.9717368646925184,0.18426386585590482,0.0,-0.1717370206915536,0.7476860924357176,False,True,False,False,False,False
2026-04-09,Q1,334.17,331.69,305.65,0.747686092435714,9.330934074922313,data/raw/spi_weekly/pbs_live/summary/2026-04-09_summary_live.xlsx,2026-04-09,False,False,278.40264282226565,54.71,17.86,True,0,0,0,43.6,10.5,False,5.811649845525208,0.7476860924357176,9.330934074922315,0.13241889126132111,0.6982604207778076,0.9717368646925184,0.6615555830344899,-0.0889420736013724,-0.3590986623574821,False,True,False,False,False,False
2026-04-16,Q1,332.97,334.17,303.2,-0.3590986623574821,9.818601583113477,data/raw/spi_weekly/pbs_live/summary/2026-04-16_summary_live.xlsx,2026-04-16,False,False,278.3883972167969,-25.77,-3.1,True,0,0,0,42.6,10.5,False,5.808052395831998,-0.3590986623574821,9.818601583113473,-0.005116907413071914,0.7476860924357176,0.6982604207778076,0.18426386585590482,0.13241889126132111,-0.4114484788419359,False,True,False,False,False,False
2026-04-23,Q1,331.6,332.97,297.71,-0.4114484788419332,11.38356118370227,data/raw/spi_weekly/pbs_live/summary/2026-04-23_summary_live.xlsx,2026-04-23,False,False,278.58518676757814,-8.35,0.0,True,0,0,0,41.6,10.5,False,5.80392942326114,-0.4114484788419359,11.383561183702273,0.07068884793643981,-0.3590986623574821,0.7476860924357176,0.9717368646925184,-0.005116907413071914,0.1688781664656247,False,True,False,False,False,False
2026-04-30,Q1,332.16,331.6,297.93,0.17,11.49,data/raw/spi_weekly/pbs_live/summary/2026-04-30_summary_live.pdf,2026-04-30,False,False,278.18047485351565,7.53,7.18,True,0,0,0,40.6,11.5,True,5.805616780537469,0.1688781664656247,11.489276004430572,-0.14527402506873122,-0.4114484788419359,-0.3590986623574821,0.6982604207778076,0.07068884793643981,0.6894267822735944,False,True,False,False,False,False
2026-05-07,Q1,334.45,332.16,298.24,0.6894267822735998,12.14122854077253,data/raw/spi_weekly/pbs_live/summary/2026-05-07_summary_live.xlsx,2026-05-07,False,False,278.0315246582031,5.1,1.66,True,0,0,0,39.6,11.5,False,5.812487391564417,0.6894267822735944,12.14122854077253,-0.053544446421327496,0.1688781664656247,-0.4114484788419359,0.7476860924357176,-0.14527402506873122,0.39467782927193884,False,True,False,False,False,False
2026-05-14,Q1,335.77,334.45,300.97,0.3946778292719415,11.56261421404126,data/raw/spi_weekly/pbs_live/summary/2026-05-14_summary_live.xlsx,2026-05-14,False,False,277.6396850585937,3.76,3.73,True,0,0,0,38.6,11.5,False,5.816426401760286,0.39467782927193884,11.562614214041256,-0.14093351467647786,0.6894267822735944,0.1688781664656247,-0.3590986623574821,-0.053544446421327496,-0.06254281204395307,False,True,False,False,False,False
2026-05-21,Q1,335.56,335.77,300.18,-0.0625428120439579,11.786261576387489,data/raw/spi_weekly/pbs_live/summary/2026-05-21_summary_live.xlsx,2026-05-21,False,False,277.92547607421875,-1.21,-1.21,True,0,0,0,37.6,11.5,False,5.815800777978094,-0.06254281204395307,11.786261576387492,0.10293593855816852,0.39467782927193884,0.6894267822735944,-0.4114484788419359,-0.14093351467647786,0.0,False,True,False,False,False,False
2026-05-28,Q1,335.56,,,,,,,True,False,277.33640747070314,,,,0,0,2,36.6,11.5,False,5.815800777978094,0.0,,-0.21195199944833432,-0.06254281204395307,0.39467782927193884,0.1688781664656247,0.10293593855816852,0.31588985576349593,False,True,False,False,False,False
2026-06-04,Q1,336.62,335.56,298.99,0.3158898557635012,12.585705207532015,data/raw/spi_weekly/pbs_live/summary/2026-06-04_summary_live.xlsx,2026-06-04,False,False,277.9414489746094,-7.01,-6.8,True,0,0,1,35.6,11.5,False,5.81895469769802,0.31588985576349593,12.585705207532015,0.21816158557190768,0.0,-0.06254281204395307,0.6894267822735944,-0.21195199944833432,0.1871546551007075,False,True,False,False,False,False
2026-06-11,Q1,337.25,336.62,299.44,0.1871546551007128,12.6269035532995,data/raw/spi_weekly/pbs_live/summary/2026-06-11_summary_live.xlsx,2026-06-11,False,False,277.6693481445312,0.0,-1.04,True,0,0,0,34.6,11.5,False,5.820824495087865,0.1871546551007075,12.626903553299496,-0.09789861536737554,0.31588985576349593,0.0,0.39467782927193884,0.21816158557190768,0.6404744255003703,False,True,False,False,False,False
2026-06-18,Q1,339.41,337.25,299.58,0.640474425500372,13.295280058748943,data/raw/spi_weekly/pbs_live/summary/2026-06-18_summary_live.xlsx,2026-06-18,False,False,277.0531982421875,-0.51,-1.06,True,0,0,0,33.6,11.5,True,5.827208816125654,0.6404744255003703,13.295280058748936,-0.22190058299954574,0.1871546551007075,0.31588985576349593,-0.06254281204395307,-0.09789861536737554,0.0,False,True,False,False,False,False
2026-06-25,Q1,339.41,,,,,,,True,False,277.091162109375,,,,0,0,0,32.6,11.5,False,5.827208816125654,0.0,,0.013702735585940928,0.6404744255003703,0.1871546551007075,0.0,-0.22190058299954574,1.4171650805810065,False,True,False,False,False,False
2026-07-02,Q1,344.22,339.41,301.6,1.4171650805810003,14.131299734747998,data/raw/spi_weekly/pbs_live/summary/2026-07-02_summary_live.xlsx,2026-07-02,False,False,276.75453491210936,-17.73,-19.77,True,0,0,0,31.6,11.5,False,5.841280987841834,1.4171650805810065,14.131299734748005,-0.12148608230699853,0.0,0.6404744255003703,0.31588985576349593,0.013702735585940928,-0.3602347336006062,False,True,False,False,False,False
2026-07-09,Q1,342.98,344.22,304.79,-0.3602347336006062,12.529938646281051,data/raw/spi_weekly/pbs_live/summary/2026-07-09_summary_live.xlsx,2026-07-09,False,False,277.21002807617185,-0.63,-0.69,False,0,0,0,30.6,11.5,False,5.837672136428001,-0.3602347336006062,12.529938646281046,0.1645838122244836,1.4171650805810065,0.0,0.1871546551007075,-0.12148608230699853,1.1079363228176486,False,True,False,False,False,False
2026-07-16,Q1,346.78,342.98,305.19,1.1079363228176504,13.627576263966716,data/raw/spi_weekly/pbs_live/summary/2026-07-16_summary_live.xlsx,2026-07-16,False,False,277.0631408691406,4.41,4.4,True,0,0,0,29.6,11.5,False,5.848690573116527,1.1079363228176486,13.627576263966713,-0.05298769602622988,-0.3602347336006062,1.4171650805810065,0.6404744255003703,0.1645838122244836,0.8708691389353485,False,True,False,False,False,False
2026-07-23,Q1,349.8,346.78,317.34,0.8708691389353476,10.228776706371718,data/raw/spi_weekly/pbs_live/summary/2026-07-23_summary_live.xlsx,2026-07-23,False,False,277.11009521484374,15.87,5.23,True,0,0,0,28.6,11.5,False,5.857361562584502,0.8708691389353485,10.228776706371722,0.0169471643018948,1.1079363228176486,-0.3602347336006062,0.0,-0.05298769602622988,-1.1921097770154376,False,True,False,False,False,False
2026-07-30,Q1,345.63,349.8,316.01,-1.192109777015432,9.373121103762545,data/raw/spi_weekly/pbs_live/summary/2026-07-30_summary_live.xlsx,2026-07-30,False,False,277.20325927734376,4.17,2.46,True,0,0,0,27.6,11.5,True,5.845368838718072,-1.1921097770154376,9.37312110376254,0.03361987315106951,0.8708691389353485,1.1079363228176486,1.4171650805810065,0.0169471643018948,0.42820357029194067,False,True,False,False,False,False
2026-08-06,Q1,347.11,345.63,316.97,0.4282035702919415,9.508786320471955,data/raw/spi_weekly/pbs_live/summary/2026-08-06_summary_live.xlsx,2026-08-06,False,False,276.63751831054685,-1.66,-0.63,True,0,0,0,26.6,11.5,False,5.8496417325939065,0.42820357029194067,9.508786320471962,-0.20408885821608935,-1.1921097770154376,0.8708691389353485,-0.3602347336006062,0.03361987315106951,0.4609489787099186,False,True,False,False,False,False
2026-08-13,Q1,348.71,347.11,317.94,0.4609489787099221,9.677926652827566,data/raw/spi_weekly/pbs_live/summary/2026-08-13_summary_live.xlsx,2026-08-13,False,False,276.48651733398435,-0.29,-2.35,True,0,0,0,25.6,11.5,False,5.85424063121706,0.4609489787099186,9.677926652827562,-0.05458441699617289,0.42820357029194067,-1.1921097770154376,1.1079363228176486,-0.20408885821608935,0.378538040205334,False,True,False,False,False,False
2026-08-20,Q1,350.03,348.71,318.59,0.3785380402053278,9.868483003232996,data/raw/spi_weekly/pbs_live/summary/2026-08-20_summary_live.xlsx,2026-08-20,False,False,276.41481323242186,-5.15,3.77,True,0,0,0,24.6,11.5,False,5.858018865095914,0.378538040205334,9.868483003232997,-0.02593403188476673,0.4609489787099186,0.42820357029194067,0.8708691389353485,-0.05458441699617289,-0.1742707767905527,False,True,False,False,False,False
2026-08-27,Q1,349.42,350.03,321.28,-0.17427077679055,8.758715139442245,data/raw/spi_weekly/pbs_live/summary/2026-08-27_summary_live.xlsx,2026-08-27,False,False,276.7794189453125,2.44,1.71,True,0,0,0,23.6,11.5,False,5.856274637046298,-0.1742707767905527,8.758715139442241,0.1319052725962555,0.378538040205334,0.4609489787099186,-1.1921097770154376,-0.02593403188476673,0.9129414458245,False,True,False,False,False,False
2026-09-03,Q1,352.61,349.42,327.73,0.9129414458245008,7.591615048973239,data/raw/spi_weekly/pbs_live/summary/2026-09-03_summary_live.xlsx,2026-09-03,False,False,276.7824951171875,0.09,0.9,False,0,0,0,22.6,11.5,False,5.865362630310336,0.9129414458245,7.591615048973233,0.001111416407595378,-0.1742707767905527,0.378538040205334,0.42820357029194067,0.1319052725962555,-0.2977794163523506,False,True,False,False,False,False
2026-09-10,Q1,351.56,352.61,327.39,-0.2977794163523555,7.382632334524587,data/raw/spi_weekly/pbs_live/summary/2026-09-10_summary_live.xlsx,2026-09-10,False,False,273.6826477050781,5.49,6.18,True,0,0,0,21.6,11.5,False,5.862380393696444,-0.2977794163523506,7.382632334524586,-1.1199578971917812,0.9129414458245,-0.1742707767905527,0.4609489787099186,0.001111416407595378,-0.1393787689156878,False,True,False,False,False,False
2026-09-17,Q1,351.07,351.56,322.71,-0.1393787689156909,8.78807598153142,data/raw/spi_weekly/pbs_live/summary/2026-09-17_summary_live.xlsx,2026-09-17,False,False,273.71156005859376,7.29,6.4,True,0,0,0,20.6,11.5,True,5.860985633781738,-0.1393787689156878,8.788075981531417,0.010564189493944554,-0.2977794163523506,0.9129414458245,0.378538040205334,-1.1199578971917812,0.8516820007405945,False,True,False,False,False,False
2026-09-24,Q1,354.06,351.07,322.77,0.8516820007405954,9.694209499024083,data/raw/spi_weekly/pbs_live/summary/2026-09-24_summary_live.xlsx,2026-09-24,False,False,270.28033447265625,-1.57,-0.34,True,0,0,0,19.6,11.5,False,5.8694663902971325,0.8516820007405945,9.694209499024087,-1.2535917683575315,-0.1393787689156878,-0.2977794163523506,-0.1742707767905527,0.010564189493944554,0.18923346325481205,False,True,False,False,False,False
2026-10-01,Q1,354.73,354.06,325.43,0.1892334632548085,9.003472328918676,data/raw/spi_weekly/pbs_live/summary/2026-10-01_summary_live.xlsx,2026-10-01,False,False,270.23224487304685,-3.43,-0.65,True,0,0,0,18.6,11.5,False,5.871356936720072,0.18923346325481205,9.003472328918672,-0.01779248930678934,0.8516820007405945,-0.1393787689156878,0.9129414458245,-1.2535917683575315,,False,True,False,False,False,False
2019-09-05,Q2,122.67,122.56,106.94,0.07,14.69,data/raw/spi_weekly/wayback/summary/2019-09-05_summary_weekly_spi_nb.pdf,2019-09-05,False,True,156.8299987792969,-4.04,-5.94,True,0,0,0,33.3,13.25,False,4.80949782304466,,14.709182719281856,,,,,,0.8967147631857797,False,False,True,False,False,False
2019-09-12,Q2,123.77,122.67,107.26,0.9,15.39,data/raw/spi_weekly/wayback/summary/2019-09-12_summary_weekly_spi_nb.pdf,2019-09-12,False,False,155.6459991455078,0.0,0.0,False,0,0,0,32.3,13.25,False,4.818425004551931,0.8967147631857797,15.392504195413004,-0.7549573697665402,,,,,0.969540276318992,False,False,True,False,False,False
2019-09-19,Q2,124.97,123.77,107.66,0.97,16.08,data/raw/spi_weekly/wayback/summary/2019-09-19_summary_weekly_spi_nb.pdf,2019-09-19,False,False,155.93800048828126,0.0,0.0,False,0,0,0,31.3,13.25,True,4.828073708497692,0.969540276318992,16.078394947055543,0.18760607042682675,0.8967147631857797,,,-0.7549573697665402,0.1760422501400294,False,False,True,False,False,False
2019-09-26,Q2,125.19,124.97,107.94,0.18,15.98,data/raw/spi_weekly/wayback/summary/2019-09-26_summary_weekly_spi_nb.pdf,2019-09-26,False,False,156.03799743652343,0.0,0.0,False,0,0,0,30.3,13.25,False,4.829832583271571,0.1760422501400294,15.981100611450817,0.06412609365840094,0.969540276318992,0.8967147631857797,,0.18760607042682675,0.25561147056474276,False,False,True,False,False,False
2019-10-03,Q2,125.51,125.19,110.43,0.26,13.66,data/raw/spi_weekly/wayback/summary/2019-10-03_summary_weekly_spi_nb.pdf,2019-10-03,False,False,155.5259979248047,0.0,0.0,False,0,0,0,29.3,13.25,False,4.832385436672355,0.25561147056474276,13.655709499230273,-0.3281248927377467,0.1760422501400294,0.969540276318992,,0.06412609365840094,-0.40634212413354076,False,False,True,False,False,False
2019-10-10,Q2,125.0,125.51,111.05,-0.41,12.56,data/raw/spi_weekly/wayback/summary/2019-10-10_summary_weekly_spi_nb.pdf,2019-10-10,False,False,155.77999877929688,0.0,0.0,False,0,0,0,28.3,13.25,False,4.8283137373023015,-0.40634212413354076,12.561909049977494,0.16331729606711143,0.25561147056474276,0.1760422501400294,0.8967147631857797,-0.3281248927377467,3.0480000000000063,False,False,True,False,False,False
2019-10-17,Q2,128.81,125.0,110.46,3.05,16.61,data/raw/spi_weekly/wayback/summary/2019-10-17_summary_weekly_spi_nb.pdf,2019-10-17,False,False,155.53423461914062,0.0,0.0,False,0,0,0,27.3,13.25,False,4.858338450407997,3.0480000000000063,16.6123483613978,-0.15776361669154193,-0.40634212413354076,0.25561147056474276,0.969540276318992,0.16331729606711143,0.3105348963589938,False,False,True,False,False,False
2019-10-24,Q2,129.21,128.81,110.31,0.31,17.13,data/raw/spi_weekly/wayback/summary/2019-10-24_summary_weekly_spi_nb.pdf,2019-10-24,False,False,155.55,0.0,0.0,False,0,0,0,26.3,13.25,False,4.861438987734129,0.3105348963589938,17.133532771280933,0.010136277005501348,3.0480000000000063,-0.40634212413354076,0.1760422501400294,-0.15776361669154193,0.6501044810773182,False,False,True,False,False,False
2019-10-31,Q2,130.05,129.21,109.14,0.65,19.16,data/raw/spi_weekly/wayback/summary/2019-10-31_summary_weekly_spi_nb.pdf,2019-10-31,False,False,155.3,0.0,0.0,False,0,0,0,25.3,13.25,False,4.867918991894661,0.6501044810773182,19.158878504672906,-0.16072002571519972,0.3105348963589938,3.0480000000000063,0.25561147056474276,0.010136277005501348,0.7458669742406832,False,False,True,False,False,False
2019-11-07,Q2,131.02,130.05,109.22,0.75,19.96,data/raw/spi_weekly/wayback/summary/2019-11-07_summary_weekly_spi_nb.pdf,2019-11-07,False,False,155.0356414794922,0.22,0.89,False,0,0,0,24.3,13.25,False,4.87534998330373,0.7458669742406832,19.95971433803334,-0.1702244175839085,0.6501044810773182,0.3105348963589938,-0.40634212413354076,-0.16072002571519972,1.5264845061822685,False,False,True,False,False,False
2019-11-14,Q2,133.02,131.02,109.98,1.53,20.95,data/raw/spi_weekly/wayback/summary/2019-11-14_summary_weekly_spi_nb.pdf,2019-11-14,False,False,155.2,0.0,0.0,False,0,0,0,23.3,13.25,False,4.890499492856275,1.5264845061822685,20.949263502455008,0.10601337791706911,0.7458669742406832,0.6501044810773182,3.0480000000000063,-0.1702244175839085,0.32325966020145813,False,False,True,False,False,False
2019-11-21,Q2,133.45,133.02,109.95,0.32,21.37,data/raw/spi_weekly/wayback/summary/2019-11-21_summary_weekly_spi_nb.pdf,2019-11-21,False,False,154.74620361328124,0.0,0.0,False,0,0,0,22.3,13.25,False,4.8937268758505335,0.32325966020145813,21.373351523419725,-0.29239457907136446,1.5264845061822685,0.7458669742406832,0.3105348963589938,0.10601337791706911,-0.8842263019857466,False,False,True,False,False,False
2019-11-28,Q2,132.27,133.45,109.94,-0.88,20.31,data/raw/spi_weekly/wayback/summary/2019-11-28_summary_weekly_spi_nb.pdf,2019-11-28,False,False,154.8800018310547,0.0,0.0,False,0,0,0,21.3,13.25,True,4.884845288037956,-0.8842263019857466,20.31107877023832,0.08646300500387838,0.32325966020145813,1.5264845061822685,0.6501044810773182,-0.29239457907136446,-1.1038028275497158,False,False,True,False,False,False
2019-12-05,Q2,130.81,132.27,109.54,-1.1,19.42,data/raw/spi_weekly/wayback/summary/2019-12-05_summary_weekly_spi_nb.pdf,2019-12-05,False,False,154.22896728515624,-1.86,-0.2,True,0,0,0,20.3,13.25,False,4.873745888700135,-1.1038028275497158,19.41756436005111,-0.42034771319838793,-0.8842263019857466,0.32325966020145813,0.7458669742406832,0.08646300500387838,-0.810335601253731,False,False,True,False,False,False
2019-12-12,Q2,129.75,130.81,109.4,-0.81,18.6,data/raw/spi_weekly/wayback/summary/2019-12-12_summary_weekly_spi_nb.pdf,2019-12-12,False,False,154.49000244140626,0.0,0.0,False,0,0,0,19.3,13.25,False,4.865609522045998,-0.810335601253731,18.601462522851907,0.16925170468617967,-1.1038028275497158,-0.8842263019857466,1.5264845061822685,-0.42034771319838793,-0.20038535645471311,False,False,True,False,False,False
2019-12-19,Q2,129.49,129.75,109.31,-0.2,18.46,data/raw/spi_weekly/wayback/summary/2019-12-19_summary_weekly_spi_nb.pdf,2019-12-19,False,False,154.34918212890625,0.0,0.0,False,0,0,0,18.3,13.25,False,4.8636036580807485,-0.20038535645471311,18.46125697557406,-0.09115173168141588,-0.810335601253731,-1.1038028275497158,0.32325966020145813,0.16925170468617967,0.3397945787319445,False,False,True,False,False,False
2019-12-26,Q2,129.93,129.49,109.52,0.34,18.64,data/raw/spi_weekly/wayback/summary/2019-12-26_summary_weekly_spi_nb.pdf,2019-12-26,False,False,153.9727355957031,0.0,0.0,False,0,0,0,17.3,13.25,False,4.866995843894645,0.3397945787319445,18.635865595325065,-0.2438927942544855,-0.20038535645471311,-0.810335601253731,-0.8842263019857466,-0.09115173168141588,0.7773416455014059,False,False,True,False,False,False
2020-01-02,Q2,130.94,129.93,109.22,0.78,19.89,data/raw/spi_weekly/wayback/summary/2020-01-02_summary_weekly_spi_nb.pdf,2020-01-02,False,False,154.40554809570312,1.76,2.28,True,0,0,0,16.3,13.25,False,4.874739203012945,0.7773416455014059,19.886467679912112,0.28109684375321464,0.3397945787319445,-0.20038535645471311,-1.1038028275497158,-0.2438927942544855,0.4353138842217774,False,False,True,False,False,False
2020-01-09,Q2,131.51,130.94,109.55,0.44,20.05,data/raw/spi_weekly/wayback/summary/2020-01-09_summary_weekly_spi_nb.pdf,2020-01-09,False,False,154.36000061035156,0.0,0.0,False,0,0,0,15.3,13.25,False,4.879082894353873,0.4353138842217774,20.045641259698765,-0.02949860669729798,0.7773416455014059,0.3397945787319445,-0.810335601253731,0.28109684375321464,-0.3421793019542152,False,False,True,False,False,False
2020-01-16,Q2,131.06,131.51,109.44,-0.34,19.76,data/raw/spi_weekly/wayback/summary/2020-01-16_summary_weekly_spi_nb.pdf,2020-01-16,False,False,154.09642333984374,0.0,0.0,False,0,0,0,14.3,13.25,False,4.875655233611351,-0.3421793019542152,19.755116959064335,-0.17075490377405078,0.4353138842217774,0.7773416455014059,-0.20038535645471311,-0.02949860669729798,-0.5417366091866382,False,False,True,False,False,False
2020-01-23,Q2,130.35,131.06,109.42,-0.54,19.13,data/raw/spi_weekly/wayback/summary/2020-01-23_summary_weekly_spi_nb.pdf,2020-01-23,False,False,153.88193054199218,0.0,0.0,False,0,0,0,13.3,13.25,False,4.870223140379511,-0.5417366091866382,19.128130140742083,-0.1391938847136731,-0.3421793019542152,0.4353138842217774,0.3397945787319445,-0.17075490377405078,-0.3222094361334804,False,False,True,False,False,False
2020-01-30,Q2,129.93,130.35,110.05,-0.32,18.06,data/raw/spi_weekly/wayback/summary/2020-01-30_summary_weekly_spi_nb.pdf,2020-01-30,False,False,153.96000061035156,0.0,0.0,False,0,0,0,12.3,13.25,True,4.866995843894645,-0.3222094361334804,18.06451612903226,0.05073374637580841,-0.5417366091866382,-0.3421793019542152,0.7773416455014059,-0.1391938847136731,0.41560840452550263,False,False,True,False,False,False
2020-02-06,Q2,130.47,129.93,111.57,0.42,16.94,data/raw/spi_weekly/wayback/summary/2020-02-06_summary_weekly_spi_nb.pdf,2020-02-06,False,False,153.7567169189453,0.0,0.0,False,0,0,0,11.3,13.25,False,4.871143315277656,0.41560840452550263,16.940037644528093,-0.13203669173835753,-0.3222094361334804,-0.5417366091866382,0.4353138842217774,0.05073374637580841,-0.45221123629953786,False,False,True,False,False,False
2020-02-13,Q2,129.88,130.47,112.44,-0.45,15.51,data/raw/spi_weekly/wayback/summary/2020-02-13_summary_weekly_spi_nb.pdf,2020-02-13,False,False,153.72173767089845,0.0,0.0,False,0,0,0,10.3,13.25,False,4.866610947234645,-0.45221123629953786,15.510494485948056,-0.022749736562921452,0.41560840452550263,-0.3222094361334804,-0.3421793019542152,-0.13203669173835753,-0.08469356328917321,False,False,True,False,False,False
2020-02-20,Q2,129.77,129.88,112.77,-0.08,15.07,data/raw/spi_weekly/wayback/summary/2020-02-20_summary_weekly_spi_nb.pdf,2020-02-20,False,False,153.81999816894532,0.0,0.0,False,0,0,0,9.3,13.25,False,4.8657636527491395,-0.08469356328917321,15.074931276048599,0.06392101698540209,-0.45221123629953786,0.41560840452550263,-0.5417366091866382,-0.022749736562921452,-1.8494259073745911,False,False,True,False,False,False
2020-02-27,Q2,127.37,129.77,112.72,-1.85,13.0,data/raw/spi_weekly/wayback/summary/2020-02-27_summary_weekly_spi_nb.pdf,2020-02-27,False,False,153.79000244140624,0.0,0.0,False,0,0,0,8.3,13.25,False,4.8470962366016686,-1.8494259073745911,12.99680624556423,-0.019500538223993225,-0.08469356328917321,-0.45221123629953786,-0.3222094361334804,0.06392101698540209,0.16487398916542606,False,False,True,False,False,False
2020-03-05,Q2,127.58,127.37,115.84,0.16,10.13,data/raw/spi_weekly/wayback/summary/2020-03-05_summary_weekly_spi_nb.pdf,2020-03-05,False,False,153.8,-3.91,-4.24,True,0,0,0,7.3,13.25,False,4.848743618813809,0.16487398916542606,10.13466850828728,0.006500785769603112,-1.8494259073745911,-0.08469356328917321,0.41560840452550263,-0.019500538223993225,0.7838219156607762,False,False,True,False,False,False
2020-03-12,Q2,128.58,127.58,115.97,0.78,10.87,data/raw/spi_weekly/wayback/summary/2020-03-12_summary_weekly_spi_nb.pdf,2020-03-12,False,False,155.272802734375,0.0,0.0,False,0,0,0,6.3,13.25,False,4.856551278713541,0.7838219156607762,10.873501767698546,0.9576090600617704,0.16487398916542606,-1.8494259073745911,-0.45221123629953786,0.006500785769603112,0.04666355576292691,False,False,True,False,False,False
2020-03-19,Q2,128.64,128.58,115.31,0.05,11.56,data/raw/spi_weekly/wayback/summary/2020-03-19_summary_weekly_spi_nb.pdf,2020-03-19,False,False,157.58949279785156,0.0,0.0,False,0,0,0,5.3,12.5,True,4.857017805430656,0.04666355576292691,11.56014222530568,1.4920127818132567,0.7838219156607762,0.16487398916542606,-0.08469356328917321,0.9576090600617704,-0.5130597014925242,False,False,True,False,False,False
2020-03-26,Q2,127.98,128.64,114.75,-0.51,11.53,data/raw/spi_weekly/wayback/summary/2020-03-26_summary_weekly_spi_nb.pdf,2020-03-26,False,False,158.47000122070312,-12.15,-13.31,True,0,0,0,4.3,11.0,True,4.851874001711314,-0.5130597014925242,11.529411764705877,0.5587354887809814,0.04666355576292691,0.7838219156607762,-1.8494259073745911,1.4920127818132567,-1.9065478981090789,False,False,True,False,False,False
2020-04-02,Q2,125.54,127.98,114.55,-1.91,9.59,data/raw/spi_weekly/wayback/summary/2020-04-02_summary_weekly_spi_nb.pdf,2020-04-02,False,False,164.6666473388672,0.0,0.0,False,0,0,0,3.3,11.0,False,4.832624432889386,-1.9065478981090789,9.594063727629853,3.9102959995147124,-0.5130597014925242,0.04666355576292691,0.16487398916542606,0.5587354887809814,-0.5894535606181361,False,False,True,False,False,False
2020-04-09,Q2,124.8,125.54,115.37,-0.59,8.17,data/raw/spi_weekly/wayback/summary/2020-04-09_summary_weekly_spi_nb.pdf,2020-04-09,False,False,166.52000122070314,0.0,0.0,False,0,0,0,2.3,11.0,False,4.826712455935327,-0.5894535606181361,8.173702002253602,1.1255186838303288,-1.9065478981090789,-0.5130597014925242,0.7838219156607762,3.9102959995147124,0.04006410256409687,False,False,True,False,False,False
2020-04-16,Q2,124.85,124.8,116.11,0.04,7.53,data/raw/spi_weekly/wayback/summary/2020-04-16_summary_weekly_spi_nb.pdf,2020-04-16,False,False,166.27999877929688,0.0,0.0,False,0,0,0,1.3,9.0,True,4.827113016725782,0.04006410256409687,7.527344759279986,-0.14412829668921656,-0.5894535606181361,-1.9065478981090789,0.04666355576292691,1.1255186838303288,0.816980376451748,False,False,True,False,False,False
2020-04-23,Q2,125.87,124.85,116.71,0.82,7.85,data/raw/spi_weekly/wayback/summary/2020-04-23_summary_weekly_spi_nb.pdf,2020-04-23,False,False,162.41874084472656,0.0,0.0,False,0,0,0,0.3,9.0,False,4.835249628303414,0.816980376451748,7.8485134093051245,-2.3221421475323467,0.04006410256409687,-0.5894535606181361,-0.5130597014925242,-0.14412829668921656,0.7229681417335376,False,False,True,False,False,False
2020-04-30,Q2,126.78,125.87,115.23,0.72,10.02,data/raw/spi_weekly/wayback/summary/2020-04-30_summary_weekly_spi_nb.pdf,2020-04-30,False,False,160.4800018310547,0.0,0.0,False,6,0,0,49.9,9.0,False,4.84245330085602,0.7229681417335376,10.023431398073424,-1.1936670630425028,0.816980376451748,0.04006410256409687,-1.9065478981090789,-2.3221421475323467,0.8834200978072193,False,False,True,False,False,False
2020-05-07,Q2,127.9,126.78,116.67,0.88,9.63,data/raw/spi_weekly/wayback/summary/2020-05-07_summary_weekly_spi_nb.pdf,2020-05-07,False,False,159.25,-25.2,-15.55,True,7,0,0,48.9,9.0,False,4.851248708584797,0.8834200978072193,9.625439273163616,-0.7664517802969506,0.7229681417335376,0.816980376451748,-0.5894535606181361,-1.1936670630425028,-0.015637216575459245,False,False,True,False,False,False
2020-05-14,Q2,127.88,127.9,115.76,-0.02,10.47,data/raw/spi_weekly/wayback/summary/2020-05-14_summary_weekly_spi_nb.pdf,2020-05-14,False,False,159.76000061035157,0.0,0.0,False,7,0,0,47.9,9.0,False,4.851092324191641,-0.015637216575459245,10.469937802349683,0.320251560660334,0.8834200978072193,0.7229681417335376,0.04006410256409687,-0.7664517802969506,0.6490459806068216,False,False,True,False,False,False
2020-05-21,Q2,128.71,127.88,116.24,0.65,10.73,data/raw/spi_weekly/wayback/summary/2020-05-21_summary_weekly_spi_nb.pdf,2020-05-21,False,False,160.02000122070314,0.0,0.0,False,7,0,0,46.9,8.0,True,4.857561811661286,0.6490459806068216,10.727804542326226,0.16274449759530185,-0.015637216575459245,0.8834200978072193,0.816980376451748,0.320251560660334,0.12431046538730062,False,False,True,False,False,False
2020-05-28,Q2,128.87,128.71,116.36,0.12,10.75,data/raw/spi_weekly/wayback/summary/2020-05-28_summary_weekly_spi_nb.pdf,2020-05-28,False,False,160.19259643554688,0.0,0.0,False,2,3,0,45.9,8.0,False,4.8588041443003,0.12431046538730062,10.751117222413198,0.10785852613868219,0.6490459806068216,-0.015637216575459245,0.7229681417335376,0.16274449759530185,-0.0155195157911181,False,False,True,False,False,False
2020-06-04,Q2,128.85,128.87,116.36,-0.02,10.73,data/raw/spi_weekly/wayback/summary/2020-06-04_summary_weekly_spi_nb.pdf,2020-06-04,False,False,163.2300018310547,0.15,-8.55,True,0,0,0,44.9,8.0,False,4.858648937098374,-0.0155195157911181,10.733929185287039,1.8960959888866702,0.12431046538730062,0.6490459806068216,0.8834200978072193,0.10785852613868219,0.26387272021730634,False,False,True,False,False,False
2020-06-11,Q2,129.19,128.85,117.44,0.26,10.01,data/raw/spi_weekly/wayback/summary/2020-06-11_summary_weekly_spi_nb.pdf,2020-06-11,False,False,163.36000061035156,0.0,0.0,False,0,0,0,43.9,8.0,False,4.86128418897221,0.26387272021730634,10.005108991825606,0.07964147389487586,-0.0155195157911181,0.12431046538730062,-0.015637216575459245,1.8960959888866702,1.2849291740846702,False,False,True,False,False,False
2020-06-18,Q2,130.85,129.19,117.25,1.28,11.6,data/raw/spi_weekly/wayback/summary/2020-06-18_summary_weekly_spi_nb.pdf,2020-06-18,False,False,164.3800018310547,0.0,0.0,False,0,0,0,42.9,8.0,False,4.874051628976154,1.2849291740846702,11.59914712153518,0.6243885999584808,0.26387272021730634,-0.0155195157911181,0.6490459806068216,0.07964147389487586,0.3056935422239171,False,False,True,False,False,False
2020-06-25,Q2,131.25,130.85,117.25,0.31,11.94,data/raw/spi_weekly/wayback/summary/2020-06-25_summary_weekly_spi_nb.pdf,2020-06-25,False,False,166.44400329589843,0.0,0.0,False,0,0,0,41.9,7.0,True,4.877103901471733,0.3056935422239171,11.940298507462677,1.2556280824020494,1.2849291740846702,0.26387272021730634,0.12431046538730062,0.6243885999584808,1.2419047619047552,False,False,True,False,False,False
2020-07-02,Q2,132.88,131.25,118.14,1.24,12.48,data/raw/spi_weekly/wayback/summary/2020-07-02_summary_weekly_spi_nb.pdf,2020-07-02,False,False,167.60999755859376,26.21,33.97,True,0,0,0,40.9,7.0,False,4.889446465305039,1.2419047619047552,12.476722532588447,0.7005324551239367,0.3056935422239171,1.2849291740846702,-0.0155195157911181,1.2556280824020494,1.2492474413004162,False,False,True,False,False,False
2020-07-09,Q2,134.54,132.88,118.15,1.25,13.87,data/raw/spi_weekly/wayback/summary/2020-07-09_summary_weekly_spi_nb.pdf,2020-07-09,False,False,166.69199829101564,0.0,0.0,False,0,0,0,39.9,7.0,False,4.90186155259746,1.2492474413004162,13.872196360558608,-0.5476995888966663,1.2419047619047552,0.3056935422239171,0.26387272021730634,0.7005324551239367,-0.3196075516574859,False,False,True,False,False,False
2020-07-16,Q2,134.11,134.54,118.93,-0.32,12.76,data/raw/spi_weekly/wayback/summary/2020-07-16_summary_weekly_spi_nb.pdf,2020-07-16,False,False,165.9234619140625,0.0,0.0,False,0,0,0,38.9,7.0,False,4.898660358722849,-0.3196075516574859,12.763810644917184,-0.4610517510333034,1.2492474413004162,1.2419047619047552,1.2849291740846702,-0.5476995888966663,0.38028484080232516,False,False,True,False,False,False
2020-07-23,Q2,134.62,134.11,119.08,0.38,13.05,data/raw/spi_weekly/wayback/summary/2020-07-23_summary_weekly_spi_nb.pdf,2020-07-23,False,False,166.93800048828126,0.0,0.0,False,0,0,0,37.9,7.0,False,4.902455994582567,0.38028484080232516,13.050050386294942,0.6114497386416895,-0.3196075516574859,1.2492474413004162,0.3056935422239171,-0.4610517510333034,0.5199821720398123,False,False,True,False,False,False
2020-07-30,Q2,135.32,134.62,119.79,0.52,12.96,data/raw/spi_weekly/wayback/summary/2020-07-29_summary_weekly_spi_nb.pdf,2020-07-29,False,False,166.5459991455078,0.0,0.0,False,0,0,0,36.9,7.0,False,4.907642343912507,0.5199821720398123,12.964354286668334,-0.23481852042487317,0.38028484080232516,-0.3196075516574859,1.2419047619047552,0.6114497386416895,-0.31776529707361334,False,False,True,False,False,False
2020-08-06,Q2,134.89,135.32,121.82,-0.32,10.73,data/raw/spi_weekly/wayback/summary/2020-08-06_summary_weekly_spi_nb.pdf,2020-08-06,False,False,166.84951782226562,5.01,3.93,True,0,0,3,35.9,7.0,False,4.904459631481588,-0.31776529707361334,10.728944344114266,0.18224315103039235,0.5199821720398123,0.38028484080232516,1.2492474413004162,-0.23481852042487317,-0.11861516791459303,False,False,True,False,False,False
2020-08-13,Q2,134.73,134.89,123.21,-0.12,9.35,data/raw/spi_weekly/wayback/summary/2020-08-13_summary_weekly_spi_nb.pdf,2020-08-13,False,False,167.8654022216797,0.0,0.0,False,0,0,0,34.9,7.0,False,4.903272775767756,-0.11861516791459303,9.34989043097152,0.6088626522110951,-0.31776529707361334,0.5199821720398123,-0.3196075516574859,0.18224315103039235,1.2840495806427876,False,False,True,False,False,False
2020-08-20,Q2,136.46,134.73,122.69,1.28,11.22,data/raw/spi_weekly/wayback/summary/2020-08-20_summary_weekly_spi_nb.pdf,2020-08-20,False,False,167.1359619140625,0.0,0.0,False,0,0,0,33.9,7.0,False,4.9160315313872776,1.2840495806427876,11.223408590757211,-0.4345388018990981,-0.11861516791459303,-0.31776529707361334,0.38028484080232516,0.6088626522110951,-0.11725047633005525,False,False,True,False,False,False
2020-08-27,Q2,136.3,136.46,122.56,-0.12,11.21,data/raw/spi_weekly/wayback/summary/2020-08-27_summary_weekly_spi_nb.pdf,2020-08-27,False,False,167.2309814453125,0.0,0.0,False,0,0,0,32.9,7.0,False,4.914858338702487,-0.11725047633005525,11.210835509138395,0.05685163753019751,1.2840495806427876,-0.11861516791459303,0.5199821720398123,-0.4345388018990981,1.012472487160676,False,False,True,False,False,False
2020-09-03,Q2,137.68,136.3,122.67,1.01,12.24,data/raw/spi_weekly/wayback/summary/2020-09-03_summary_weekly_spi_nb.pdf,2020-09-03,False,False,164.87991943359376,0.0,0.0,False,0,0,0,31.9,7.0,False,4.924932151903284,1.012472487160676,12.23608054128964,-1.4058770638068485,-0.11725047633005525,1.2840495806427876,-0.31776529707361334,0.05685163753019751,0.22515979081929594,False,False,True,False,False,False
2020-09-10,Q2,137.99,137.68,123.77,0.23,11.49,data/raw/spi_weekly/wayback/summary/2020-09-10_summary_weekly_spi_nb.pdf,2020-09-10,False,False,165.5295379638672,0.0,0.0,False,0,0,0,30.9,7.0,False,4.927181218763463,0.22515979081929594,11.489052274379908,0.39399493431646615,1.012472487160676,-0.11725047633005525,-0.11861516791459303,-1.4058770638068485,0.8623813319805773,False,False,True,False,False,False
2020-09-17,Q2,139.18,137.99,124.97,0.86,11.37,data/raw/spi_weekly/wayback/summary/2020-09-17_summary_weekly_spi_nb.pdf,2020-09-17,False,False,165.86000061035156,0.0,0.0,False,0,0,0,29.9,7.0,False,4.935768059416704,0.8623813319805773,11.370728974953991,0.19963968397984644,0.22515979081929594,1.012472487160676,1.2840495806427876,0.39399493431646615,0.49576088518465955,False,False,True,False,False,False
2020-09-24,Q2,139.87,139.18,125.19,0.5,11.73,data/raw/spi_weekly/wayback/summary/2020-09-24_summary_weekly_spi_nb.pdf,2020-09-24,False,False,165.9,0.0,0.0,False,0,0,0,28.9,7.0,True,4.940713419791213,0.49576088518465955,11.726176212157524,0.024116356867986966,0.8623813319805773,0.22515979081929594,-0.11725047633005525,0.19963968397984644,0.8221920354614998,False,False,True,False,False,False
2020-10-01,Q2,141.02,139.87,125.51,0.82,12.36,data/raw/spi_weekly/wayback/summary/2020-10-01_summary_weekly_spi_nb.pdf,2020-10-01,False,False,165.65999755859374,-2.28,0.0,True,0,0,0,27.9,7.0,False,4.948901724290895,0.8221920354614998,12.357581069237522,-0.14466693273433862,0.49576088518465955,0.8623813319805773,1.012472487160676,0.024116356867986966,1.5316976315416175,False,False,True,False,False,False
2020-10-08,Q2,143.18,141.02,125.0,1.53,14.54,data/raw/spi_weekly/wayback/summary/2020-10-08_summary_weekly_spi_nb.pdf,2020-10-08,False,False,163.95091857910157,0.0,0.0,False,0,0,0,26.9,7.0,False,4.964102579968039,1.5316976315416175,14.544,-1.0316787424119567,0.8221920354614998,0.49576088518465955,0.22515979081929594,-0.14466693273433862,0.2793686269032092,False,False,True,False,False,False
2020-10-15,Q2,143.58,143.18,128.81,0.28,11.47,data/raw/spi_weekly/wayback/summary/2020-10-15_summary_weekly_spi_nb.pdf,2020-10-15,False,False,163.23410339355468,0.0,0.0,False,0,0,0,25.9,7.0,False,4.9668923711483375,0.2793686269032092,11.466501048055289,-0.4372132780708138,1.5316976315416175,0.8221920354614998,0.8623813319805773,-1.0316787424119567,-0.3969912244045304,False,False,True,False,False,False
2020-10-22,Q2,143.01,143.58,129.21,-0.4,10.68,data/raw/spi_weekly/wayback/summary/2020-10-22_summary_weekly_spi_nb.pdf,2020-10-22,False,False,162.3300018310547,0.0,0.0,False,0,0,0,24.9,7.0,False,4.962914557884844,-0.3969912244045304,10.680287903413044,-0.5538680604752155,0.2793686269032092,1.5316976315416175,0.49576088518465955,-0.4372132780708138,1.8180546814908105,False,False,True,False,False,False
2020-10-29,Q2,145.61,143.01,130.05,1.82,11.96,data/raw/spi_weekly/wayback/summary/2020-10-29_summary_weekly_spi_nb.pdf,2020-10-29,False,False,160.87999877929687,0.0,0.0,False,0,0,0,23.9,7.0,False,4.980931814722814,1.8180546814908105,11.964628988850446,-0.8932440309259104,-0.3969912244045304,0.2793686269032092,0.8221920354614998,-0.5538680604752155,-0.3159123686560017,False,False,True,False,False,False
2020-11-05,Q2,145.15,145.61,131.02,-0.32,10.78,data/raw/spi_weekly/wayback/summary/2020-11-05_summary_weekly_spi_nb.pdf,2020-11-05,False,False,159.61024475097656,-0.78,-1.46,True,0,0,0,22.9,7.0,False,4.977767690470639,-0.3159123686560017,10.784613036177682,-0.7892553691911774,1.8180546814908105,-0.3969912244045304,1.5316976315416175,-0.8932440309259104,-0.3306923871856826,False,False,True,False,False,False
2020-11-12,Q2,144.67,145.15,133.02,-0.33,8.76,data/raw/spi_weekly/wayback/summary/2020-11-12_summary_weekly_spi_nb.pdf,2020-11-12,False,False,158.42555541992186,0.0,0.0,False,0,0,0,21.9,7.0,False,4.974455286641499,-0.3306923871856826,8.75808149150501,-0.7422389038391874,-0.3159123686560017,1.8180546814908105,0.2793686269032092,-0.7892553691911774,0.3594387226100837,False,False,True,False,False,False
2020-11-19,Q2,145.19,144.67,133.45,0.36,8.8,data/raw/spi_weekly/wayback/summary/2020-11-19_summary_weekly_spi_nb.pdf,2020-11-19,False,False,158.0,-1.74,-1.67,True,0,0,0,20.9,7.0,False,4.978043229495596,0.3594387226100837,8.797302360434633,-0.2686153877093145,-0.3306923871856826,-0.3159123686560017,-0.3969912244045304,-0.7422389038391874,-1.0469040567532284,False,False,True,False,False,False
2020-11-26,Q2,143.67,145.19,132.27,-1.05,8.62,data/raw/spi_weekly/wayback/summary/2020-11-26_summary_weekly_spi_nb.pdf,2020-11-26,False,False,160.07000122070312,0.0,0.0,False,0,0,0,19.9,7.0,True,4.967519003022628,-1.0469040567532284,8.61873440689498,1.31012735487539,0.3594387226100837,-0.3306923871856826,1.8180546814908105,-0.2686153877093145,-0.5916336047887438,False,False,True,False,False,False
2020-12-03,Q2,142.82,143.67,130.81,-0.59,9.18,data/raw/spi_weekly/wayback/summary/2020-12-03_summary_weekly_spi_nb.pdf,2020-12-03,False,False,158.99773254394532,3.92,0.0,True,0,0,0,18.9,7.0,False,4.961585096120964,-0.5916336047887438,9.181255255714383,-0.669874847617058,-1.0469040567532284,0.3594387226100837,-0.3159123686560017,1.31012735487539,-0.47612379218597844,False,False,True,False,False,False
2020-12-10,Q2,142.14,142.82,129.75,-0.48,9.55,data/raw/spi_weekly/wayback/summary/2020-12-10_summary_weekly_spi_nb.pdf,2020-12-10,False,False,160.01000061035157,0.0,0.0,False,0,0,0,17.9,7.0,False,4.956812487398749,-0.47612379218597844,9.549132947976858,0.6366556618198738,-0.5916336047887438,-1.0469040567532284,-0.3306923871856826,-0.669874847617058,-0.5980019698888395,False,False,True,False,False,False
2020-12-17,Q2,141.29,142.14,129.49,-0.6,9.11,data/raw/spi_weekly/wayback/summary/2020-12-17_summary_weekly_spi_nb.pdf,2020-12-17,False,False,160.02000427246094,2.77,2.97,True,0,0,0,16.9,7.0,False,4.950814515777717,-0.5980019698888395,9.112672793265887,0.006251898050879667,-0.47612379218597844,-0.5916336047887438,0.3594387226100837,0.6366556618198738,-0.02123292518932951,False,False,True,False,False,False
2020-12-24,Q2,141.26,141.29,129.93,-0.02,8.72,data/raw/spi_weekly/wayback/summary/2020-12-24_summary_weekly_spi_nb.pdf,2020-12-24,False,False,160.0240020751953,0.0,0.0,False,0,0,0,15.9,7.0,False,4.9506021639807765,-0.02123292518932951,8.72008004310012,0.0024983143529722085,-0.5980019698888395,-0.47612379218597844,-1.0469040567532284,0.006251898050879667,-0.7999433668412825,False,False,True,False,False,False
2020-12-31,Q2,140.13,141.26,130.94,-0.8,7.02,data/raw/spi_weekly/wayback/summary/2020-12-31_summary_weekly_spi_nb.pdf,2020-12-31,False,False,159.88395080566406,0.0,0.0,False,0,0,0,14.9,7.0,False,4.942570563182127,-0.7999433668412825,7.018481747365213,-0.08751891448474103,-0.02123292518932951,-0.5980019698888395,-0.5916336047887438,0.0024983143529722085,0.049953614500819477,False,False,True,False,False,False
2021-01-07,Q2,140.2,140.13,131.51,0.05,6.61,data/raw/spi_weekly/wayback/summary/2021-01-07_summary_weekly_spi_nb.pdf,2021-01-07,False,False,159.7465850830078,1.66,2.15,True,0,0,0,13.9,7.0,False,4.94306997460049,0.049953614500819477,6.607862519960461,-0.08591589209802075,-0.7999433668412825,-0.02123292518932951,-0.47612379218597844,-0.08751891448474103,0.0,False,False,True,False,False,False
2021-01-14,Q2,140.2,140.2,131.06,0.0,6.97,data/raw/spi_weekly/wayback/summary/2021-01-14_summary_weekly_spi_nb.pdf,2021-01-14,False,False,159.84575805664062,0.0,0.0,False,0,0,0,12.9,7.0,False,4.94306997460049,0.0,6.973905081641996,0.062081435782368466,0.049953614500819477,-0.7999433668412825,-0.5980019698888395,-0.08591589209802075,0.14265335235379428,False,False,True,False,False,False
2021-01-21,Q2,140.4,140.2,130.35,0.14,7.71,data/raw/spi_weekly/wayback/summary/2021-01-21_summary_weekly_spi_nb.pdf,2021-01-21,False,False,159.86031494140624,2.67,3.02,True,0,0,0,11.9,7.0,False,4.944495491591711,0.14265335235379428,7.710011507479875,0.009106832075245208,0.0,0.049953614500819477,-0.02123292518932951,0.062081435782368466,0.5056980056980187,False,False,True,False,False,False
2021-01-28,Q2,141.11,140.4,129.93,0.51,8.6,data/raw/spi_weekly/wayback/summary/2021-01-28_summary_weekly_spi_nb.pdf,2021-01-28,False,False,160.32000122070312,0.0,0.0,False,0,0,0,10.9,7.0,True,4.949539728069669,0.5056980056980187,8.604633264065264,0.28755496914001366,0.14265335235379428,0.0,-0.7999433668412825,0.009106832075245208,0.5315002480334563,False,False,True,False,False,False
2021-02-04,Q2,141.86,141.11,130.47,0.47,8.67,data/raw/spi_weekly/wayback/summary/2021-02-04_summary_weekly_spi_nb.pdf,2021-02-04,False,True,159.80806884765624,2.57,2.49,True,0,0,0,9.9,7.0,False,4.954840655773941,0.5315002480334563,8.729976239748606,-0.3193190925330214,0.5056980056980187,0.14265335235379428,0.049953614500819477,0.28755496914001366,0.9445932609615015,False,False,True,False,False,False
2021-02-11,Q2,143.2,141.86,129.88,0.94,10.26,data/raw/spi_weekly/wayback/summary/2021-02-11_summary_weekly_spi_nb.pdf,2021-02-11,False,False,159.56000366210938,0.0,0.0,False,0,0,0,8.9,7.0,False,4.964242254526545,0.9445932609615015,10.255620572836467,-0.15522694650877966,0.5315002480334563,0.5056980056980187,0.0,-0.3193190925330214,0.5796089385474934,False,False,True,False,False,False
2021-02-18,Q2,144.03,143.2,129.77,0.58,10.99,data/raw/spi_weekly/wayback/summary/2021-02-18_summary_weekly_spi_nb.pdf,2021-02-18,False,False,158.7555389404297,0.0,0.0,False,0,0,0,7.9,7.0,False,4.970021611210958,0.5796089385474934,10.988672266317323,-0.5041769260567652,0.9445932609615015,0.5315002480334563,0.14265335235379428,-0.15522694650877966,3.56870096507671,False,False,True,False,False,False
2021-02-25,Q2,149.17,144.03,127.37,3.57,17.12,data/raw/spi_weekly/wayback/summary/2021-02-25_summary_weekly_spi_nb.pdf,2021-02-25,False,False,158.51245727539063,0.0,0.0,False,0,0,0,6.9,7.0,False,5.005086595165839,3.56870096507671,17.115490303839188,-0.15311696628755866,0.5796089385474934,0.9445932609615015,0.5056980056980187,-0.5041769260567652,0.5966347120734738,False,False,True,False,False,False
2021-03-04,Q2,150.06,149.17,127.58,0.6,17.62,data/raw/spi_weekly/wayback/summary/2021-03-04_summary_weekly_spi_nb.pdf,2021-03-04,False,False,157.15894470214843,0.0,0.0,False,0,0,0,5.9,7.0,False,5.011035214117583,0.5966347120734738,17.620316664053924,-0.8538840394674341,3.56870096507671,0.5796089385474934,0.5315002480334563,-0.15311696628755866,-1.5393842463014784,False,False,True,False,False,False
2021-03-11,Q2,147.75,150.06,128.58,-1.54,14.91,data/raw/spi_weekly/wayback/summary/2021-03-11_summary_weekly_spi_nb.pdf,2021-03-11,False,False,156.7499969482422,0.0,0.0,False,0,0,0,4.9,7.0,False,4.995521656286208,-1.5393842463014784,14.909006066262243,-0.2602128403707993,0.5966347120734738,3.56870096507671,0.9445932609615015,-0.8538840394674341,-0.10829103214889946,False,False,True,False,False,False
2021-03-18,Q2,147.59,147.75,128.64,-0.11,14.73,data/raw/spi_weekly/wayback/summary/2021-03-18_summary_weekly_spi_nb.pdf,2021-03-18,False,False,156.22545776367187,0.0,0.0,False,0,0,0,3.9,7.0,False,4.994438159193685,-0.10829103214889946,14.73103233830848,-0.3346342550446968,-1.5393842463014784,0.5966347120734738,0.5796089385474934,-0.2602128403707993,0.5894708313571417,False,False,True,False,False,False
2021-03-25,Q2,148.46,147.59,127.98,0.59,16.0,data/raw/spi_weekly/wayback/summary/2021-03-25_summary_weekly_spi_nb.pdf,2021-03-25,False,False,155.3657196044922,0.0,0.0,False,0,0,0,2.9,7.0,True,5.000315561689401,0.5894708313571417,16.00250039068605,-0.5503188606304055,-0.10829103214889946,-1.5393842463014784,3.56870096507671,-0.3346342550446968,-0.3772059814091344,False,False,True,False,False,False
2021-04-01,Q2,147.9,148.46,125.54,-0.38,17.81,data/raw/spi_weekly/wayback/summary/2021-04-01_summary_weekly_spi_nb.pdf,2021-04-01,False,False,153.68600463867188,-2.56,-1.36,True,0,0,0,1.9,7.0,False,4.996536369716754,-0.3772059814091344,17.811056237055922,-1.0811361541634201,0.5894708313571417,-0.10829103214889946,0.5966347120734738,-0.5503188606304055,0.534144692359706,False,False,True,False,False,False
2021-04-08,Q2,148.69,147.9,124.8,0.53,19.14,data/raw/spi_weekly/wayback/summary/2021-04-08_summary_weekly_spi_nb.pdf,2021-04-08,False,False,152.139892578125,0.0,0.0,False,0,0,0,0.9,7.0,False,5.001863601709132,0.534144692359706,19.142628205128197,-1.006020075921621,-0.3772059814091344,0.5894708313571417,-1.5393842463014784,-1.0811361541634201,0.5514829511063191,False,False,True,False,False,False
2021-04-15,Q2,149.51,148.69,124.85,0.55,19.75,data/raw/spi_weekly/wayback/summary/2021-04-15_summary_weekly_spi_nb.pdf,2021-04-15,False,False,152.34845275878905,0.0,0.0,False,2,0,0,50.4,7.0,False,5.007363280225836,0.5514829511063191,19.751702042450937,0.13708448003337814,0.534144692359706,-0.3772059814091344,-0.10829103214889946,-1.006020075921621,-0.4146879807370829,False,False,True,False,False,False
2021-04-22,Q2,148.89,149.51,125.87,-0.41,18.29,data/raw/spi_weekly/wayback/summary/2021-04-22_summary_weekly_spi_nb.pdf,2021-04-22,False,False,152.50263671875,-2.02,-1.58,True,7,0,0,49.4,7.0,False,5.003207778267459,-0.4146879807370829,18.288710574402156,0.10120480856150582,0.5514829511063191,0.534144692359706,0.5894708313571417,0.13708448003337814,0.15447645913091446,False,False,True,False,False,False
2021-04-29,Q2,149.12,148.89,126.78,0.15,17.62,data/raw/spi_weekly/wayback/summary/2021-04-29_summary_weekly_spi_nb.pdf,2021-04-29,False,False,153.30137939453124,0.0,0.0,False,7,0,0,48.4,7.0,False,5.004751350937281,0.15447645913091446,17.621075879476255,0.5237566333061494,-0.4146879807370829,0.5514829511063191,-0.3772059814091344,0.10120480856150582,0.4761266094420735,False,False,True,False,False,False
2021-05-06,Q2,149.83,149.12,127.9,0.48,17.15,data/raw/spi_weekly/wayback/summary/2021-05-06_summary_weekly_spi_nb.pdf,2021-05-06,False,False,152.87866821289063,0.0,0.0,False,7,0,0,47.4,7.0,False,5.009501318055053,0.4761266094420735,17.146207974980456,-0.2757386680472984,0.15447645913091446,-0.4146879807370829,0.534144692359706,0.5237566333061494,0.0,False,False,True,False,False,False
2021-05-13,Q2,149.83,,,,,,,True,False,151.4324157714844,,,,6,1,0,46.4,7.0,False,5.009501318055053,0.0,,-0.9460132393306009,0.4761266094420735,0.15447645913091446,0.5514829511063191,-0.2757386680472984,0.6207034639257758,False,False,True,False,False,False
2021-05-20,Q2,150.76,149.83,128.71,0.62,17.13,data/raw/spi_weekly/wayback/summary/2021-05-20_summary_weekly_spi_nb.pdf,2021-05-20,False,False,152.3540008544922,0.0,0.0,False,0,2,0,45.4,7.0,False,5.015689168398935,0.6207034639257758,17.131536011187933,0.608578472655763,0.0,0.4761266094420735,-0.4146879807370829,-0.9460132393306009,-0.5704430883523348,False,False,True,False,False,False
2021-05-27,Q2,149.9,150.76,128.87,-0.57,16.32,data/raw/spi_weekly/wayback/summary/2021-05-27_summary_weekly_spi_nb.pdf,2021-05-27,False,False,153.56000061035155,0.0,0.0,False,0,0,0,44.4,7.0,False,5.009968405108552,-0.5704430883523348,16.31877085434934,0.791577345586858,0.6207034639257758,0.0,0.15447645913091446,0.608578472655763,-0.6537691794529787,False,False,True,False,False,False
2021-06-03,Q2,148.92,149.9,128.85,-0.65,15.58,data/raw/spi_weekly/wayback/summary/2021-06-03_summary_weekly_spi_nb.pdf,2021-06-03,False,False,154.08638610839844,0.0,0.0,False,0,0,0,43.4,7.0,True,5.003409249004516,-0.6537691794529787,15.576251455180445,0.34278815834505316,-0.5704430883523348,0.6207034639257758,0.4761266094420735,0.791577345586858,-0.3961858716089006,False,False,True,False,False,False
2021-06-10,Q2,148.33,148.92,129.19,-0.4,14.82,data/raw/spi_weekly/wayback/summary/2021-06-10_summary_weekly_spi_nb.pdf,2021-06-10,False,False,154.61000061035156,0.0,0.0,False,0,0,0,42.4,7.0,False,4.999439521335521,-0.3961858716089006,14.81538818794026,0.3398187959218868,-0.6537691794529787,-0.5704430883523348,0.0,0.34278815834505316,0.222476909593472,False,False,True,False,False,False
2021-06-17,Q2,148.66,148.33,130.85,0.22,13.61,data/raw/spi_weekly/wayback/summary/2021-06-17_summary_weekly_spi_nb.pdf,2021-06-17,False,False,155.67999877929688,1.6,1.89,True,0,0,0,41.4,7.0,False,5.001661819297148,0.222476909593472,13.611004967520056,0.6920627156854708,-0.3961858716089006,-0.6537691794529787,0.6207034639257758,0.3398187959218868,0.7466702542715087,False,False,True,False,False,False
2021-06-24,Q2,149.77,148.66,131.25,0.75,14.11,data/raw/spi_weekly/wayback/summary/2021-06-24_summary_weekly_spi_nb.pdf,2021-06-24,False,False,157.1,0.0,0.0,False,0,0,0,40.4,7.0,False,5.009100784004304,0.7466702542715087,14.110476190476206,0.9121282321669311,0.222476909593472,-0.3961858716089006,-0.5704430883523348,0.6920627156854708,0.6209521265940987,False,False,True,False,False,False
2021-07-01,Q2,150.7,149.77,132.88,0.62,13.41,data/raw/spi_weekly/wayback/summary/2021-07-01_summary_weekly_spi_nb.pdf,2021-07-01,False,False,157.56601257324218,1.21,1.78,True,0,0,0,39.4,7.0,False,5.01529110563245,0.6209521265940987,13.410596026490062,0.29663435597846455,0.7466702542715087,0.222476909593472,-0.6537691794529787,0.9121282321669311,0.305242203052436,False,False,True,False,False,False
2021-07-08,Q2,151.16,150.7,134.54,0.31,12.35,data/raw/spi_weekly/wayback/summary/2021-07-08_summary_weekly_spi_nb.pdf,2021-07-08,False,False,157.3176696777344,0.0,0.0,False,0,0,0,38.4,7.0,False,5.018338878481289,0.305242203052436,12.353203508250331,-0.15761196939114708,0.6209521265940987,0.7466702542715087,-0.3961858716089006,0.29663435597846455,0.43000793860810127,False,False,True,False,False,False
2021-07-15,Q2,151.81,151.16,134.11,0.43,13.2,data/raw/spi_weekly/wayback/summary/2021-07-15_summary_weekly_spi_nb.pdf,2021-07-15,False,False,158.76668395996094,0.0,0.0,False,0,0,0,37.4,7.0,False,5.022629738944624,0.43000793860810127,13.198120945492487,0.9210753535790817,0.305242203052436,0.6209521265940987,0.222476909593472,-0.15761196939114708,0.0,False,False,True,False,False,False
2021-07-22,Q2,151.81,,,,,,,True,False,159.5035400390625,,,,0,0,2,36.4,7.0,False,5.022629738944624,0.0,,0.4641125333872731,0.43000793860810127,0.305242203052436,0.7466702542715087,0.9210753535790817,-0.0856333574863255,False,False,True,False,False,False
2021-07-29,Q2,151.68,151.81,135.32,-0.09,12.09,data/raw/spi_weekly/wayback/summary/2021-07-29_summary_weekly_spi_nb.pdf,2021-07-29,False,False,160.6571075439453,2.3,4.73,True,0,0,1,35.4,7.0,True,5.021773038506712,-0.0856333574863255,12.089861070056184,0.7232237633097549,0.0,0.43000793860810127,0.6209521265940987,0.4641125333872731,-0.05274261603376296,False,False,True,False,False,False
2021-08-05,Q2,151.6,151.68,134.89,-0.05,12.39,data/raw/spi_weekly/wayback/summary/2021-08-05_summary_weekly_spi_nb.pdf,2021-08-05,False,False,161.4541473388672,0.0,1.44,True,0,0,0,34.4,7.0,False,5.021245473208271,-0.05274261603376296,12.387871599080746,0.49611237691669086,-0.0856333574863255,0.0,0.305242203052436,0.7232237633097549,0.6926121372031746,False,False,True,False,False,False
2021-08-12,Q2,152.65,151.6,134.73,0.69,13.3,data/raw/spi_weekly/wayback/summary/2021-08-12_summary_weekly_spi_nb.pdf,2021-08-12,False,False,162.92091064453126,0.0,0.0,False,0,0,0,33.4,7.0,False,5.028147719180887,0.6926121372031746,13.300675424923924,0.9084705037558205,-0.05274261603376296,-0.0856333574863255,0.43000793860810127,0.49611237691669086,0.0,False,False,True,False,False,False
2021-08-19,Q2,152.65,,,,,,,True,False,163.07505798339844,,,,0,0,0,32.4,7.0,False,5.028147719180887,0.0,,0.09461482768378104,0.6926121372031746,-0.05274261603376296,0.0,0.9084705037558205,0.24238453979692487,False,False,True,False,False,False
2021-08-26,Q2,153.02,152.65,136.3,0.24,12.27,data/raw/spi_weekly/wayback/summary/2021-08-26_summary_weekly_spi_nb.pdf,2021-08-26,False,False,163.9204864501953,0.0,0.0,False,0,0,0,31.4,7.0,False,5.030568631803706,0.24238453979692487,12.2670579603815,0.5184290456502261,0.0,0.6926121372031746,-0.0856333574863255,0.09461482768378104,0.8038164945758597,False,False,True,False,False,False
2021-09-02,Q2,154.25,153.02,137.68,0.8,12.04,data/raw/spi_weekly/wayback/summary/2021-09-02_summary_weekly_spi_nb.pdf,2021-09-02,False,False,165.5001220703125,-1.32,-1.25,True,0,0,0,30.4,7.0,False,5.038574662785497,0.8038164945758597,12.03515398024404,0.9636596708106682,0.24238453979692487,0.0,-0.05274261603376296,0.5184290456502261,1.6596434359805512,False,False,True,False,False,False
2021-09-09,Q2,156.81,154.25,137.99,1.66,13.64,data/raw/spi_weekly/wayback/summary/2021-09-09_summary_weekly_spi_nb.pdf,2021-09-09,False,False,166.12130432128907,0.0,0.0,False,0,0,0,29.4,7.0,False,5.05503488139294,1.6596434359805512,13.638669468802078,0.3753364306962048,0.8038164945758597,0.24238453979692487,0.6926121372031746,0.9636596708106682,1.2818060072699478,False,False,True,False,False,False
2021-09-16,Q2,158.82,156.81,139.18,1.28,14.11,data/raw/spi_weekly/wayback/summary/2021-09-16_summary_weekly_spi_nb.pdf,2021-09-16,False,False,167.79497680664062,4.37,4.19,True,0,0,0,28.4,7.0,False,5.067771485467065,1.2818060072699478,14.111222876850116,1.0075002072669426,1.6596434359805512,0.8038164945758597,0.0,0.3753364306962048,-0.1385215967762199,False,False,True,False,False,False
2021-09-23,Q2,158.6,158.82,139.87,-0.14,13.39,data/raw/spi_weekly/wayback/summary/2021-09-23_summary_weekly_spi_nb.pdf,2021-09-23,False,False,167.99000244140626,0.0,0.0,False,0,0,0,27.4,7.25,True,5.066385309200747,-0.1385215967762199,13.391005934081646,0.11622852988644183,1.2818060072699478,1.6596434359805512,0.24238453979692487,1.0075002072669426,-0.2206809583858771,False,False,True,False,False,False
2021-09-30,Q2,158.25,158.6,141.02,-0.22,12.22,data/raw/spi_weekly/wayback/summary/2021-09-30_summary_weekly_spi_nb.pdf,2021-09-30,False,False,168.97999877929686,0.0,0.0,False,0,0,0,26.4,7.25,False,5.064176061024286,-0.2206809583858771,12.218125088639908,0.5893186043829601,-0.1385215967762199,1.2818060072699478,0.8038164945758597,0.11622852988644183,1.0300157977882973,False,False,True,False,False,False
2021-10-07,Q2,159.88,158.25,143.18,1.03,11.66,data/raw/spi_weekly/wayback/summary/2021-10-07_summary_weekly_spi_nb.pdf,2021-10-07,False,False,169.9945831298828,1.59,3.2,True,0,0,0,25.4,7.25,False,5.074423533843123,1.0300157977882973,11.663640173208535,0.6004168291604106,-0.2206809583858771,-0.1385215967762199,1.6596434359805512,0.5893186043829601,0.16262196647485183,False,False,True,False,False,False
2021-10-14,Q2,160.14,159.88,143.58,0.16,11.53,data/raw/spi_weekly/wayback/summary/2021-10-14_summary_weekly_spi_nb.pdf,2021-10-14,False,False,170.21651306152344,0.0,0.0,False,0,0,0,24.4,7.25,False,5.0760484326444875,0.16262196647485183,11.533639782699524,0.1305511784873037,1.0300157977882973,-0.2206809583858771,1.2818060072699478,0.6004168291604106,1.0740601973273645,False,False,True,False,False,False
2021-10-21,Q2,161.86,160.14,143.01,1.07,13.18,data/raw/spi_weekly/wayback/summary/2021-10-21_summary_weekly_spi_nb.pdf,2021-10-21,False,False,171.53999938964844,10.06,8.19,True,0,0,0,23.4,7.25,False,5.086731764067556,1.0740601973273645,13.180896440808354,0.7775311010199237,0.16262196647485183,1.0300157977882973,-0.1385215967762199,0.1305511784873037,1.365377486716901,False,False,True,False,False,False
2021-10-28,Q2,164.07,161.86,145.61,1.37,12.68,data/raw/spi_weekly/wayback/summary/2021-10-28_summary_weekly_spi_nb.pdf,2021-10-28,False,False,173.6042907714844,0.0,0.0,False,0,0,0,22.4,7.25,False,5.100293166026791,1.365377486716901,12.677700707368977,1.203387774968423,1.0740601973273645,0.16262196647485183,-0.2206809583858771,0.7775311010199237,0.8593892850612628,False,False,True,False,False,False
2021-11-04,Q2,165.48,164.07,145.15,0.86,14.01,data/raw/spi_weekly/wayback/summary/2021-11-04_summary_weekly_spi_nb.pdf,2021-11-04,False,False,170.70999755859376,0.0,0.0,False,0,0,0,21.4,7.25,False,5.108850341593211,0.8593892850612628,14.006200482259711,-1.6671783859883882,1.365377486716901,1.0740601973273645,1.0300157977882973,1.203387774968423,1.8068648779308694,False,False,True,False,False,False
2021-11-11,Q2,168.47,165.48,144.67,1.81,16.45,data/raw/spi_weekly/wayback/summary/2021-11-11_summary_weekly_spi_nb.pdf,2021-11-11,False,False,170.23999633789063,6.04,5.78,True,0,0,0,20.4,7.25,False,5.126757692398113,1.8068648779308694,16.451233842538194,-0.27532143836028755,0.8593892850612628,1.365377486716901,0.16262196647485183,-1.6671783859883882,0.5282839674719542,False,False,True,False,False,False
2021-11-18,Q2,169.36,168.47,145.19,0.53,16.65,data/raw/spi_weekly/wayback/summary/2021-11-18_summary_weekly_spi_nb.pdf,2021-11-18,False,False,174.02125244140626,0.0,0.0,False,0,0,0,19.4,7.25,False,5.13202662682661,0.5282839674719542,16.64715200771405,2.2211326273824827,1.8068648779308694,0.8593892850612628,1.0740601973273645,-0.27532143836028755,-0.8207368918280666,False,False,True,False,False,False
2021-11-25,Q2,167.97,169.36,143.67,-0.82,16.91,data/raw/spi_weekly/wayback/summary/2021-11-25_summary_weekly_spi_nb.pdf,2021-11-25,False,False,174.08734130859375,0.0,0.0,False,0,0,0,18.4,8.75,True,5.123785392028911,-0.8207368918280666,16.91376070160786,0.03797746899318888,0.5282839674719542,1.8068648779308694,1.365377486716901,2.2211326273824827,-0.5000893016610108,False,False,True,False,False,False
2021-12-02,Q2,167.13,167.97,142.82,-0.5,17.02,data/raw/spi_weekly/wayback/summary/2021-12-02_summary_weekly_spi_nb.pdf,2021-12-02,False,False,175.3760955810547,0.0,0.0,False,0,0,0,17.4,8.75,False,5.1187719527008335,-0.5000893016610108,17.02142557064836,0.7402917769744333,-0.8207368918280666,0.5282839674719542,0.8593892850612628,0.03797746899318888,-0.11966732483694731,False,False,True,False,False,False
2021-12-09,Q2,166.93,167.13,142.14,-0.12,17.44,data/raw/spi_weekly/wayback/summary/2021-12-09_summary_weekly_spi_nb.pdf,2021-12-09,False,False,175.90719299316407,0.0,0.0,False,0,0,0,16.4,8.75,False,5.117574562867297,-0.11966732483694731,17.44055156887576,0.30283341087606885,-0.5000893016610108,-0.8207368918280666,1.8068648779308694,0.7402917769744333,0.9764571976277558,False,False,True,False,False,False
2021-12-16,Q2,168.56,166.93,141.29,0.98,19.3,data/raw/spi_weekly/wayback/summary/2021-12-16_summary_weekly_spi_nb.pdf,2021-12-16,False,False,176.98464660644532,-3.48,-3.4,True,0,0,0,15.4,9.75,True,5.127291769495933,0.9764571976277558,19.300728997098183,0.6125125385424868,-0.11966732483694731,-0.5000893016610108,0.5282839674719542,0.30283341087606885,0.29069767441860517,False,False,True,False,False,False
2021-12-23,Q2,169.05,168.56,141.26,0.29,19.67,data/raw/spi_weekly/wayback/summary/2021-12-23_summary_weekly_spi_nb.pdf,2021-12-23,False,False,177.7532531738281,0.0,0.0,False,0,0,0,14.4,9.75,False,5.130194529153895,0.29069767441860517,19.67294350842419,0.43427866886776023,0.9764571976277558,-0.11966732483694731,-0.8207368918280666,0.6125125385424868,-0.721679976338363,False,False,True,False,False,False
2021-12-30,Q2,167.83,169.05,140.13,-0.72,19.77,data/raw/spi_weekly/wayback/summary/2021-12-30_summary_weekly_spi_nb.pdf,2021-12-30,False,False,176.2300018310547,0.0,0.0,False,0,0,0,13.4,9.75,False,5.122951562320088,-0.721679976338363,19.767358881039044,-0.8569470969309378,0.29069767441860517,0.9764571976277558,-0.5000893016610108,0.43427866886776023,-0.1847107191801256,False,False,True,False,False,False
2022-01-06,Q2,167.52,167.83,140.2,-0.18,19.49,data/raw/spi_weekly/wayback/summary/2022-01-06_summary_weekly_spi_nb.pdf,2022-01-06,False,False,176.9200012207031,2.75,2.68,True,0,0,0,12.4,9.75,False,5.121102747122227,-0.1847107191801256,19.486447931526406,0.3915334406623394,-0.721679976338363,0.29069767441860517,-0.11966732483694731,-0.8569470969309378,-0.376074498567347,False,False,True,False,False,False
2022-01-13,Q2,166.89,167.52,140.2,-0.38,19.04,data/raw/spi_weekly/wayback/summary/2022-01-13_summary_weekly_spi_nb.pdf,2022-01-13,False,False,175.87482299804688,0.0,0.0,False,0,0,0,11.4,9.75,False,5.117334912755312,-0.376074498567347,19.03708987161199,-0.5907631785240564,-0.1847107191801256,-0.721679976338363,0.9764571976277558,0.3915334406623394,-0.12583138594282062,False,False,True,False,False,False
2022-01-20,Q2,166.68,166.89,140.4,-0.13,18.72,data/raw/spi_weekly/wayback/summary/2022-01-20_summary_weekly_spi_nb.pdf,2022-01-20,False,False,175.58673095703125,2.09,2.07,True,0,0,0,10.4,9.75,False,5.116075806554253,-0.12583138594282062,18.71794871794872,-0.163805163300057,-0.376074498567347,-0.1847107191801256,0.29069767441860517,-0.5907631785240564,-0.05399568034557545,False,False,True,False,False,False
2022-01-27,Q2,166.59,166.68,141.11,-0.05,18.06,data/raw/spi_weekly/wayback/summary/2022-01-27_summary_weekly_spi_nb.pdf,2022-01-27,False,False,176.2,0.0,0.0,False,0,0,0,9.4,9.75,True,5.115535703921625,-0.05399568034557545,18.056835093189694,0.349268443934303,-0.12583138594282062,-0.376074498567347,-0.721679976338363,-0.163805163300057,1.5967344978690123,False,False,True,False,False,False
2022-02-03,Q2,169.25,166.59,141.86,1.6,19.31,data/raw/spi_weekly/wayback/summary/2022-02-03_summary_weekly_spi_nb.pdf,2022-02-03,False,False,176.0082794189453,0.0,0.0,False,0,0,0,8.4,9.75,False,5.131376911792384,1.5967344978690123,19.30776822219089,-0.10880850230118311,-0.05399568034557545,-0.12583138594282062,-0.1847107191801256,0.349268443934303,-0.19497784342689117,False,False,True,False,False,False
2022-02-10,Q2,168.92,169.25,143.2,-0.19,17.96,data/raw/spi_weekly/wayback/summary/2022-02-10_summary_weekly_spi.pdf,2022-02-10,False,False,174.2802520751953,0.0,0.0,False,0,0,0,7.4,9.75,False,5.129425230065743,-0.19497784342689117,17.960893854748594,-0.9817875326403547,1.5967344978690123,-0.05399568034557545,-0.376074498567347,-0.10880850230118311,-0.26047833293866285,False,False,True,False,False,False
2022-02-17,Q2,168.48,168.92,144.03,-0.26,16.98,data/raw/spi_weekly/wayback/summary/2022-02-17_summary_weekly_spi.pdf,2022-02-17,False,False,174.62807922363282,6.52,8.12,True,0,0,0,6.4,9.75,False,5.126817048385665,-0.26047833293866285,16.97563007706726,0.19957920894413395,-0.19497784342689117,1.5967344978690123,-0.12583138594282062,-0.9817875326403547,0.445156695156701,False,False,True,False,False,False
2022-02-24,Q2,169.23,168.48,149.17,0.45,13.45,data/raw/spi_weekly/wayback/summary/2022-02-24_summary_weekly_spi.pdf,2022-02-24,False,False,175.22208557128906,0.0,0.0,False,0,0,0,5.4,9.75,False,5.131258736419994,0.445156695156701,13.447744184487508,0.34015511726239733,-0.26047833293866285,-0.19497784342689117,-0.05399568034557545,0.19957920894413395,0.08863676653076968,False,False,True,False,False,False
2022-03-03,Q2,169.38,169.23,150.06,0.09,12.87,data/raw/spi_weekly/wayback/summary/2022-03-03_summary_weekly_spi.pdf,2022-03-03,False,False,176.25739440917968,-6.43,-6.23,True,0,0,0,4.4,9.75,False,5.132144711493453,0.08863676653076968,12.874850059975994,0.5908552192579686,0.445156695156701,-0.26047833293866285,1.5967344978690123,0.34015511726239733,0.5254457432990911,False,False,True,False,False,False
2022-03-10,Q2,170.27,169.38,147.75,0.53,15.24,data/raw/spi_weekly/wayback/summary/2022-03-10_summary_weekly_spi.pdf,2022-03-10,False,False,177.85528869628905,0.0,0.0,False,0,0,0,3.4,9.75,True,5.137385412432552,0.5254457432990911,15.241962774957706,0.9065686534545536,0.08863676653076968,0.445156695156701,-0.19497784342689117,0.5908552192579686,-1.6092089035061985,False,False,True,False,False,False
2022-03-17,Q2,167.53,170.27,147.59,-1.61,13.51,data/raw/spi_weekly/wayback/summary/2022-03-17_summary_weekly_spi.pdf,2022-03-17,False,False,178.55,0.0,0.0,False,0,0,0,2.4,9.75,False,5.121162439705441,-1.6092089035061985,13.510400433633718,0.39060480506558637,0.5254457432990911,0.08863676653076968,-0.26047833293866285,0.9065686534545536,1.3072285560794983,False,False,True,False,False,False
2022-03-24,Q2,169.72,167.53,148.46,1.31,14.32,data/raw/spi_weekly/wayback/summary/2022-03-24_summary_weekly_spi.pdf,2022-03-24,False,False,180.1953369140625,0.0,0.0,False,0,0,0,1.4,9.75,False,5.134150020334124,1.3072285560794983,14.3203556513539,0.9214992517851961,-1.6092089035061985,0.5254457432990911,0.445156695156701,0.39060480506558637,0.8307801084138644,False,False,True,False,False,False
2022-03-31,Q2,171.13,169.72,147.9,0.83,15.71,data/raw/spi_weekly/wayback/summary/2022-03-31_summary_weekly_spi.pdf,2022-03-31,False,False,181.6449951171875,0.0,0.0,False,0,0,0,0.4,9.75,False,5.14242350158936,0.8307801084138644,15.706558485463141,0.8044926289165755,1.3072285560794983,-1.6092089035061985,0.08863676653076968,0.9214992517851961,1.8348623853211121,False,False,True,False,False,False
2022-04-07,Q2,174.27,171.13,148.69,1.83,17.2,data/raw/spi_weekly/wayback/summary/2022-04-07_summary_weekly_spi.pdf,2022-04-07,False,False,183.67746276855468,0.0,0.0,False,5,0,0,50.0,12.25,True,5.160605820672551,1.8348623853211121,17.203577913780354,1.1189230124705185,0.8307801084138644,1.3072285560794983,0.5254457432990911,0.8044926289165755,-0.946806679290757,False,False,True,False,False,False
2022-04-14,Q2,172.62,174.27,149.51,-0.95,15.46,data/raw/spi_weekly/wayback/summary/2022-04-14_summary_weekly_spi.pdf,2022-04-14,False,False,183.08999938964843,0.0,0.0,False,7,0,0,49.0,12.25,False,5.151092646791511,-0.946806679290757,15.45716005618354,-0.31983421920765975,1.8348623853211121,0.8307801084138644,-1.6092089035061985,1.1189230124705185,-1.8595759471671913,False,False,True,False,False,False
2022-04-21,Q2,169.41,172.62,148.89,-1.86,13.78,data/raw/spi_weekly/wayback/summary/2022-04-21_summary_weekly_spi.pdf,2022-04-21,False,False,182.43000183105468,0.0,0.0,False,7,0,0,48.0,12.25,False,5.132321812352855,-1.8595759471671913,13.781986701591787,-0.36047712097543316,-0.946806679290757,1.8348623853211121,1.3072285560794983,-0.31983421920765975,0.4250044271294495,False,False,True,False,False,False
2022-04-28,Q2,170.13,169.41,149.12,0.43,14.09,data/raw/spi_weekly/wayback/summary/2022-04-28_summary_weekly_spi.pdf,2022-04-28,False,False,186.02614135742186,0.0,0.0,False,7,0,0,47.0,12.25,False,5.136562850694046,0.4250044271294495,14.08932403433476,1.9712434853218497,-1.8595759471671913,-0.946806679290757,0.8307801084138644,-0.36047712097543316,0.0,False,False,True,False,False,False
2022-05-05,Q2,170.13,,,,,,,True,False,185.37000122070313,,,,4,3,0,46.0,12.25,False,5.136562850694046,0.0,,-0.35271394220774965,0.4250044271294495,-1.8595759471671913,1.8348623853211121,1.9712434853218497,0.5760300946335173,False,False,True,False,False,False
2022-05-12,Q2,171.11,170.13,149.83,0.58,14.2,data/raw/spi_weekly/wayback/summary/2022-05-12_summary_weekly_spi.pdf,2022-05-12,False,False,187.35999755859376,0.0,0.0,False,0,0,0,45.0,12.25,False,5.142306624543879,0.5760300946335173,14.20276313154909,1.0735266358019357,0.0,0.4250044271294495,-0.946806679290757,-0.35271394220774965,1.5779323242358645,False,False,True,False,False,False
2022-05-19,Q2,173.81,171.11,150.76,1.58,15.29,data/raw/spi_weekly/wayback/summary/2022-05-19_summary_weekly_spi.pdf,2022-05-19,False,False,194.03999938964844,0.0,0.0,False,0,0,0,44.0,12.25,False,5.157962748575389,1.5779323242358645,15.28920137967631,3.5653298025719815,0.5760300946335173,0.0,-1.8595759471671913,1.0735266358019357,-0.43725907600252745,False,False,True,False,False,False
2022-05-26,Q2,173.05,173.81,149.9,-0.44,15.44,data/raw/spi_weekly/wayback/summary/2022-05-26_summary_weekly_spi.pdf,2022-05-26,False,False,200.5,0.0,0.0,False,0,0,0,43.0,13.75,True,5.1535805700813535,-0.43725907600252745,15.443629086057364,3.329210797088966,1.5779323242358645,0.5760300946335173,0.4250044271294495,3.5653298025719815,1.2713088702686948,False,False,True,False,False,False
2022-06-02,Q2,175.25,173.05,148.92,1.27,17.68,data/raw/spi_weekly/wayback/summary/2022-06-02_summary_weekly_spi.pdf,2022-06-02,False,False,199.01598510742187,20.69,19.91,True,0,0,0,42.0,13.75,False,5.166213525914699,1.2713088702686948,17.680633897394582,-0.7401570536549329,-0.43725907600252745,1.5779323242358645,0.0,3.329210797088966,2.0313837375178334,False,False,True,False,False,False
2022-06-09,Q2,178.81,175.25,148.33,2.03,20.55,data/raw/spi_weekly/wayback/summary/2022-06-09_summary_weekly_spi.pdf,2022-06-09,False,False,198.759521484375,17.18,16.61,True,0,0,0,41.0,13.75,False,5.186323789587112,2.0313837375178334,20.548776376997235,-0.12886584105715748,1.2713088702686948,-0.43725907600252745,0.5760300946335173,-0.7401570536549329,3.4505900117443034,False,False,True,False,False,False
2022-06-16,Q2,184.98,178.81,148.66,3.45,24.43,data/raw/spi_weekly/wayback/summary/2022-06-16_summary_weekly_spi.pdf,2022-06-16,False,False,203.49714050292968,28.91,11.43,True,0,0,0,40.0,13.75,False,5.220247711126114,3.4505900117443034,24.431588860487018,2.383593491860525,2.0313837375178334,1.2713088702686948,1.5779323242358645,-0.12886584105715748,1.3028435506541314,False,False,True,False,False,False
2022-06-23,Q2,187.39,184.98,149.77,1.3,25.12,data/raw/spi_weekly/wayback/summary/2022-06-23_summary_weekly_spi.pdf,2022-06-23,False,False,209.0722442626953,0.0,0.0,False,0,0,0,39.0,13.75,False,5.233192006587575,1.3028435506541314,25.11851505641982,2.7396472235369673,3.4505900117443034,2.0313837375178334,-0.43725907600252745,2.383593491860525,4.866855221730093,False,False,True,False,False,False
2022-06-30,Q2,196.51,187.39,150.7,4.87,30.4,data/raw/spi_weekly/wayback/summary/2022-07-01_summary_weekly_spi.pdf,2022-06-30,False,False,206.15863647460938,0.0,0.0,False,0,0,0,38.0,13.75,False,5.280713320599676,4.866855221730093,30.398142003981434,-1.393588995211159,1.3028435506541314,3.4505900117443034,1.2713088702686948,2.7396472235369673,0.9821383135718342,False,False,True,False,False,False
2022-07-07,Q2,198.44,196.51,151.16,0.98,31.28,data/raw/spi_weekly/wayback/summary/2022-07-06_summary_weekly_spi.pdf,2022-07-06,False,False,203.91466064453124,5.06,6.36,True,0,0,0,37.0,15.0,True,5.290486787432848,0.9821383135718342,31.278115903678216,-1.0884704460850991,4.866855221730093,1.3028435506541314,2.0313837375178334,-1.393588995211159,-0.030235839548475862,False,False,True,False,False,False
2022-07-14,Q2,198.38,198.44,151.81,-0.03,30.68,data/raw/spi_weekly/wayback/summary/2022-07-14_summary_weekly_spi.pdf,2022-07-14,False,False,206.3933319091797,0.0,0.0,False,0,0,3,36.0,15.0,False,5.290184383317848,-0.030235839548475862,30.676503524142017,1.2155434321465153,0.9821383135718342,4.866855221730093,3.4505900117443034,-1.0884704460850991,0.2217965520717735,False,False,True,False,False,False
2022-07-21,Q2,198.82,198.38,151.81,0.22,30.97,data/raw/spi_weekly/wayback/summary/2022-07-21_summary_weekly_spi.pdf,2022-07-21,False,False,214.80025939941407,-14.62,-7.41,True,0,0,0,35.0,15.0,False,5.292399892783999,0.2217965520717735,30.966339503326523,4.073255377229779,-0.030235839548475862,0.9821383135718342,1.3028435506541314,1.2155434321465153,4.441203098279867,False,False,True,False,False,False
2022-07-28,Q2,207.65,198.82,151.68,4.44,36.9,data/raw/spi_weekly/wayback/summary/2022-07-28_summary_weekly_spi.pdf,2022-07-28,False,False,229.11680603027344,0.0,0.0,False,0,0,0,34.0,15.0,False,5.335853970076762,4.441203098279867,36.900052742616026,6.665050903983416,0.2217965520717735,-0.030235839548475862,4.866855221730093,4.073255377229779,1.0691066698772067,False,False,True,False,False,False
2022-08-04,Q2,209.87,207.65,151.6,1.07,38.44,data/raw/spi_weekly/wayback/summary/2022-08-04_summary_weekly_spi.pdf,2022-08-04,False,False,236.42499923706055,3.78,-1.29,True,0,0,0,33.0,15.0,False,5.3464882914093295,1.0691066698772067,38.43667546174143,3.1897237629183284,4.441203098279867,0.2217965520717735,0.9821383135718342,6.665050903983416,-0.10482679754133528,False,False,True,False,False,False
2022-08-11,Q2,209.65,209.87,152.65,-0.1,37.34,data/raw/spi_weekly/wayback/summary/2022-08-11_summary_weekly_spi.pdf,2022-08-11,False,False,223.5317840576172,0.0,0.0,False,0,0,0,32.0,15.0,False,5.345439473616771,-0.10482679754133528,37.34032099574189,-5.453406036184649,1.0691066698772067,4.441203098279867,-0.030235839548475862,3.1897237629183284,2.246601478654897,False,False,True,False,False,False
2022-08-18,Q2,214.36,209.65,152.65,2.25,40.43,data/raw/spi_weekly/wayback/summary/2022-08-18_summary_weekly_spi.pdf,2022-08-18,False,False,214.97715759277344,-0.18,2.96,True,0,0,0,31.0,15.0,False,5.36765684462665,2.246601478654897,40.42581067802162,-3.8270291184356653,-0.10482679754133528,1.0691066698772067,0.2217965520717735,-5.453406036184649,2.4444859115506423,False,False,True,False,False,False
2022-08-25,Q2,219.6,214.36,153.02,2.44,43.51,data/raw/spi_weekly/wayback/summary/2022-08-25_summary_weekly_spi.pdf,2022-08-25,False,False,215.43961486816406,0.0,0.0,False,0,0,0,30.0,15.0,True,5.391807709635375,2.4444859115506423,43.51065220232648,0.21511926223651834,2.246601478654897,-0.10482679754133528,4.441203098279867,-3.8270291184356653,1.5346083788706721,False,False,True,False,False,False
2022-09-01,Q2,222.97,219.6,154.25,1.53,44.55,data/raw/spi_weekly/wayback/summary/2022-09-01_summary_weekly_spi.pdf,2022-09-01,False,False,219.76591796875,1.19,0.88,True,0,0,0,29.0,15.0,False,5.40703723326228,1.5346083788706721,44.55105348460291,2.0081279402738295,2.4444859115506423,2.246601478654897,1.0691066698772067,0.21511926223651834,-1.2781988608332906,False,False,True,False,False,False
2022-09-08,Q2,220.12,222.97,156.81,-1.28,40.37,data/raw/spi_weekly/wayback/summary/2022-09-08_summary_weekly_spi.pdf,2022-09-08,False,False,220.0999969482422,0.0,0.0,False,0,0,0,28.0,15.0,False,5.394172852191558,-1.2781988608332906,40.37370065684587,0.15201582783173073,1.5346083788706721,2.4444859115506423,-0.10482679754133528,2.0081279402738295,-0.21806287479557707,False,False,True,False,False,False
2022-09-15,Q2,219.64,220.12,158.82,-0.22,38.29,data/raw/spi_weekly/wayback/summary/2022-09-15_summary_weekly_spi.pdf,2022-09-15,False,False,228.35917053222656,0.0,0.0,False,0,0,0,27.0,15.0,False,5.391989842410672,-0.21806287479557707,38.294925072409015,3.7524641974104878,-1.2781988608332906,1.5346083788706721,2.246601478654897,0.15201582783173073,-11.910398834456382,False,False,True,False,False,False
2022-09-22,Q2,193.48,219.64,158.6,-11.91,21.99,data/raw/spi_weekly/wayback/summary/2022-09-22_summary_weekly_spi.pdf,2022-09-22,False,False,237.4625015258789,0.0,0.6,False,0,0,0,26.0,15.0,False,5.265174147954783,-11.910398834456382,21.992433795712472,3.9864092046032695,-0.21806287479557707,-1.2781988608332906,2.4444859115506423,3.7524641974104878,1.426504031424436,False,False,True,False,False,False
2022-09-29,Q2,196.24,193.48,158.25,1.43,24.01,data/raw/spi_weekly/wayback/summary/2022-09-29_summary_weekly_spi.pdf,2022-09-29,False,False,237.1417236328125,0.0,0.0,False,0,0,0,25.0,15.0,False,5.279338399950234,1.426504031424436,24.00631911532387,-0.13508570448182988,-11.910398834456382,-0.21806287479557707,1.5346083788706721,3.9864092046032695,1.0497350183448884,False,False,True,False,False,False
2022-10-06,Q2,198.3,196.24,159.88,1.05,24.03,data/raw/spi_weekly/wayback/summary/2022-10-06_summary_weekly_spi.pdf,2022-10-06,False,False,226.58133850097656,-4.87,-5.29,True,0,0,0,24.0,15.0,False,5.28978103552575,1.0497350183448884,24.030522892169138,-4.453195738843297,1.426504031424436,-11.910398834456382,-1.2781988608332906,-0.13508570448182988,-0.7766011094301639,False,False,True,False,False,False
2022-10-13,Q2,196.76,198.3,160.14,-0.78,22.87,data/raw/spi_weekly/wayback/summary/2022-10-13_summary_weekly_spi.pdf,2022-10-13,False,False,218.73325805664064,0.0,0.0,False,0,0,0,23.0,15.0,True,5.281984711927139,-0.7766011094301639,22.86749094542275,-3.463692330647128,1.0497350183448884,1.426504031424436,-0.21806287479557707,-4.453195738843297,0.37101036796096665,False,False,True,False,False,False
2022-10-20,Q2,197.49,196.76,161.86,0.37,22.01,data/raw/spi_weekly/wayback/summary/2022-10-20_summary_weekly_spi.pdf,2022-10-20,False,False,219.1,0.0,0.0,False,0,0,0,22.0,15.0,False,5.285687950147895,0.37101036796096665,22.01285061163969,0.16766629209372663,-0.7766011094301639,1.0497350183448884,-11.910398834456382,-3.463692330647128,6.75983594106031,False,False,True,False,False,False
2022-10-27,Q2,210.84,197.49,164.12,6.76,28.47,data/raw/spi_weekly/wayback/summary/2022-10-27_summary_weekly_spi.pdf,2022-10-27,False,False,219.07006225585937,0.0,0.0,False,0,0,0,21.0,15.0,False,5.351099551987006,6.75983594106031,28.466975383865467,-0.01366396355118038,0.37101036796096665,-0.7766011094301639,1.426504031424436,0.16766629209372663,0.8205274141529051,False,False,True,False,False,False
2022-11-03,Q2,212.57,210.84,165.48,0.82,28.46,data/raw/spi_weekly/wayback/summary/2022-11-03_summary_weekly_spi.pdf,2022-11-03,False,False,220.61000061035156,0.0,0.0,False,0,0,0,20.0,15.0,False,5.359271345885034,0.8205274141529051,28.456611070824266,0.7029433134928542,6.75983594106031,0.37101036796096665,1.0497350183448884,-0.01366396355118038,1.002022863056884,False,False,True,False,False,False
2022-11-10,Q2,214.7,212.57,168.47,1.0,27.44,data/raw/spi_weekly/wayback/summary/2022-11-10_summary_weekly_spi.pdf,2022-11-10,False,False,220.41961669921875,0.0,0.0,False,0,0,0,19.0,15.0,False,5.369241704884735,1.002022863056884,27.441087433964494,-0.08629885798743242,0.8205274141529051,6.75983594106031,-0.7766011094301639,0.7029433134928542,0.8802980903586555,False,False,True,False,False,False
2022-11-17,Q2,216.59,214.7,169.36,0.88,27.89,data/raw/spi_weekly/wayback/summary/2022-11-17_summary_weekly_spi.pdf,2022-11-17,False,False,220.70864562988282,0.0,0.0,False,0,0,0,18.0,15.0,False,5.3780061654494045,0.8802980903586555,27.88734057628719,0.1311266823671442,1.002022863056884,0.8205274141529051,0.37101036796096665,-0.08629885798743242,0.4755528879449633,False,False,True,False,False,False
2022-11-24,Q2,217.62,216.59,167.97,0.48,29.56,data/raw/spi_weekly/wayback/summary/2022-11-24_summary_weekly_spi.pdf,2022-11-24,False,False,222.76000061035157,0.0,0.0,False,0,0,0,17.0,15.0,False,5.382750422522866,0.4755528879449633,29.55884979460619,0.9294402467172835,0.8802980903586555,1.002022863056884,6.75983594106031,0.1311266823671442,-0.29868578255675127,False,False,True,False,False,False
2022-12-01,Q2,216.97,217.62,167.13,-0.3,29.82,data/raw/spi_weekly/wayback/summary/2022-12-01_summary_weekly_spi.pdf,2022-12-01,False,False,223.34830627441406,0.0,0.0,False,0,0,0,16.0,16.0,True,5.37975909513528,-0.29868578255675127,29.821097349368753,0.26409842990238186,0.4755528879449633,0.8802980903586555,0.8205274141529051,0.9294402467172835,-0.023044660552151708,False,False,True,False,False,False
2022-12-08,Q2,216.92,216.97,166.93,-0.02,29.95,data/raw/spi_weekly/wayback/summary/2022-12-08_summary_weekly_spi.pdf,2022-12-08,False,False,223.33275146484374,0.0,0.0,False,0,0,0,15.0,16.0,False,5.3795286219728595,-0.023044660552151708,29.94668423890252,-0.0069643731935076225,-0.29868578255675127,0.4755528879449633,1.002022863056884,0.26409842990238186,-0.650009219988934,False,False,True,False,False,False
2022-12-15,Q2,215.51,216.92,168.56,-0.65,27.85,data/raw/spi_weekly/wayback/summary/2022-12-15_summary_weekly_spi.pdf,2022-12-15,False,False,223.92320556640624,0.0,0.0,False,0,0,0,14.0,16.0,False,5.373007312179481,-0.650009219988934,27.853583293782624,0.26438312235428363,-0.023044660552151708,-0.29868578255675127,0.8802980903586555,-0.0069643731935076225,-0.009280311818471443,False,False,True,False,False,False
2022-12-22,Q2,215.49,215.51,169.05,-0.01,27.47,data/raw/spi_weekly/wayback/summary/2022-12-22_summary_weekly_spi.pdf,2022-12-22,False,False,224.61499938964843,-3.2,-4.45,True,0,0,0,13.0,16.0,False,5.37291450475482,-0.009280311818471443,27.471162377994673,0.3089424436794497,-0.650009219988934,-0.023044660552151708,0.4755528879449633,0.26438312235428363,-0.12065525082370909,False,False,True,False,False,False
2022-12-29,Q2,215.23,215.49,167.83,-0.12,28.24,data/raw/spi_weekly/wayback/summary/2022-12-29_summary_weekly_spi.pdf,2022-12-29,False,False,225.47999877929686,0.0,0.0,False,0,0,0,12.0,16.0,False,5.371707223776088,-0.12065525082370909,28.242864803670376,0.3851031284637818,-0.009280311818471443,-0.650009219988934,-0.29868578255675127,0.3089424436794497,1.2312409980021366,False,False,True,False,False,False
2023-01-05,Q2,217.88,215.23,167.52,1.23,30.06,data/raw/spi_weekly/wayback/summary/2023-01-05_summary_weekly_spi.pdf,2023-01-05,False,False,226.0849365234375,0.0,0.0,False,0,0,0,11.0,16.0,False,5.383944452515474,1.2312409980021366,30.062082139446034,0.2682888714811371,-0.12065525082370909,-0.009280311818471443,-0.023044660552151708,0.3851031284637818,0.5920690288232056,False,False,True,False,False,False
2023-01-12,Q2,219.17,217.88,166.89,0.59,31.33,data/raw/spi_weekly/wayback/summary/2023-01-12_summary_weekly_spi.pdf,2023-01-12,False,False,227.4,0.0,0.0,False,0,0,0,10.0,16.0,False,5.389847684393628,0.5920690288232056,31.32602312900714,0.581667888530979,1.2312409980021366,-0.12065525082370909,-0.650009219988934,0.2682888714811371,-0.237258748916358,False,False,True,False,False,False
2023-01-19,Q2,218.65,219.17,166.68,-0.24,31.18,data/raw/spi_weekly/wayback/summary/2023-01-19_summary_weekly_spi.pdf,2023-01-19,False,False,227.70220642089845,0.0,0.0,False,0,0,0,9.0,16.0,False,5.3874722778589295,-0.237258748916358,31.179505639548832,0.1328964032095259,0.5920690288232056,1.2312409980021366,-0.009280311818471443,0.581667888530979,0.3841756231420135,False,False,True,False,False,False
2023-01-26,Q2,219.49,218.65,166.59,0.38,31.75,data/raw/spi_weekly/wayback/summary/2023-01-26_summary_weekly_spi.pdf,2023-01-26,False,False,229.42153625488282,0.0,0.0,False,0,0,0,8.0,17.0,True,5.391306673390865,0.3841756231420135,31.75460711927487,0.7550782493544572,-0.237258748916358,0.5920690288232056,-0.12065525082370909,0.1328964032095259,1.9864230716661213,False,False,True,False,False,False
2023-02-02,Q2,223.85,219.49,169.25,1.99,32.26,data/raw/spi_weekly/wayback/summary/2023-02-02_summary_weekly_spi.pdf,2023-02-02,False,False,260.43035888671875,15.3,16.22,True,0,0,0,7.0,17.0,False,5.410976184686975,1.9864230716661213,32.2599704579025,13.516090571979134,0.3841756231420135,-0.237258748916358,1.2312409980021366,0.7550782493544572,0.022336385972754336,False,False,True,False,False,False
2023-02-09,Q2,223.9,223.85,168.92,0.02,32.55,data/raw/spi_weekly/wayback/summary/2023-02-09_summary_weekly_spi.pdf,2023-02-09,False,False,274.2564208984375,0.0,0.0,False,0,0,0,6.0,17.0,False,5.411199523604709,0.022336385972754336,32.54795169310918,5.308928678984315,1.9864230716661213,0.3841756231420135,0.5920690288232056,13.516090571979134,2.7333631085306065,False,False,True,False,False,False
2023-02-16,Q2,230.02,223.9,168.48,2.73,36.53,data/raw/spi_weekly/wayback/summary/2023-02-16_summary_weekly_spi.pdf,2023-02-16,False,False,266.7633056640625,6.49,8.82,True,0,0,0,5.0,17.0,False,5.438166261664436,2.7333631085306065,36.52659069325737,-2.7321567202796215,0.022336385972754336,1.9864230716661213,-0.237258748916358,5.308928678984315,2.8562733675332463,False,False,True,False,False,False
2023-02-23,Q2,236.59,230.02,169.23,2.86,39.8,data/raw/spi_weekly/wayback/summary/2023-02-23_summary_weekly_spi.pdf,2023-02-23,False,False,260.767431640625,0.0,0.0,False,0,0,0,4.0,17.0,False,5.466328685224197,2.8562733675332463,39.803817290078605,-2.2476382231475966,2.7333631085306065,0.022336385972754336,0.3841756231420135,-2.7321567202796215,-0.08876114797751189,False,False,True,False,False,False
2023-03-02,Q2,236.38,236.59,169.38,-0.09,39.56,data/raw/spi_weekly/wayback/summary/2023-03-02_summary_weekly_spi.pdf,2023-03-02,False,False,260.2123107910156,0.0,-1.8,True,0,0,0,3.0,20.0,True,5.465440679584095,-0.08876114797751189,39.55602786633605,-0.21287967063862157,2.8562733675332463,2.7333631085306065,1.9864230716661213,-2.2476382231475966,1.548354344699221,False,False,True,False,False,False
2023-03-09,Q2,240.04,236.38,170.27,1.55,40.98,data/raw/spi_weekly/wayback/summary/2023-03-09_summary_weekly_spi.pdf,2023-03-09,False,False,277.0899963378906,0.0,0.0,False,0,0,0,2.0,20.0,False,5.480805576121312,1.548354344699221,40.9760967874552,6.48612108150024,-0.08876114797751189,2.8562733675332463,0.022336385972754336,-0.21287967063862157,0.6623896017330377,False,False,True,False,False,False
2023-03-16,Q2,241.63,240.04,167.53,0.66,44.23,data/raw/spi_weekly/wayback/summary/2023-03-16_summary_weekly_spi.pdf,2023-03-16,False,False,281.2890869140625,4.65,1.84,True,0,0,0,1.0,20.0,False,5.487407630537363,0.6623896017330377,44.2308840207724,1.5154248192531083,1.548354344699221,-0.08876114797751189,2.7333631085306065,6.48612108150024,2.8307743243802586,False,False,True,False,False,False
2023-03-23,Q2,248.47,241.63,169.72,2.83,46.4,data/raw/spi_weekly/wayback/summary/2023-03-22_summary_weekly_spi.pdf,2023-03-22,False,False,280.2771423339844,0.0,0.0,False,1,0,0,0.0,20.0,False,5.515322113902837,2.8307743243802586,46.39995286353995,-0.3597525205047525,0.6623896017330377,1.548354344699221,2.8562733675332463,1.5154248192531083,-0.40648770475308904,False,False,True,False,False,False
2023-03-30,Q2,247.46,248.47,171.13,-0.41,44.6,data/raw/spi_weekly/wayback/summary/2023-03-30_summary_weekly_spi.pdf,2023-03-30,False,False,282.1512145996094,0.0,0.0,False,7,0,0,49.7,20.0,False,5.51124895278583,-0.40648770475308904,44.60351779349034,0.6686496979449785,2.8307743243802586,0.6623896017330377,-0.08876114797751189,-0.3597525205047525,1.002182170855881,False,False,True,False,False,False
2023-04-06,Q2,249.94,247.46,174.27,1.0,43.42,data/raw/spi_weekly/wayback/summary/2023-04-06_summary_weekly_spi.pdf,2023-04-06,False,False,285.1199951171875,0.0,0.0,False,7,0,0,48.7,21.0,True,5.521220889057638,1.002182170855881,43.42112813450392,1.0521948387821167,-0.40648770475308904,2.8307743243802586,1.548354344699221,0.6686496979449785,-0.8442026086260657,False,False,True,False,False,False
2023-04-13,Q2,247.83,249.94,172.62,-0.84,43.57,data/raw/spi_weekly/wayback/summary/2023-04-13_summary_weekly_spi.pdf,2023-04-13,False,False,285.0419128417969,0.0,0.0,False,7,0,0,47.7,21.0,False,5.512743027242523,-0.8442026086260657,43.56969064998262,-0.027385759233944373,1.002182170855881,-0.40648770475308904,0.6623896017330377,1.0521948387821167,0.3429770407133992,False,False,True,False,False,False
2023-04-20,Q2,248.68,247.83,169.41,0.34,46.79,data/raw/spi_weekly/wayback/summary/2023-04-19_summary_weekly_spi.pdf,2023-04-19,False,False,281.8388244628906,0.0,3.67,True,7,0,0,46.7,21.0,False,5.516166929401137,0.3429770407133992,46.791806859099225,-1.1237254012830156,-0.8442026086260657,1.002182170855881,2.8307743243802586,-0.027385759233944373,0.1487855879041433,False,False,True,False,False,False
2023-04-27,Q2,249.05,248.68,170.13,0.15,46.39,data/raw/spi_weekly/wayback/summary/2023-04-27_summary_weekly_spi.pdf,2023-04-27,False,False,281.99017944335935,0.0,0.0,False,1,3,0,45.7,21.0,False,5.5176536795192925,0.1487855879041433,46.38805619232353,0.053702672354383196,0.3429770407133992,-0.8442026086260657,-0.40648770475308904,-1.1237254012830156,1.0319213009435835,False,False,True,False,False,False
2023-05-04,Q2,251.62,249.05,170.13,1.03,47.9,data/raw/spi_weekly/wayback/summary/2023-05-04_summary_weekly_spi.pdf,2023-05-04,False,False,282.31569213867186,-1.7,0.0,True,0,0,0,44.7,21.0,False,5.527920012922985,1.0319213009435835,47.89866572620938,0.11543405375147309,0.1487855879041433,0.3429770407133992,1.002182170855881,0.053702672354383196,0.38152770050075,False,False,True,False,False,False
2023-05-11,Q2,252.58,251.62,171.11,0.38,47.61,data/raw/spi_weekly/wayback/summary/2023-05-11_summary_weekly_spi.pdf,2023-05-11,False,False,283.5159973144531,0.0,0.0,False,0,0,0,43.7,21.0,False,5.531728030218024,0.38152770050075,47.612646835369056,0.4251641723095112,1.0319213009435835,0.1487855879041433,-0.8442026086260657,0.11543405375147309,0.03563227492278109,False,False,True,False,False,False
2023-05-18,Q2,252.67,252.58,173.81,0.04,45.37,data/raw/spi_weekly/wayback/summary/2023-05-18_summary_weekly_spi.pdf,2023-05-18,False,False,286.32017822265624,-10.38,-4.24,True,0,0,0,42.7,21.0,False,5.532084289499378,0.03563227492278109,45.3713825441574,0.9890732568056615,0.38152770050075,1.0319213009435835,0.3429770407133992,0.4251641723095112,-0.37994221712114307,False,False,True,False,False,False
2023-05-25,Q2,251.71,252.67,173.05,-0.38,45.46,data/raw/spi_weekly/wayback/summary/2023-05-25_summary_weekly_spi.pdf,2023-05-25,False,False,285.62123413085936,0.0,0.0,False,0,0,0,41.7,21.0,False,5.528277631189169,-0.37994221712114307,45.455070788789364,-0.24411276080351652,0.03563227492278109,0.38152770050075,0.1487855879041433,0.9890732568056615,-0.09932064677604657,False,False,True,False,False,False
2023-06-01,Q2,251.46,251.71,175.25,-0.1,43.49,data/raw/spi_weekly/wayback/summary/2023-06-01_summary_weekly_spi.pdf,2023-06-01,False,False,284.8052612304688,-1.94,-2.96,True,0,0,0,40.7,21.0,False,5.5272839311650355,-0.09932064677604657,43.486447931526406,-0.2856835567122906,-0.37994221712114307,0.03563227492278109,1.0319213009435835,-0.24411276080351652,0.30621172353455517,False,False,True,False,False,False
2023-06-08,Q2,252.23,251.46,178.81,0.31,41.06,data/raw/spi_weekly/wayback/summary/2023-06-08_summary_weekly_spi.pdf,2023-06-08,False,False,285.3770690917969,0.0,0.0,False,0,0,0,39.7,21.0,False,5.530341369668184,0.30621172353455517,41.060343381242646,0.20077152327091508,-0.09932064677604657,-0.37994221712114307,0.38152770050075,-0.2856835567122906,0.11497442810133318,False,False,True,False,False,False
2023-06-15,Q2,252.52,252.23,184.98,0.11,36.51,data/raw/spi_weekly/wayback/summary/2023-06-15_summary_weekly_spi.pdf,2023-06-15,False,False,286.6101013183594,0.0,0.0,False,0,0,0,38.7,21.0,True,5.5314904534994245,0.11497442810133318,36.512055357335946,0.432071234905651,0.30621172353455517,-0.09932064677604657,0.03563227492278109,0.20077152327091508,0.5266909551718602,False,False,True,False,False,False
2023-06-22,Q2,253.85,252.52,187.39,0.53,35.47,data/raw/spi_weekly/wayback/summary/2023-06-22_summary_weekly_spi.pdf,2023-06-22,False,False,286.52321166992186,0.0,0.0,False,0,0,0,37.7,21.0,False,5.536743541393403,0.5266909551718602,35.46614013554618,-0.030316324525148097,0.11497442810133318,0.30621172353455517,-0.37994221712114307,0.432071234905651,0.0,False,False,True,False,False,False
2023-06-29,Q2,253.85,,,,,,,True,False,285.58369140625,,,,0,0,1,36.7,22.0,True,5.536743541393403,0.0,,-0.32790371788593564,0.5266909551718602,0.11497442810133318,-0.09932064677604657,-0.030316324525148097,1.0242269056529363,False,False,True,False,False,False
2023-07-06,Q2,256.45,253.85,198.44,1.02,29.23,data/raw/spi_weekly/wayback/summary/2023-07-06_summary_weekly_spi.pdf,2023-07-06,False,False,281.19697265625,2.95,0.0,True,0,0,2,35.7,22.0,False,5.546933713835277,1.0242269056529363,29.23301753678693,-1.5360536620278475,0.0,0.5266909551718602,0.30621172353455517,-0.32790371788593564,0.5030220315851208,False,False,True,False,False,False
2023-07-13,Q2,257.74,256.45,198.38,0.5,29.92,data/raw/spi_weekly/pbs_live/summary/2023-07-13_summary_live.pdf,2023-07-13,False,False,276.5734130859375,0.0,0.0,False,0,0,0,34.7,22.0,False,5.551951324860245,0.5030220315851208,29.922371206774876,-1.644242299850296,1.0242269056529363,0.0,0.11497442810133318,-1.5360536620278475,0.3453092263521418,False,False,True,False,False,False
2023-07-20,Q2,258.63,257.74,198.82,0.35,30.08,data/raw/spi_weekly/pbs_live/summary/2023-07-20_summary_live.pdf,2023-07-20,False,False,277.7791259765625,-2.64,-3.4,True,0,0,0,33.7,22.0,False,5.555398468889943,0.3453092263521418,30.082486671361043,0.43594678070171256,0.5030220315851208,1.0242269056529363,0.5266909551718602,-1.644242299850296,1.6858059776514667,False,False,True,False,False,False
2023-07-27,Q2,262.99,258.63,207.65,1.69,26.65,data/raw/spi_weekly/wayback/summary/2023-07-26_summary_weekly_spi.pdf,2023-07-26,False,False,286.3264892578125,0.0,0.0,False,0,0,0,32.7,22.0,False,5.572116008641191,1.6858059776514667,26.6506140139658,3.077035846808429,0.3453092263521418,0.5030220315851208,0.0,0.43594678070171256,0.9239895053043901,False,False,True,False,False,False
2023-08-03,Q2,265.42,262.99,209.87,0.92,26.47,data/raw/spi_weekly/wayback/summary/2023-08-03_summary_weekly_spi.pdf,2023-08-03,False,False,285.56980590820314,7.82,7.86,True,0,0,0,31.7,22.0,True,5.581313477009103,0.9239895053043901,26.468766379187116,-0.2642729115181708,1.6858059776514667,0.3453092263521418,1.0242269056529363,3.077035846808429,0.6819380604325298,False,False,True,False,False,False
2023-08-10,Q2,267.23,265.42,209.65,0.68,27.46,data/raw/spi_weekly/wayback/summary/2023-08-10_summary_weekly_spi.pdf,2023-08-10,False,False,284.65879516601564,0.0,0.0,False,0,0,0,30.7,22.0,False,5.588109710809176,0.6819380604325298,27.464822322919158,-0.31901507909429805,0.9239895053043901,1.6858059776514667,0.5030220315851208,-0.2642729115181708,0.42659881001383404,False,False,True,False,False,False
2023-08-17,Q2,268.37,267.23,214.36,0.43,25.2,data/raw/spi_weekly/pbs_live/summary/2023-08-17_summary_live.pdf,2023-08-17,False,False,289.11541137695315,7.29,6.4,True,0,0,0,29.7,22.0,False,5.592366625377977,0.42659881001383404,25.195932076880002,1.5655993373886012,0.6819380604325298,0.9239895053043901,0.3453092263521418,-0.31901507909429805,0.12296456384841559,False,False,True,False,False,False
2023-08-24,Q2,268.7,268.37,219.6,0.12,22.36,data/raw/spi_weekly/wayback/summary/2023-08-24_summary_weekly_spi.pdf,2023-08-24,False,False,295.75078125,0.0,0.0,False,0,0,0,28.7,22.0,False,5.593595515621446,0.12296456384841559,22.35883424408014,2.2950592088622823,0.42659881001383404,0.6819380604325298,1.6858059776514667,1.5655993373886012,0.6512839598064701,False,False,True,False,False,False
2023-08-31,Q2,270.45,268.7,222.97,0.65,21.29,data/raw/spi_weekly/wayback/summary/2023-08-31_summary_weekly_spi.pdf,2023-08-31,False,False,301.737841796875,0.0,0.0,False,0,0,0,27.7,22.0,False,5.600087238317436,0.6512839598064701,21.294344530654353,2.0243600106719883,0.12296456384841559,0.42659881001383404,0.9239895053043901,2.2950592088622823,0.8060639674616343,False,False,True,False,False,False
2023-09-07,Q2,272.63,270.45,220.12,0.81,23.86,data/raw/spi_weekly/wayback/summary/2023-09-07_summary_weekly_spi.pdf,2023-09-07,False,False,305.99155883789064,6.28,5.12,True,0,0,0,26.7,22.0,False,5.6081155645645255,0.8060639674616343,23.85516990732328,1.4097393338814879,0.6512839598064701,0.12296456384841559,0.6819380604325298,2.0243600106719883,-0.22741444448519665,False,False,True,False,False,False
2023-09-14,Q2,272.01,272.63,219.64,-0.23,23.84,data/raw/spi_weekly/pbs_live/summary/2023-09-14_summary_live.pdf,2023-09-14,False,False,301.6349609375,0.0,0.0,False,0,0,0,25.7,22.0,True,5.605838830326074,-0.22741444448519665,23.843562192678935,-1.4237640792890915,0.8060639674616343,0.6512839598064701,0.42659881001383404,1.4097393338814879,0.2904304988787354,False,False,True,False,False,False
2023-09-21,Q2,272.8,272.01,193.48,0.29,41.0,data/raw/spi_weekly/pbs_live/summary/2023-09-21_summary_live.pdf,2023-09-21,False,False,295.2542358398438,5.54,8.51,True,0,0,0,24.7,22.0,False,5.608738925969307,0.2904304988787354,40.99648542485013,-2.1153798212994124,-0.22741444448519665,0.8060639674616343,0.12296456384841559,-1.4237640792890915,-0.007331378299135771,False,False,True,False,False,False
2023-09-28,Q2,272.78,272.8,196.24,-0.01,39.0,data/raw/spi_weekly/wayback/summary/2023-09-27_summary_weekly_spi.pdf,2023-09-27,False,False,289.3449645996094,0.0,0.0,False,0,0,0,23.7,22.0,False,5.608665609498729,-0.007331378299135771,39.003261312678326,-2.00141793848464,0.2904304988787354,-0.22741444448519665,0.6512839598064701,-2.1153798212994124,0.3812596231395293,False,False,True,False,False,False
2023-10-05,Q2,273.82,272.78,198.3,0.38,38.08,data/raw/spi_weekly/wayback/summary/2023-10-05_summary_weekly_spi.pdf,2023-10-05,False,False,286.27183227539064,-3.33,-2.4,True,0,0,0,22.7,22.0,False,5.61247095620561,0.3812596231395293,38.08371154815935,-1.0620998117148228,-0.007331378299135771,0.2904304988787354,0.8060639674616343,-2.00141793848464,0.5149368198086535,False,False,True,False,False,False
2023-10-12,Q2,275.23,273.82,196.76,0.51,39.88,data/raw/spi_weekly/wayback/summary/2023-10-12_summary_weekly_spi.pdf,2023-10-12,False,False,278.5675842285156,0.0,0.0,False,0,0,0,21.7,22.0,False,5.61760711174576,0.5149368198086535,39.88107338890019,-2.691235105332901,0.3812596231395293,-0.007331378299135771,-0.22741444448519665,-1.0620998117148228,-1.1299640300839298,False,False,True,False,False,False
2023-10-19,Q2,272.12,275.23,197.49,-1.13,37.79,data/raw/spi_weekly/pbs_live/summary/2023-10-19_summary_live.pdf,2023-10-19,False,False,276.9391357421875,-4.68,-12.31,True,0,0,0,20.7,22.0,False,5.60624314547686,-1.1299640300839298,37.789255152159605,-0.5845793188170356,0.5149368198086535,0.3812596231395293,0.2904304988787354,-2.691235105332901,-0.30501249448772194,False,False,True,False,False,False
2023-10-26,Q2,271.29,272.12,210.84,-0.31,28.67,data/raw/spi_weekly/wayback/summary/2023-10-26_summary_weekly_spi.pdf,2023-10-26,False,False,277.7182312011719,0.0,0.0,False,0,0,0,19.7,22.0,False,5.603188359420499,-0.30501249448772194,28.671030165054077,0.28132371284268487,-1.1299640300839298,0.5149368198086535,-0.007331378299135771,-0.5845793188170356,0.8588595230196505,False,False,True,False,False,False
2023-11-02,Q2,273.62,271.29,212.57,0.86,28.72,data/raw/spi_weekly/wayback/summary/2023-11-02_summary_weekly_spi.pdf,2023-11-02,False,False,279.64427490234374,0.0,0.0,False,0,0,0,18.7,22.0,True,5.611740282491968,0.8588595230196505,28.71995107494003,0.6935244016359476,-0.30501249448772194,-1.1299640300839298,0.3812596231395293,0.28132371284268487,1.0160076017834863,False,False,True,False,False,False
2023-11-09,Q2,276.4,273.62,214.7,1.02,28.74,data/raw/spi_weekly/wayback/summary/2023-11-08_summary_weekly_spi.pdf,2023-11-08,False,False,282.686181640625,0.0,0.0,False,0,0,0,17.7,22.0,False,5.621849091893515,1.0160076017834863,28.7377736376339,1.0877772267440688,0.8588595230196505,-0.30501249448772194,0.5149368198086535,0.6935244016359476,10.336468885672968,False,False,True,False,False,False
2023-11-16,Q2,304.97,276.4,216.59,10.34,40.81,data/raw/spi_weekly/pbs_live/summary/2023-11-16_summary_live.pdf,2023-11-16,False,False,284.96796264648435,-2.15,-0.73,True,0,0,0,16.7,22.0,False,5.7202134111139475,10.336468885672968,40.805207996675755,0.8071781197851902,1.0160076017834863,0.8588595230196505,-1.1299640300839298,1.0877772267440688,-0.14427648621178069,False,False,True,False,False,False
2023-11-23,Q2,304.53,304.97,217.62,-0.14,39.94,data/raw/spi_weekly/wayback/summary/2023-11-23_summary_weekly_spi.pdf,2023-11-23,False,False,285.6649597167969,0.0,0.0,False,0,0,0,15.7,22.0,False,5.718769604464449,-0.14427648621178069,39.93658671078024,0.24458787010286365,10.336468885672968,1.0160076017834863,-0.30501249448772194,0.8071781197851902,-0.2626998982037776,False,False,True,False,False,False
2023-11-30,Q2,303.73,304.53,216.97,-0.26,39.99,data/raw/spi_weekly/wayback/summary/2023-11-30_summary_weekly_spi.pdf,2023-11-30,False,False,283.1644287109375,0.0,0.0,False,0,0,0,14.7,22.0,False,5.716139148865572,-0.2626998982037776,39.98709499009081,-0.8753369710931214,-0.14427648621178069,10.336468885672968,0.8588595230196505,0.24458787010286365,-0.13828070984098773,False,False,True,False,False,False
2023-12-07,Q2,303.31,303.73,216.92,-0.14,39.83,data/raw/spi_weekly/wayback/summary/2023-12-07_summary_weekly_spi.pdf,2023-12-07,False,False,283.1326416015625,-2.31,0.0,True,0,0,0,13.7,22.0,False,5.714755384807131,-0.13828070984098773,39.82574220910935,-0.011225671783599012,-0.2626998982037776,-0.14427648621178069,1.0160076017834863,-0.8753369710931214,-0.13847219016848156,False,False,True,False,False,False
2023-12-14,Q2,302.89,303.31,215.51,-0.14,40.55,data/raw/spi_weekly/pbs_live/summary/2023-12-14_summary_live.pdf,2023-12-14,False,False,283.0827941894531,0.0,0.0,False,0,0,0,12.7,22.0,True,5.7133697032921065,-0.13847219016848156,40.54568233492646,-0.017605674791654202,-0.13828070984098773,-0.2626998982037776,10.336468885672968,-0.011225671783599012,-0.3994849615371887,False,False,True,False,False,False
2023-12-21,Q2,301.68,302.89,215.49,-0.4,40.0,data/raw/spi_weekly/wayback/summary/2023-12-21_summary_weekly_spi.pdf,2023-12-21,False,False,281.3607482910156,-4.68,-4.97,True,0,0,0,11.7,22.0,False,5.709366852950102,-0.3994849615371887,39.99721564805792,-0.6083188147722685,-0.13847219016848156,-0.13828070984098773,-0.14427648621178069,-0.017605674791654202,0.4077167859984243,False,False,True,False,False,False
2023-12-28,Q2,302.91,301.68,215.23,0.41,40.74,data/raw/spi_weekly/wayback/summary/2023-12-28_summary_weekly_spi.pdf,2023-12-28,False,False,280.4610290527344,0.0,0.0,False,0,0,0,10.7,22.0,False,5.713435731684339,0.4077167859984243,40.73781536031225,-0.31977425555843597,-0.3994849615371887,-0.13847219016848156,-0.2626998982037776,-0.6083188147722685,0.8418342081806252,False,False,True,False,False,False
2024-01-04,Q2,305.46,302.91,217.88,0.84,40.2,data/raw/spi_weekly/pbs_live/summary/2024-01-04_summary_live.pdf,2024-01-04,False,False,279.8627075195312,0.0,0.0,False,0,0,0,9.7,22.0,False,5.721818837142299,0.8418342081806252,40.19643840646228,-0.21333499888522844,0.4077167859984243,-0.3994849615371887,-0.13828070984098773,-0.31977425555843597,1.3422379362273418,False,False,True,False,False,False
2024-01-11,Q2,309.56,305.46,219.17,1.34,41.24,data/raw/spi_weekly/pbs_live/summary/2024-01-11_summary_live.pdf,2024-01-11,False,False,279.73817138671876,0.0,0.0,False,0,0,0,8.7,22.0,False,5.735151934402259,1.3422379362273418,41.24195829721222,-0.04449900950228569,0.8418342081806252,0.4077167859984243,-0.13847219016848156,-0.21333499888522844,0.5427057759400444,False,False,True,False,False,False
2024-01-18,Q2,311.24,309.56,218.65,0.54,42.35,data/raw/spi_weekly/pbs_live/summary/2024-01-18_summary_live.pdf,2024-01-18,False,False,278.39923095703125,0.0,-2.99,True,0,0,0,7.7,22.0,False,5.74056431874873,0.5427057759400444,42.34621541276012,-0.47864058846531776,1.3422379362273418,0.8418342081806252,-0.3994849615371887,-0.04449900950228569,-0.28595296234417145,False,False,True,False,False,False
2024-01-25,Q2,310.35,311.24,219.49,-0.29,41.4,data/raw/spi_weekly/pbs_live/summary/2024-01-25_summary_live.pdf,2024-01-25,False,False,279.14365844726564,0.0,0.0,False,0,0,0,6.7,22.0,False,5.7377006928596614,-0.28595296234417145,41.395963369629605,0.26739567048204016,0.5427057759400444,1.3422379362273418,0.4077167859984243,-0.47864058846531776,-0.7056549057515737,False,False,True,False,False,False
2024-02-01,Q2,308.16,310.35,223.85,-0.71,37.66,data/raw/spi_weekly/pbs_live/summary/2024-02-01_summary_live.pdf,2024-02-01,False,False,278.9609313964844,0.95,5.2,True,0,0,0,5.7,22.0,True,5.730619128609761,-0.7056549057515737,37.663614027250404,-0.06545986098973611,-0.28595296234417145,0.5427057759400444,0.8418342081806252,0.26739567048204016,0.0,False,False,True,False,False,False
2024-02-08,Q2,308.16,,,,,,,True,False,278.21637573242185,,,,0,0,0,4.7,22.0,False,5.730619128609761,0.0,,-0.2669032040921615,-0.7056549057515737,-0.28595296234417145,1.3422379362273418,-0.06545986098973611,-0.8177570093458097,False,False,True,False,False,False
2024-02-15,Q2,305.64,308.16,230.02,-0.82,32.88,data/raw/spi_weekly/pbs_live/summary/2024-02-15_summary_live.pdf,2024-02-15,False,False,278.19187622070314,0.0,0.0,False,0,0,0,3.7,22.0,False,5.722407938779366,-0.8177570093458097,32.87540213894442,-0.0088059200879953,0.0,-0.7056549057515737,0.5427057759400444,-0.2669032040921615,-0.029446407538269437,False,False,True,False,False,False
2024-02-22,Q2,305.55,305.64,236.59,-0.03,29.15,data/raw/spi_weekly/pbs_live/summary/2024-02-22_summary_live.pdf,2024-02-22,False,False,278.11827392578124,3.02,1.0,True,0,0,0,2.7,22.0,False,5.722113431340925,-0.029446407538269437,29.147470307282642,-0.026457384709355214,-0.8177570093458097,0.0,-0.28595296234417145,-0.0088059200879953,1.750940926198652,False,False,True,False,False,False
2024-02-29,Q2,310.9,305.55,236.38,1.75,31.53,data/raw/spi_weekly/wayback/summary/2024-02-29_summary_weekly_spi.pdf,2024-02-29,False,False,278.1599548339844,0.0,0.0,False,0,0,0,1.7,22.0,False,5.739471317064708,1.750940926198652,31.525509772400362,0.014986756394974599,-0.029446407538269437,-0.8177570093458097,-0.7056549057515737,-0.026457384709355214,1.4506272113219865,False,False,True,False,False,False
2024-03-07,Q2,315.41,310.9,240.04,1.45,31.4,data/raw/spi_weekly/pbs_live/summary/2024-03-07_summary_live.pdf,2024-03-07,False,False,278.10906372070315,0.0,1.49,True,0,0,0,0.7,22.0,False,5.753873379796771,1.4506272113219865,31.398933511081495,-0.018295628970610434,1.750940926198652,-0.029446407538269437,0.0,0.014986756394974599,0.8591991376303731,False,False,True,False,False,False
2024-03-14,Q2,318.12,315.41,241.63,0.86,31.66,data/raw/spi_weekly/pbs_live/summary/2024-03-14_summary_live.pdf,2024-03-14,False,False,277.98333740234375,0.0,0.0,False,3,0,0,50.4,22.0,False,5.7624286700889344,0.8591991376303731,31.6558374374043,-0.04520755874596327,1.4506272113219865,1.750940926198652,-0.8177570093458097,-0.018295628970610434,-1.6408902301018546,False,False,True,False,False,False
2024-03-21,Q2,312.9,318.12,248.47,-1.64,25.93,data/raw/spi_weekly/pbs_live/summary/2024-03-21_summary_live.pdf,2024-03-21,False,False,278.2802978515625,-0.6,0.0,False,7,0,0,49.4,22.0,True,5.745883650674837,-1.6408902301018546,25.93069585865495,0.10682670838970676,0.8591991376303731,1.4506272113219865,-0.029446407538269437,-0.04520755874596327,-0.22051773729625523,False,False,True,False,False,False
2024-03-28,Q2,312.21,312.9,247.46,-0.22,26.17,data/raw/spi_weekly/pbs_live/summary/2024-03-28_summary_live.pdf,2024-03-28,False,False,277.1078125,0.0,0.0,False,7,0,0,48.4,22.0,False,5.7436760383178775,-0.22051773729625523,26.165844985048082,-0.4213325056119932,-1.6408902301018546,0.8591991376303731,1.750940926198652,0.10682670838970676,0.9000352326959504,False,False,True,False,False,False
2024-04-04,Q2,315.02,312.21,249.94,0.9,26.04,data/raw/spi_weekly/pbs_live/summary/2024-04-04_summary_live.pdf,2024-04-04,False,False,276.9991394042969,-1.18,3.45,True,7,0,0,47.4,22.0,False,5.752636128873589,0.9000352326959504,26.038249179803152,-0.039216900715532965,-0.22051773729625523,-1.6408902301018546,1.4506272113219865,-0.4213325056119932,0.0,False,False,True,False,False,False
2024-04-11,Q2,315.02,,,,,,,True,False,277.0074829101562,,,,5,2,0,46.4,22.0,False,5.752636128873589,0.0,,0.003012105336241966,0.9000352326959504,-0.22051773729625523,0.8591991376303731,-0.039216900715532965,-0.8253444225763351,False,False,True,False,False,False
2024-04-18,Q2,312.42,315.02,248.68,-0.83,25.63,data/raw/spi_weekly/pbs_live/summary/2024-04-18_summary_live.pdf,2024-04-18,False,False,276.8033752441406,2.87,1.56,True,0,1,0,45.4,22.0,False,5.744348436402863,-0.8253444225763351,25.631333440566184,-0.0736830875004979,0.0,0.9000352326959504,-1.6408902301018546,0.003012105336241966,-1.2931310415466468,False,False,True,False,False,False
2024-04-25,Q2,308.38,312.42,249.05,-1.29,23.82,data/raw/spi_weekly/pbs_live/summary/2024-04-25_summary_live.pdf,2024-04-25,False,False,277.69883422851564,0.0,0.0,False,0,0,0,44.4,22.0,False,5.731332788743207,-1.2931310415466468,23.822525597269628,0.3235000236486263,-0.8253444225763351,0.0,-0.22051773729625523,-0.0736830875004979,-1.1155068422076697,False,False,True,False,False,False
2024-05-02,Q2,304.94,308.38,251.62,-1.12,21.19,data/raw/spi_weekly/pbs_live/summary/2024-05-02_summary_live.pdf,2024-05-02,False,False,278.01820068359376,-2.89,-1.84,True,0,0,0,43.4,22.0,True,5.720115035943761,-1.1155068422076697,21.190684365312773,0.11500460776703303,-1.2931310415466468,-0.8253444225763351,0.9000352326959504,0.3235000236486263,-1.0034760936577736,False,False,True,False,False,False
2024-05-09,Q2,301.88,304.94,252.58,-1.0,19.52,data/raw/spi_weekly/pbs_live/summary/2024-05-09_summary_live.pdf,2024-05-09,False,False,277.6024963378906,0.0,0.0,False,0,0,0,42.4,22.0,False,5.710029587416668,-1.0034760936577736,19.51856837437642,-0.1495241479446352,-1.1155068422076697,-1.2931310415466468,0.0,0.11500460776703303,-1.1428382138598092,False,False,True,False,False,False
2024-05-16,Q2,298.43,301.88,252.67,-1.14,18.11,data/raw/spi_weekly/pbs_live/summary/2024-05-16_summary_live.pdf,2024-05-16,False,False,277.4353454589844,-2.79,-5.32,True,0,0,0,41.4,22.0,False,5.698535399469211,-1.1428382138598092,18.110579016107977,-0.060212311168406085,-1.0034760936577736,-1.1155068422076697,-0.8253444225763351,-0.1495241479446352,-0.38534999832458006,False,False,True,False,False,False
2024-05-23,Q2,297.28,298.43,251.71,-0.39,18.1,data/raw/spi_weekly/pbs_live/summary/2024-05-23_summary_live.pdf,2024-05-23,False,False,277.4455139160156,0.0,0.0,False,0,0,0,40.4,22.0,False,5.694674455625473,-0.38534999832458006,18.104167494338718,0.0036651627839390244,-1.1428382138598092,-1.0034760936577736,-1.2931310415466468,-0.060212311168406085,0.12109795479009478,False,False,True,False,False,False
2024-05-30,Q2,297.64,297.28,251.46,0.12,18.36,data/raw/spi_weekly/pbs_live/summary/2024-05-30_summary_live.pdf,2024-05-30,False,False,277.34837646484374,0.0,0.0,False,0,0,0,39.4,22.0,False,5.69588470252906,0.12109795479009478,18.364749860812847,-0.035011361258230345,-0.38534999832458006,-1.1428382138598092,-1.1155068422076697,0.0036651627839390244,0.6988308023115231,False,False,True,False,False,False
2024-06-06,Q2,299.72,297.64,252.23,0.7,18.83,data/raw/spi_weekly/pbs_live/summary/2024-06-06_summary_live.pdf,2024-06-06,False,False,277.87554321289065,-1.42,-1.74,True,0,0,0,38.4,22.0,False,5.70284870549611,0.6988308023115231,18.828053760456733,0.19007385396168086,0.12109795479009478,-0.38534999832458006,-1.0034760936577736,-0.035011361258230345,1.3078873615374187,False,False,True,False,False,False
2024-06-13,Q2,303.64,299.72,252.52,1.31,20.24,data/raw/spi_weekly/pbs_live/summary/2024-06-13_summary_live.pdf,2024-06-13,False,False,277.92295532226564,0.0,0.0,False,0,0,0,37.4,20.5,True,5.715842789148567,1.3078873615374187,20.243941073974337,0.01706235418446056,0.6988308023115231,0.12109795479009478,-1.1428382138598092,0.19007385396168086,1.4392043209063399,False,False,True,False,False,False
2024-06-20,Q2,308.01,303.64,253.85,1.44,21.34,data/raw/spi_weekly/pbs_live/summary/2024-06-20_summary_live.pdf,2024-06-20,False,False,277.9128723144531,-0.84,-3.76,True,0,0,3,36.4,20.5,False,5.730132249978983,1.4392043209063399,21.335434311601343,-0.00362798668459563,1.3078873615374187,0.6988308023115231,-0.38534999832458006,0.01706235418446056,-0.8538683808967273,False,False,True,False,False,False
2024-06-27,Q2,305.38,308.01,253.85,-0.85,20.3,data/raw/spi_weekly/pbs_live/summary/2024-06-27_summary_live.pdf,2024-06-27,False,False,277.83534545898436,0.0,0.0,False,0,0,0,35.4,20.5,False,5.721556902755365,-0.8538683808967273,20.299389403190872,-0.027896100969748705,1.4392043209063399,1.3078873615374187,0.12109795479009478,-0.00362798668459563,1.4441024297596528,False,False,True,False,False,False
2024-07-04,Q2,309.79,305.38,256.45,1.44,20.8,data/raw/spi_weekly/pbs_live/summary/2024-07-04_summary_live.pdf,2024-07-04,False,False,277.30556640625,3.58,2.88,True,0,0,0,34.4,20.5,False,5.735894648572187,1.4441024297596528,20.799376096705014,-0.1906809415695987,-0.8538683808967273,1.4392043209063399,0.6988308023115231,-0.027896100969748705,-0.08069982891636407,False,False,True,False,False,False
2024-07-11,Q2,309.54,309.79,257.74,-0.08,20.1,data/raw/spi_weekly/pbs_live/summary/2024-07-11_summary_live.pdf,2024-07-11,False,False,277.33192138671876,0.0,0.0,False,0,0,0,33.4,20.5,False,5.7350873244846134,-0.08069982891636407,20.097772949483982,0.009503949311318038,1.4441024297596528,-0.8538683808967273,1.3078873615374187,-0.1906809415695987,0.5815080441945897,False,False,True,False,False,False
2024-07-18,Q2,311.34,309.54,258.63,0.58,20.38,data/raw/spi_weekly/pbs_live/summary/2024-07-18_summary_live.pdf,2024-07-18,False,False,277.328271484375,2.25,3.77,True,0,0,0,32.4,20.5,False,5.740885562607703,0.5815080441945897,20.380466303213083,-0.0013160772569853485,-0.08069982891636407,1.4441024297596528,1.4392043209063399,0.009503949311318038,0.1252649836191999,False,False,True,False,False,False
2024-07-25,Q2,311.73,311.34,262.99,0.13,18.53,data/raw/spi_weekly/pbs_live/summary/2024-07-25_summary_live.pdf,2024-07-25,False,False,277.47581787109374,0.0,0.0,False,0,0,0,31.4,20.5,False,5.742137428532665,0.1252649836191999,18.533024069356262,0.05320279318403731,0.5815080441945897,-0.08069982891636407,-0.8538683808967273,-0.0013160772569853485,-1.3601514130818337,False,False,True,False,False,False
2024-08-01,Q2,307.49,311.73,265.42,-1.36,15.85,data/raw/spi_weekly/pbs_live/summary/2024-08-01_summary_live.pdf,2024-08-01,False,False,277.5934265136719,-3.81,-2.23,True,0,0,0,30.4,19.5,True,5.728442566392572,-1.3601514130818337,15.850350388064193,0.04238518638506328,0.1252649836191999,0.5815080441945897,1.4441024297596528,0.05320279318403731,0.40001300855312394,False,False,True,False,False,False
2024-08-08,Q2,308.72,307.49,267.23,0.4,15.53,data/raw/spi_weekly/pbs_live/summary/2024-08-08_summary_live.pdf,2024-08-08,False,False,277.47392578125,0.0,0.0,False,0,0,0,29.4,19.5,False,5.7324347172293635,0.40001300855312394,15.525951427609176,-0.04304883365673362,-1.3601514130818337,0.1252649836191999,-0.08069982891636407,0.04238518638506328,0.009717543405018958,False,False,True,False,False,False
2024-08-15,Q2,308.75,308.72,268.37,0.01,15.05,data/raw/spi_weekly/pbs_live/summary/2024-08-15_summary_live.pdf,2024-08-15,False,False,278.0433715820312,-2.44,-3.15,True,0,0,0,28.4,19.5,False,5.732531887942187,0.009717543405018958,15.046391176360995,0.20522497714980936,0.40001300855312394,-1.3601514130818337,0.5815080441945897,-0.04304883365673362,-0.22024291497976245,False,False,True,False,False,False
2024-08-22,Q2,308.07,308.75,268.7,-0.22,14.65,data/raw/spi_weekly/pbs_live/summary/2024-08-22_summary_live.pdf,2024-08-22,False,False,277.7050048828125,0.0,0.0,False,0,0,0,27.4,19.5,False,5.730327029878313,-0.22024291497976245,14.652028284331964,-0.1216956539166758,0.009717543405018958,0.40001300855312394,0.1252649836191999,0.20522497714980936,0.11361054305840668,False,False,True,False,False,False
2024-08-29,Q2,308.42,308.07,270.45,0.11,14.04,data/raw/spi_weekly/pbs_live/summary/2024-08-29_summary_live.pdf,2024-08-29,False,False,277.2988342285156,0.0,0.0,False,0,0,0,26.4,19.5,False,5.731462490429511,0.11361054305840668,14.039563690146073,-0.1462597530311971,-0.22024291497976245,0.009717543405018958,-1.3601514130818337,-0.1216956539166758,-0.1653589261396804,False,False,True,False,False,False
2024-09-05,Q2,307.91,308.42,272.63,-0.17,12.94,data/raw/spi_weekly/pbs_live/summary/2024-09-05_summary_live.pdf,2024-09-05,False,False,277.5597229003906,-1.23,-0.68,True,0,0,0,25.4,19.5,False,5.7298075324803515,-0.1653589261396804,12.940615486190076,0.09408213799413367,0.11361054305840668,-0.22024291497976245,0.40001300855312394,-0.1462597530311971,0.6917605793900883,False,False,True,False,False,False
2024-09-12,Q2,310.04,307.91,272.01,0.69,13.98,data/raw/spi_weekly/pbs_live/summary/2024-09-12_summary_live.pdf,2024-09-12,False,False,277.71728515625,0.0,0.0,False,0,0,0,24.4,17.5,True,5.736701321413311,0.6917605793900883,13.981103635895753,0.05676697404541908,-0.1653589261396804,0.11361054305840668,0.009717543405018958,0.09408213799413367,-0.4515546381112179,False,False,True,False,False,False
2024-09-19,Q2,308.64,310.04,272.8,-0.45,13.14,data/raw/spi_weekly/wayback/summary/2024-09-19_summary_weekly_spi.pdf,2024-09-19,False,False,277.628564453125,-5.0,-3.88,True,0,0,0,23.4,17.5,False,5.732175549157419,-0.4515546381112179,13.137829912023458,-0.03194641020455302,0.6917605793900883,-0.1653589261396804,-0.22024291497976245,0.05676697404541908,0.0680404354588049,False,False,True,False,False,False
2024-09-26,Q2,308.85,308.64,272.78,0.07,13.22,data/raw/spi_weekly/wayback/summary/2024-09-26_summary_weekly_spi.pdf,2024-09-26,False,False,277.3974853515625,0.0,0.0,False,0,0,0,22.4,17.5,False,5.732855722141908,0.0680404354588049,13.223110198694933,-0.08323318676436431,-0.4515546381112179,0.6917605793900883,0.11361054305840668,-0.03194641020455302,0.6313744536182497,False,False,True,False,False,False
2024-10-03,Q2,310.8,308.85,273.82,0.63,13.51,data/raw/spi_weekly/wayback/summary/2024-10-03_summary_weekly_spi.pdf,2024-10-03,False,False,277.2000427246094,-1.32,-0.81,True,0,0,0,21.4,17.5,False,5.739149618493492,0.6313744536182497,13.505222408881746,-0.07117679048276315,0.0680404354588049,-0.4515546381112179,-0.1653589261396804,-0.08323318676436431,-0.09652509652510188,False,False,True,False,False,False
2024-10-10,Q2,310.5,310.8,275.23,-0.1,12.81,data/raw/spi_weekly/wayback/summary/2024-10-10_summary_weekly_spi.pdf,2024-10-10,False,False,276.8408569335937,0.0,0.0,False,0,0,0,20.4,17.5,False,5.738183901373533,-0.09652509652510188,12.8147367656142,-0.129576383713792,0.6313744536182497,0.0680404354588049,0.6917605793900883,-0.07117679048276315,0.2801932367149762,False,False,True,False,False,False
2024-10-17,Q2,311.37,310.5,272.12,0.28,14.42,data/raw/spi_weekly/wayback/summary/2024-10-17_summary_weekly_spi.pdf,2024-10-17,False,False,276.854296875,2.01,0.0,True,0,0,0,19.4,17.5,False,5.740981915645308,0.2801932367149762,14.423783624871378,0.004854753577610005,-0.09652509652510188,0.6313744536182497,-0.4515546381112179,-0.129576383713792,-0.22802453672479128,False,False,True,False,False,False
2024-10-24,Q2,310.66,311.37,271.29,-0.23,14.51,data/raw/spi_weekly/wayback/summary/2024-10-24_summary_weekly_spi.pdf,2024-10-24,False,False,277.0350036621094,0.0,0.0,False,0,0,0,18.4,17.5,False,5.738699066559761,-0.22802453672479128,14.512145674370602,0.06527144030239462,0.2801932367149762,-0.09652509652510188,0.0680404354588049,0.004854753577610005,-0.40236914955256164,False,False,True,False,False,False
2024-10-31,Q2,309.41,310.66,273.62,-0.4,13.08,data/raw/spi_weekly/wayback/summary/2024-10-31_summary_weekly_spi.pdf,2024-10-31,False,False,277.30556030273436,0.0,0.0,False,0,0,0,17.4,17.5,False,5.734667258237222,-0.40236914955256164,13.080184197061628,0.09766153628549823,-0.22802453672479128,0.2801932367149762,0.6313744536182497,0.06527144030239462,0.2617885653340313,False,False,True,False,False,False
2024-11-07,Q2,310.22,309.41,276.4,0.26,12.24,data/raw/spi_weekly/pbs_live/summary/2024-11-07_summary_live.pdf,2024-11-07,False,False,277.2270263671875,1.54,0.56,True,0,0,0,16.4,15.0,True,5.737281723196605,0.2617885653340313,12.235890014471806,-0.028320360926459287,-0.40236914955256164,-0.22802453672479128,-0.09652509652510188,0.09766153628549823,0.7381858036232147,False,False,True,False,False,False
2024-11-14,Q2,312.51,310.22,304.97,0.74,2.47,data/raw/spi_weekly/pbs_live/summary/2024-11-14_summary_live.pdf,2024-11-14,False,False,277.4592346191406,0.0,0.0,False,0,0,0,15.4,15.0,False,5.744636468664467,0.7381858036232147,2.4723743319014835,0.08376104415070973,0.2617885653340313,-0.40236914955256164,0.2801932367149762,-0.028320360926459287,0.8511727624716192,False,False,True,False,False,False
2024-11-21,Q2,315.17,312.51,304.53,0.85,3.49,data/raw/spi_weekly/pbs_live/summary/2024-11-21_summary_live.pdf,2024-11-21,False,False,277.59373168945314,0.0,0.0,False,0,0,0,14.4,15.0,False,5.753112175789068,0.8511727624716192,3.4939086461104107,0.04847453374443589,0.7381858036232147,0.2617885653340313,-0.22802453672479128,0.08376104415070973,0.019037344924965893,False,False,True,False,False,False
2024-11-28,Q2,315.23,315.17,303.73,0.02,3.79,data/raw/spi_weekly/pbs_live/summary/2024-11-28_summary_live.pdf,2024-11-28,False,False,277.0849670410156,0.0,0.0,False,0,0,0,13.4,15.0,False,5.7533025311195924,0.019037344924965893,3.786257531360082,-0.18327670633668802,0.8511727624716192,0.7381858036232147,-0.40236914955256164,0.04847453374443589,-0.45046474003109793,False,False,True,False,False,False
2024-12-05,Q2,313.81,315.23,303.31,-0.45,3.46,data/raw/spi_weekly/pbs_live/summary/2024-12-05_summary_live.pdf,2024-12-05,False,False,277.080810546875,1.27,1.48,True,0,0,0,12.4,15.0,False,5.748787707222662,-0.45046474003109793,3.4618047542118724,-0.0015000792662922535,0.019037344924965893,0.8511727624716192,0.2617885653340313,-0.18327670633668802,0.050986265574715084,False,False,True,False,False,False
2024-12-12,Q2,313.97,313.81,302.89,0.05,3.66,data/raw/spi_weekly/wayback/summary/2024-12-12_summary_weekly_spi.pdf,2024-12-12,False,False,277.37750244140625,0.0,0.0,False,0,0,0,11.4,15.0,False,5.749297439942609,0.050986265574715084,3.6580936973819034,0.10707774888691901,-0.45046474003109793,0.019037344924965893,0.7381858036232147,-0.0015000792662922535,0.5987833232474316,False,False,True,False,False,False
2024-12-19,Q2,315.85,313.97,301.68,0.6,4.7,data/raw/spi_weekly/pbs_live/summary/2024-12-19_summary_live.pdf,2024-12-19,False,False,276.514697265625,-1.17,0.0,True,0,0,0,10.4,13.0,True,5.75526741734471,0.5987833232474316,4.697029965526389,-0.3110580952626174,0.050986265574715084,-0.45046474003109793,0.8511727624716192,0.10707774888691901,0.782016780117134,False,False,True,False,False,False
2024-12-26,Q2,318.32,315.85,302.91,0.78,5.09,data/raw/spi_weekly/pbs_live/summary/2024-12-26_summary_live.pdf,2024-12-26,False,False,276.65205078125,0.0,0.0,False,0,0,0,9.4,13.0,False,5.763057166118673,0.782016780117134,5.087319665907364,0.04967313382733263,0.5987833232474316,0.050986265574715084,0.019037344924965893,-0.3110580952626174,-0.593742146267906,False,False,True,False,False,False
2025-01-02,Q2,316.43,318.32,305.46,-0.59,3.59,data/raw/spi_weekly/pbs_live/summary/2025-01-02_summary_live.pdf,2025-01-02,False,False,276.77980041503906,1.18,0.21,True,0,0,0,8.4,13.0,False,5.757102048086418,-0.593742146267906,3.5913049171740985,0.04617700589180096,0.782016780117134,0.5987833232474316,-0.45046474003109793,0.04967313382733263,-0.9227949309484007,False,False,True,False,False,False
2025-01-09,Q2,313.51,316.43,309.56,-0.92,1.28,data/raw/spi_weekly/pbs_live/summary/2025-01-09_summary_live.pdf,2025-01-09,False,False,277.6433471679687,0.0,0.0,False,0,0,0,7.4,13.0,False,5.747831257490882,-0.9227949309484007,1.2760046517637846,0.31199775114902906,-0.593742146267906,0.782016780117134,0.050986265574715084,0.04617700589180096,-0.561385601735187,False,False,True,False,False,False
2025-01-16,Q2,311.75,313.51,311.24,-0.56,0.16,data/raw/spi_weekly/pbs_live/summary/2025-01-16_summary_live.pdf,2025-01-16,False,False,278.1304077148437,0.99,1.39,True,0,0,0,6.4,13.0,False,5.742201584560146,-0.561385601735187,0.16386068628710948,0.17542669465813177,-0.9227949309484007,-0.593742146267906,0.5987833232474316,0.31199775114902906,-0.96551724137931,False,False,True,False,False,False
2025-01-23,Q2,308.74,311.75,310.35,-0.97,-0.52,data/raw/spi_weekly/pbs_live/summary/2025-01-23_summary_live.pdf,2025-01-23,False,False,277.9803405761719,0.0,0.0,False,0,0,0,5.4,13.0,False,5.732499498753695,-0.96551724137931,-0.5187691316255849,-0.05395567493133857,-0.561385601735187,-0.9227949309484007,0.782016780117134,0.17542669465813177,-0.4728898101962975,False,False,True,False,False,False
2025-01-30,Q2,307.28,308.74,308.16,-0.47,-0.29,data/raw/spi_weekly/pbs_live/summary/2025-01-30_summary_live.pdf,2025-01-30,False,False,278.2019348144531,0.0,0.0,False,0,0,0,4.4,12.0,True,5.7277593840376495,-0.4728898101962975,-0.2855659397715593,0.07971579494503445,-0.96551724137931,-0.561385601735187,-0.593742146267906,-0.05395567493133857,-0.2701119500130078,False,False,True,False,False,False
2025-02-06,Q2,306.45,307.28,305.64,-0.27,0.27,data/raw/spi_weekly/pbs_live/summary/2025-02-06_summary_live.pdf,2025-02-06,False,False,278.5856140136719,2.67,0.38,True,0,0,0,3.4,12.0,False,5.725054609931741,-0.2701119500130078,0.26501766784452485,0.13791392194113516,-0.4728898101962975,-0.96551724137931,-0.9227949309484007,0.07971579494503445,-0.16968510360579891,False,False,True,False,False,False
2025-02-13,Q2,305.93,306.45,305.64,-0.17,0.09,data/raw/spi_weekly/pbs_live/summary/2025-02-13_summary_live.pdf,2025-02-13,False,False,278.77418823242186,0.0,0.0,False,0,0,0,2.4,12.0,False,5.723356317613305,-0.16968510360579891,0.09488286873446938,0.06768986238490093,-0.2701119500130078,-0.4728898101962975,-0.561385601735187,0.13791392194113516,0.23207923381165507,False,False,True,False,False,False
2025-02-20,Q2,306.64,305.93,305.55,0.23,0.36,data/raw/spi_weekly/pbs_live/summary/2025-02-20_summary_live.pdf,2025-02-20,False,False,278.34784545898435,-1.49,-0.36,True,0,0,0,1.4,12.0,False,5.725674421072299,0.23207923381165507,0.3567337587956132,-0.152934809402816,-0.16968510360579891,-0.2701119500130078,-0.96551724137931,0.06768986238490093,0.37503261153144507,False,False,True,False,False,False
2025-02-27,Q2,307.79,306.64,310.9,0.38,-1.0,data/raw/spi_weekly/pbs_live/summary/2025-02-27_summary_live.pdf,2025-02-27,False,False,279.13425903320314,0.0,0.0,False,0,0,0,0.4,12.0,False,5.729417732248032,0.37503261153144507,-1.00032164683177,0.28252906823187374,0.23207923381165507,-0.16968510360579891,-0.4728898101962975,-0.152934809402816,-0.19168913869846982,False,False,True,False,False,False
2025-03-06,Q2,307.2,307.79,315.41,-0.19,-2.6,data/raw/spi_weekly/pbs_live/summary/2025-03-06_summary_live.pdf,2025-03-06,False,False,279.29474487304685,-2.0,-0.24,True,5,0,0,49.9,12.0,False,5.727499001273517,-0.19168913869846982,-2.6029612250721423,0.05749413934339476,0.37503261153144507,0.23207923381165507,-0.2701119500130078,0.28252906823187374,0.16601562500000444,False,False,True,False,False,False
2025-03-13,Q2,307.71,307.2,318.12,0.17,-3.27,data/raw/spi_weekly/pbs_live/summary/2025-03-13_summary_live.pdf,2025-03-13,False,False,279.0785705566406,0.0,0.0,False,7,0,0,48.9,12.0,True,5.729157780987429,0.16601562500000444,-3.2723500565824293,-0.07740006583528691,-0.19168913869846982,0.37503261153144507,-0.16968510360579891,0.05749413934339476,-0.35097981866042405,False,False,True,False,False,False
2025-03-20,Q2,306.63,307.71,312.9,-0.35,-2.0,data/raw/spi_weekly/pbs_live/summary/2025-03-20_summary_live.pdf,2025-03-20,False,False,279.2890380859375,0.0,0.0,False,7,0,0,47.9,12.0,False,5.725641809009095,-0.35097981866042405,-2.0038350910834057,0.07541515239850582,0.16601562500000444,-0.19168913869846982,0.23207923381165507,-0.07740006583528691,-0.19567556990510715,False,False,True,False,False,False
2025-03-27,Q2,306.03,306.63,312.21,-0.2,-1.98,data/raw/spi_weekly/pbs_live/summary/2025-03-27_summary_live.pdf,2025-03-27,False,False,279.6386413574219,0.0,0.0,False,7,0,0,46.9,12.0,False,5.723683136362538,-0.19567556990510715,-1.9794369174594095,0.1251761522329531,-0.35097981866042405,0.16601562500000444,0.37503261153144507,0.07541515239850582,0.27121524033593136,False,False,True,False,False,False
2025-04-03,Q2,306.86,306.03,315.02,0.27,-2.59,data/raw/spi_weekly/pbs_live/summary/2025-04-03_summary_live.pdf,2025-04-03,False,False,279.1408325195313,0.0,-0.33,False,3,3,0,45.9,12.0,False,5.726391617517059,0.27121524033593136,-2.5903117262395914,-0.1780186155511787,-0.19567556990510715,-0.35097981866042405,-0.19168913869846982,0.1251761522329531,-0.9939386039236164,False,False,True,False,False,False
2025-04-10,Q2,303.81,306.86,315.02,-0.99,-3.56,data/raw/spi_weekly/pbs_live/summary/2025-04-10_summary_live.pdf,2025-04-10,False,False,280.541357421875,0.0,0.0,False,0,0,0,44.9,12.0,False,5.716402506012304,-0.9939386039236164,-3.5585042219541507,0.5017269919640688,0.27121524033593136,-0.19567556990510715,0.16601562500000444,-0.1780186155511787,-0.7998420065172374,False,False,True,False,False,False
2025-04-17,Q2,301.38,303.81,312.42,-0.8,-3.53,data/raw/spi_weekly/pbs_live/summary/2025-04-17_summary_live.pdf,2025-04-17,False,False,279.5498474121094,0.0,0.0,False,0,0,0,43.9,12.0,False,5.708371926990008,-0.7998420065172374,-3.5337046283848705,-0.3534273944053701,-0.9939386039236164,0.27121524033593136,-0.35097981866042405,0.5017269919640688,-2.325967217466318,False,False,True,False,False,False
2025-04-24,Q2,294.37,301.38,308.38,-2.33,-4.54,data/raw/spi_weekly/pbs_live/summary/2025-04-24_summary_live.pdf,2025-04-24,False,False,280.15496826171875,0.0,0.0,False,0,0,0,42.9,12.0,False,5.684837479488428,-2.325967217466318,-4.543096180037609,0.21646259341980834,-0.7998420065172374,-0.9939386039236164,-0.19567556990510715,-0.3534273944053701,0.10191255902436414,False,False,True,False,False,False
2025-05-01,Q2,294.67,294.37,304.94,0.1,-3.37,data/raw/spi_weekly/pbs_live/summary/2025-04-30_summary_live.pdf,2025-04-30,False,False,280.5137634277344,0.0,0.0,False,0,0,0,41.9,12.0,False,5.685856086122746,0.10191255902436414,-3.3678756476683835,0.12807024920593602,-2.325967217466318,-0.7998420065172374,0.27121524033593136,0.21646259341980834,0.1764685919842579,False,False,True,False,False,False
2025-05-08,Q2,295.19,294.67,301.88,0.18,-2.22,data/raw/spi_weekly/pbs_live/summary/2025-05-08_summary_live.pdf,2025-05-08,False,False,280.2733642578125,-0.78,-0.83,False,0,0,0,40.9,11.0,True,5.687619216813782,0.1764685919842579,-2.2161123625281554,-0.08569959883049094,0.10191255902436414,-2.325967217466318,-0.9939386039236164,0.12807024920593602,1.0196822385582172,False,False,True,False,False,False
2025-05-15,Q2,298.2,295.19,298.43,1.02,-0.08,data/raw/spi_weekly/pbs_live/summary/2025-05-15_summary_live.pdf,2025-05-15,False,False,280.2608947753906,0.0,0.0,False,0,0,0,39.9,11.0,False,5.697764402330638,1.0196822385582172,-0.07706999966491379,-0.004449042974485895,0.1764685919842579,0.10191255902436414,-0.7998420065172374,-0.08569959883049094,-0.2749832327297086,False,False,True,False,False,False
2025-05-22,Q2,297.38,298.2,297.28,-0.27,0.03,data/raw/spi_weekly/pbs_live/summary/2025-05-22_summary_live.pdf,2025-05-22,False,False,280.7584594726562,-0.78,0.0,False,0,0,0,38.9,11.0,False,5.695010782269077,-0.2749832327297086,0.03363832077503126,0.17753625516123694,1.0196822385582172,0.1764685919842579,-2.325967217466318,-0.004449042974485895,-0.9516443607505476,False,False,True,False,False,False
2025-05-29,Q2,294.55,297.38,297.64,-0.95,-1.04,data/raw/spi_weekly/pbs_live/summary/2025-05-29_summary_live.pdf,2025-05-29,False,False,280.7929626464844,0.0,0.0,False,0,0,0,37.9,11.0,False,5.685448767967697,-0.9516443607505476,-1.0381669130493099,0.012289273097221276,-0.2749832327297086,1.0196822385582172,0.10191255902436414,0.17753625516123694,0.17993549482260285,False,False,True,False,False,False
2025-06-05,Q2,295.08,294.55,299.72,0.18,-1.55,data/raw/spi_weekly/pbs_live/summary/2025-06-04_summary_live.pdf,2025-06-04,False,False,280.75726928710935,0.0,0.41,False,0,0,0,36.9,11.0,False,5.687246506016101,0.17993549482260285,-1.5481115707994264,-0.012711628895056837,-0.9516443607505476,-0.2749832327297086,0.1764685919842579,0.012289273097221276,0.04066693777957653,False,False,True,False,False,False
2025-06-12,Q2,295.2,295.08,303.64,0.04,-2.78,data/raw/spi_weekly/pbs_live/summary/2025-06-12_summary_live.pdf,2025-06-12,False,False,281.8246154785156,0.0,0.0,False,0,0,3,35.9,11.0,False,5.687653092726317,0.04066693777957653,-2.7796074298511386,0.3801668943840486,0.17993549482260285,-0.9516443607505476,1.0196822385582172,-0.012711628895056837,0.05420054200542257,False,False,True,False,False,False
2025-06-19,Q2,295.36,,,,,,,True,False,282.3740661621094,,,,0,0,0,34.9,11.0,True,5.688194951314488,0.05420054200542257,,0.19496192078922725,0.04066693777957653,0.17993549482260285,-0.2749832327297086,0.3801668943840486,-0.02708559046588066,False,False,True,False,False,False
2025-06-26,Q2,295.28,295.36,305.38,-0.03,-3.31,data/raw/spi_weekly/pbs_live/summary/2025-06-26_summary_live.pdf,2025-06-26,False,False,283.163671875,0.0,0.0,False,0,0,0,33.9,11.0,False,5.687924058721743,-0.02708559046588066,-3.3073547711048645,0.2796311019714226,0.05420054200542257,0.04066693777957653,-0.9516443607505476,0.19496192078922725,0.795854781901939,False,False,True,False,False,False
2025-07-03,Q2,297.63,295.28,309.79,0.8,-3.93,data/raw/spi_weekly/pbs_live/summary/2025-07-03_summary_live.pdf,2025-07-03,False,False,283.11436767578124,3.94,3.22,True,0,0,0,32.9,11.0,False,5.695851104329921,0.795854781901939,-3.9252396784918875,-0.01741190841758611,-0.02708559046588066,0.05420054200542257,0.17993549482260285,0.2796311019714226,1.0986795685918649,False,False,True,False,False,False
2025-07-10,Q2,300.9,,,,,,,True,False,283.6403015136719,,,,0,0,0,31.9,11.0,False,5.706777983635999,1.0986795685918649,,0.1857672721480963,0.795854781901939,-0.02708559046588066,0.04066693777957653,-0.01741190841758611,0.21601861083417884,False,False,True,False,False,False
2025-07-17,Q2,301.55,300.9,311.34,0.2160186108341832,-3.144472281107454,data/raw/spi_weekly/pbs_live/summary/2025-07-17_summary_live.xlsx,2025-07-17,False,False,284.15741577148435,4.15,2.0,True,0,0,0,30.9,11.0,False,5.708935839896996,0.21601861083417884,-3.1444722811074577,0.18231339307315242,1.0986795685918649,0.795854781901939,0.05420054200542257,0.1857672721480963,5.262808821091025,False,False,True,False,False,False
2025-07-24,Q2,317.42,301.55,311.73,5.262808821091028,1.8252975331216132,data/raw/spi_weekly/pbs_live/summary/2025-07-24_summary_live.xlsx,2025-07-24,False,False,284.1965087890625,0.0,0.0,False,0,0,0,29.9,11.0,False,5.760225818079412,5.262808821091025,1.825297533121617,0.01375752150334364,0.21601861083417884,1.0986795685918649,-0.02708559046588066,0.18231339307315242,-0.4158528133072825,False,False,True,False,False,False
2025-07-31,Q2,316.1,317.42,307.49,-0.4158528133072821,2.8000910598718747,data/raw/spi_weekly/pbs_live/summary/2025-07-31_summary_live.xlsx,2025-07-31,False,False,282.97553100585935,0.0,0.0,False,0,0,0,28.9,11.0,True,5.756058619221572,-0.4158528133072825,2.8000910598718676,-0.42962448356793637,5.262808821091025,0.21601861083417884,0.795854781901939,0.01375752150334364,0.2594115786143547,False,False,True,False,False,False
2025-08-07,Q2,316.92,316.1,308.72,0.26,2.66,data/raw/spi_weekly/pbs_live/summary/2025-08-07_summary_live.pdf,2025-08-07,False,False,281.6005432128906,0.52,-2.75,True,0,0,0,27.9,11.0,False,5.758649376097042,0.2594115786143547,2.6561285307074245,-0.4859034235508708,-0.4158528133072825,5.262808821091025,1.0986795685918649,-0.42962448356793637,0.3313138962514284,False,False,True,False,False,False
2025-08-14,Q2,317.97,316.92,308.75,0.33,2.99,data/raw/spi_weekly/pbs_live/summary/2025-08-13_summary_live.pdf,2025-08-13,False,False,282.4434875488281,0.0,0.0,False,0,0,0,26.9,11.0,False,5.761957038707274,0.3313138962514284,2.986234817813771,0.2993404509522568,0.2594115786143547,-0.4158528133072825,0.21601861083417884,-0.4859034235508708,-0.006289901563050204,False,False,True,False,False,False
2025-08-21,Q2,317.95,317.97,308.07,-0.01,3.21,data/raw/spi_weekly/pbs_live/summary/2025-08-21_summary_live.pdf,2025-08-21,False,False,281.8772338867187,-4.46,0.0,True,0,0,0,25.9,11.0,False,5.7618941377134165,-0.006289901563050204,3.207063329762705,-0.20048387981028704,0.3313138962514284,0.2594115786143547,5.262808821091025,0.2993404509522568,0.8271740839754571,False,False,True,False,False,False
2025-08-28,Q2,320.58,317.95,308.42,0.83,3.94,data/raw/spi_weekly/pbs_live/summary/2025-08-28_summary_live.pdf,2025-08-28,False,False,281.14459838867185,0.0,0.0,False,0,0,0,24.9,11.0,False,5.770131855197735,0.8271740839754571,3.94267557227157,-0.25991297273099123,-0.006289901563050204,0.3313138962514284,-0.4158528133072825,-0.20048387981028704,1.8996818266891369,False,False,True,False,False,False
2025-09-04,Q2,326.67,320.58,307.91,1.9,6.09,data/raw/spi_weekly/pbs_live/summary/2025-09-04_summary_live.pdf,2025-09-04,False,False,281.8087585449219,-0.91,0.0,False,0,0,0,23.9,11.0,False,5.78895048702608,1.8996818266891369,6.092689422233777,0.23623436482740345,0.8271740839754571,-0.006289901563050204,0.2594115786143547,-0.25991297273099123,-0.12857011663146567,False,False,True,False,False,False
2025-09-11,Q2,326.25,326.67,310.04,-0.13,5.23,data/raw/spi_weekly/pbs_live/summary/2025-09-11_summary_live.pdf,2025-09-11,False,False,281.6524353027344,0.0,0.0,False,0,0,0,22.9,11.0,False,5.787663958636903,-0.12857011663146567,5.228357631273384,-0.05547139237072063,1.8996818266891369,0.8271740839754571,0.3313138962514284,0.23623436482740345,-1.5938697318007677,False,False,True,False,False,False
2025-09-18,Q2,321.05,326.25,308.64,-1.59,4.02,data/raw/spi_weekly/pbs_live/summary/2025-09-18_summary_live.pdf,2025-09-18,False,False,281.54197998046874,1.06,0.0,True,0,0,0,21.9,11.0,True,5.771596874240058,-1.5938697318007677,4.020865733540702,-0.039216888768212055,-0.12857011663146567,1.8996818266891369,-0.006289901563050204,-0.05547139237072063,-0.043606914810767616,False,False,True,False,False,False
2025-09-25,Q2,320.91,321.05,308.85,-0.04,3.9,data/raw/spi_weekly/pbs_live/summary/2025-09-25_summary_live.pdf,2025-09-25,False,False,281.5032592773438,0.0,0.0,False,0,0,0,20.9,11.0,False,5.771160709986149,-0.043606914810767616,3.9048081593006323,-0.013753083333312155,-1.5938697318007677,-0.12857011663146567,0.8271740839754571,-0.039216888768212055,0.7603377894113583,False,False,True,False,False,False
2025-10-02,Q2,323.35,320.91,310.8,0.76,4.04,data/raw/spi_weekly/pbs_live/summary/2025-10-02_summary_live.pdf,2025-10-02,False,False,281.031689453125,1.45,1.72,True,0,0,0,19.9,11.0,False,5.778735327892602,0.7603377894113583,4.037966537966531,-0.16751842427307206,-0.043606914810767616,-1.5938697318007677,1.8996818266891369,-0.013753083333312155,0.16700170094323674,False,False,True,False,False,False
2025-10-09,Q2,323.89,323.35,310.5,0.17,4.31,data/raw/spi_weekly/pbs_live/summary/2025-10-09_summary_live.pdf,2025-10-09,False,False,281.4290710449219,0.0,0.0,False,0,0,0,18.9,11.0,False,5.780403951974222,0.16700170094323674,4.312399355877616,0.1414009902478197,0.7603377894113583,-0.043606914810767616,-0.12857011663146567,-0.16751842427307206,0.9231529222884394,False,False,True,False,False,False
2025-10-16,Q2,326.88,323.89,311.37,0.9231529222884376,4.981212062819139,data/raw/spi_weekly/pbs_live/summary/2025-10-16_summary_live.xlsx,2025-10-16,False,False,281.635791015625,-0.55,-2.09,True,0,0,0,17.9,11.0,False,5.789593131069312,0.9231529222884394,4.98121206281914,0.0734536662952312,0.16700170094323674,0.7603377894113583,-1.5938697318007677,0.1414009902478197,0.2569750367107382,False,False,True,False,False,False
2025-10-23,Q2,327.72,326.88,310.66,0.2569750367107417,5.491534153093426,data/raw/spi_weekly/pbs_live/summary/2025-10-23_summary_live.xlsx,2025-10-23,False,False,281.33897705078124,0.0,0.0,False,0,0,0,16.9,11.0,False,5.792159585273614,0.2569750367107382,5.491534153093425,-0.10538929152910104,0.9231529222884394,0.16700170094323674,-0.043606914810767616,0.0734536662952312,0.16172342243376825,False,False,True,False,False,False
2025-10-30,Q2,328.25,327.72,309.41,0.1617234224337664,6.089008112213563,data/raw/spi_weekly/pbs_live/summary/2025-10-30_summary_live.xlsx,2025-10-30,False,False,280.863916015625,0.0,0.0,False,0,0,0,15.9,11.0,True,5.793775513182905,0.16172342243376825,6.089008112213556,-0.16885717014264445,0.2569750367107382,0.9231529222884394,0.7603377894113583,-0.10538929152910104,-0.9291698400609283,False,False,True,False,False,False
2025-11-06,Q2,325.2,328.25,310.22,-0.929169840060922,4.828831152085613,data/raw/spi_weekly/pbs_live/summary/2025-11-06_summary_live.xlsx,2025-11-06,False,False,280.808935546875,1.12,0.91,True,0,0,0,14.9,11.0,False,5.784440377673656,-0.9291698400609283,4.828831152085611,-0.01957548321978031,0.16172342243376825,0.2569750367107382,0.16700170094323674,-0.16885717014264445,0.4305043050430557,False,False,True,False,False,False
2025-11-13,Q2,326.6,325.2,312.51,0.4305043050430583,4.508655723016858,data/raw/spi_weekly/pbs_live/summary/2025-11-13_summary_live.xlsx,2025-11-13,False,False,281.1173522949219,0.0,0.0,False,0,0,0,13.9,11.0,False,5.788736180536365,0.4305043050430557,4.508655723016863,0.1098315292019647,-0.9291698400609283,0.16172342243376825,0.9231529222884394,-0.01957548321978031,0.07042253521125641,False,False,True,False,False,False
2025-11-20,Q2,326.83,326.6,315.17,0.0704225352112501,3.699590697084105,data/raw/spi_weekly/pbs_live/summary/2025-11-20_summary_live.xlsx,2025-11-20,False,False,280.5745788574219,2.17,0.0,True,0,0,0,12.9,11.0,False,5.7894401580381585,0.07042253521125641,3.6995906970840986,-0.1930771733117953,0.4305043050430557,-0.9291698400609283,0.2569750367107382,0.1098315292019647,0.9882813695193171,False,False,True,False,False,False
2025-11-27,Q2,330.06,326.83,315.23,0.9882813695193136,4.704501475113403,data/raw/spi_weekly/pbs_live/summary/2025-11-27_summary_live.xlsx,2025-11-27,False,False,280.56865234375,0.0,0.0,False,0,0,0,11.9,11.0,False,5.7992744561154215,0.9882813695193171,4.7045014751134095,-0.0021122774900184105,0.07042253521125641,0.4305043050430557,0.16172342243376825,-0.1930771733117953,-0.875598376052833,False,False,True,False,False,False
2025-12-04,Q2,327.17,330.06,313.81,-0.8755983760528352,4.257353175488362,data/raw/spi_weekly/pbs_live/summary/2025-12-04_summary_live.xlsx,2025-12-04,False,False,280.456689453125,-1.67,-0.73,True,0,0,0,10.9,11.0,False,5.790479913483513,-0.875598376052833,4.257353175488365,-0.03990570211236388,0.9882813695193171,0.07042253521125641,-0.9291698400609283,-0.0021122774900184105,-0.16810832289024802,False,False,True,False,False,False
2025-12-11,Q2,326.62,327.17,313.97,-0.168108322890248,4.029047361212861,data/raw/spi_weekly/pbs_live/summary/2025-12-11_summary_live.xlsx,2025-12-11,False,False,280.05153198242186,0.0,0.0,False,0,0,0,9.9,11.0,False,5.788797415648597,-0.16810832289024802,4.029047361212856,-0.14446347187980768,-0.875598376052833,0.9882813695193171,0.4305043050430557,-0.03990570211236388,0.143898107892948,False,False,True,False,False,False
2025-12-18,Q2,327.09,326.62,315.85,0.1438981078929515,3.5586512585087604,data/raw/spi_weekly/pbs_live/summary/2025-12-18_summary_live.xlsx,2025-12-18,False,False,279.6886779785156,-5.0,0.0,True,0,0,0,8.9,10.5,True,5.7902353623864,0.143898107892948,3.5586512585087604,-0.1295668698320207,-0.16810832289024802,-0.875598376052833,0.07042253521125641,-0.14446347187980768,-0.17426396404659483,False,False,True,False,False,False
2025-12-25,Q2,326.52,327.09,318.32,-0.1742639640465881,2.576024126664976,data/raw/spi_weekly/pbs_live/summary/2025-12-24_summary_live.xlsx,2025-12-24,False,False,279.6449203491211,0.0,0.0,False,0,0,0,7.9,10.5,False,5.788491202583155,-0.17426396404659483,2.5760241266649775,-0.01564512003516816,0.143898107892948,-0.16810832289024802,0.9882813695193171,-0.1295668698320207,-0.6094573073624932,False,False,True,False,False,False
2026-01-01,Q2,324.53,326.52,316.43,-0.60945730736249,2.5598078563979385,data/raw/spi_weekly/pbs_live/summary/2026-01-01_summary_live.xlsx,2026-01-01,False,False,279.6135711669922,-3.2,-3.89,True,0,0,0,6.9,10.5,False,5.782377981793872,-0.6094573073624932,2.559807856397933,-0.011210352789448041,-0.17426396404659483,0.143898107892948,-0.875598376052833,-0.01564512003516816,0.1324993066896818,False,False,True,False,False,False
2026-01-08,Q2,324.96,324.53,313.51,0.1324993066896809,3.652196102197692,data/raw/spi_weekly/pbs_live/summary/2026-01-08_summary_live.xlsx,2026-01-08,False,False,279.451220703125,0.0,0.0,False,0,0,0,5.9,10.5,False,5.783702097832075,0.1324993066896818,3.652196102197691,-0.05806244067110278,-0.6094573073624932,-0.17426396404659483,-0.16810832289024802,-0.011210352789448041,0.27080256031510874,False,False,True,False,False,False
2026-01-15,Q2,325.84,324.96,311.75,0.2708025603151043,4.519647153167597,data/raw/spi_weekly/pbs_live/summary/2026-01-15_summary_live.xlsx,2026-01-15,False,False,279.30419921875,0.0,0.0,False,0,0,0,4.9,10.5,False,5.786406463340157,0.27080256031510874,4.519647153167594,-0.05261078624207993,0.1324993066896818,-0.6094573073624932,0.143898107892948,-0.05806244067110278,-0.3652099189786373,False,False,True,False,False,False
2026-01-22,Q2,324.65,325.84,308.74,-0.3652099189786355,5.153203342618369,data/raw/spi_weekly/pbs_live/summary/2026-01-22_summary_live.xlsx,2026-01-22,False,False,279.19635620117185,0.0,0.0,False,0,0,0,3.9,10.5,False,5.782747678954496,-0.3652099189786373,5.153203342618373,-0.038611312640413065,0.27080256031510874,0.1324993066896818,-0.17426396404659483,-0.05261078624207993,-0.12320961034959499,False,False,True,False,False,False
2026-01-29,Q2,324.25,324.65,307.28,-0.1232096103495905,5.522650351470972,data/raw/spi_weekly/pbs_live/summary/2026-01-29_summary_live.xlsx,2026-01-29,False,False,278.35935668945314,0.0,0.0,False,0,0,0,2.9,10.5,True,5.781514823196553,-0.12320961034959499,5.52265035147097,-0.29978883790146016,-0.3652099189786373,0.27080256031510874,-0.6094573073624932,-0.038611312640413065,0.11102544333077002,False,False,True,False,False,False
2026-02-05,Q2,324.61,324.25,306.45,0.1110254433307744,5.925925925925938,data/raw/spi_weekly/pbs_live/summary/2026-02-04_summary_live.xlsx,2026-02-04,False,False,278.97703857421874,4.35,0.0,True,0,0,0,1.9,10.5,False,5.782624461753219,0.11102544333077002,5.9259259259259345,0.22190088815829956,-0.12320961034959499,-0.3652099189786373,0.1324993066896818,-0.29978883790146016,-0.6192045839622851,False,False,True,False,False,False
2026-02-12,Q2,322.6,324.61,305.93,-0.6192045839622864,5.448958912169459,data/raw/spi_weekly/pbs_live/summary/2026-02-12_summary_live.xlsx,2026-02-12,False,False,279.0117980957031,0.0,0.0,False,0,0,0,0.9,10.5,False,5.776413165691109,-0.6192045839622851,5.448958912169455,0.012459635266770519,0.11102544333077002,-0.12320961034959499,0.27080256031510874,0.22190088815829956,1.5003099814011156,False,False,True,False,False,False
2026-02-19,Q2,327.44,322.6,306.64,1.5003099814011165,6.7831985390033935,data/raw/spi_weekly/pbs_live/summary/2026-02-19_summary_live.xlsx,2026-02-19,False,False,278.56842041015625,2.69,1.93,True,2,0,0,50.6,10.5,False,5.791304832184148,1.5003099814011156,6.783198539003399,-0.158910013330249,-0.6192045839622851,0.11102544333077002,-0.3652099189786373,0.012459635266770519,-0.684094795993162,False,False,True,False,False,False
2026-02-26,Q2,325.2,327.44,307.79,-0.6840947959931611,5.656454075830908,data/raw/spi_weekly/pbs_live/summary/2026-02-26_summary_live.xlsx,2026-02-26,False,False,277.984814453125,0.0,0.0,False,7,0,0,49.6,10.5,False,5.784440377673656,-0.684094795993162,5.656454075830908,-0.209501836630277,1.5003099814011156,-0.6192045839622851,-0.12320961034959499,-0.158910013330249,0.08610086100862002,False,False,True,False,False,False
2026-03-05,Q2,325.48,325.2,307.2,0.0861008610086173,5.950520833333343,data/raw/spi_weekly/pbs_live/summary/2026-03-05_summary_live.xlsx,2026-03-05,False,False,278.8382202148438,1.84,3.06,True,7,0,0,48.6,10.5,False,5.785301015828456,0.08610086100862002,5.950520833333339,0.30699725932787914,-0.684094795993162,1.5003099814011156,0.11102544333077002,-0.209501836630277,0.9432223178075461,False,False,True,False,False,False
2026-03-12,Q2,328.55,325.48,307.71,0.943222317807539,6.7726105748919565,data/raw/spi_weekly/pbs_live/summary/2026-03-11_summary_live.xlsx,2026-03-11,False,False,278.3218566894531,19.54,20.6,True,7,0,0,47.6,10.5,True,5.794689033343877,0.9432223178075461,6.772610574891957,-0.18518391237499765,0.08610086100862002,-0.684094795993162,-0.6192045839622851,0.30699725932787914,0.2130573733069463,False,False,True,False,False,False
2026-03-19,Q2,329.25,328.55,306.63,0.2130573733069525,7.376968985422167,data/raw/spi_weekly/pbs_live/summary/2026-03-18_summary_live.xlsx,2026-03-18,False,False,278.7607177734375,0.0,0.0,False,7,0,0,46.6,10.5,False,5.796817340623391,0.2130573733069463,7.376968985422172,0.157681142690147,0.9432223178075461,0.08610086100862002,1.5003099814011156,-0.18518391237499765,1.0873196659073603,False,False,True,False,False,False
2026-03-26,Q2,332.83,329.25,306.03,1.0873196659073583,8.757311374701843,data/raw/spi_weekly/pbs_live/summary/2026-03-26_summary_live.xlsx,2026-03-26,False,False,278.281982421875,0.0,0.0,False,0,3,0,45.6,10.5,False,5.807631849115076,1.0873196659073603,8.757311374701837,-0.1717370206915536,0.2130573733069463,0.9432223178075461,-0.684094795993162,0.157681142690147,0.7511342126611087,False,False,True,False,False,False
2026-04-02,Q2,335.33,332.83,306.86,0.751134212661114,9.277846574985318,data/raw/spi_weekly/pbs_live/summary/2026-04-02_summary_live.xlsx,2026-04-02,False,False,278.03447265625,0.0,0.0,False,0,0,0,44.6,10.5,False,5.815115121584316,0.7511342126611087,9.277846574985315,-0.0889420736013724,1.0873196659073603,0.2130573733069463,0.08610086100862002,-0.1717370206915536,1.019890853785821,False,False,True,False,False,False
2026-04-09,Q2,338.75,335.33,303.81,1.0198908537858244,11.500608933214837,data/raw/spi_weekly/pbs_live/summary/2026-04-09_summary_live.xlsx,2026-04-09,False,False,278.40264282226565,54.71,17.86,True,0,0,0,43.6,10.5,False,5.825262372193911,1.019890853785821,11.500608933214828,0.13241889126132111,0.7511342126611087,1.0873196659073603,0.9432223178075461,-0.0889420736013724,-0.4398523985239877,False,False,True,False,False,False
2026-04-16,Q2,337.26,338.75,301.38,-0.4398523985239819,11.90523591479196,data/raw/spi_weekly/pbs_live/summary/2026-04-16_summary_live.xlsx,2026-04-16,False,False,278.3883972167969,-25.77,-3.1,True,0,0,0,42.6,10.5,False,5.820854146242039,-0.4398523985239877,11.905235914791955,-0.005116907413071914,1.019890853785821,0.7511342126611087,0.2130573733069463,0.13241889126132111,-0.3558085749866491,False,False,True,False,False,False
2026-04-23,Q2,336.06,337.26,294.37,-0.3558085749866535,14.162448619084827,data/raw/spi_weekly/pbs_live/summary/2026-04-23_summary_live.xlsx,2026-04-23,False,False,278.58518676757814,-8.35,0.0,True,0,0,0,41.6,10.5,False,5.817289715449796,-0.3558085749866491,14.162448619084822,0.07068884793643981,-0.4398523985239877,1.019890853785821,1.0873196659073603,-0.005116907413071914,0.2648336606558388,False,False,True,False,False,False
2026-04-30,Q2,336.95,336.06,294.67,0.26,14.35,data/raw/spi_weekly/pbs_live/summary/2026-04-30_summary_live.pdf,2026-04-30,False,False,278.18047485351565,7.53,7.18,True,0,0,0,40.6,11.5,True,5.819934551392226,0.2648336606558388,14.348253979027369,-0.14527402506873122,-0.3558085749866491,-0.4398523985239877,0.7511342126611087,0.07068884793643981,0.7656922392046184,False,False,True,False,False,False
2026-05-07,Q2,339.53,336.95,295.19,0.7656922392046113,15.020834039093472,data/raw/spi_weekly/pbs_live/summary/2026-05-07_summary_live.xlsx,2026-05-07,False,False,278.0315246582031,5.1,1.66,True,0,0,0,39.6,11.5,False,5.827562308337777,0.7656922392046184,15.020834039093467,-0.053544446421327496,0.2648336606558388,-0.3558085749866491,1.019890853785821,-0.14527402506873122,0.4152799458074563,False,False,True,False,False,False
2026-05-14,Q2,340.94,339.53,298.2,0.4152799458074554,14.332662642521797,data/raw/spi_weekly/pbs_live/summary/2026-05-14_summary_live.xlsx,2026-05-14,False,False,277.6396850585937,3.76,3.73,True,0,0,0,38.6,11.5,False,5.831706508722779,0.4152799458074563,14.332662642521798,-0.14093351467647786,0.7656922392046184,0.2648336606558388,-0.4398523985239877,-0.053544446421327496,-0.28450753798321404,False,False,True,False,False,False
2026-05-21,Q2,339.97,340.94,297.38,-0.2845075379832167,14.321743224157643,data/raw/spi_weekly/pbs_live/summary/2026-05-21_summary_live.xlsx,2026-05-21,False,False,277.92547607421875,-1.21,-1.21,True,0,0,0,37.6,11.5,False,5.828857378423127,-0.28450753798321404,14.321743224157647,0.10293593855816852,0.4152799458074563,0.7656922392046184,-0.3558085749866491,-0.14093351467647786,0.0,False,False,True,False,False,False
2026-05-28,Q2,339.97,,,,,,,True,False,277.33640747070314,,,,0,0,2,36.6,11.5,False,5.828857378423127,0.0,,-0.21195199944833432,-0.28450753798321404,0.4152799458074563,0.2648336606558388,0.10293593855816852,0.04412154013588854,False,False,True,False,False,False
2026-06-04,Q2,340.12,339.97,295.08,0.0441215401358903,15.263657313270995,data/raw/spi_weekly/pbs_live/summary/2026-06-04_summary_live.xlsx,2026-06-04,False,False,277.9414489746094,-7.01,-6.8,True,0,0,1,35.6,11.5,False,5.829298496517592,0.04412154013588854,15.263657313270995,0.21816158557190768,0.0,-0.28450753798321404,0.7656922392046184,-0.21195199944833432,0.12348582853112244,False,False,True,False,False,False
2026-06-11,Q2,340.54,340.12,295.2,0.123485828531102,15.359078590785913,data/raw/spi_weekly/pbs_live/summary/2026-06-11_summary_live.xlsx,2026-06-11,False,False,277.6693481445312,0.0,-1.04,True,0,0,0,34.6,11.5,False,5.830532592992498,0.12348582853112244,15.359078590785913,-0.09789861536737554,0.04412154013588854,0.0,0.4152799458074563,0.21816158557190768,0.6137311329065476,False,False,True,False,False,False
2026-06-18,Q2,342.63,340.54,295.36,0.6137311329065511,16.004198266522195,data/raw/spi_weekly/pbs_live/summary/2026-06-18_summary_live.xlsx,2026-06-18,False,False,277.0531982421875,-0.51,-1.06,True,0,0,0,33.6,11.5,True,5.836651147730626,0.6137311329065476,16.004198266522195,-0.22190058299954574,0.12348582853112244,0.04412154013588854,-0.28450753798321404,-0.09789861536737554,0.0,False,False,True,False,False,False
2026-06-25,Q2,342.63,,,,,,,True,False,277.091162109375,,,,0,0,0,32.6,11.5,False,5.836651147730626,0.0,,0.013702735585940928,0.6137311329065476,0.12348582853112244,0.0,-0.22190058299954574,0.8580684703616059,False,False,True,False,False,False
2026-07-02,Q2,345.57,342.63,297.63,0.8580684703616015,16.107247253301082,data/raw/spi_weekly/pbs_live/summary/2026-07-02_summary_live.xlsx,2026-07-02,False,False,276.75453491210936,-17.73,-19.77,True,0,0,0,31.6,11.5,False,5.845195227606525,0.8580684703616059,16.107247253301082,-0.12148608230699853,0.0,0.6137311329065476,0.04412154013588854,0.013702735585940928,-0.33278351708769804,False,False,True,False,False,False
2026-07-09,Q2,344.42,345.57,300.9,-0.3327835170877051,14.4632768361582,data/raw/spi_weekly/pbs_live/summary/2026-07-09_summary_live.xlsx,2026-07-09,False,False,277.21002807617185,-0.63,-0.69,False,0,0,0,30.6,11.5,False,5.841861842876753,-0.33278351708769804,14.463276836158201,0.1645838122244836,0.8580684703616059,0.0,0.12348582853112244,-0.12148608230699853,1.1816967655769117,False,False,True,False,False,False
2026-07-16,Q2,348.49,344.42,301.55,1.1816967655769162,15.56624108771348,data/raw/spi_weekly/pbs_live/summary/2026-07-16_summary_live.xlsx,2026-07-16,False,False,277.0631408691406,4.41,4.4,True,0,0,0,29.6,11.5,False,5.853609535384296,1.1816967655769117,15.566241087713472,-0.05298769602622988,-0.33278351708769804,0.8580684703616059,0.6137311329065476,0.1645838122244836,0.8866825446928184,False,False,True,False,False,False
2026-07-23,Q2,351.58,348.49,317.42,0.8866825446928175,10.761766744376516,data/raw/spi_weekly/pbs_live/summary/2026-07-23_summary_live.xlsx,2026-07-23,False,False,277.11009521484374,15.87,5.23,True,0,0,0,28.6,11.5,False,5.8624372813717445,0.8866825446928184,10.761766744376523,0.0169471643018948,1.1816967655769117,-0.33278351708769804,0.0,-0.05298769602622988,-1.3681096763183298,False,False,True,False,False,False
2026-07-30,Q2,346.77,351.58,316.1,-1.3681096763183265,9.702625751344511,data/raw/spi_weekly/pbs_live/summary/2026-07-30_summary_live.xlsx,2026-07-30,False,False,277.20325927734376,4.17,2.46,True,0,0,0,27.6,11.5,True,5.848661735974286,-1.3681096763183298,9.702625751344506,0.03361987315106951,0.8866825446928184,1.1816967655769117,0.8580684703616059,0.0169471643018948,0.40949332410531447,False,False,True,False,False,False
2026-08-06,Q2,348.19,346.77,316.92,0.4094933241053127,9.86684336741132,data/raw/spi_weekly/pbs_live/summary/2026-08-06_summary_live.xlsx,2026-08-06,False,False,276.63751831054685,-1.66,-0.63,True,0,0,0,26.6,11.5,False,5.852748307794748,0.40949332410531447,9.866843367411327,-0.20408885821608935,-1.3681096763183298,0.8866825446928184,-0.33278351708769804,0.03361987315106951,0.37048737758120787,False,False,True,False,False,False
2026-08-13,Q2,349.48,348.19,317.97,0.3704873775812132,9.90973991257036,data/raw/spi_weekly/pbs_live/summary/2026-08-13_summary_live.xlsx,2026-08-13,False,False,276.48651733398435,-0.29,-2.35,True,0,0,0,25.6,11.5,False,5.856446335429894,0.37048737758120787,9.909739912570359,-0.05458441699617289,0.40949332410531447,-1.3681096763183298,1.1816967655769117,-0.20408885821608935,0.40631795810917026,False,False,True,False,False,False
2026-08-20,Q2,350.9,349.48,317.95,0.4063179581091702,10.363264664255382,data/raw/spi_weekly/pbs_live/summary/2026-08-20_summary_live.xlsx,2026-08-20,False,False,276.41481323242186,-5.15,3.77,True,0,0,0,24.6,11.5,False,5.860501282589169,0.40631795810917026,10.36326466425539,-0.02593403188476673,0.37048737758120787,0.40949332410531447,0.8866825446928184,-0.05458441699617289,-0.09974351667140224,False,False,True,False,False,False
2026-08-27,Q2,350.55,350.9,320.58,-0.0997435166713955,9.348680516563746,data/raw/spi_weekly/pbs_live/summary/2026-08-27_summary_live.xlsx,2026-08-27,False,False,276.7794189453125,2.44,1.71,True,0,0,0,23.6,11.5,False,5.859503349652977,-0.09974351667140224,9.348680516563746,0.1319052725962555,0.40631795810917026,0.37048737758120787,-1.3681096763183298,-0.02593403188476673,0.8301240907145901,False,False,True,False,False,False
2026-09-03,Q2,353.46,350.55,326.67,0.830124090714591,8.200936725135449,data/raw/spi_weekly/pbs_live/summary/2026-09-03_summary_live.xlsx,2026-09-03,False,False,276.7824951171875,0.09,0.9,False,0,0,0,22.6,11.5,False,5.867770324761651,0.8301240907145901,8.200936725135444,0.001111416407595378,-0.09974351667140224,0.40631795810917026,0.40949332410531447,0.1319052725962555,-0.1810671646013673,False,False,True,False,False,False
2026-09-10,Q2,352.82,353.46,326.25,-0.181067164601373,8.14406130268199,data/raw/spi_weekly/pbs_live/summary/2026-09-10_summary_live.xlsx,2026-09-10,False,False,273.6826477050781,5.49,6.18,True,0,0,0,21.6,11.5,False,5.86595801186826,-0.1810671646013673,8.144061302681994,-1.1199578971917812,0.8301240907145901,-0.09974351667140224,0.37048737758120787,0.001111416407595378,0.014171532226070482,False,False,True,False,False,False
2026-09-17,Q2,352.87,352.82,321.05,0.0141715322260722,9.91122878056376,data/raw/spi_weekly/pbs_live/summary/2026-09-17_summary_live.xlsx,2026-09-17,False,False,273.71156005859376,7.29,6.4,True,0,0,0,20.6,11.5,True,5.866099717149853,0.014171532226070482,9.911228780563764,0.010564189493944554,-0.1810671646013673,0.8301240907145901,0.40631795810917026,-1.1199578971917812,1.2837588913764186,False,False,True,False,False,False
2026-09-24,Q2,357.4,352.87,320.91,1.2837588913764222,11.370789317877268,data/raw/spi_weekly/pbs_live/summary/2026-09-24_summary_live.xlsx,2026-09-24,False,False,270.28033447265625,-1.57,-0.34,True,0,0,0,19.6,11.5,False,5.878855602725328,1.2837588913764186,11.370789317877271,-1.2535917683575315,0.014171532226070482,-0.1810671646013673,-0.09974351667140224,0.010564189493944554,0.2042529378847302,False,False,True,False,False,False
2026-10-01,Q2,358.13,357.4,323.35,0.2042529378847319,10.756146590381933,data/raw/spi_weekly/pbs_live/summary/2026-10-01_summary_live.xlsx,2026-10-01,False,False,270.23224487304685,-3.43,-0.65,True,0,0,0,18.6,11.5,False,5.880896048977126,0.2042529378847302,10.756146590381931,-0.01779248930678934,1.2837588913764186,0.014171532226070482,0.8301240907145901,-1.2535917683575315,,False,False,True,False,False,False
2019-09-05,Q3,125.27,125.25,105.74,-0.02,18.43,data/raw/spi_weekly/wayback/summary/2019-09-05_summary_weekly_spi_nb.pdf,2019-09-05,False,True,156.8299987792969,-4.04,-5.94,True,0,0,0,33.3,13.25,False,4.8304714078561,,18.46983166256857,,,,,,0.8302067534126323,False,False,False,True,False,False
2019-09-12,Q3,126.31,125.27,106.01,0.83,19.15,data/raw/spi_weekly/wayback/summary/2019-09-12_summary_weekly_spi_nb.pdf,2019-09-12,False,False,155.6459991455078,0.0,0.0,False,0,0,0,32.3,13.25,False,4.8387392027858835,0.8302067534126323,19.149136873879826,-0.7549573697665402,,,,,0.9896286913150254,False,False,False,True,False,False
2019-09-19,Q3,127.56,126.31,106.38,0.99,19.91,data/raw/spi_weekly/wayback/summary/2019-09-19_summary_weekly_spi_nb.pdf,2019-09-19,False,False,155.93800048828126,0.0,0.0,False,0,0,0,31.3,13.25,True,4.848586842141857,0.9896286913150254,19.909757473209268,0.18760607042682675,0.8302067534126323,,,-0.7549573697665402,0.18030730636564574,False,False,False,True,False,False
2019-09-26,Q3,127.79,127.56,106.62,0.18,19.86,data/raw/spi_weekly/wayback/summary/2019-09-26_summary_weekly_spi_nb.pdf,2019-09-26,False,False,156.03799743652343,0.0,0.0,False,0,0,0,30.3,13.25,False,4.850388291620612,0.18030730636564574,19.855561808291135,0.06412609365840094,0.9896286913150254,0.8302067534126323,,0.18760607042682675,0.21128413803896962,False,False,False,True,False,False
2019-10-03,Q3,128.06,127.79,108.95,0.21,17.54,data/raw/spi_weekly/wayback/summary/2019-10-03_summary_weekly_spi_nb.pdf,2019-10-03,False,False,155.5259979248047,0.0,0.0,False,0,0,0,29.3,13.25,False,4.852498904090656,0.21128413803896962,17.540156034878372,-0.3281248927377467,0.18030730636564574,0.9896286913150254,,0.06412609365840094,-0.4216773387474615,False,False,False,True,False,False
2019-10-10,Q3,127.52,128.06,109.63,-0.42,16.32,data/raw/spi_weekly/wayback/summary/2019-10-10_summary_weekly_spi_nb.pdf,2019-10-10,False,False,155.77999877929688,0.0,0.0,False,0,0,0,28.3,13.25,False,4.848273215041905,-0.4216773387474615,16.318525950925846,0.16331729606711143,0.21128413803896962,0.18030730636564574,0.8302067534126323,-0.3281248927377467,2.29767879548306,False,False,False,True,False,False
2019-10-17,Q3,130.45,127.52,109.12,2.3,19.55,data/raw/spi_weekly/wayback/summary/2019-10-17_summary_weekly_spi_nb.pdf,2019-10-17,False,False,155.53423461914062,0.0,0.0,False,0,0,0,27.3,13.25,False,4.870990011582737,2.29767879548306,19.54728739002931,-0.15776361669154193,-0.4216773387474615,0.21128413803896962,0.9896286913150254,0.16331729606711143,0.2606362591031086,False,False,False,True,False,False
2019-10-24,Q3,130.79,130.45,108.99,0.26,20.0,data/raw/spi_weekly/wayback/summary/2019-10-24_summary_weekly_spi_nb.pdf,2019-10-24,False,False,155.55,0.0,0.0,False,0,0,0,26.3,13.25,False,4.8735929835010605,0.2606362591031086,20.001835030736757,0.010136277005501348,2.29767879548306,-0.4216773387474615,0.18030730636564574,-0.15776361669154193,0.5887300252312988,False,False,False,True,False,False
2019-10-31,Q3,131.56,130.79,108.36,0.59,21.41,data/raw/spi_weekly/wayback/summary/2019-10-31_summary_weekly_spi_nb.pdf,2019-10-31,False,False,155.3,0.0,0.0,False,0,0,0,25.3,13.25,False,4.8794630213208565,0.5887300252312988,21.410114433370243,-0.16072002571519972,0.2606362591031086,2.29767879548306,0.21128413803896962,0.010136277005501348,0.6460930373973772,False,False,False,True,False,False
2019-11-07,Q3,132.41,131.56,108.45,0.65,22.09,data/raw/spi_weekly/wayback/summary/2019-11-07_summary_weekly_spi_nb.pdf,2019-11-07,False,False,155.0356414794922,0.22,0.89,False,0,0,0,24.3,13.25,False,4.885903169351665,0.6460930373973772,22.093130474873202,-0.1702244175839085,0.5887300252312988,0.2606362591031086,-0.4216773387474615,-0.16072002571519972,1.3367570425194542,False,False,False,True,False,False
2019-11-14,Q3,134.18,132.41,109.17,1.34,22.91,data/raw/spi_weekly/wayback/summary/2019-11-14_summary_weekly_spi_nb.pdf,2019-11-14,False,False,155.2,0.0,0.0,False,0,0,0,23.3,13.25,False,4.899182182134742,1.3367570425194542,22.90922414582761,0.10601337791706911,0.6460930373973772,0.5887300252312988,2.29767879548306,-0.1702244175839085,0.2682963183782805,False,False,False,True,False,False
2019-11-21,Q3,134.54,134.18,109.16,0.27,23.25,data/raw/spi_weekly/wayback/summary/2019-11-21_summary_weekly_spi_nb.pdf,2019-11-21,False,False,154.74620361328124,0.0,0.0,False,0,0,0,22.3,13.25,False,4.90186155259746,0.2682963183782805,23.250274825943574,-0.29239457907136446,1.3367570425194542,0.6460930373973772,0.2606362591031086,0.10601337791706911,-0.8027352460234782,False,False,False,True,False,False
2019-11-28,Q3,133.46,134.54,109.19,-0.8,22.23,data/raw/spi_weekly/wayback/summary/2019-11-28_summary_weekly_spi_nb.pdf,2019-11-28,False,False,154.8800018310547,0.0,0.0,False,0,0,0,21.3,13.25,True,4.893801807475461,-0.8027352460234782,22.227310193241156,0.08646300500387838,0.2682963183782805,1.3367570425194542,0.5887300252312988,-0.29239457907136446,-1.0040461561516612,False,False,False,True,False,False
2019-12-05,Q3,132.12,133.46,108.67,-1.0,21.58,data/raw/spi_weekly/wayback/summary/2019-12-05_summary_weekly_spi_nb.pdf,2019-12-05,False,False,154.22896728515624,-1.86,-0.2,True,0,0,0,20.3,13.25,False,4.883710600522589,-1.0040461561516612,21.579092665869148,-0.42034771319838793,-0.8027352460234782,0.2682963183782805,0.6460930373973772,0.08646300500387838,-0.6887677868604225,False,False,False,True,False,False
2019-12-12,Q3,131.21,132.12,108.55,-0.69,20.88,data/raw/spi_weekly/wayback/summary/2019-12-12_summary_weekly_spi_nb.pdf,2019-12-12,False,False,154.49000244140626,0.0,0.0,False,0,0,0,19.3,13.25,False,4.876799093117625,-0.6887677868604225,20.875172731460157,0.16925170468617967,-1.0040461561516612,-0.8027352460234782,1.3367570425194542,-0.42034771319838793,-0.12194192515814217,False,False,False,True,False,False
2019-12-19,Q3,131.05,131.21,108.49,-0.12,20.79,data/raw/spi_weekly/wayback/summary/2019-12-19_summary_weekly_spi_nb.pdf,2019-12-19,False,False,154.34918212890625,0.0,0.0,False,0,0,0,18.3,13.25,False,4.875578929769415,-0.12194192515814217,20.794543275877974,-0.09115173168141588,-0.6887677868604225,-1.0040461561516612,0.2682963183782805,0.16925170468617967,0.4502098435711366,False,False,False,True,False,False
2019-12-26,Q3,131.64,131.05,108.68,0.45,21.13,data/raw/spi_weekly/wayback/summary/2019-12-26_summary_weekly_spi_nb.pdf,2019-12-26,False,False,153.9727355957031,0.0,0.0,False,0,0,0,17.3,13.25,False,4.880070924075139,0.4502098435711366,21.12624217887373,-0.2438927942544855,-0.12194192515814217,-0.6887677868604225,-0.8027352460234782,-0.09115173168141588,0.7672439987845836,False,False,False,True,False,False
2020-01-02,Q3,132.65,131.64,108.3,0.77,22.48,data/raw/spi_weekly/wayback/summary/2020-01-02_summary_weekly_spi_nb.pdf,2020-01-02,False,False,154.40554809570312,1.76,2.28,True,0,0,0,16.3,13.25,False,4.8877140805837485,0.7672439987845836,22.483841181902143,0.28109684375321464,0.4502098435711366,-0.12194192515814217,-1.0040461561516612,-0.2438927942544855,0.4221635883905117,False,False,False,True,False,False
2020-01-09,Q3,133.21,132.65,108.59,0.42,22.67,data/raw/spi_weekly/wayback/summary/2020-01-09_summary_weekly_spi_nb.pdf,2020-01-09,False,False,154.36000061035156,0.0,0.0,False,0,0,0,15.3,13.25,False,4.891926830363372,0.4221635883905117,22.672437609356287,-0.02949860669729798,0.7672439987845836,0.4502098435711366,-0.6887677868604225,0.28109684375321464,-0.22520831769387017,False,False,False,True,False,False
2020-01-16,Q3,132.91,133.21,108.48,-0.23,22.52,data/raw/spi_weekly/wayback/summary/2020-01-16_summary_weekly_spi_nb.pdf,2020-01-16,False,False,154.09642333984374,0.0,0.0,False,0,0,0,14.3,13.25,False,4.889672207433241,-0.22520831769387017,22.5202802359882,-0.17075490377405078,0.4221635883905117,0.7672439987845836,-0.12194192515814217,-0.02949860669729798,-0.4514333007298088,False,False,False,True,False,False
2020-01-23,Q3,132.31,132.91,108.41,-0.45,22.05,data/raw/spi_weekly/wayback/summary/2020-01-23_summary_weekly_spi_nb.pdf,2020-01-23,False,False,153.88193054199218,0.0,0.0,False,0,0,0,13.3,13.25,False,4.88514765405432,-0.4514333007298088,22.04593672170465,-0.1391938847136731,-0.22520831769387017,0.4221635883905117,0.4502098435711366,-0.17075490377405078,-0.30987831607588445,False,False,False,True,False,False
2020-01-30,Q3,131.9,132.31,109.01,-0.31,21.0,data/raw/spi_weekly/wayback/summary/2020-01-30_summary_weekly_spi_nb.pdf,2020-01-30,False,False,153.96000061035156,0.0,0.0,False,0,0,0,12.3,13.25,True,4.882044059723269,-0.30987831607588445,20.998073571232002,0.05073374637580841,-0.4514333007298088,-0.22520831769387017,0.7672439987845836,-0.1391938847136731,0.3487490523123693,False,False,False,True,False,False
2020-02-06,Q3,132.36,131.9,110.31,0.35,19.99,data/raw/spi_weekly/wayback/summary/2020-02-06_summary_weekly_spi_nb.pdf,2020-02-06,False,False,153.7567169189453,0.0,0.0,False,0,0,0,11.3,13.25,False,4.885525483053412,0.3487490523123693,19.98912156649444,-0.13203669173835753,-0.30987831607588445,-0.4514333007298088,0.4221635883905117,0.05073374637580841,-0.41553339377455867,False,False,False,True,False,False
2020-02-13,Q3,131.81,132.36,111.12,-0.42,18.62,data/raw/spi_weekly/wayback/summary/2020-02-13_summary_weekly_spi_nb.pdf,2020-02-13,False,False,153.72173767089845,0.0,0.0,False,0,0,0,10.3,13.25,False,4.881361491724374,-0.41553339377455867,18.619510439164856,-0.022749736562921452,0.3487490523123693,-0.30987831607588445,-0.22520831769387017,-0.13203669173835753,-0.11380016690691885,False,False,False,True,False,False
2020-02-20,Q3,131.66,131.81,111.42,-0.11,18.17,data/raw/spi_weekly/wayback/summary/2020-02-20_summary_weekly_spi_nb.pdf,2020-02-20,False,False,153.81999816894532,0.0,0.0,False,0,0,0,9.3,13.25,False,4.88022284203973,-0.11380016690691885,18.165499910249494,0.06392101698540209,-0.41553339377455867,0.3487490523123693,-0.4514333007298088,-0.022749736562921452,-1.230442047698621,False,False,False,True,False,False
2020-02-27,Q3,130.04,131.66,111.41,-1.23,16.72,data/raw/spi_weekly/wayback/summary/2020-02-27_summary_weekly_spi_nb.pdf,2020-02-27,False,False,153.79000244140624,0.0,0.0,False,0,0,0,8.3,13.25,False,4.867842095435704,-1.230442047698621,16.7220177721928,-0.019500538223993225,-0.11380016690691885,-0.41553339377455867,-0.30987831607588445,0.06392101698540209,0.023069824669330607,False,False,False,True,False,False
2020-03-05,Q3,130.07,130.04,113.97,0.02,14.13,data/raw/spi_weekly/wayback/summary/2020-03-05_summary_weekly_spi_nb.pdf,2020-03-05,False,False,153.8,-3.91,-4.24,True,0,0,0,7.3,13.25,False,4.868072767075649,0.023069824669330607,14.126524523997542,0.006500785769603112,-1.230442047698621,-0.11380016690691885,0.3487490523123693,-0.019500538223993225,0.7534404551395646,False,False,False,True,False,False
2020-03-12,Q3,131.05,130.07,114.05,0.75,14.91,data/raw/spi_weekly/wayback/summary/2020-03-12_summary_weekly_spi_nb.pdf,2020-03-12,False,False,155.272802734375,0.0,0.0,False,0,0,0,6.3,13.25,False,4.875578929769415,0.7534404551395646,14.905743095133728,0.9576090600617704,0.023069824669330607,-1.230442047698621,-0.41553339377455867,0.006500785769603112,0.04578405188859769,False,False,False,True,False,False
2020-03-19,Q3,131.11,131.05,113.52,0.05,15.5,data/raw/spi_weekly/wayback/summary/2020-03-19_summary_weekly_spi_nb.pdf,2020-03-19,False,False,157.58949279785156,0.0,0.0,False,0,0,0,5.3,12.5,True,4.876036665511311,0.04578405188859769,15.495066948555337,1.4920127818132567,0.7534404551395646,0.023069824669330607,-0.11380016690691885,0.9576090600617704,-0.7093280451529349,False,False,False,True,False,False
2020-03-26,Q3,130.18,131.11,113.02,-0.71,15.18,data/raw/spi_weekly/wayback/summary/2020-03-26_summary_weekly_spi_nb.pdf,2020-03-26,False,False,158.47000122070312,-12.15,-13.31,True,0,0,0,4.3,11.0,True,4.868918108144241,-0.7093280451529349,15.183153424172712,0.5587354887809814,0.04578405188859769,0.7534404551395646,-1.230442047698621,1.4920127818132567,-1.9511445690582274,False,False,False,True,False,False
2020-04-02,Q3,127.64,130.18,113.3,-1.95,12.66,data/raw/spi_weekly/wayback/summary/2020-04-02_summary_weekly_spi_nb.pdf,2020-04-02,False,False,164.6666473388672,0.0,0.0,False,0,0,0,3.3,11.0,False,4.849213801410043,-1.9511445690582274,12.656663724624885,3.9102959995147124,-0.7093280451529349,0.04578405188859769,0.023069824669330607,0.5587354887809814,-0.5092447508618037,False,False,False,True,False,False
2020-04-09,Q3,126.99,127.64,114.04,-0.51,11.36,data/raw/spi_weekly/wayback/summary/2020-04-09_summary_weekly_spi_nb.pdf,2020-04-09,False,False,166.52000122070314,0.0,0.0,False,0,0,0,2.3,11.0,False,4.844108343200942,-0.5092447508618037,11.355664679059974,1.1255186838303288,-1.9511445690582274,-0.7093280451529349,0.7534404551395646,3.9102959995147124,0.09449562957712931,False,False,False,True,False,False
2020-04-16,Q3,127.11,126.99,114.79,0.09,10.73,data/raw/spi_weekly/wayback/summary/2020-04-16_summary_weekly_spi_nb.pdf,2020-04-16,False,False,166.27999877929688,0.0,0.0,False,0,0,0,1.3,9.0,True,4.845052853306577,0.09449562957712931,10.732642216220922,-0.14412829668921656,-0.5092447508618037,-1.9511445690582274,0.04578405188859769,1.1255186838303288,0.7159153489104009,False,False,False,True,False,False
2020-04-23,Q3,128.02,127.11,115.34,0.72,10.99,data/raw/spi_weekly/wayback/summary/2020-04-23_summary_weekly_spi_nb.pdf,2020-04-23,False,False,162.41874084472656,0.0,0.0,False,0,0,0,0.3,9.0,False,4.852186501713858,0.7159153489104009,10.993584185885208,-2.3221421475323467,0.09449562957712931,-0.5092447508618037,-0.7093280451529349,-0.14412829668921656,0.7420715513200893,False,False,False,True,False,False
2020-04-30,Q3,128.97,128.02,114.19,0.74,12.94,data/raw/spi_weekly/wayback/summary/2020-04-30_summary_weekly_spi_nb.pdf,2020-04-30,False,False,160.4800018310547,0.0,0.0,False,6,0,0,49.9,9.0,False,4.8595798191763,0.7420715513200893,12.94334004728961,-1.1936670630425028,0.7159153489104009,0.09449562957712931,-1.9511445690582274,-2.3221421475323467,0.7831278591920565,False,False,False,True,False,False
2020-05-07,Q3,129.98,128.97,115.69,0.78,12.35,data/raw/spi_weekly/wayback/summary/2020-05-07_summary_weekly_spi_nb.pdf,2020-05-07,False,False,159.25,-25.2,-15.55,True,7,0,0,48.9,9.0,False,4.867380592466203,0.7831278591920565,12.351975105886414,-0.7664517802969506,0.7420715513200893,0.7159153489104009,-0.5092447508618037,-1.1936670630425028,0.007693491306359768,False,False,False,True,False,False
2020-05-14,Q3,129.99,129.98,114.86,0.01,13.17,data/raw/spi_weekly/wayback/summary/2020-05-14_summary_weekly_spi_nb.pdf,2020-05-14,False,False,159.76000061035157,0.0,0.0,False,7,0,0,47.9,9.0,False,4.867457524419928,0.007693491306359768,13.172557896569748,0.320251560660334,0.7831278591920565,0.7420715513200893,0.09449562957712931,-0.7664517802969506,0.6538964535733438,False,False,False,True,False,False
2020-05-21,Q3,130.84,129.99,115.28,0.65,13.5,data/raw/spi_weekly/wayback/summary/2020-05-21_summary_weekly_spi_nb.pdf,2020-05-21,False,False,160.02000122070314,0.0,0.0,False,7,0,0,46.9,8.0,True,4.8739752026701835,0.6538964535733438,13.497571131158924,0.16274449759530185,0.007693491306359768,0.7831278591920565,0.7159153489104009,0.320251560660334,0.13757260776521285,False,False,False,True,False,False
2020-05-28,Q3,131.02,130.84,115.43,0.14,13.51,data/raw/spi_weekly/wayback/summary/2020-05-28_summary_weekly_spi_nb.pdf,2020-05-28,False,False,160.19259643554688,0.0,0.0,False,2,3,0,45.9,8.0,False,4.87534998330373,0.13757260776521285,13.506020965087062,0.10785852613868219,0.6538964535733438,0.007693491306359768,0.7420715513200893,0.16274449759530185,-0.10685391543276967,False,False,False,True,False,False
2020-06-04,Q3,130.88,131.02,115.43,-0.11,13.38,data/raw/spi_weekly/wayback/summary/2020-06-04_summary_weekly_spi_nb.pdf,2020-06-04,False,False,163.2300018310547,0.15,-8.55,True,0,0,0,44.9,8.0,False,4.8742808728544365,-0.10685391543276967,13.38473533743394,1.8960959888866702,0.13757260776521285,0.6538964535733438,0.7831278591920565,0.10785852613868219,0.19101466992665905,False,False,False,True,False,False
2020-06-11,Q3,131.13,130.88,116.22,0.19,12.83,data/raw/spi_weekly/wayback/summary/2020-06-11_summary_weekly_spi_nb.pdf,2020-06-11,False,False,163.36000061035156,0.0,0.0,False,0,0,0,43.9,8.0,False,4.876189197543333,0.19101466992665905,12.829117191533301,0.07964147389487586,-0.10685391543276967,0.13757260776521285,0.007693491306359768,1.8960959888866702,1.1896591169068937,False,False,False,True,False,False
2020-06-18,Q3,132.69,131.13,116.02,1.19,14.37,data/raw/spi_weekly/wayback/summary/2020-06-18_summary_weekly_spi_nb.pdf,2020-06-18,False,False,164.3800018310547,0.0,0.0,False,0,0,0,42.9,8.0,False,4.888015580548345,1.1896591169068937,14.36821237717636,0.6243885999584808,0.19101466992665905,-0.10685391543276967,0.6538964535733438,0.07964147389487586,0.22609088853720039,False,False,False,True,False,False
2020-06-25,Q3,132.99,132.69,115.98,0.23,14.67,data/raw/spi_weekly/wayback/summary/2020-06-25_summary_weekly_spi_nb.pdf,2020-06-25,False,False,166.44400329589843,0.0,0.0,False,0,0,0,41.9,7.0,True,4.890273937425072,0.22609088853720039,14.666321779617174,1.2556280824020494,1.1896591169068937,0.19101466992665905,0.13757260776521285,0.6243885999584808,1.4662756598240456,False,False,False,True,False,False
2020-07-02,Q3,134.94,132.99,120.92,1.47,11.59,data/raw/spi_weekly/wayback/summary/2020-07-02_summary_weekly_spi_nb.pdf,2020-07-02,False,False,167.60999755859376,26.21,33.97,True,0,0,0,40.9,7.0,False,4.904830235199279,1.4662756598240456,11.594442606682097,0.7005324551239367,0.22609088853720039,1.1896591169068937,-0.10685391543276967,1.2556280824020494,1.1116051578479391,False,False,False,True,False,False
2020-07-09,Q3,136.44,134.94,120.87,1.11,12.88,data/raw/spi_weekly/wayback/summary/2020-07-09_summary_weekly_spi_nb.pdf,2020-07-09,False,False,166.69199829101564,0.0,0.0,False,0,0,0,39.9,7.0,False,4.915884957550445,1.1116051578479391,12.881608339538332,-0.5476995888966663,1.4662756598240456,0.22609088853720039,0.19101466992665905,0.7005324551239367,-0.19788918205805306,False,False,False,True,False,False
2020-07-16,Q3,136.17,136.44,121.66,-0.2,11.93,data/raw/spi_weekly/wayback/summary/2020-07-16_summary_weekly_spi_nb.pdf,2020-07-16,False,False,165.9234619140625,0.0,0.0,False,0,0,0,38.9,7.0,False,4.913904105136484,-0.19788918205805306,11.926680914022668,-0.4610517510333034,1.1116051578479391,1.4662756598240456,1.1896591169068937,-0.5476995888966663,0.33781302783286726,False,False,False,True,False,False
2020-07-23,Q3,136.63,136.17,121.76,0.34,12.21,data/raw/spi_weekly/wayback/summary/2020-07-23_summary_weekly_spi_nb.pdf,2020-07-23,False,False,166.93800048828126,0.0,0.0,False,0,0,0,37.9,7.0,False,4.917276542350397,0.33781302783286726,12.212549277266739,0.6114497386416895,-0.19788918205805306,1.1116051578479391,0.22609088853720039,-0.4610517510333034,0.4391422088853014,False,False,False,True,False,False
2020-07-30,Q3,137.23,136.63,122.48,0.44,12.04,data/raw/spi_weekly/wayback/summary/2020-07-29_summary_weekly_spi_nb.pdf,2020-07-29,False,False,166.5459991455078,0.0,0.0,False,0,0,0,36.9,7.0,False,4.921658350281541,0.4391422088853014,12.042782495101223,-0.23481852042487317,0.33781302783286726,-0.19788918205805306,1.4662756598240456,0.6114497386416895,-0.2258981272316607,False,False,False,True,False,False
2020-08-06,Q3,136.92,137.23,124.41,-0.23,10.06,data/raw/spi_weekly/wayback/summary/2020-08-06_summary_weekly_spi_nb.pdf,2020-08-06,False,False,166.84951782226562,5.01,3.93,True,0,0,3,35.9,7.0,False,4.919396813661985,-0.2258981272316607,10.055461779599707,0.18224315103039235,0.4391422088853014,0.33781302783286726,1.1116051578479391,-0.23481852042487317,-0.15337423312882237,False,False,False,True,False,False
2020-08-13,Q3,136.71,136.92,125.85,-0.15,8.63,data/raw/spi_weekly/wayback/summary/2020-08-13_summary_weekly_spi_nb.pdf,2020-08-13,False,False,167.8654022216797,0.0,0.0,False,0,0,0,34.9,7.0,False,4.9178618939439005,-0.15337423312882237,8.629320619785474,0.6088626522110951,-0.2258981272316607,0.4391422088853014,-0.19788918205805306,0.18224315103039235,0.877770463023908,False,False,False,True,False,False
2020-08-20,Q3,137.91,136.71,125.32,0.88,10.05,data/raw/spi_weekly/wayback/summary/2020-08-20_summary_weekly_spi_nb.pdf,2020-08-20,False,False,167.1359619140625,0.0,0.0,False,0,0,0,33.9,7.0,False,4.926601298486246,0.877770463023908,10.046281519310574,-0.4345388018990981,-0.15337423312882237,-0.2258981272316607,0.33781302783286726,0.6088626522110951,-0.13051990428540883,False,False,False,True,False,False
2020-08-27,Q3,137.73,137.91,125.25,-0.13,9.96,data/raw/spi_weekly/wayback/summary/2020-08-27_summary_weekly_spi_nb.pdf,2020-08-27,False,False,167.2309814453125,0.0,0.0,False,0,0,0,32.9,7.0,False,4.92529524692924,-0.13051990428540883,9.964071856287426,0.05685163753019751,0.877770463023908,-0.15337423312882237,0.4391422088853014,-0.4345388018990981,0.9003122050388557,False,False,False,True,False,False
2020-09-03,Q3,138.97,137.73,125.27,0.9,10.94,data/raw/spi_weekly/wayback/summary/2020-09-03_summary_weekly_spi_nb.pdf,2020-09-03,False,False,164.87991943359376,0.0,0.0,False,0,0,0,31.9,7.0,False,4.9342580824984905,0.9003122050388557,10.936377424762522,-1.4058770638068485,-0.13051990428540883,0.877770463023908,-0.2258981272316607,0.05685163753019751,0.29502770382097143,False,False,False,True,False,False
2020-09-10,Q3,139.38,138.97,126.31,0.3,10.35,data/raw/spi_weekly/wayback/summary/2020-09-10_summary_weekly_spi_nb.pdf,2020-09-10,False,False,165.5295379638672,0.0,0.0,False,0,0,0,30.9,7.0,False,4.937204016010373,0.29502770382097143,10.347557596389834,0.39399493431646615,0.9003122050388557,-0.13051990428540883,-0.15337423312882237,-1.4058770638068485,0.8035586167312481,False,False,False,True,False,False
2020-09-17,Q3,140.5,139.38,127.56,0.8,10.14,data/raw/spi_weekly/wayback/summary/2020-09-17_summary_weekly_spi_nb.pdf,2020-09-17,False,False,165.86000061035156,0.0,0.0,False,0,0,0,29.9,7.0,False,4.945207488773801,0.8035586167312481,10.144245845092502,0.19963968397984644,0.29502770382097143,0.9003122050388557,0.877770463023908,0.39399493431646615,0.419928825622784,False,False,False,True,False,False
2020-09-24,Q3,141.09,140.5,127.79,0.42,10.41,data/raw/spi_weekly/wayback/summary/2020-09-24_summary_weekly_spi_nb.pdf,2020-09-24,False,False,165.9,0.0,0.0,False,0,0,0,28.9,7.0,True,4.949397984625066,0.419928825622784,10.407700133030762,0.024116356867986966,0.8035586167312481,0.29502770382097143,-0.13051990428540883,0.19963968397984644,0.7654688496704143,False,False,False,True,False,False
2020-10-01,Q3,142.17,141.09,128.06,0.77,11.02,data/raw/spi_weekly/wayback/summary/2020-10-01_summary_weekly_spi_nb.pdf,2020-10-01,False,False,165.65999755859374,-2.28,0.0,True,0,0,0,27.9,7.0,False,4.957023524647607,0.7654688496704143,11.018272684679054,-0.14466693273433862,0.419928825622784,0.8035586167312481,0.9003122050388557,0.024116356867986966,1.39973271435605,False,False,False,True,False,False
2020-10-08,Q3,144.16,142.17,127.52,1.4,13.05,data/raw/spi_weekly/wayback/summary/2020-10-08_summary_weekly_spi_nb.pdf,2020-10-08,False,False,163.95091857910157,0.0,0.0,False,0,0,0,26.9,7.0,False,4.9709237938600275,1.39973271435605,13.048933500627346,-1.0316787424119567,0.7654688496704143,0.419928825622784,0.29502770382097143,-0.14466693273433862,0.41620421753607584,False,False,False,True,False,False
2020-10-15,Q3,144.76,144.16,130.45,0.42,10.97,data/raw/spi_weekly/wayback/summary/2020-10-15_summary_weekly_spi_nb.pdf,2020-10-15,False,False,163.23410339355468,0.0,0.0,False,0,0,0,25.9,7.0,False,4.9750771986955415,0.41620421753607584,10.969720199310085,-0.4372132780708138,1.39973271435605,0.7654688496704143,0.8035586167312481,-1.0316787424119567,-0.3315833103067045,False,False,False,True,False,False
2020-10-22,Q3,144.28,144.76,130.79,-0.33,10.31,data/raw/spi_weekly/wayback/summary/2020-10-22_summary_weekly_spi_nb.pdf,2020-10-22,False,False,162.3300018310547,0.0,0.0,False,0,0,0,24.9,7.0,False,4.9717558560353385,-0.3315833103067045,10.314244208272804,-0.5538680604752155,0.41620421753607584,1.39973271435605,0.419928825622784,-0.4372132780708138,1.587191571943447,False,False,False,True,False,False
2020-10-29,Q3,146.57,144.28,131.56,1.59,11.41,data/raw/spi_weekly/wayback/summary/2020-10-29_summary_weekly_spi_nb.pdf,2020-10-29,False,False,160.87999877929687,0.0,0.0,False,0,0,0,23.9,7.0,False,4.987503130039209,1.587191571943447,11.409242930982044,-0.8932440309259104,-0.3315833103067045,0.41620421753607584,0.7654688496704143,-0.5538680604752155,-0.23197107184280696,False,False,False,True,False,False
2020-11-05,Q3,146.23,146.57,132.41,-0.23,10.44,data/raw/spi_weekly/wayback/summary/2020-11-05_summary_weekly_spi_nb.pdf,2020-11-05,False,False,159.61024475097656,-0.78,-1.46,True,0,0,0,22.9,7.0,False,4.985180724623787,-0.23197107184280696,10.437278151197038,-0.7892553691911774,1.587191571943447,-0.3315833103067045,1.39973271435605,-0.8932440309259104,-0.1572864665253304,False,False,False,True,False,False
2020-11-12,Q3,146.0,146.23,134.18,-0.16,8.81,data/raw/spi_weekly/wayback/summary/2020-11-12_summary_weekly_spi_nb.pdf,2020-11-12,False,False,158.42555541992186,0.0,0.0,False,0,0,0,21.9,7.0,False,4.983606621708336,-0.1572864665253304,8.809062453420768,-0.7422389038391874,-0.23197107184280696,1.587191571943447,0.41620421753607584,-0.7892553691911774,0.3013698630137007,False,False,False,True,False,False
2020-11-19,Q3,146.44,146.0,134.54,0.3,8.84,data/raw/spi_weekly/wayback/summary/2020-11-19_summary_weekly_spi_nb.pdf,2020-11-19,False,False,158.0,-1.74,-1.67,True,0,0,0,20.9,7.0,False,4.986615788252036,0.3013698630137007,8.844953173777315,-0.2686153877093145,-0.1572864665253304,-0.23197107184280696,-0.3315833103067045,-0.7422389038391874,-0.9901666211417526,False,False,False,True,False,False
2020-11-26,Q3,144.99,146.44,133.46,-0.99,8.64,data/raw/spi_weekly/wayback/summary/2020-11-26_summary_weekly_spi_nb.pdf,2020-11-26,False,False,160.07000122070312,0.0,0.0,False,0,0,0,19.9,7.0,True,4.976664774525102,-0.9901666211417526,8.639292671961641,1.31012735487539,0.3013698630137007,-0.1572864665253304,1.587191571943447,-0.2686153877093145,-0.4207186702531285,False,False,False,True,False,False
2020-12-03,Q3,144.38,144.99,132.12,-0.42,9.28,data/raw/spi_weekly/wayback/summary/2020-12-03_summary_weekly_spi_nb.pdf,2020-12-03,False,False,158.99773254394532,3.92,0.0,True,0,0,0,18.9,7.0,False,4.972448712711015,-0.4207186702531285,9.279442930669092,-0.669874847617058,-0.9901666211417526,0.3013698630137007,-0.23197107184280696,1.31012735487539,-0.3809391882532043,False,False,False,True,False,False
2020-12-10,Q3,143.83,144.38,131.21,-0.38,9.62,data/raw/spi_weekly/wayback/summary/2020-12-10_summary_weekly_spi_nb.pdf,2020-12-10,False,False,160.01000061035157,0.0,0.0,False,0,0,0,17.9,7.0,False,4.968632046615798,-0.3809391882532043,9.61816934684856,0.6366556618198738,-0.4207186702531285,-0.9901666211417526,-0.1572864665253304,-0.669874847617058,-0.5631648473892858,False,False,False,True,False,False
2020-12-17,Q3,143.02,143.83,131.05,-0.56,9.13,data/raw/spi_weekly/wayback/summary/2020-12-17_summary_weekly_spi_nb.pdf,2020-12-17,False,False,160.02000427246094,2.77,2.97,True,0,0,0,16.9,7.0,False,4.96298448062025,-0.5631648473892858,9.133918351774128,0.006251898050879667,-0.3809391882532043,-0.4207186702531285,0.3013698630137007,0.6366556618198738,0.05593623269470882,False,False,False,True,False,False
2020-12-24,Q3,143.1,143.02,131.64,0.06,8.71,data/raw/spi_weekly/wayback/summary/2020-12-24_summary_weekly_spi_nb.pdf,2020-12-24,False,False,160.0240020751953,0.0,0.0,False,0,0,0,15.9,7.0,False,4.963543686562405,0.05593623269470882,8.705560619872376,0.0024983143529722085,-0.5631648473892858,-0.3809391882532043,-0.9901666211417526,0.006251898050879667,-0.7407407407407418,False,False,False,True,False,False
2020-12-31,Q3,142.04,143.1,132.65,-0.74,7.08,data/raw/spi_weekly/wayback/summary/2020-12-31_summary_weekly_spi_nb.pdf,2020-12-31,False,False,159.88395080566406,0.0,0.0,False,0,0,0,14.9,7.0,False,4.956108708074887,-0.7407407407407418,7.078778741047853,-0.08751891448474103,0.05593623269470882,-0.5631648473892858,-0.4207186702531285,0.0024983143529722085,0.021120811039154752,False,False,False,True,False,False
2021-01-07,Q3,142.07,142.04,133.21,0.02,6.65,data/raw/spi_weekly/wayback/summary/2021-01-07_summary_weekly_spi_nb.pdf,2021-01-07,False,False,159.7465850830078,1.66,2.15,True,0,0,0,13.9,7.0,False,4.956319893883986,0.021120811039154752,6.651152315892195,-0.08591589209802075,-0.7407407407407418,0.05593623269470882,-0.3809391882532043,-0.08751891448474103,-0.06334905328359008,False,False,False,True,False,False
2021-01-14,Q3,141.98,142.07,132.91,-0.06,6.82,data/raw/spi_weekly/wayback/summary/2021-01-14_summary_weekly_spi_nb.pdf,2021-01-14,False,False,159.84575805664062,0.0,0.0,False,0,0,0,12.9,7.0,False,4.95568620261124,-0.06334905328359008,6.8241667293657216,0.062081435782368466,0.021120811039154752,-0.7407407407407418,-0.5631648473892858,-0.08591589209802075,0.22538385688126716,False,False,False,True,False,False
2021-01-21,Q3,142.3,141.98,132.31,0.23,7.55,data/raw/spi_weekly/wayback/summary/2021-01-21_summary_weekly_spi_nb.pdf,2021-01-21,False,False,159.86031494140624,2.67,3.02,True,0,0,0,11.9,7.0,False,4.957937505095806,0.22538385688126716,7.550449701458706,0.009106832075245208,-0.06334905328359008,0.021120811039154752,0.05593623269470882,0.062081435782368466,0.534082923401269,False,False,False,True,False,False
2021-01-28,Q3,143.06,142.3,131.9,0.53,8.46,data/raw/spi_weekly/wayback/summary/2021-01-28_summary_weekly_spi_nb.pdf,2021-01-28,False,False,160.32000122070312,0.0,0.0,False,0,0,0,10.9,7.0,True,4.963264122680238,0.534082923401269,8.460955269143277,0.28755496914001366,0.22538385688126716,-0.06334905328359008,-0.7407407407407418,0.009106832075245208,0.5382357052984732,False,False,False,True,False,False
2021-02-04,Q3,143.83,143.06,132.36,0.48,8.61,data/raw/spi_weekly/wayback/summary/2021-02-04_summary_weekly_spi_nb.pdf,2021-02-04,False,True,159.80806884765624,2.57,2.49,True,0,0,0,9.9,7.0,False,4.968632046615798,0.5382357052984732,8.665760048352977,-0.3193190925330214,0.534082923401269,0.22538385688126716,0.021120811039154752,0.28755496914001366,0.7995550302440257,False,False,False,True,False,False
2021-02-11,Q3,144.98,143.83,131.81,0.8,9.99,data/raw/spi_weekly/wayback/summary/2021-02-11_summary_weekly_spi_nb.pdf,2021-02-11,False,False,159.56000366210938,0.0,0.0,False,0,0,0,8.9,7.0,False,4.976595801872731,0.7995550302440257,9.991654654426817,-0.15522694650877966,0.5382357052984732,0.534082923401269,-0.06334905328359008,-0.3193190925330214,0.5586977514139946,False,False,False,True,False,False
2021-02-18,Q3,145.79,144.98,131.66,0.56,10.73,data/raw/spi_weekly/wayback/summary/2021-02-18_summary_weekly_spi_nb.pdf,2021-02-18,False,False,158.7555389404297,0.0,0.0,False,0,0,0,7.9,7.0,False,4.982167230116731,0.5586977514139946,10.732188971593493,-0.5041769260567652,0.7995550302440257,0.5382357052984732,0.22538385688126716,-0.15522694650877966,1.9480074079154974,False,False,False,True,False,False
2021-02-25,Q3,148.63,145.79,130.04,1.95,14.3,data/raw/spi_weekly/wayback/summary/2021-02-25_summary_weekly_spi_nb.pdf,2021-02-25,False,False,158.51245727539063,0.0,0.0,False,0,0,0,6.9,7.0,False,5.001459996160803,1.9480074079154974,14.29560135342971,-0.15311696628755866,0.5586977514139946,0.7995550302440257,0.534082923401269,-0.5041769260567652,0.6189867456099174,False,False,False,True,False,False
2021-03-04,Q3,149.55,148.63,130.07,0.62,14.98,data/raw/spi_weekly/wayback/summary/2021-03-04_summary_weekly_spi_nb.pdf,2021-03-04,False,False,157.15894470214843,0.0,0.0,False,0,0,0,5.9,7.0,False,5.007630785075957,0.6189867456099174,14.976551087875766,-0.8538840394674341,1.9480074079154974,0.5586977514139946,0.5382357052984732,-0.15311696628755866,-0.414577064526922,False,False,False,True,False,False
2021-03-11,Q3,148.93,149.55,131.05,-0.41,13.64,data/raw/spi_weekly/wayback/summary/2021-03-11_summary_weekly_spi_nb.pdf,2021-03-11,False,False,156.7499969482422,0.0,0.0,False,0,0,0,4.9,7.0,False,5.003476396897776,-0.414577064526922,13.643647462800445,-0.2602128403707993,0.6189867456099174,1.9480074079154974,0.7995550302440257,-0.8538840394674341,-0.1544349694487468,False,False,False,True,False,False
2021-03-18,Q3,148.7,148.93,131.11,-0.15,13.42,data/raw/spi_weekly/wayback/summary/2021-03-18_summary_weekly_spi_nb.pdf,2021-03-18,False,False,156.22545776367187,0.0,0.0,False,0,0,0,3.9,7.0,False,5.001930853466109,-0.1544349694487468,13.41621539165585,-0.3346342550446968,-0.414577064526922,0.6189867456099174,0.5586977514139946,-0.2602128403707993,0.5985205110961678,False,False,False,True,False,False
2021-03-25,Q3,149.59,148.7,130.18,0.6,14.91,data/raw/spi_weekly/wayback/summary/2021-03-25_summary_weekly_spi_nb.pdf,2021-03-25,False,False,155.3657196044922,0.0,0.0,False,0,0,0,2.9,7.0,True,5.007898218386369,0.5985205110961678,14.910124443078821,-0.5503188606304055,-0.1544349694487468,-0.414577064526922,1.9480074079154974,-0.3346342550446968,-0.3877264523029722,False,False,False,True,False,False
2021-04-01,Q3,149.01,149.59,127.64,-0.39,16.74,data/raw/spi_weekly/wayback/summary/2021-04-01_summary_weekly_spi_nb.pdf,2021-04-01,False,False,153.68600463867188,-2.56,-1.36,True,0,0,0,1.9,7.0,False,5.004013417787369,-0.3877264523029722,16.742400501410202,-1.0811361541634201,0.5985205110961678,-0.1544349694487468,0.6189867456099174,-0.5503188606304055,0.6106972686396928,False,False,False,True,False,False
2021-04-08,Q3,149.92,149.01,126.99,0.61,18.06,data/raw/spi_weekly/wayback/summary/2021-04-08_summary_weekly_spi_nb.pdf,2021-04-08,False,False,152.139892578125,0.0,0.0,False,0,0,0,0.9,7.0,False,5.010101818490112,0.6106972686396928,18.05653988503031,-1.006020075921621,-0.3877264523029722,0.5985205110961678,-0.414577064526922,-1.0811361541634201,0.5069370330843315,False,False,False,True,False,False
2021-04-15,Q3,150.68,149.92,127.11,0.51,18.54,data/raw/spi_weekly/wayback/summary/2021-04-15_summary_weekly_spi_nb.pdf,2021-04-15,False,False,152.34845275878905,0.0,0.0,False,2,0,0,50.4,7.0,False,5.015158382823841,0.5069370330843315,18.542994256942812,0.13708448003337814,0.6106972686396928,-0.3877264523029722,-0.1544349694487468,-1.006020075921621,-0.3849216883461737,False,False,False,True,False,False
2021-04-22,Q3,150.1,150.68,128.02,-0.38,17.25,data/raw/spi_weekly/wayback/summary/2021-04-22_summary_weekly_spi_nb.pdf,2021-04-22,False,False,152.50263671875,-2.02,-1.58,True,7,0,0,49.4,7.0,False,5.011301738639416,-0.3849216883461737,17.24730510857677,0.10120480856150582,0.5069370330843315,0.6106972686396928,0.5985205110961678,0.13708448003337814,0.14656895403064585,False,False,False,True,False,False
2021-04-29,Q3,150.32,150.1,128.97,0.15,16.55,data/raw/spi_weekly/wayback/summary/2021-04-29_summary_weekly_spi_nb.pdf,2021-04-29,False,False,153.30137939453124,0.0,0.0,False,7,0,0,48.4,7.0,False,5.01276635510521,0.14656895403064585,16.55423741955493,0.5237566333061494,-0.3849216883461737,0.5069370330843315,-0.3877264523029722,0.10120480856150582,0.5055880787653066,False,False,False,True,False,False
2021-05-06,Q3,151.08,150.32,129.98,0.51,16.23,data/raw/spi_weekly/wayback/summary/2021-05-06_summary_weekly_spi_nb.pdf,2021-05-06,False,False,152.87866821289063,0.0,0.0,False,7,0,0,47.4,7.0,False,5.017809497844256,0.5055880787653066,16.233266656408695,-0.2757386680472984,0.14656895403064585,-0.3849216883461737,0.6106972686396928,0.5237566333061494,0.0,False,False,False,True,False,False
2021-05-13,Q3,151.08,,,,,,,True,False,151.4324157714844,,,,6,1,0,46.4,7.0,False,5.017809497844256,0.0,,-0.9460132393306009,0.5055880787653066,0.14656895403064585,0.5069370330843315,-0.2757386680472984,0.8406142441090614,False,False,False,True,False,False
2021-05-20,Q3,152.35,151.08,130.84,0.84,16.44,data/raw/spi_weekly/wayback/summary/2021-05-20_summary_weekly_spi_nb.pdf,2021-05-20,False,False,152.3540008544922,0.0,0.0,False,0,2,0,45.4,7.0,False,5.026180505431718,0.8406142441090614,16.439926627942512,0.608578472655763,0.0,0.5055880787653066,-0.3849216883461737,-0.9460132393306009,-0.5776173285198527,False,False,False,True,False,False
2021-05-27,Q3,151.47,152.35,131.02,-0.58,15.61,data/raw/spi_weekly/wayback/summary/2021-05-27_summary_weekly_spi_nb.pdf,2021-05-27,False,False,153.56000061035155,0.0,0.0,False,0,0,0,44.4,7.0,False,5.020387585538934,-0.5776173285198527,15.60830407571363,0.791577345586858,0.8406142441090614,0.0,0.14656895403064585,0.608578472655763,-0.660196738628116,False,False,False,True,False,False
2021-06-03,Q3,150.47,151.47,130.88,-0.66,14.97,data/raw/spi_weekly/wayback/summary/2021-06-03_summary_weekly_spi_nb.pdf,2021-06-03,False,False,154.08638610839844,0.0,0.0,False,0,0,0,43.4,7.0,True,5.013763728770787,-0.660196738628116,14.967909535452328,0.34278815834505316,-0.5776173285198527,0.8406142441090614,0.5055880787653066,0.791577345586858,-0.478500697813522,False,False,False,True,False,False
2021-06-10,Q3,149.75,150.47,131.13,-0.48,14.2,data/raw/spi_weekly/wayback/summary/2021-06-10_summary_weekly_spi_nb.pdf,2021-06-10,False,False,154.61000061035156,0.0,0.0,False,0,0,0,42.4,7.0,False,5.0089672369955585,-0.478500697813522,14.199649203080922,0.3398187959218868,-0.660196738628116,-0.5776173285198527,0.0,0.34278815834505316,0.2337228714524242,False,False,False,True,False,False
2021-06-17,Q3,150.1,149.75,132.69,0.23,13.12,data/raw/spi_weekly/wayback/summary/2021-06-17_summary_weekly_spi_nb.pdf,2021-06-17,False,False,155.67999877929688,1.6,1.89,True,0,0,0,41.4,7.0,False,5.011301738639416,0.2337228714524242,13.120807898108367,0.6920627156854708,-0.478500697813522,-0.660196738628116,0.8406142441090614,0.3398187959218868,0.75949367088608,False,False,False,True,False,False
2021-06-24,Q3,151.24,150.1,132.99,0.76,13.72,data/raw/spi_weekly/wayback/summary/2021-06-24_summary_weekly_spi_nb.pdf,2021-06-24,False,False,157.1,0.0,0.0,False,0,0,0,40.4,7.0,False,5.018867979022732,0.75949367088608,13.722836303481456,0.9121282321669311,0.2337228714524242,-0.478500697813522,-0.5776173285198527,0.6920627156854708,0.5554086220576515,False,False,False,True,False,False
2021-07-01,Q3,152.08,151.24,134.94,0.56,12.7,data/raw/spi_weekly/wayback/summary/2021-07-01_summary_weekly_spi_nb.pdf,2021-07-01,False,False,157.56601257324218,1.21,1.78,True,0,0,0,39.4,7.0,False,5.024406698180174,0.5554086220576515,12.701941603675726,0.29663435597846455,0.75949367088608,0.2337228714524242,-0.660196738628116,0.9121282321669311,0.20384008416620691,False,False,False,True,False,False
2021-07-08,Q3,152.39,152.08,136.44,0.2,11.69,data/raw/spi_weekly/wayback/summary/2021-07-08_summary_weekly_spi_nb.pdf,2021-07-08,False,False,157.3176696777344,0.0,0.0,False,0,0,0,38.4,7.0,False,5.026443024301769,0.20384008416620691,11.690120199355025,-0.15761196939114708,0.5554086220576515,0.75949367088608,-0.478500697813522,0.29663435597846455,0.42653717435527927,False,False,False,True,False,False
2021-07-15,Q3,153.04,152.39,136.17,0.43,12.39,data/raw/spi_weekly/wayback/summary/2021-07-15_summary_weekly_spi_nb.pdf,2021-07-15,False,False,158.76668395996094,0.0,0.0,False,0,0,0,37.4,7.0,False,5.030699325131997,0.42653717435527927,12.388925607696265,0.9210753535790817,0.20384008416620691,0.5554086220576515,0.2337228714524242,-0.15761196939114708,0.0,False,False,False,True,False,False
2021-07-22,Q3,153.04,,,,,,,True,False,159.5035400390625,,,,0,0,2,36.4,7.0,False,5.030699325131997,0.0,,0.4641125333872731,0.42653717435527927,0.20384008416620691,0.75949367088608,0.9210753535790817,-0.08494511238891223,False,False,False,True,False,False
2021-07-29,Q3,152.91,153.04,137.23,-0.08,11.43,data/raw/spi_weekly/wayback/summary/2021-07-29_summary_weekly_spi_nb.pdf,2021-07-29,False,False,160.6571075439453,2.3,4.73,True,0,0,1,35.4,7.0,True,5.02984951302006,-0.08494511238891223,11.426073016104365,0.7232237633097549,0.0,0.42653717435527927,0.5554086220576515,0.4641125333872731,0.026159178601781186,False,False,False,True,False,False
2021-08-05,Q3,152.95,152.91,136.92,0.03,11.71,data/raw/spi_weekly/wayback/summary/2021-08-05_summary_weekly_spi_nb.pdf,2021-08-05,False,False,161.4541473388672,0.0,1.44,True,0,0,0,34.4,7.0,False,5.030111070596912,0.026159178601781186,11.707566462167684,0.49611237691669086,-0.08494511238891223,0.0,0.20384008416620691,0.7232237633097549,0.6472703497875099,False,False,False,True,False,False
2021-08-12,Q3,153.94,152.95,136.71,0.65,12.6,data/raw/spi_weekly/wayback/summary/2021-08-12_summary_weekly_spi_nb.pdf,2021-08-12,False,False,162.92091064453126,0.0,0.0,False,0,0,0,33.4,7.0,False,5.036562916106171,0.6472703497875099,12.603320898251757,0.9084705037558205,0.026159178601781186,-0.08494511238891223,0.42653717435527927,0.49611237691669086,0.0,False,False,False,True,False,False
2021-08-19,Q3,153.94,,,,,,,True,False,163.07505798339844,,,,0,0,0,32.4,7.0,False,5.036562916106171,0.0,,0.09461482768378104,0.6472703497875099,0.026159178601781186,0.0,0.9084705037558205,0.2858256463557307,False,False,False,True,False,False
2021-08-26,Q3,154.38,153.94,137.73,0.29,12.09,data/raw/spi_weekly/wayback/summary/2021-08-26_summary_weekly_spi_nb.pdf,2021-08-26,False,False,163.9204864501953,0.0,0.0,False,0,0,0,31.4,7.0,False,5.039417095521708,0.2858256463557307,12.088869527336099,0.5184290456502261,0.0,0.6472703497875099,-0.08494511238891223,0.09461482768378104,0.7578701904391805,False,False,False,True,False,False
2021-09-02,Q3,155.55,154.38,138.97,0.76,11.93,data/raw/spi_weekly/wayback/summary/2021-09-02_summary_weekly_spi_nb.pdf,2021-09-02,False,False,165.5001220703125,-1.32,-1.25,True,0,0,0,30.4,7.0,False,5.046967223343646,0.7578701904391805,11.930632510613815,0.9636596708106682,0.2858256463557307,0.0,0.026159178601781186,0.5184290456502261,1.5686274509803866,False,False,False,True,False,False
2021-09-09,Q3,157.99,155.55,139.38,1.57,13.35,data/raw/spi_weekly/wayback/summary/2021-09-09_summary_weekly_spi_nb.pdf,2021-09-09,False,False,166.12130432128907,0.0,0.0,False,0,0,0,29.4,7.0,False,5.062531739884758,1.5686274509803866,13.35198737265031,0.3753364306962048,0.7578701904391805,0.2858256463557307,0.6472703497875099,0.9636596708106682,1.006392809671497,False,False,False,True,False,False
2021-09-16,Q3,159.58,157.99,140.5,1.01,13.58,data/raw/spi_weekly/wayback/summary/2021-09-16_summary_weekly_spi_nb.pdf,2021-09-16,False,False,167.79497680664062,4.37,4.19,True,0,0,0,28.4,7.0,False,5.072545363880135,1.006392809671497,13.580071174377228,1.0075002072669426,1.5686274509803866,0.7578701904391805,0.0,0.3753364306962048,-0.11906253916532661,False,False,False,True,False,False
2021-09-23,Q3,159.39,159.58,141.09,-0.12,12.97,data/raw/spi_weekly/wayback/summary/2021-09-23_summary_weekly_spi_nb.pdf,2021-09-23,False,False,167.99000244140626,0.0,0.0,False,0,0,0,27.4,7.25,True,5.071354029130961,-0.11906253916532661,12.970444397193258,0.11622852988644183,1.006392809671497,1.5686274509803866,0.2858256463557307,1.0075002072669426,-0.1819436602045199,False,False,False,True,False,False
2021-09-30,Q3,159.1,159.39,142.17,-0.18,11.91,data/raw/spi_weekly/wayback/summary/2021-09-30_summary_weekly_spi_nb.pdf,2021-09-30,False,False,168.97999877929686,0.0,0.0,False,0,0,0,26.4,7.25,False,5.069532935343741,-0.1819436602045199,11.908278821129636,0.5893186043829601,-0.11906253916532661,1.006392809671497,0.7578701904391805,0.11622852988644183,1.08108108108107,False,False,False,True,False,False
2021-10-07,Q3,160.82,159.1,144.16,1.08,11.56,data/raw/spi_weekly/wayback/summary/2021-10-07_summary_weekly_spi_nb.pdf,2021-10-07,False,False,169.9945831298828,1.59,3.2,True,0,0,0,25.4,7.25,False,5.080285727120003,1.08108108108107,11.556603773584895,0.6004168291604106,-0.1819436602045199,-0.11906253916532661,1.5686274509803866,0.5893186043829601,0.16788956597437732,False,False,False,True,False,False
2021-10-14,Q3,161.09,160.82,144.76,0.17,11.28,data/raw/spi_weekly/wayback/summary/2021-10-14_summary_weekly_spi_nb.pdf,2021-10-14,False,False,170.21651306152344,0.0,0.0,False,0,0,0,24.4,7.25,False,5.081963215009874,0.16788956597437732,11.280740536059696,0.1305511784873037,1.08108108108107,-0.1819436602045199,1.006392809671497,0.6004168291604106,1.1111800856663967,False,False,False,True,False,False
2021-10-21,Q3,162.88,161.09,144.28,1.11,12.89,data/raw/spi_weekly/wayback/summary/2021-10-21_summary_weekly_spi_nb.pdf,2021-10-21,False,False,171.53999938964844,10.06,8.19,True,0,0,0,23.4,7.25,False,5.093013733362158,1.1111800856663967,12.891599667313546,0.7775311010199237,0.16788956597437732,1.08108108108107,-0.11906253916532661,0.1305511784873037,1.1419449901768353,False,False,False,True,False,False
2021-10-28,Q3,164.74,162.88,146.57,1.14,12.4,data/raw/spi_weekly/wayback/summary/2021-10-28_summary_weekly_spi_nb.pdf,2021-10-28,False,False,173.6042907714844,0.0,0.0,False,0,0,0,22.4,7.25,False,5.1043684735131025,1.1419449901768353,12.39680698642287,1.203387774968423,1.1111800856663967,0.16788956597437732,-0.1819436602045199,0.7775311010199237,0.752701226174568,False,False,False,True,False,False
2021-11-04,Q3,165.98,164.74,146.23,0.75,13.51,data/raw/spi_weekly/wayback/summary/2021-11-04_summary_weekly_spi_nb.pdf,2021-11-04,False,False,170.70999755859376,0.0,0.0,False,0,0,0,21.4,7.25,False,5.111867299170302,0.752701226174568,13.50612049511044,-1.6671783859883882,1.1419449901768353,1.1111800856663967,1.08108108108107,1.203387774968423,1.6869502349680765,False,False,False,True,False,False
2021-11-11,Q3,168.78,165.98,146.0,1.69,15.6,data/raw/spi_weekly/wayback/summary/2021-11-11_summary_weekly_spi_nb.pdf,2021-11-11,False,False,170.23999633789063,6.04,5.78,True,0,0,0,20.4,7.25,False,5.12859609172982,1.6869502349680765,15.602739726027393,-0.27532143836028755,0.752701226174568,1.1419449901768353,0.16788956597437732,-1.6671783859883882,0.9124303827467761,False,False,False,True,False,False
2021-11-18,Q3,170.32,168.78,146.44,0.91,16.31,data/raw/spi_weekly/wayback/summary/2021-11-18_summary_weekly_spi_nb.pdf,2021-11-18,False,False,174.02125244140626,0.0,0.0,False,0,0,0,19.4,7.25,False,5.137679020585224,0.9124303827467761,16.30701993990713,2.2211326273824827,1.6869502349680765,0.752701226174568,1.1111800856663967,-0.27532143836028755,-0.7573978393611958,False,False,False,True,False,False
2021-11-25,Q3,169.03,170.32,144.99,-0.76,16.58,data/raw/spi_weekly/wayback/summary/2021-11-25_summary_weekly_spi_nb.pdf,2021-11-25,False,False,174.08734130859375,0.0,0.0,False,0,0,0,18.4,8.75,True,5.130076213962086,-0.7573978393611958,16.580453824401676,0.03797746899318888,0.9124303827467761,1.6869502349680765,1.1419449901768353,2.2211326273824827,-0.4732887653079443,False,False,False,True,False,False
2021-12-02,Q3,168.23,169.03,144.38,-0.47,16.52,data/raw/spi_weekly/wayback/summary/2021-12-02_summary_weekly_spi_nb.pdf,2021-12-02,False,False,175.3760955810547,0.0,0.0,False,0,0,0,17.4,8.75,False,5.125332090731069,-0.4732887653079443,16.518908436071467,0.7402917769744333,-0.7573978393611958,0.9124303827467761,0.752701226174568,0.03797746899318888,-0.07133091600782793,False,False,False,True,False,False
2021-12-09,Q3,168.11,168.23,143.83,-0.07,16.88,data/raw/spi_weekly/wayback/summary/2021-12-09_summary_weekly_spi_nb.pdf,2021-12-09,False,False,175.90719299316407,0.0,0.0,False,0,0,0,16.4,8.75,False,5.124618527044968,-0.07133091600782793,16.881040116804556,0.30283341087606885,-0.4732887653079443,-0.7573978393611958,1.6869502349680765,0.7402917769744333,0.428290999940506,False,False,False,True,False,False
2021-12-16,Q3,168.83,168.11,143.02,0.43,18.05,data/raw/spi_weekly/wayback/summary/2021-12-16_summary_weekly_spi_nb.pdf,2021-12-16,False,False,176.98464660644532,-3.48,-3.4,True,0,0,0,15.4,9.75,True,5.128892291489103,0.428290999940506,18.046427073136616,0.6125125385424868,-0.07133091600782793,-0.4732887653079443,0.9124303827467761,0.30283341087606885,0.3080021323224491,False,False,False,True,False,False
2021-12-23,Q3,169.35,168.83,143.1,0.31,18.34,data/raw/spi_weekly/wayback/summary/2021-12-23_summary_weekly_spi_nb.pdf,2021-12-23,False,False,177.7532531738281,0.0,0.0,False,0,0,0,14.4,9.75,False,5.13196757926378,0.3080021323224491,18.343815513626826,0.43427866886776023,0.428290999940506,-0.07133091600782793,-0.7573978393611958,0.6125125385424868,-0.6141127841747807,False,False,False,True,False,False
2021-12-30,Q3,168.31,169.35,142.04,-0.61,18.49,data/raw/spi_weekly/wayback/summary/2021-12-30_summary_weekly_spi_nb.pdf,2021-12-30,False,False,176.2300018310547,0.0,0.0,False,0,0,0,13.4,9.75,False,5.125807517138075,-0.6141127841747807,18.49479019994369,-0.8569470969309378,0.3080021323224491,0.428290999940506,-0.4732887653079443,0.43427866886776023,-0.10100409957817247,False,False,False,True,False,False
2022-01-06,Q3,168.14,168.31,142.07,-0.1,18.35,data/raw/spi_weekly/wayback/summary/2022-01-06_summary_weekly_spi_nb.pdf,2022-01-06,False,False,176.9200012207031,2.75,2.68,True,0,0,0,12.4,9.75,False,5.124796965707151,-0.10100409957817247,18.350109101147318,0.3915334406623394,-0.6141127841747807,0.3080021323224491,-0.07133091600782793,-0.8569470969309378,-0.41631973355535923,False,False,False,True,False,False
2022-01-13,Q3,167.44,168.14,141.98,-0.42,17.93,data/raw/spi_weekly/wayback/summary/2022-01-13_summary_weekly_spi_nb.pdf,2022-01-13,False,False,175.87482299804688,0.0,0.0,False,0,0,0,11.4,9.75,False,5.120625078137745,-0.41631973355535923,17.93210311311453,-0.5907631785240564,-0.10100409957817247,-0.6141127841747807,0.428290999940506,0.3915334406623394,-0.047778308647861145,False,False,False,True,False,False
2022-01-20,Q3,167.36,167.44,142.3,-0.05,17.61,data/raw/spi_weekly/wayback/summary/2022-01-20_summary_weekly_spi_nb.pdf,2022-01-20,False,False,175.58673095703125,2.09,2.07,True,0,0,0,10.4,9.75,False,5.120147180876558,-0.047778308647861145,17.610681658468017,-0.163805163300057,-0.41631973355535923,-0.10100409957817247,0.3080021323224491,-0.5907631785240564,-0.07170172084129955,False,False,False,True,False,False
2022-01-27,Q3,167.24,167.36,143.06,-0.07,16.9,data/raw/spi_weekly/wayback/summary/2022-01-27_summary_weekly_spi_nb.pdf,2022-01-27,False,False,176.2,0.0,0.0,False,0,0,0,9.4,9.75,True,5.119429906488365,-0.07170172084129955,16.901999161191107,0.349268443934303,-0.047778308647861145,-0.41631973355535923,-0.6141127841747807,-0.163805163300057,1.4769193972733685,False,False,False,True,False,False
2022-02-03,Q3,169.71,167.24,143.83,1.48,17.99,data/raw/spi_weekly/wayback/summary/2022-02-03_summary_weekly_spi_nb.pdf,2022-02-03,False,False,176.0082794189453,0.0,0.0,False,0,0,0,8.4,9.75,False,5.134091098023174,1.4769193972733685,17.993464506709312,-0.10880850230118311,-0.07170172084129955,-0.047778308647861145,-0.10100409957817247,0.349268443934303,-0.14141771256850344,False,False,False,True,False,False
2022-02-10,Q3,169.47,169.71,144.98,-0.14,16.89,data/raw/spi_weekly/wayback/summary/2022-02-10_summary_weekly_spi.pdf,2022-02-10,False,False,174.2802520751953,0.0,0.0,False,0,0,0,7.4,9.75,False,5.132675920005281,-0.14141771256850344,16.891985101393292,-0.9817875326403547,1.4769193972733685,-0.07170172084129955,-0.41631973355535923,-0.10880850230118311,0.14161798548415483,False,False,False,True,False,False
2022-02-17,Q3,169.71,169.47,145.79,0.14,16.41,data/raw/spi_weekly/wayback/summary/2022-02-17_summary_weekly_spi.pdf,2022-02-17,False,False,174.62807922363282,6.52,8.12,True,0,0,0,6.4,9.75,False,5.134091098023174,0.14161798548415483,16.407160984978407,0.19957920894413395,-0.14141771256850344,1.4769193972733685,-0.047778308647861145,-0.9817875326403547,0.48317718460904047,False,False,False,True,False,False
2022-02-24,Q3,170.53,169.71,148.63,0.48,14.73,data/raw/spi_weekly/wayback/summary/2022-02-24_summary_weekly_spi.pdf,2022-02-24,False,False,175.22208557128906,0.0,0.0,False,0,0,0,5.4,9.75,False,5.138911234324823,0.48317718460904047,14.73457579223576,0.34015511726239733,0.14161798548415483,-0.14141771256850344,-0.07170172084129955,0.19957920894413395,0.13487362927344648,False,False,False,True,False,False
2022-03-03,Q3,170.76,170.53,149.55,0.13,14.18,data/raw/spi_weekly/wayback/summary/2022-03-03_summary_weekly_spi.pdf,2022-03-03,False,False,176.25739440917968,-6.43,-6.23,True,0,0,0,4.4,9.75,False,5.140259061889761,0.13487362927344648,14.182547642928768,0.5908552192579686,0.48317718460904047,0.14161798548415483,1.4769193972733685,0.34015511726239733,0.5504802061372605,False,False,False,True,False,False
2022-03-10,Q3,171.7,170.76,148.93,0.55,15.29,data/raw/spi_weekly/wayback/summary/2022-03-10_summary_weekly_spi.pdf,2022-03-10,False,False,177.85528869628905,0.0,0.0,False,0,0,0,3.4,9.75,True,5.14574876790343,0.5504802061372605,15.289061975424678,0.9065686534545536,0.13487362927344648,0.48317718460904047,-0.14141771256850344,0.5908552192579686,-1.118229470005816,False,False,False,True,False,False
2022-03-17,Q3,169.78,171.7,148.7,-1.12,14.18,data/raw/spi_weekly/wayback/summary/2022-03-17_summary_weekly_spi.pdf,2022-03-17,False,False,178.55,0.0,0.0,False,0,0,0,2.4,9.75,False,5.134503481309822,-1.118229470005816,14.17619367854741,0.39060480506558637,0.5504802061372605,0.13487362927344648,0.14161798548415483,0.9065686534545536,1.2545647308281227,False,False,False,True,False,False
2022-03-24,Q3,171.91,169.78,149.59,1.25,14.92,data/raw/spi_weekly/wayback/summary/2022-03-24_summary_weekly_spi.pdf,2022-03-24,False,False,180.1953369140625,0.0,0.0,False,0,0,0,1.4,9.75,False,5.146971084053402,1.2545647308281227,14.92078347483119,0.9214992517851961,-1.118229470005816,0.5504802061372605,0.48317718460904047,0.39060480506558637,0.6922226746553406,False,False,False,True,False,False
2022-03-31,Q3,173.1,171.91,149.01,0.69,16.17,data/raw/spi_weekly/wayback/summary/2022-03-31_summary_weekly_spi.pdf,2022-03-31,False,False,181.6449951171875,0.0,0.0,False,0,0,0,0.4,9.75,False,5.153869462182164,0.6922226746553406,16.16670022146165,0.8044926289165755,1.2545647308281227,-1.118229470005816,0.13487362927344648,0.9214992517851961,1.6522241478913902,False,False,False,True,False,False
2022-04-07,Q3,175.96,173.1,149.92,1.65,17.37,data/raw/spi_weekly/wayback/summary/2022-04-07_summary_weekly_spi.pdf,2022-04-07,False,False,183.67746276855468,0.0,0.0,False,5,0,0,50.0,12.25,True,5.170256696480519,1.6522241478913902,17.369263607257214,1.1189230124705185,0.6922226746553406,1.2545647308281227,0.5504802061372605,0.8044926289165755,-0.8013184814730567,False,False,False,True,False,False
2022-04-14,Q3,174.55,175.96,150.68,-0.8,15.84,data/raw/spi_weekly/wayback/summary/2022-04-14_summary_weekly_spi.pdf,2022-04-14,False,False,183.08999938964843,0.0,0.0,False,7,0,0,49.0,12.25,False,5.162211233551045,-0.8013184814730567,15.841518449694725,-0.31983421920765975,1.6522241478913902,0.6922226746553406,-1.118229470005816,1.1189230124705185,-1.4265253509023301,False,False,False,True,False,False
2022-04-21,Q3,172.06,174.55,150.1,-1.43,14.63,data/raw/spi_weekly/wayback/summary/2022-04-21_summary_weekly_spi.pdf,2022-04-21,False,False,182.43000183105468,0.0,0.0,False,7,0,0,48.0,12.25,False,5.147843253193202,-1.4265253509023301,14.63024650233178,-0.36047712097543316,-0.8013184814730567,1.6522241478913902,1.2545647308281227,-0.31983421920765975,0.3777751946995256,False,False,False,True,False,False
2022-04-28,Q3,172.71,172.06,150.32,0.38,14.89,data/raw/spi_weekly/wayback/summary/2022-04-28_summary_weekly_spi.pdf,2022-04-28,False,False,186.02614135742186,0.0,0.0,False,7,0,0,47.0,12.25,False,5.151613887355828,0.3777751946995256,14.894890899414603,1.9712434853218497,-1.4265253509023301,-0.8013184814730567,0.6922226746553406,-0.36047712097543316,0.0,False,False,False,True,False,False
2022-05-05,Q3,172.71,,,,,,,True,False,185.37000122070313,,,,4,3,0,46.0,12.25,False,5.151613887355828,0.0,,-0.35271394220774965,0.3777751946995256,-1.4265253509023301,1.6522241478913902,1.9712434853218497,1.0074691679694103,False,False,False,True,False,False
2022-05-12,Q3,174.45,172.71,151.08,1.01,15.47,data/raw/spi_weekly/wayback/summary/2022-05-12_summary_weekly_spi.pdf,2022-05-12,False,False,187.35999755859376,0.0,0.0,False,0,0,0,45.0,12.25,False,5.161638167632783,1.0074691679694103,15.468625893566301,1.0735266358019357,0.0,0.3777751946995256,-0.8013184814730567,-0.35271394220774965,1.5362568071080496,False,False,False,True,False,False
2022-05-19,Q3,177.13,174.45,152.35,1.54,16.27,data/raw/spi_weekly/wayback/summary/2022-05-19_summary_weekly_spi.pdf,2022-05-19,False,False,194.03999938964844,0.0,0.0,False,0,0,0,44.0,12.25,False,5.176883926264505,1.5362568071080496,16.265178864456843,3.5653298025719815,1.0074691679694103,0.0,-1.4265253509023301,1.0735266358019357,-0.39518997346581486,False,False,False,True,False,False
2022-05-26,Q3,176.43,177.13,151.47,-0.4,16.48,data/raw/spi_weekly/wayback/summary/2022-05-26_summary_weekly_spi.pdf,2022-05-26,False,False,200.5,0.0,0.0,False,0,0,0,43.0,13.75,True,5.172924197139975,-0.39518997346581486,16.47851059615766,3.329210797088966,1.5362568071080496,1.0074691679694103,0.3777751946995256,3.5653298025719815,1.41132460465907,False,False,False,True,False,False
2022-06-02,Q3,178.92,176.43,150.47,1.41,18.91,data/raw/spi_weekly/wayback/summary/2022-06-02_summary_weekly_spi.pdf,2022-06-02,False,False,199.01598510742187,20.69,19.91,True,0,0,0,42.0,13.75,False,5.186938778564647,1.41132460465907,18.90742340665912,-0.7401570536549329,-0.39518997346581486,1.5362568071080496,0.0,3.329210797088966,2.1741560473955035,False,False,False,True,False,False
2022-06-09,Q3,182.81,178.92,149.75,2.17,22.08,data/raw/spi_weekly/wayback/summary/2022-06-09_summary_weekly_spi.pdf,2022-06-09,False,False,198.759521484375,17.18,16.61,True,0,0,0,41.0,13.75,False,5.208447362118994,2.1741560473955035,22.07679465776293,-0.12886584105715748,1.41132460465907,-0.39518997346581486,1.0074691679694103,-0.7401570536549329,3.096110716043987,False,False,False,True,False,False
2022-06-16,Q3,188.47,182.81,150.1,3.1,25.56,data/raw/spi_weekly/wayback/summary/2022-06-16_summary_weekly_spi.pdf,2022-06-16,False,False,203.49714050292968,28.91,11.43,True,0,0,0,40.0,13.75,False,5.238938843028536,3.096110716043987,25.56295802798134,2.383593491860525,2.1741560473955035,1.41132460465907,1.5362568071080496,-0.12886584105715748,1.2256592561150415,False,False,False,True,False,False
2022-06-23,Q3,190.78,188.47,151.24,1.23,26.14,data/raw/spi_weekly/wayback/summary/2022-06-23_summary_weekly_spi.pdf,2022-06-23,False,False,209.0722442626953,0.0,0.0,False,0,0,0,39.0,13.75,False,5.251120931717062,1.2256592561150415,26.143877281142558,2.7396472235369673,3.096110716043987,2.1741560473955035,-0.39518997346581486,2.383593491860525,3.548589998951668,False,False,False,True,False,False
2022-06-30,Q3,197.55,190.78,152.08,3.55,29.9,data/raw/spi_weekly/wayback/summary/2022-07-01_summary_weekly_spi.pdf,2022-06-30,False,False,206.15863647460938,0.0,0.0,False,0,0,0,38.0,13.75,False,5.2859917168574,3.548589998951668,29.89873750657548,-1.393588995211159,1.2256592561150415,3.096110716043987,1.41132460465907,2.7396472235369673,1.0731460389774572,False,False,False,True,False,False
2022-07-07,Q3,199.67,197.55,152.39,1.07,31.03,data/raw/spi_weekly/wayback/summary/2022-07-06_summary_weekly_spi.pdf,2022-07-06,False,False,203.91466064453124,5.06,6.36,True,0,0,0,37.0,15.0,True,5.296666003798806,1.0731460389774572,31.025657851565057,-1.0884704460850991,3.548589998951668,1.2256592561150415,2.1741560473955035,-1.393588995211159,0.0,False,False,False,True,False,False
2022-07-14,Q3,199.67,199.67,153.04,0.0,30.47,data/raw/spi_weekly/wayback/summary/2022-07-14_summary_weekly_spi.pdf,2022-07-14,False,False,206.3933319091797,0.0,0.0,False,0,0,3,36.0,15.0,False,5.296666003798806,0.0,30.469158389963404,1.2155434321465153,1.0731460389774572,3.548589998951668,3.096110716043987,-1.0884704460850991,0.1252065908749378,False,False,False,True,False,False
2022-07-21,Q3,199.92,199.67,153.04,0.13,30.63,data/raw/spi_weekly/wayback/summary/2022-07-21_summary_weekly_spi.pdf,2022-07-21,False,False,214.80025939941407,-14.62,-7.41,True,0,0,0,35.0,15.0,False,5.297917286526697,0.1252065908749378,30.632514375326704,4.073255377229779,0.0,1.0731460389774572,1.2256592561150415,1.2155434321465153,3.2312925170068008,False,False,False,True,False,False
2022-07-28,Q3,206.38,199.92,152.91,3.23,34.97,data/raw/spi_weekly/wayback/summary/2022-07-28_summary_weekly_spi.pdf,2022-07-28,False,False,229.11680603027344,0.0,0.0,False,0,0,0,34.0,15.0,False,5.329719129687568,3.2312925170068008,34.968281995945325,6.665050903983416,0.1252065908749378,0.0,3.548589998951668,4.073255377229779,0.9836224440352703,False,False,False,True,False,False
2022-08-04,Q3,208.41,206.38,152.95,0.98,36.26,data/raw/spi_weekly/wayback/summary/2022-08-04_summary_weekly_spi.pdf,2022-08-04,False,False,236.42499923706055,3.78,-1.29,True,0,0,0,33.0,15.0,False,5.3395072933728995,0.9836224440352703,36.26021575678327,3.1897237629183284,3.2312925170068008,0.1252065908749378,1.0731460389774572,6.665050903983416,-0.0863682164963353,False,False,False,True,False,False
2022-08-11,Q3,208.23,208.41,153.94,-0.09,35.27,data/raw/spi_weekly/wayback/summary/2022-08-11_summary_weekly_spi.pdf,2022-08-11,False,False,223.5317840576172,0.0,0.0,False,0,0,0,32.0,15.0,False,5.338643238019602,-0.0863682164963353,35.26698713784591,-5.453406036184649,0.9836224440352703,3.2312925170068008,0.0,3.1897237629183284,3.0303030303030276,False,False,False,True,False,False
2022-08-18,Q3,214.54,208.23,153.94,3.03,39.37,data/raw/spi_weekly/wayback/summary/2022-08-18_summary_weekly_spi.pdf,2022-08-18,False,False,214.97715759277344,-0.18,2.96,True,0,0,0,31.0,15.0,False,5.368496201169283,3.0303030303030276,39.36598674808367,-3.8270291184356653,-0.0863682164963353,0.9836224440352703,0.1252065908749378,-5.453406036184649,2.1627668500046715,False,False,False,True,False,False
2022-08-25,Q3,219.18,214.54,154.38,2.16,41.97,data/raw/spi_weekly/wayback/summary/2022-08-25_summary_weekly_spi.pdf,2022-08-25,False,False,215.43961486816406,0.0,0.0,False,0,0,0,30.0,15.0,True,5.389893310035246,2.1627668500046715,41.974349008938994,0.21511926223651834,3.0303030303030276,-0.0863682164963353,3.2312925170068008,-3.8270291184356653,1.4326124646409255,False,False,False,True,False,False
2022-09-01,Q3,222.32,219.18,155.55,1.43,42.93,data/raw/spi_weekly/wayback/summary/2022-09-01_summary_weekly_spi.pdf,2022-09-01,False,False,219.76591796875,1.19,0.88,True,0,0,0,29.0,15.0,False,5.404117785434249,1.4326124646409255,42.9251044680167,2.0081279402738295,2.1627668500046715,3.0303030303030276,0.9836224440352703,0.21511926223651834,-0.9670744872256276,False,False,False,True,False,False
2022-09-08,Q3,220.17,222.32,157.99,-0.97,39.36,data/raw/spi_weekly/wayback/summary/2022-09-08_summary_weekly_spi.pdf,2022-09-08,False,False,220.0999969482422,0.0,0.0,False,0,0,0,28.0,15.0,False,5.394399975225081,-0.9670744872256276,39.35692132413442,0.15201582783173073,1.4326124646409255,2.1627668500046715,-0.0863682164963353,2.0081279402738295,-0.16351001498841056,False,False,False,True,False,False
2022-09-15,Q3,219.81,220.17,159.58,-0.16,37.74,data/raw/spi_weekly/wayback/summary/2022-09-15_summary_weekly_spi.pdf,2022-09-15,False,False,228.35917053222656,0.0,0.0,False,0,0,0,27.0,15.0,False,5.392763536839982,-0.16351001498841056,37.74282491540293,3.7524641974104878,-0.9670744872256276,1.4326124646409255,3.0303030303030276,0.15201582783173073,-8.016013830126024,False,False,False,True,False,False
2022-09-22,Q3,202.19,219.81,159.39,-8.02,26.85,data/raw/spi_weekly/wayback/summary/2022-09-22_summary_weekly_spi.pdf,2022-09-22,False,False,237.4625015258789,0.0,0.6,False,0,0,0,26.0,15.0,False,5.309207849379209,-8.016013830126024,26.852374678461643,3.9864092046032695,-0.16351001498841056,-0.9670744872256276,2.1627668500046715,3.7524641974104878,1.1573272664325618,False,False,False,True,False,False
2022-09-29,Q3,204.53,202.19,159.1,1.16,28.55,data/raw/spi_weekly/wayback/summary/2022-09-29_summary_weekly_spi.pdf,2022-09-29,False,False,237.1417236328125,0.0,0.0,False,0,0,0,25.0,15.0,False,5.320714663990075,1.1573272664325618,28.5543683218102,-0.13508570448182988,-8.016013830126024,-0.16351001498841056,1.4326124646409255,3.9864092046032695,0.7480565198259459,False,False,False,True,False,False
2022-10-06,Q3,206.06,204.53,160.82,0.75,28.13,data/raw/spi_weekly/wayback/summary/2022-10-06_summary_weekly_spi.pdf,2022-10-06,False,False,226.58133850097656,-4.87,-5.29,True,0,0,0,24.0,15.0,False,5.328167388516922,0.7480565198259459,28.130829498818557,-4.453195738843297,1.1573272664325618,-8.016013830126024,-0.9670744872256276,-0.13508570448182988,-0.6551489857323123,False,False,False,True,False,False
2022-10-13,Q3,204.71,206.06,161.09,-0.66,27.08,data/raw/spi_weekly/wayback/summary/2022-10-13_summary_weekly_spi.pdf,2022-10-13,False,False,218.73325805664064,0.0,0.0,False,0,0,0,23.0,15.0,True,5.32159434345253,-0.6551489857323123,27.07803091439569,-3.463692330647128,0.7480565198259459,1.1573272664325618,-0.16351001498841056,-4.453195738843297,0.3663719407942967,False,False,False,True,False,False
2022-10-20,Q3,205.46,204.71,162.88,0.37,26.14,data/raw/spi_weekly/wayback/summary/2022-10-20_summary_weekly_spi.pdf,2022-10-20,False,False,219.1,0.0,0.0,False,0,0,0,22.0,15.0,False,5.325251367788118,0.3663719407942967,26.141944990176835,0.16766629209372663,-0.6551489857323123,0.7480565198259459,-8.016013830126024,-3.463692330647128,4.545897011583766,False,False,False,True,False,False
2022-10-27,Q3,214.8,205.46,164.79,4.55,30.35,data/raw/spi_weekly/wayback/summary/2022-10-27_summary_weekly_spi.pdf,2022-10-27,False,False,219.07006225585937,0.0,0.0,False,0,0,0,21.0,15.0,False,5.36970736263471,4.545897011583766,30.347715273985077,-0.01366396355118038,0.3663719407942967,-0.6551489857323123,1.1573272664325618,0.16766629209372663,0.6750465549348217,False,False,False,True,False,False
2022-11-03,Q3,216.25,214.8,165.98,0.68,30.29,data/raw/spi_weekly/wayback/summary/2022-11-03_summary_weekly_spi.pdf,2022-11-03,False,False,220.61000061035156,0.0,0.0,False,0,0,0,20.0,15.0,False,5.376435145811989,0.6750465549348217,30.286781539944574,0.7029433134928542,4.545897011583766,0.3663719407942967,0.7480565198259459,-0.01366396355118038,0.8739884393063502,False,False,False,True,False,False
2022-11-10,Q3,218.14,216.25,168.78,0.87,29.25,data/raw/spi_weekly/wayback/summary/2022-11-10_summary_weekly_spi.pdf,2022-11-10,False,False,220.41961669921875,0.0,0.0,False,0,0,0,19.0,15.0,False,5.385137058500597,0.8739884393063502,29.245171228818577,-0.08629885798743242,0.6750465549348217,4.545897011583766,-0.6551489857323123,0.7029433134928542,0.724305491885957,False,False,False,True,False,False
2022-11-17,Q3,219.72,218.14,170.32,0.72,29.0,data/raw/spi_weekly/wayback/summary/2022-11-17_summary_weekly_spi.pdf,2022-11-17,False,False,220.70864562988282,0.0,0.0,False,0,0,0,18.0,15.0,False,5.3923540084744195,0.724305491885957,29.00422733677783,0.1311266823671442,0.8739884393063502,0.6750465549348217,0.3663719407942967,-0.08629885798743242,0.4687784452940047,False,False,False,True,False,False
2022-11-24,Q3,220.75,219.72,169.03,0.47,30.6,data/raw/spi_weekly/wayback/summary/2022-11-24_summary_weekly_spi.pdf,2022-11-24,False,False,222.76000061035157,0.0,0.0,False,0,0,0,17.0,15.0,False,5.39703083948407,0.4687784452940047,30.598118677157892,0.9294402467172835,0.724305491885957,0.8739884393063502,4.545897011583766,0.1311266823671442,-0.24009060022650575,False,False,False,True,False,False
2022-12-01,Q3,220.22,220.75,168.23,-0.24,30.9,data/raw/spi_weekly/wayback/summary/2022-12-01_summary_weekly_spi.pdf,2022-12-01,False,False,223.34830627441406,0.0,0.0,False,0,0,0,16.0,16.0,True,5.394627046685445,-0.24009060022650575,30.904119360399452,0.26409842990238186,0.4687784452940047,0.724305491885957,0.6750465549348217,0.9294402467172835,0.009081827263646147,False,False,False,True,False,False
2022-12-08,Q3,220.24,220.22,168.11,0.01,31.01,data/raw/spi_weekly/wayback/summary/2022-12-08_summary_weekly_spi.pdf,2022-12-08,False,False,223.33275146484374,0.0,0.0,False,0,0,0,15.0,16.0,False,5.394717860834352,0.009081827263646147,31.009458092915352,-0.0069643731935076225,-0.24009060022650575,0.4687784452940047,0.8739884393063502,0.26409842990238186,-0.5130766436614587,False,False,False,True,False,False
2022-12-15,Q3,219.11,220.24,168.83,-0.51,29.78,data/raw/spi_weekly/wayback/summary/2022-12-15_summary_weekly_spi.pdf,2022-12-15,False,False,223.92320556640624,0.0,0.0,False,0,0,0,14.0,16.0,False,5.389573886819589,-0.5130766436614587,29.781436948409645,0.26438312235428363,0.009081827263646147,-0.24009060022650575,0.724305491885957,-0.0069643731935076225,0.018255670667688406,False,False,False,True,False,False
2022-12-22,Q3,219.15,219.11,169.35,0.02,29.41,data/raw/spi_weekly/wayback/summary/2022-12-22_summary_weekly_spi.pdf,2022-12-22,False,False,224.61499938964843,-3.2,-4.45,True,0,0,0,13.0,16.0,False,5.389756426864818,0.018255670667688406,29.406554472984947,0.3089424436794497,-0.5130766436614587,0.009081827263646147,0.4687784452940047,0.26438312235428363,-0.0273785078713229,False,False,False,True,False,False
2022-12-29,Q3,219.09,219.15,168.31,-0.03,30.17,data/raw/spi_weekly/wayback/summary/2022-12-29_summary_weekly_spi.pdf,2022-12-29,False,False,225.47999877929686,0.0,0.0,False,0,0,0,12.0,16.0,False,5.389482604300128,-0.0273785078713229,30.170518685758417,0.3851031284637818,0.018255670667688406,-0.5130766436614587,-0.24009060022650575,0.3089424436794497,1.2095485873385492,False,False,False,True,False,False
2023-01-05,Q3,221.74,219.09,168.14,1.21,31.88,data/raw/spi_weekly/wayback/summary/2023-01-05_summary_weekly_spi.pdf,2023-01-05,False,False,226.0849365234375,0.0,0.0,False,0,0,0,11.0,16.0,False,5.401505524344206,1.2095485873385492,31.878196740811248,0.2682888714811371,-0.0273785078713229,0.018255670667688406,0.009081827263646147,0.3851031284637818,0.5366645620997534,False,False,False,True,False,False
2023-01-12,Q3,222.93,221.74,167.44,0.54,33.14,data/raw/spi_weekly/wayback/summary/2023-01-12_summary_weekly_spi.pdf,2023-01-12,False,False,227.4,0.0,0.0,False,0,0,0,10.0,16.0,False,5.406857820837487,0.5366645620997534,33.14022933588152,0.581667888530979,1.2095485873385492,-0.0273785078713229,-0.5130766436614587,0.2682888714811371,-0.18391423316735933,False,False,False,True,False,False
2023-01-19,Q3,222.52,222.93,167.36,-0.18,32.96,data/raw/spi_weekly/wayback/summary/2023-01-19_summary_weekly_spi.pdf,2023-01-19,False,False,227.70220642089845,0.0,0.0,False,0,0,0,9.0,16.0,False,5.405016985207093,-0.18391423316735933,32.95889101338432,0.1328964032095259,0.5366645620997534,1.2095485873385492,0.018255670667688406,0.581667888530979,0.42243393852237077,False,False,False,True,False,False
2023-01-26,Q3,223.46,222.52,167.24,0.42,33.62,data/raw/spi_weekly/wayback/summary/2023-01-26_summary_weekly_spi.pdf,2023-01-26,False,False,229.42153625488282,0.0,0.0,False,0,0,0,8.0,17.0,True,5.409232427119192,0.42243393852237077,33.616359722554414,0.7550782493544572,-0.18391423316735933,0.5366645620997534,-0.0273785078713229,0.1328964032095259,2.174885885617095,False,False,False,True,False,False
2023-02-02,Q3,228.32,223.46,169.71,2.17,34.54,data/raw/spi_weekly/wayback/summary/2023-02-02_summary_weekly_spi.pdf,2023-02-02,False,False,260.43035888671875,15.3,16.22,True,0,0,0,7.0,17.0,False,5.430748153728526,2.174885885617095,34.53538389016557,13.516090571979134,0.42243393852237077,-0.18391423316735933,1.2095485873385492,0.7550782493544572,0.10073580939033988,False,False,False,True,False,False
2023-02-09,Q3,228.55,228.32,169.47,0.1,34.86,data/raw/spi_weekly/wayback/summary/2023-02-09_summary_weekly_spi.pdf,2023-02-09,False,False,274.2564208984375,0.0,0.0,False,0,0,0,6.0,17.0,False,5.431755004777753,0.10073580939033988,34.86162742668319,5.308928678984315,2.174885885617095,0.42243393852237077,0.5366645620997534,13.516090571979134,2.7915117042222715,False,False,False,True,False,False
2023-02-16,Q3,234.93,228.55,169.71,2.79,38.43,data/raw/spi_weekly/wayback/summary/2023-02-16_summary_weekly_spi.pdf,2023-02-16,False,False,266.7633056640625,6.49,8.82,True,0,0,0,5.0,17.0,False,5.459287597430956,2.7915117042222715,38.43026339048965,-2.7321567202796215,0.10073580939033988,2.174885885617095,-0.18391423316735933,5.308928678984315,2.315583365257745,False,False,False,True,False,False
2023-02-23,Q3,240.37,234.93,170.53,2.32,40.95,data/raw/spi_weekly/wayback/summary/2023-02-23_summary_weekly_spi.pdf,2023-02-23,False,False,260.767431640625,0.0,0.0,False,0,0,0,4.0,17.0,False,5.48217940286057,2.315583365257745,40.95467073242245,-2.2476382231475966,2.7915117042222715,0.10073580939033988,0.42243393852237077,-2.7321567202796215,-0.12064733535798178,False,False,False,True,False,False
2023-03-02,Q3,240.08,240.37,170.76,-0.12,40.59,data/raw/spi_weekly/wayback/summary/2023-03-02_summary_weekly_spi.pdf,2023-03-02,False,False,260.2123107910156,0.0,-1.8,True,0,0,0,3.0,20.0,True,5.480972201132111,-0.12064733535798178,40.59498711642073,-0.21287967063862157,2.315583365257745,2.7915117042222715,2.174885885617095,-2.2476382231475966,1.4036987670776213,False,False,False,True,False,False
2023-03-09,Q3,243.45,240.08,171.7,1.4,41.79,data/raw/spi_weekly/wayback/summary/2023-03-09_summary_weekly_spi.pdf,2023-03-09,False,False,277.0899963378906,0.0,0.0,False,0,0,0,2.0,20.0,False,5.49491158262871,1.4036987670776213,41.788002329644726,6.48612108150024,-0.12064733535798178,2.315583365257745,0.10073580939033988,-0.21287967063862157,0.7804477305401569,False,False,False,True,False,False
2023-03-16,Q3,245.35,243.45,169.78,0.78,44.51,data/raw/spi_weekly/wayback/summary/2023-03-16_summary_weekly_spi.pdf,2023-03-16,False,False,281.2890869140625,4.65,1.84,True,0,0,0,1.0,20.0,False,5.502685762535912,0.7804477305401569,44.510543055719154,1.5154248192531083,1.4036987670776213,-0.12064733535798178,2.7915117042222715,6.48612108150024,2.5188506215610307,False,False,False,True,False,False
2023-03-23,Q3,251.53,245.35,171.91,2.52,46.31,data/raw/spi_weekly/wayback/summary/2023-03-22_summary_weekly_spi.pdf,2023-03-22,False,False,280.2771423339844,0.0,0.0,False,1,0,0,0.0,20.0,False,5.527562266720222,2.5188506215610307,46.314932231981864,-0.3597525205047525,0.7804477305401569,1.4036987670776213,2.315583365257745,1.5154248192531083,-0.3657615393789948,False,False,False,True,False,False
2023-03-30,Q3,250.61,251.53,173.1,-0.37,44.78,data/raw/spi_weekly/wayback/summary/2023-03-30_summary_weekly_spi.pdf,2023-03-30,False,False,282.1512145996094,0.0,0.0,False,7,0,0,49.7,20.0,False,5.523897945895664,-0.3657615393789948,44.77758521086079,0.6686496979449785,2.5188506215610307,0.7804477305401569,-0.12064733535798178,-0.3597525205047525,0.99756593910858,False,False,False,True,False,False
2023-04-06,Q3,253.11,250.61,175.96,1.0,43.85,data/raw/spi_weekly/wayback/summary/2023-04-06_summary_weekly_spi.pdf,2023-04-06,False,False,285.1199951171875,0.0,0.0,False,7,0,0,48.7,21.0,True,5.533824176845645,0.99756593910858,43.84519208911117,1.0521948387821167,-0.3657615393789948,2.5188506215610307,1.4036987670776213,0.6686496979449785,-0.5807751570463537,False,False,False,True,False,False
2023-04-13,Q3,251.64,253.11,174.55,-0.58,44.16,data/raw/spi_weekly/wayback/summary/2023-04-13_summary_weekly_spi.pdf,2023-04-13,False,False,285.0419128417969,0.0,0.0,False,7,0,0,47.7,21.0,False,5.527999494701829,-0.5807751570463537,44.16499570323688,-0.027385759233944373,0.99756593910858,-0.3657615393789948,0.7804477305401569,1.0521948387821167,0.29804482594182335,False,False,False,True,False,False
2023-04-20,Q3,252.39,251.64,172.06,0.3,46.69,data/raw/spi_weekly/wayback/summary/2023-04-19_summary_weekly_spi.pdf,2023-04-19,False,False,281.8388244628906,0.0,3.67,True,7,0,0,46.7,21.0,False,5.530975510230832,0.29804482594182335,46.687202138788784,-1.1237254012830156,-0.5807751570463537,0.99756593910858,2.5188506215610307,-0.027385759233944373,0.15452276239154017,False,False,False,True,False,False
2023-04-27,Q3,252.78,252.39,172.71,0.15,46.36,data/raw/spi_weekly/wayback/summary/2023-04-27_summary_weekly_spi.pdf,2023-04-27,False,False,281.99017944335935,0.0,0.0,False,1,3,0,45.7,21.0,False,5.53251954521898,0.15452276239154017,46.360951884662136,0.053702672354383196,0.29804482594182335,-0.5807751570463537,-0.3657615393789948,-1.1237254012830156,1.0522984413323888,False,False,False,True,False,False
2023-05-04,Q3,255.44,252.78,172.71,1.05,47.9,data/raw/spi_weekly/wayback/summary/2023-05-04_summary_weekly_spi.pdf,2023-05-04,False,False,282.31569213867186,-1.7,0.0,True,0,0,0,44.7,21.0,False,5.5429875484065265,1.0522984413323888,47.90110590006369,0.11543405375147309,0.15452276239154017,0.29804482594182335,0.99756593910858,0.053702672354383196,0.364077669902918,False,False,False,True,False,False
2023-05-11,Q3,256.37,255.44,174.45,0.36,46.96,data/raw/spi_weekly/wayback/summary/2023-05-11_summary_weekly_spi.pdf,2023-05-11,False,False,283.5159973144531,0.0,0.0,False,0,0,0,43.7,21.0,False,5.5466217135207465,0.364077669902918,46.95901404413873,0.4251641723095112,1.0522984413323888,0.15452276239154017,-0.5807751570463537,0.11543405375147309,0.011701837188438091,False,False,False,True,False,False
2023-05-18,Q3,256.4,256.37,177.13,0.01,44.75,data/raw/spi_weekly/wayback/summary/2023-05-18_summary_weekly_spi.pdf,2023-05-18,False,False,286.32017822265624,-10.38,-4.24,True,0,0,0,42.7,21.0,False,5.546738725046515,0.011701837188438091,44.752441709478894,0.9890732568056615,0.364077669902918,1.0522984413323888,0.29804482594182335,0.4251641723095112,-0.3861154446177739,False,False,False,True,False,False
2023-05-25,Q3,255.41,256.4,176.43,-0.39,44.77,data/raw/spi_weekly/wayback/summary/2023-05-25_summary_weekly_spi.pdf,2023-05-25,False,False,285.62123413085936,0.0,0.0,False,0,0,0,41.7,21.0,False,5.542870097099746,-0.3861154446177739,44.76562942810178,-0.24411276080351652,0.011701837188438091,0.364077669902918,0.15452276239154017,0.9890732568056615,0.08222074311889926,False,False,False,True,False,False
2023-06-01,Q3,255.62,255.41,178.92,0.08,42.87,data/raw/spi_weekly/wayback/summary/2023-06-01_summary_weekly_spi.pdf,2023-06-01,False,False,284.8052612304688,-1.94,-2.96,True,0,0,0,40.7,21.0,False,5.543691966703569,0.08222074311889926,42.868321037335136,-0.2856835567122906,-0.3861154446177739,0.011701837188438091,1.0522984413323888,-0.24411276080351652,0.26601987324936793,False,False,False,True,False,False
2023-06-08,Q3,256.3,255.62,182.81,0.27,40.2,data/raw/spi_weekly/wayback/summary/2023-06-08_summary_weekly_spi.pdf,2023-06-08,False,False,285.3770690917969,0.0,0.0,False,0,0,0,39.7,21.0,False,5.546348633370026,0.26601987324936793,40.20020786609049,0.20077152327091508,0.08222074311889926,-0.3861154446177739,0.364077669902918,-0.2856835567122906,0.28482247366365954,False,False,False,True,False,False
2023-06-15,Q3,257.03,256.3,188.47,0.28,36.38,data/raw/spi_weekly/wayback/summary/2023-06-15_summary_weekly_spi.pdf,2023-06-15,False,False,286.6101013183594,0.0,0.0,False,0,0,0,38.7,21.0,True,5.549192809600136,0.28482247366365954,36.37714225075608,0.432071234905651,0.26601987324936793,0.08222074311889926,0.011701837188438091,0.20077152327091508,0.48243395712563863,False,False,False,True,False,False
2023-06-22,Q3,258.27,257.03,190.78,0.48,35.38,data/raw/spi_weekly/wayback/summary/2023-06-22_summary_weekly_spi.pdf,2023-06-22,False,False,286.52321166992186,0.0,0.0,False,0,0,0,37.7,21.0,False,5.5540055493379725,0.48243395712563863,35.375825558234595,-0.030316324525148097,0.28482247366365954,0.26601987324936793,-0.3861154446177739,0.432071234905651,0.0,False,False,False,True,False,False
2023-06-29,Q3,258.27,,,,,,,True,False,285.58369140625,,,,0,0,1,36.7,22.0,True,5.5540055493379725,0.0,,-0.32790371788593564,0.48243395712563863,0.28482247366365954,0.08222074311889926,-0.030316324525148097,0.909900491733473,False,False,False,True,False,False
2023-07-06,Q3,260.62,258.27,199.67,0.91,30.53,data/raw/spi_weekly/wayback/summary/2023-07-06_summary_weekly_spi.pdf,2023-07-06,False,False,281.19697265625,2.95,0.0,True,0,0,2,35.7,22.0,False,5.56306340771676,0.909900491733473,30.525366855311265,-1.5360536620278475,0.0,0.48243395712563863,0.26601987324936793,-0.32790371788593564,0.4642774921341353,False,False,False,True,False,False
2023-07-13,Q3,261.83,260.62,199.67,0.46,31.13,data/raw/spi_weekly/pbs_live/summary/2023-07-13_summary_live.pdf,2023-07-13,False,False,276.5734130859375,0.0,0.0,False,0,0,0,34.7,22.0,False,5.567695438201781,0.4642774921341353,31.131366755145983,-1.644242299850296,0.909900491733473,0.0,0.28482247366365954,-1.5360536620278475,0.19860214643090401,False,False,False,True,False,False
2023-07-20,Q3,262.35,261.83,199.92,0.2,31.23,data/raw/spi_weekly/pbs_live/summary/2023-07-20_summary_live.pdf,2023-07-20,False,False,277.7791259765625,-2.64,-3.4,True,0,0,0,33.7,22.0,False,5.569679490132721,0.19860214643090401,31.227490996398586,0.43594678070171256,0.4642774921341353,0.909900491733473,0.48243395712563863,-1.644242299850296,3.6096817228892686,False,False,False,True,False,False
2023-07-27,Q3,271.82,262.35,206.38,3.61,31.71,data/raw/spi_weekly/wayback/summary/2023-07-26_summary_weekly_spi.pdf,2023-07-26,False,False,286.3264892578125,0.0,0.0,False,0,0,0,32.7,22.0,False,5.6051400825272015,3.6096817228892686,31.708498885550917,3.077035846808429,0.19860214643090401,0.4642774921341353,0.0,0.43594678070171256,0.9675520565079809,False,False,False,True,False,False
2023-08-03,Q3,274.45,271.82,208.41,0.97,31.69,data/raw/spi_weekly/wayback/summary/2023-08-03_summary_weekly_spi.pdf,2023-08-03,False,False,285.56980590820314,7.82,7.86,True,0,0,0,31.7,22.0,True,5.614769094995898,0.9675520565079809,31.687538985653283,-0.2642729115181708,3.6096817228892686,0.19860214643090401,0.909900491733473,3.077035846808429,0.7505920932774579,False,False,False,True,False,False
2023-08-10,Q3,276.51,274.45,208.23,0.75,32.79,data/raw/spi_weekly/wayback/summary/2023-08-10_summary_weekly_spi.pdf,2023-08-10,False,False,284.65879516601564,0.0,0.0,False,0,0,0,30.7,22.0,False,5.622246986673683,0.7505920932774579,32.79066416942804,-0.31901507909429805,0.9675520565079809,3.6096817228892686,0.4642774921341353,-0.2642729115181708,0.5135438139669546,False,False,False,True,False,False
2023-08-17,Q3,277.93,276.51,214.54,0.51,29.55,data/raw/spi_weekly/pbs_live/summary/2023-08-17_summary_live.pdf,2023-08-17,False,False,289.11541137695315,7.29,6.4,True,0,0,0,29.7,22.0,False,5.627369283422905,0.5135438139669546,29.54693763400764,1.5655993373886012,0.7505920932774579,0.9675520565079809,0.19860214643090401,-0.31901507909429805,0.10074479185404606,False,False,False,True,False,False
2023-08-24,Q3,278.21,277.93,219.18,0.1,26.93,data/raw/spi_weekly/wayback/summary/2023-08-24_summary_weekly_spi.pdf,2023-08-24,False,False,295.75078125,0.0,0.0,False,0,0,0,28.7,22.0,False,5.628376224206372,0.10074479185404606,26.932201843233862,2.2950592088622823,0.5135438139669546,0.7505920932774579,3.6096817228892686,1.5655993373886012,0.6002659861255921,False,False,False,True,False,False
2023-08-31,Q3,279.88,278.21,222.32,0.6,25.89,data/raw/spi_weekly/wayback/summary/2023-08-31_summary_weekly_spi.pdf,2023-08-31,False,False,301.737841796875,0.0,0.0,False,0,0,0,27.7,22.0,False,5.634360939877696,0.6002659861255921,25.890608132421743,2.0243600106719883,0.10074479185404606,0.5135438139669546,0.9675520565079809,2.2950592088622823,0.8039159639845694,False,False,False,True,False,False
2023-09-07,Q3,282.13,279.88,220.17,0.8,28.14,data/raw/spi_weekly/wayback/summary/2023-09-07_summary_weekly_spi.pdf,2023-09-07,False,False,305.99155883789064,6.28,5.12,True,0,0,0,26.7,22.0,False,5.642367957621329,0.8039159639845694,28.14189035745107,1.4097393338814879,0.6002659861255921,0.10074479185404606,0.7505920932774579,2.0243600106719883,-0.25165703753587954,False,False,False,True,False,False
2023-09-14,Q3,281.42,282.13,219.81,-0.25,28.03,data/raw/spi_weekly/pbs_live/summary/2023-09-14_summary_live.pdf,2023-09-14,False,False,301.6349609375,0.0,0.0,False,0,0,0,25.7,22.0,True,5.63984821536011,-0.25165703753587954,28.028752104089904,-1.4237640792890915,0.8039159639845694,0.6002659861255921,0.5135438139669546,1.4097393338814879,0.47260322649420594,False,False,False,True,False,False
2023-09-21,Q3,282.75,281.42,202.19,0.47,39.84,data/raw/spi_weekly/pbs_live/summary/2023-09-21_summary_live.pdf,2023-09-21,False,False,295.2542358398438,5.54,8.51,True,0,0,0,24.7,22.0,False,5.64456311499623,0.47260322649420594,39.84371136060141,-2.1153798212994124,-0.25165703753587954,0.8039159639845694,0.10074479185404606,-1.4237640792890915,-0.021220159151191798,False,False,False,True,False,False
2023-09-28,Q3,282.69,282.75,204.53,-0.02,38.21,data/raw/spi_weekly/wayback/summary/2023-09-27_summary_weekly_spi.pdf,2023-09-27,False,False,289.3449645996094,0.0,0.0,False,0,0,0,23.7,22.0,False,5.644350890886774,-0.021220159151191798,38.214442869016764,-2.00141793848464,0.47260322649420594,-0.25165703753587954,0.6002659861255921,-2.1153798212994124,0.26884573207399676,False,False,False,True,False,False
2023-10-05,Q3,283.45,282.69,206.06,0.27,37.56,data/raw/spi_weekly/wayback/summary/2023-10-05_summary_weekly_spi.pdf,2023-10-05,False,False,286.27183227539064,-3.33,-2.4,True,0,0,0,22.7,22.0,False,5.6470357407703125,0.26884573207399676,37.55702222653596,-1.0620998117148228,-0.021220159151191798,0.47260322649420594,0.8039159639845694,-2.00141793848464,0.1622861174810586,False,False,False,True,False,False
2023-10-12,Q3,283.91,283.45,204.71,0.16,38.69,data/raw/spi_weekly/wayback/summary/2023-10-12_summary_weekly_spi.pdf,2023-10-12,False,False,278.5675842285156,0.0,0.0,False,0,0,0,21.7,22.0,False,5.648657286528893,0.1622861174810586,38.68887694787748,-2.691235105332901,0.26884573207399676,-0.021220159151191798,-0.25165703753587954,-1.0620998117148228,-1.24687400936917,False,False,False,True,False,False
2023-10-19,Q3,280.37,283.91,205.46,-1.25,36.46,data/raw/spi_weekly/pbs_live/summary/2023-10-19_summary_live.pdf,2023-10-19,False,False,276.9391357421875,-4.68,-12.31,True,0,0,0,20.7,22.0,False,5.63611015942233,-1.24687400936917,36.459651513676626,-0.5845793188170356,0.1622861174810586,0.26884573207399676,0.47260322649420594,-2.691235105332901,-0.33170453329529614,False,False,False,True,False,False
2023-10-26,Q3,279.44,280.37,214.8,-0.33,30.09,data/raw/spi_weekly/wayback/summary/2023-10-26_summary_weekly_spi.pdf,2023-10-26,False,False,277.7182312011719,0.0,0.0,False,0,0,0,19.7,22.0,False,5.632787600498577,-0.33170453329529614,30.093109869646174,0.28132371284268487,-1.24687400936917,0.1622861174810586,-0.021220159151191798,-0.5845793188170356,0.772974520469516,False,False,False,True,False,False
2023-11-02,Q3,281.6,279.44,216.25,0.77,30.22,data/raw/spi_weekly/wayback/summary/2023-11-02_summary_weekly_spi.pdf,2023-11-02,False,False,279.64427490234374,0.0,0.0,False,0,0,0,18.7,22.0,True,5.640487624283887,0.772974520469516,30.219653179190754,0.6935244016359476,-0.33170453329529614,-1.24687400936917,0.26884573207399676,0.28132371284268487,0.8842329545454275,False,False,False,True,False,False
2023-11-09,Q3,284.09,281.6,218.14,0.88,30.23,data/raw/spi_weekly/wayback/summary/2023-11-08_summary_weekly_spi.pdf,2023-11-08,False,False,282.686181640625,0.0,0.0,False,0,0,0,17.7,22.0,False,5.649291089367011,0.8842329545454275,30.23287796827725,1.0877772267440688,0.772974520469516,-0.33170453329529614,0.1622861174810586,0.6935244016359476,12.795240944771024,False,False,False,True,False,False
2023-11-16,Q3,320.44,284.09,219.72,12.8,45.84,data/raw/spi_weekly/pbs_live/summary/2023-11-16_summary_live.pdf,2023-11-16,False,False,284.96796264648435,-2.15,-0.73,True,0,0,0,16.7,22.0,False,5.769695051346916,12.795240944771024,45.84016020389588,0.8071781197851902,0.8842329545454275,0.772974520469516,-1.24687400936917,1.0877772267440688,-0.1029833978279826,False,False,False,True,False,False
2023-11-23,Q3,320.11,320.44,220.75,-0.1,45.01,data/raw/spi_weekly/wayback/summary/2023-11-23_summary_weekly_spi.pdf,2023-11-23,False,False,285.6649597167969,0.0,0.0,False,0,0,0,15.7,22.0,False,5.768664686725277,-0.1029833978279826,45.01019252548133,0.24458787010286365,12.795240944771024,0.8842329545454275,-0.33170453329529614,0.8071781197851902,-0.24679016588048386,False,False,False,True,False,False
2023-11-30,Q3,319.32,320.11,220.22,-0.25,45.0,data/raw/spi_weekly/wayback/summary/2023-11-30_summary_weekly_spi.pdf,2023-11-30,False,False,283.1644287109375,0.0,0.0,False,0,0,0,14.7,22.0,False,5.766193734777598,-0.24679016588048386,45.000454091363174,-0.8753369710931214,-0.1029833978279826,12.795240944771024,0.772974520469516,0.24458787010286365,0.9551547037454533,False,False,False,True,False,False
2023-12-07,Q3,322.37,319.32,220.24,0.96,46.37,data/raw/spi_weekly/wayback/summary/2023-12-07_summary_weekly_spi.pdf,2023-12-07,False,False,283.1326416015625,-2.31,0.0,True,0,0,0,13.7,22.0,False,5.775699954193676,0.9551547037454533,46.372139484199046,-0.011225671783599012,-0.24679016588048386,-0.1029833978279826,0.8842329545454275,-0.8753369710931214,-0.09306076868195179,False,False,False,True,False,False
2023-12-14,Q3,322.07,322.37,219.11,-0.09,46.99,data/raw/spi_weekly/pbs_live/summary/2023-12-14_summary_live.pdf,2023-12-14,False,False,283.0827941894531,0.0,0.0,False,0,0,0,12.7,22.0,True,5.77476891322269,-0.09306076868195179,46.990096298662756,-0.017605674791654202,0.9551547037454533,-0.24679016588048386,12.795240944771024,-0.011225671783599012,-0.3850094699909934,False,False,False,True,False,False
2023-12-21,Q3,320.83,322.07,219.15,-0.39,46.4,data/raw/spi_weekly/wayback/summary/2023-12-21_summary_weekly_spi.pdf,2023-12-21,False,False,281.3607482910156,-4.68,-4.97,True,0,0,0,11.7,22.0,False,5.770911387829468,-0.3850094699909934,46.397444672598674,-0.6083188147722685,-0.09306076868195179,0.9551547037454533,-0.1029833978279826,-0.017605674791654202,0.3802636910513524,False,False,False,True,False,False
2023-12-28,Q3,322.05,320.83,219.09,0.38,46.99,data/raw/spi_weekly/wayback/summary/2023-12-28_summary_weekly_spi.pdf,2023-12-28,False,False,280.4610290527344,0.0,0.0,False,0,0,0,10.7,22.0,False,5.7747068129929,0.3802636910513524,46.994385868821034,-0.31977425555843597,-0.3850094699909934,-0.09306076868195179,-0.24679016588048386,-0.6083188147722685,0.788697407234884,False,False,False,True,False,False
2024-01-04,Q3,324.59,322.05,221.74,0.79,46.38,data/raw/spi_weekly/pbs_live/summary/2024-01-04_summary_live.pdf,2024-01-04,False,False,279.8627075195312,0.0,0.0,False,0,0,0,9.7,22.0,False,5.782562847458682,0.788697407234884,46.383151438621795,-0.21333499888522844,0.3802636910513524,-0.3850094699909934,0.9551547037454533,-0.31977425555843597,1.2908592378076955,False,False,False,True,False,False
2024-01-11,Q3,328.78,324.59,222.93,1.29,47.48,data/raw/spi_weekly/pbs_live/summary/2024-01-11_summary_live.pdf,2024-01-11,False,False,279.73817138671876,0.0,0.0,False,0,0,0,8.7,22.0,False,5.795388834081364,1.2908592378076955,47.48127214820794,-0.04449900950228569,0.788697407234884,0.3802636910513524,-0.09306076868195179,-0.21333499888522844,0.4592736784476026,False,False,False,True,False,False
2024-01-18,Q3,330.29,328.78,222.52,0.46,48.43,data/raw/spi_weekly/pbs_live/summary/2024-01-18_summary_live.pdf,2024-01-18,False,False,278.39923095703125,0.0,-2.99,True,0,0,0,7.7,22.0,False,5.799971056431317,0.4592736784476026,48.43160165378393,-0.47864058846531776,1.2908592378076955,0.788697407234884,-0.3850094699909934,-0.04449900950228569,-0.2149626086166867,False,False,False,True,False,False
2024-01-25,Q3,329.58,330.29,223.46,-0.21,47.49,data/raw/spi_weekly/pbs_live/summary/2024-01-25_summary_live.pdf,2024-01-25,False,False,279.14365844726564,0.0,0.0,False,0,0,0,6.7,22.0,False,5.797819116582584,-0.2149626086166867,47.489483576478996,0.26739567048204016,0.4592736784476026,1.2908592378076955,0.3802636910513524,-0.47864058846531776,-0.5340129862248855,False,False,False,True,False,False
2024-02-01,Q3,327.82,329.58,228.32,-0.53,43.58,data/raw/spi_weekly/pbs_live/summary/2024-02-01_summary_live.pdf,2024-02-01,False,False,278.9609313964844,0.95,5.2,True,0,0,0,5.7,22.0,True,5.792464677261214,-0.5340129862248855,43.57918710581641,-0.06545986098973611,-0.2149626086166867,0.4592736784476026,0.788697407234884,0.26739567048204016,0.0,False,False,False,True,False,False
2024-02-08,Q3,327.82,,,,,,,True,False,278.21637573242185,,,,0,0,0,4.7,22.0,False,5.792464677261214,0.0,,-0.2669032040921615,-0.5340129862248855,-0.2149626086166867,1.2908592378076955,-0.06545986098973611,-0.7168568116649232,False,False,False,True,False,False
2024-02-15,Q3,325.47,327.82,234.93,-0.72,38.54,data/raw/spi_weekly/pbs_live/summary/2024-02-15_summary_live.pdf,2024-02-15,False,False,278.19187622070314,0.0,0.0,False,0,0,0,3.7,22.0,False,5.785270291502469,-0.7168568116649232,38.53913931809476,-0.0088059200879953,0.0,-0.5340129862248855,0.4592736784476026,-0.2669032040921615,-0.012289919193786414,False,False,False,True,False,False
2024-02-22,Q3,325.43,325.47,240.37,-0.01,35.39,data/raw/spi_weekly/pbs_live/summary/2024-02-22_summary_live.pdf,2024-02-22,False,False,278.11827392578124,3.02,1.0,True,0,0,0,2.7,22.0,False,5.785147384757806,-0.012289919193786414,35.38711153638141,-0.026457384709355214,-0.7168568116649232,0.0,-0.2149626086166867,-0.0088059200879953,1.8621516147866002,False,False,False,True,False,False
2024-02-29,Q3,331.49,325.43,240.08,1.86,38.07,data/raw/spi_weekly/wayback/summary/2024-02-29_summary_weekly_spi.pdf,2024-02-29,False,False,278.1599548339844,0.0,0.0,False,0,0,0,1.7,22.0,False,5.803597643258398,1.8621516147866002,38.07480839720092,0.014986756394974599,-0.012289919193786414,-0.7168568116649232,-0.5340129862248855,-0.026457384709355214,1.2036562188904698,False,False,False,True,False,False
2024-03-07,Q3,335.48,331.49,243.45,1.2,37.8,data/raw/spi_weekly/pbs_live/summary/2024-03-07_summary_live.pdf,2024-03-07,False,False,278.10906372070315,0.0,1.49,True,0,0,0,0.7,22.0,False,5.815562342116211,1.2036562188904698,37.802423495584314,-0.018295628970610434,1.8621516147866002,-0.012289919193786414,0.0,0.014986756394974599,1.251937522356017,False,False,False,True,False,False
2024-03-14,Q3,339.68,335.48,245.35,1.25,38.45,data/raw/spi_weekly/pbs_live/summary/2024-03-14_summary_live.pdf,2024-03-14,False,False,277.98333740234375,0.0,0.0,False,3,0,0,50.4,22.0,False,5.828003997954946,1.251937522356017,38.44711636437743,-0.04520755874596327,1.2036562188904698,1.8621516147866002,-0.7168568116649232,-0.018295628970610434,-1.3424399434762146,False,False,False,True,False,False
2024-03-21,Q3,335.12,339.68,251.53,-1.34,33.23,data/raw/spi_weekly/pbs_live/summary/2024-03-21_summary_live.pdf,2024-03-21,False,False,278.2802978515625,-0.6,0.0,False,7,0,0,49.4,22.0,True,5.8144886766387796,-1.3424399434762146,33.232616387707225,0.10682670838970676,1.251937522356017,1.2036562188904698,-0.012289919193786414,-0.04520755874596327,-0.16710432084029447,False,False,False,True,False,False
2024-03-28,Q3,334.56,335.12,250.61,-0.17,33.5,data/raw/spi_weekly/pbs_live/summary/2024-03-28_summary_live.pdf,2024-03-28,False,False,277.1078125,0.0,0.0,False,7,0,0,48.4,22.0,False,5.812816235680323,-0.16710432084029447,33.49826423526594,-0.4213325056119932,-1.3424399434762146,1.251937522356017,1.8621516147866002,0.10682670838970676,0.8488761358201646,False,False,False,True,False,False
2024-04-04,Q3,337.4,334.56,253.11,0.85,33.3,data/raw/spi_weekly/pbs_live/summary/2024-04-04_summary_live.pdf,2024-04-04,False,False,276.9991394042969,-1.18,3.45,True,7,0,0,47.4,22.0,False,5.821269170111868,0.8488761358201646,33.301726522065486,-0.039216900715532965,-0.16710432084029447,-1.3424399434762146,1.2036562188904698,-0.4213325056119932,0.0,False,False,False,True,False,False
2024-04-11,Q3,337.4,,,,,,,True,False,277.0074829101562,,,,5,2,0,46.4,22.0,False,5.821269170111868,0.0,,0.003012105336241966,0.8488761358201646,-0.16710432084029447,1.251937522356017,-0.039216900715532965,-0.8950800237107259,False,False,False,True,False,False
2024-04-18,Q3,334.38,337.4,252.39,-0.9,32.49,data/raw/spi_weekly/pbs_live/summary/2024-04-18_summary_live.pdf,2024-04-18,False,False,276.8033752441406,2.87,1.56,True,0,1,0,45.4,22.0,False,5.8122780708095,-0.8950800237107259,32.48543920123619,-0.0736830875004979,0.0,0.8488761358201646,-1.3424399434762146,0.003012105336241966,-1.163347090136968,False,False,False,True,False,False
2024-04-25,Q3,330.49,334.38,252.78,-1.16,30.74,data/raw/spi_weekly/pbs_live/summary/2024-04-25_summary_live.pdf,2024-04-25,False,False,277.69883422851564,0.0,0.0,False,0,0,0,44.4,22.0,False,5.800576401647901,-1.163347090136968,30.7421473217818,0.3235000236486263,-0.8950800237107259,0.0,-0.16710432084029447,-0.0736830875004979,-1.0166722139853035,False,False,False,True,False,False
2024-05-02,Q3,327.13,330.49,255.44,-1.02,28.07,data/raw/spi_weekly/pbs_live/summary/2024-05-02_summary_live.pdf,2024-05-02,False,False,278.01820068359376,-2.89,-1.84,True,0,0,0,43.4,22.0,True,5.790357645410611,-1.0166722139853035,28.06529909176323,0.11500460776703303,-1.163347090136968,-0.8950800237107259,0.8488761358201646,0.3235000236486263,-1.3450310274202848,False,False,False,True,False,False
2024-05-09,Q3,322.73,327.13,256.37,-1.35,25.88,data/raw/spi_weekly/pbs_live/summary/2024-05-09_summary_live.pdf,2024-05-09,False,False,277.6024963378906,0.0,0.0,False,0,0,0,42.4,22.0,False,5.776816060339609,-1.3450310274202848,25.884463860826145,-0.1495241479446352,-1.0166722139853035,-1.163347090136968,0.0,0.11500460776703303,-1.0225265701980013,False,False,False,True,False,False
2024-05-16,Q3,319.43,322.73,256.4,-1.02,24.58,data/raw/spi_weekly/pbs_live/summary/2024-05-16_summary_live.pdf,2024-05-16,False,False,277.4353454589844,-2.79,-5.32,True,0,0,0,41.4,22.0,False,5.76653815748159,-1.0225265701980013,24.58268330733231,-0.060212311168406085,-1.3450310274202848,-1.0166722139853035,-0.8950800237107259,-0.1495241479446352,-0.3537551263187555,False,False,False,True,False,False
2024-05-23,Q3,318.3,319.43,255.41,-0.35,24.62,data/raw/spi_weekly/pbs_live/summary/2024-05-23_summary_live.pdf,2024-05-23,False,False,277.4455139160156,0.0,0.0,False,0,0,0,40.4,22.0,False,5.762994334288047,-0.3537551263187555,24.623154927371683,0.0036651627839390244,-1.0225265701980013,-1.3450310274202848,-1.163347090136968,-0.060212311168406085,0.11938422871504706,False,False,False,True,False,False
2024-05-30,Q3,318.68,318.3,255.62,0.12,24.67,data/raw/spi_weekly/pbs_live/summary/2024-05-30_summary_live.pdf,2024-05-30,False,False,277.34837646484374,0.0,0.0,False,0,0,0,39.4,22.0,False,5.764187464512165,0.11938422871504706,24.66943118691809,-0.035011361258230345,-0.3537551263187555,-1.0225265701980013,-1.0166722139853035,0.0036651627839390244,0.5648299234341625,False,False,False,True,False,False
2024-06-06,Q3,320.48,318.68,256.3,0.56,25.04,data/raw/spi_weekly/pbs_live/summary/2024-06-06_summary_live.pdf,2024-06-06,False,False,277.87554321289065,-1.42,-1.74,True,0,0,0,38.4,22.0,False,5.769819871917508,0.5648299234341625,25.040967616074905,0.19007385396168086,0.11938422871504706,-0.3537551263187555,-1.3450310274202848,-0.035011361258230345,1.107713429855206,False,False,False,True,False,False
2024-06-13,Q3,324.03,320.48,257.03,1.11,26.07,data/raw/spi_weekly/pbs_live/summary/2024-06-13_summary_live.pdf,2024-06-13,False,False,277.92295532226564,0.0,0.0,False,0,0,0,37.4,20.5,True,5.780836104098492,1.107713429855206,26.066996070497606,0.01706235418446056,0.5648299234341625,0.11938422871504706,-1.0225265701980013,0.19007385396168086,1.2035922599759497,False,False,False,True,False,False
2024-06-20,Q3,327.93,324.03,258.27,1.2,26.97,data/raw/spi_weekly/pbs_live/summary/2024-06-20_summary_live.pdf,2024-06-20,False,False,277.9128723144531,-0.84,-3.76,True,0,0,3,36.4,20.5,False,5.7928001709738535,1.2035922599759497,26.971773725171346,-0.00362798668459563,1.107713429855206,0.5648299234341625,-0.3537551263187555,0.01706235418446056,-0.7684566828286443,False,False,False,True,False,False
2024-06-27,Q3,325.41,327.93,258.27,-0.77,26.0,data/raw/spi_weekly/pbs_live/summary/2024-06-27_summary_live.pdf,2024-06-27,False,False,277.83534545898436,0.0,0.0,False,0,0,0,35.4,20.5,False,5.785085925720236,-0.7684566828286443,25.996050644674206,-0.027896100969748705,1.2035922599759497,1.107713429855206,0.11938422871504706,-0.00362798668459563,1.3091177284041633,False,False,False,True,False,False
2024-07-04,Q3,329.67,325.41,260.62,1.31,26.49,data/raw/spi_weekly/pbs_live/summary/2024-07-04_summary_live.pdf,2024-07-04,False,False,277.30556640625,3.58,2.88,True,0,0,0,34.4,20.5,False,5.798092154126943,1.3091177284041633,26.49451308418387,-0.1906809415695987,-0.7684566828286443,1.2035922599759497,0.5648299234341625,-0.027896100969748705,0.01516668183334513,False,False,False,True,False,False
2024-07-11,Q3,329.72,329.67,261.83,0.02,25.93,data/raw/spi_weekly/pbs_live/summary/2024-07-11_summary_live.pdf,2024-07-11,False,False,277.33192138671876,0.0,0.0,False,0,0,0,33.4,20.5,False,5.798243809445027,0.01516668183334513,25.929037925371446,0.009503949311318038,1.3091177284041633,-0.7684566828286443,1.107713429855206,-0.1906809415695987,0.6156739051316196,False,False,False,True,False,False
2024-07-18,Q3,331.75,329.72,262.35,0.62,26.45,data/raw/spi_weekly/pbs_live/summary/2024-07-18_summary_live.pdf,2024-07-18,False,False,277.328271484375,2.25,3.77,True,0,0,0,32.4,20.5,False,5.804381673212317,0.6156739051316196,26.45321135887173,-0.0013160772569853485,0.01516668183334513,1.3091177284041633,1.2035922599759497,0.009503949311318038,0.14770158251695698,False,False,False,True,False,False
2024-07-25,Q3,332.24,331.75,271.82,0.15,22.23,data/raw/spi_weekly/pbs_live/summary/2024-07-25_summary_live.pdf,2024-07-25,False,False,277.47581787109374,0.0,0.0,False,0,0,0,31.4,20.5,False,5.805857599322498,0.14770158251695698,22.22794496357885,0.05320279318403731,0.6156739051316196,0.01516668183334513,-0.7684566828286443,-0.0013160772569853485,-0.174572598121836,False,False,False,True,False,False
2024-08-01,Q3,331.66,332.24,274.45,-0.17,20.85,data/raw/spi_weekly/pbs_live/summary/2024-08-01_summary_live.pdf,2024-08-01,False,False,277.5934265136719,-3.81,-2.23,True,0,0,0,30.4,19.5,True,5.804110347785953,-0.174572598121836,20.84532701767172,0.04238518638506328,0.14770158251695698,0.6156739051316196,1.3091177284041633,0.05320279318403731,0.34071036603751104,False,False,False,True,False,False
2024-08-08,Q3,332.79,331.66,276.51,0.34,20.35,data/raw/spi_weekly/pbs_live/summary/2024-08-08_summary_live.pdf,2024-08-08,False,False,277.47392578125,0.0,0.0,False,0,0,0,29.4,19.5,False,5.807511660418678,0.34071036603751104,20.353694260605405,-0.04304883365673362,-0.174572598121836,0.14770158251695698,0.01516668183334513,0.04238518638506328,-0.045073469755707585,False,False,False,True,False,False
2024-08-15,Q3,332.64,332.79,277.93,-0.05,19.68,data/raw/spi_weekly/pbs_live/summary/2024-08-15_summary_live.pdf,2024-08-15,False,False,278.0433715820312,-2.44,-3.15,True,0,0,0,28.4,19.5,False,5.807060824109703,-0.045073469755707585,19.68481272262799,0.20522497714980936,0.34071036603751104,-0.174572598121836,0.6156739051316196,-0.04304883365673362,-0.1473063973064015,False,False,False,True,False,False
2024-08-22,Q3,332.15,332.64,278.21,-0.15,19.39,data/raw/spi_weekly/pbs_live/summary/2024-08-22_summary_live.pdf,2024-08-22,False,False,277.7050048828125,0.0,0.0,False,0,0,0,27.4,19.5,False,5.80558667411125,-0.1473063973064015,19.38823191114625,-0.1216956539166758,-0.045073469755707585,0.34071036603751104,0.14770158251695698,0.20522497714980936,-0.6382658437453004,False,False,False,True,False,False
2024-08-29,Q3,330.03,332.15,279.88,-0.64,17.92,data/raw/spi_weekly/pbs_live/summary/2024-08-29_summary_live.pdf,2024-08-29,False,False,277.2988342285156,0.0,0.0,False,0,0,0,26.4,19.5,False,5.799183559419454,-0.6382658437453004,17.918393597255957,-0.1462597530311971,-0.1473063973064015,-0.045073469755707585,-0.174572598121836,-0.1216956539166758,-0.1515013786625441,False,False,False,True,False,False
2024-09-05,Q3,329.53,330.03,282.13,-0.15,16.8,data/raw/spi_weekly/pbs_live/summary/2024-09-05_summary_live.pdf,2024-09-05,False,False,277.5597229003906,-1.23,-0.68,True,0,0,0,25.4,19.5,False,5.797667396839003,-0.1515013786625441,16.800765604508562,0.09408213799413367,-0.6382658437453004,-0.1473063973064015,0.34071036603751104,-0.1462597530311971,0.048554001153156,False,False,False,True,False,False
2024-09-12,Q3,329.69,329.53,281.42,0.05,17.15,data/raw/spi_weekly/pbs_live/summary/2024-09-12_summary_live.pdf,2024-09-12,False,False,277.71728515625,0.0,0.0,False,0,0,0,24.4,17.5,True,5.798152819014124,0.048554001153156,17.15229905479354,0.05676697404541908,-0.1515013786625441,-0.6382658437453004,-0.045073469755707585,0.09408213799413367,-0.4367739391549663,False,False,False,True,False,False
2024-09-19,Q3,328.25,329.69,282.75,-0.44,16.09,data/raw/spi_weekly/wayback/summary/2024-09-19_summary_weekly_spi.pdf,2024-09-19,False,False,277.628564453125,-5.0,-3.88,True,0,0,0,23.4,17.5,False,5.793775513182905,-0.4367739391549663,16.09195402298851,-0.03194641020455302,0.048554001153156,-0.1515013786625441,-0.1473063973064015,0.05676697404541908,0.05483625285604976,False,False,False,True,False,False
2024-09-26,Q3,328.43,328.25,282.69,0.05,16.18,data/raw/spi_weekly/wayback/summary/2024-09-26_summary_weekly_spi.pdf,2024-09-26,False,False,277.3974853515625,0.0,0.0,False,0,0,0,22.4,17.5,False,5.794323725415676,0.05483625285604976,16.180268138243314,-0.08323318676436431,-0.4367739391549663,0.048554001153156,-0.6382658437453004,-0.03194641020455302,0.5267484699936098,False,False,False,True,False,False
2024-10-03,Q3,330.16,328.43,283.45,0.53,16.48,data/raw/spi_weekly/wayback/summary/2024-10-03_summary_weekly_spi.pdf,2024-10-03,False,False,277.2000427246094,-1.32,-0.81,True,0,0,0,21.4,17.5,False,5.799577385444326,0.5267484699936098,16.479096842476636,-0.07117679048276315,0.05483625285604976,-0.4367739391549663,-0.1515013786625441,-0.08323318676436431,-0.07269202810759046,False,False,False,True,False,False
2024-10-10,Q3,329.92,330.16,283.91,-0.07,16.21,data/raw/spi_weekly/wayback/summary/2024-10-10_summary_weekly_spi.pdf,2024-10-10,False,False,276.8408569335937,0.0,0.0,False,0,0,0,20.4,17.5,False,5.798850200828595,-0.07269202810759046,16.205839878834837,-0.129576383713792,0.5267484699936098,0.05483625285604976,0.048554001153156,-0.07117679048276315,0.2667313288069906,False,False,False,True,False,False
2024-10-17,Q3,330.8,329.92,280.37,0.27,17.99,data/raw/spi_weekly/wayback/summary/2024-10-17_summary_weekly_spi.pdf,2024-10-17,False,False,276.854296875,2.01,0.0,True,0,0,0,19.4,17.5,False,5.801513963149536,0.2667313288069906,17.986945821592904,0.004854753577610005,-0.07269202810759046,0.5267484699936098,-0.4367739391549663,-0.129576383713792,-0.22672309552599357,False,False,False,True,False,False
2024-10-24,Q3,330.05,330.8,279.44,-0.23,18.11,data/raw/spi_weekly/wayback/summary/2024-10-24_summary_weekly_spi.pdf,2024-10-24,False,False,277.0350036621094,0.0,0.0,False,0,0,0,18.4,17.5,False,5.79924415813478,-0.22672309552599357,18.111222444889783,0.06527144030239462,0.2667313288069906,-0.07269202810759046,0.05483625285604976,0.004854753577610005,0.1817906377821421,False,False,False,True,False,False
2024-10-31,Q3,330.65,330.05,281.6,0.18,17.42,data/raw/spi_weekly/wayback/summary/2024-10-31_summary_weekly_spi.pdf,2024-10-31,False,False,277.30556030273436,0.0,0.0,False,0,0,0,17.4,17.5,False,5.801060414120672,0.1817906377821421,17.418323863636353,0.09766153628549823,-0.22672309552599357,0.2667313288069906,0.5267484699936098,0.06527144030239462,0.23589898684410748,False,False,False,True,False,False
2024-11-07,Q3,331.43,330.65,284.09,0.24,16.66,data/raw/spi_weekly/pbs_live/summary/2024-11-07_summary_live.pdf,2024-11-07,False,False,277.2270263671875,1.54,0.56,True,0,0,0,16.4,15.0,True,5.803416625940581,0.23589898684410748,16.663733323946637,-0.028320360926459287,0.1817906377821421,-0.22672309552599357,-0.07269202810759046,0.09766153628549823,0.6155145882992041,False,False,False,True,False,False
2024-11-14,Q3,333.47,331.43,320.44,0.62,4.07,data/raw/spi_weekly/pbs_live/summary/2024-11-14_summary_live.pdf,2024-11-14,False,False,277.4592346191406,0.0,0.0,False,0,0,0,15.4,15.0,False,5.809552906286994,0.6155145882992041,4.066283859692921,0.08376104415070973,0.23589898684410748,0.1817906377821421,0.2667313288069906,-0.028320360926459287,0.7197049209823891,False,False,False,True,False,False
2024-11-21,Q3,335.87,333.47,320.11,0.72,4.92,data/raw/spi_weekly/pbs_live/summary/2024-11-21_summary_live.pdf,2024-11-21,False,False,277.59373168945314,0.0,0.0,False,0,0,0,14.4,15.0,False,5.81672418033434,0.7197049209823891,4.923307613008032,0.04847453374443589,0.6155145882992041,0.23589898684410748,-0.22672309552599357,0.08376104415070973,0.0,False,False,False,True,False,False
2024-11-28,Q3,335.87,335.87,319.32,0.0,5.18,data/raw/spi_weekly/pbs_live/summary/2024-11-28_summary_live.pdf,2024-11-28,False,False,277.0849670410156,0.0,0.0,False,0,0,0,13.4,15.0,False,5.81672418033434,0.0,5.18288863835652,-0.18327670633668802,0.7197049209823891,0.6155145882992041,0.1817906377821421,0.04847453374443589,-0.38705451513978417,False,False,False,True,False,False
2024-12-05,Q3,334.57,335.87,322.37,-0.39,3.78,data/raw/spi_weekly/pbs_live/summary/2024-12-05_summary_live.pdf,2024-12-05,False,False,277.080810546875,1.27,1.48,True,0,0,0,12.4,15.0,False,5.8128461252384085,-0.38705451513978417,3.7844712597326025,-0.0015000792662922535,0.0,0.7197049209823891,0.23589898684410748,-0.18327670633668802,0.06575604507279564,False,False,False,True,False,False
2024-12-12,Q3,334.79,334.57,322.07,0.07,3.95,data/raw/spi_weekly/wayback/summary/2024-12-12_summary_weekly_spi.pdf,2024-12-12,False,False,277.37750244140625,0.0,0.0,False,0,0,0,11.4,15.0,False,5.81350346959099,0.06575604507279564,3.9494519824882834,0.10707774888691901,-0.38705451513978417,0.0,0.6155145882992041,-0.0015000792662922535,0.45998984438004875,False,False,False,True,False,False
2024-12-19,Q3,336.33,334.79,320.83,0.46,4.83,data/raw/spi_weekly/pbs_live/summary/2024-12-19_summary_live.pdf,2024-12-19,False,False,276.514697265625,-1.17,0.0,True,0,0,0,10.4,13.0,True,5.818092820833612,0.45998984438004875,4.8312190256522225,-0.3110580952626174,0.06575604507279564,-0.38705451513978417,0.7197049209823891,0.10707774888691901,0.7552106562007666,False,False,False,True,False,False
2024-12-26,Q3,338.87,336.33,322.05,0.76,5.22,data/raw/spi_weekly/pbs_live/summary/2024-12-26_summary_live.pdf,2024-12-26,False,False,276.65205078125,0.0,0.0,False,0,0,0,9.4,13.0,False,5.825616553006916,0.7552106562007666,5.222791492004353,0.04967313382733263,0.45998984438004875,0.06575604507279564,0.0,-0.3110580952626174,-0.28329447870864,False,False,False,True,False,False
2025-01-02,Q3,337.91,338.87,324.59,-0.28,4.1,data/raw/spi_weekly/pbs_live/summary/2025-01-02_summary_live.pdf,2025-01-02,False,False,276.77980041503906,1.18,0.21,True,0,0,0,8.4,13.0,False,5.822779587836936,-0.28329447870864,4.103638436181045,0.04617700589180096,0.7552106562007666,0.45998984438004875,-0.38705451513978417,0.04967313382733263,-0.7516794412713468,False,False,False,True,False,False
2025-01-09,Q3,335.37,337.91,328.78,-0.75,2.0,data/raw/spi_weekly/pbs_live/summary/2025-01-09_summary_live.pdf,2025-01-09,False,False,277.6433471679687,0.0,0.0,False,0,0,0,7.4,13.0,False,5.815234399950344,-0.7516794412713468,2.004379828456737,0.31199775114902906,-0.28329447870864,0.7552106562007666,0.06575604507279564,0.04617700589180096,-0.46217610400453024,False,False,False,True,False,False
2025-01-16,Q3,333.82,335.37,330.29,-0.46,1.07,data/raw/spi_weekly/pbs_live/summary/2025-01-16_summary_live.pdf,2025-01-16,False,False,278.1304077148437,0.99,1.39,True,0,0,0,6.4,13.0,False,5.810601925550271,-0.46217610400453024,1.0687577583335717,0.17542669465813177,-0.7516794412713468,-0.28329447870864,0.45998984438004875,0.31199775114902906,-0.8267928823917026,False,False,False,True,False,False
2025-01-23,Q3,331.06,333.82,329.58,-0.83,0.45,data/raw/spi_weekly/pbs_live/summary/2025-01-23_summary_live.pdf,2025-01-23,False,False,277.9803405761719,0.0,0.0,False,0,0,0,5.4,13.0,False,5.80229962783202,-0.8267928823917026,0.44905637478003246,-0.05395567493133857,-0.46217610400453024,-0.7516794412713468,0.7552106562007666,0.17542669465813177,-0.3866368634084516,False,False,False,True,False,False
2025-01-30,Q3,329.78,331.06,327.82,-0.39,0.6,data/raw/spi_weekly/pbs_live/summary/2025-01-30_summary_live.pdf,2025-01-30,False,False,278.2019348144531,0.0,0.0,False,0,0,0,4.4,12.0,True,5.798425765472822,-0.3866368634084516,0.5978890854737351,0.07971579494503445,-0.8267928823917026,-0.46217610400453024,-0.28329447870864,-0.05395567493133857,-0.23652131724178904,False,False,False,True,False,False
2025-02-06,Q3,329.0,329.78,325.47,-0.24,1.08,data/raw/spi_weekly/pbs_live/summary/2025-02-06_summary_live.pdf,2025-02-06,False,False,278.5856140136719,2.67,0.38,True,0,0,0,3.4,12.0,False,5.796057750765372,-0.23652131724178904,1.0845853688511875,0.13791392194113516,-0.3866368634084516,-0.8267928823917026,-0.7516794412713468,0.07971579494503445,-0.10942249240122326,False,False,False,True,False,False
2025-02-13,Q3,328.64,329.0,325.47,-0.11,0.97,data/raw/spi_weekly/pbs_live/summary/2025-02-13_summary_live.pdf,2025-02-13,False,False,278.77418823242186,0.0,0.0,False,0,0,0,2.4,12.0,False,5.794962926740193,-0.10942249240122326,0.9739760961071653,0.06768986238490093,-0.23652131724178904,-0.3866368634084516,-0.46217610400453024,0.13791392194113516,0.2373417721519111,False,False,False,True,False,False
2025-02-20,Q3,329.42,328.64,325.43,0.24,1.23,data/raw/spi_weekly/pbs_live/summary/2025-02-20_summary_live.pdf,2025-02-20,False,False,278.34784545898435,-1.49,-0.36,True,0,0,0,1.4,12.0,False,5.797333532354529,0.2373417721519111,1.2260701226070259,-0.152934809402816,-0.10942249240122326,-0.23652131724178904,-0.8267928823917026,0.06768986238490093,0.3673122457652722,False,False,False,True,False,False
2025-02-27,Q3,330.63,329.42,331.49,0.37,-0.26,data/raw/spi_weekly/pbs_live/summary/2025-02-27_summary_live.pdf,2025-02-27,False,False,279.13425903320314,0.0,0.0,False,0,0,0,0.4,12.0,False,5.80099992537156,0.3673122457652722,-0.2594346737458175,0.28252906823187374,0.2373417721519111,-0.10942249240122326,-0.3866368634084516,-0.152934809402816,-0.157275504340193,False,False,False,True,False,False
2025-03-06,Q3,330.11,330.63,335.48,-0.16,-1.6,data/raw/spi_weekly/pbs_live/summary/2025-03-06_summary_live.pdf,2025-03-06,False,False,279.29474487304685,-2.0,-0.24,True,5,0,0,49.9,12.0,False,5.799425932250647,-0.157275504340193,-1.6006915464409244,0.05749413934339476,0.3673122457652722,0.2373417721519111,-0.23652131724178904,0.28252906823187374,0.18175759595284724,False,False,False,True,False,False
2025-03-13,Q3,330.71,330.11,339.68,0.18,-2.64,data/raw/spi_weekly/pbs_live/summary/2025-03-13_summary_live.pdf,2025-03-13,False,False,279.0785705566406,0.0,0.0,False,7,0,0,48.9,12.0,True,5.80124185841777,0.18175759595284724,-2.6407206782854575,-0.07740006583528691,-0.157275504340193,0.3673122457652722,-0.10942249240122326,0.05749413934339476,-0.387046052432638,False,False,False,True,False,False
2025-03-20,Q3,329.43,330.71,335.12,-0.39,-1.7,data/raw/spi_weekly/pbs_live/summary/2025-03-20_summary_live.pdf,2025-03-20,False,False,279.2890380859375,0.0,0.0,False,7,0,0,47.9,12.0,False,5.797363888277731,-0.387046052432638,-1.6978992599665732,0.07541515239850582,0.18175759595284724,-0.157275504340193,0.2373417721519111,-0.07740006583528691,-0.16391949731354716,False,False,False,True,False,False
2025-03-27,Q3,328.89,329.43,334.56,-0.16,-1.69,data/raw/spi_weekly/pbs_live/summary/2025-03-27_summary_live.pdf,2025-03-27,False,False,279.6386413574219,0.0,0.0,False,7,0,0,46.9,12.0,False,5.795723348354558,-0.16391949731354716,-1.6947632711621252,0.1251761522329531,-0.387046052432638,0.18175759595284724,0.3673122457652722,0.07541515239850582,0.23412083067289036,False,False,False,True,False,False
2025-04-03,Q3,329.66,328.89,337.4,0.23,-2.29,data/raw/spi_weekly/pbs_live/summary/2025-04-03_summary_live.pdf,2025-04-03,False,False,279.1408325195313,0.0,-0.33,False,3,3,0,45.9,12.0,False,5.79806182030321,0.23412083067289036,-2.2940130409009885,-0.1780186155511787,-0.16391949731354716,-0.387046052432638,-0.157275504340193,0.1251761522329531,-0.9069950858460296,False,False,False,True,False,False
2025-04-10,Q3,326.67,329.66,337.4,-0.91,-3.18,data/raw/spi_weekly/pbs_live/summary/2025-04-10_summary_live.pdf,2025-04-10,False,False,280.541357421875,0.0,0.0,False,0,0,0,44.9,12.0,False,5.78895048702608,-0.9069950858460296,-3.1802015411973805,0.5017269919640688,0.23412083067289036,-0.16391949731354716,0.18175759595284724,-0.1780186155511787,-0.7193804144855709,False,False,False,True,False,False
2025-04-17,Q3,324.32,326.67,334.38,-0.72,-3.01,data/raw/spi_weekly/pbs_live/summary/2025-04-17_summary_live.pdf,2025-04-17,False,False,279.5498474121094,0.0,0.0,False,0,0,0,43.9,12.0,False,5.78173068270369,-0.7193804144855709,-3.0085531431305657,-0.3534273944053701,-0.9069950858460296,0.23412083067289036,-0.387046052432638,0.5017269919640688,-1.809940799210663,False,False,False,True,False,False
2025-04-24,Q3,318.45,324.32,330.49,-1.81,-3.64,data/raw/spi_weekly/pbs_live/summary/2025-04-24_summary_live.pdf,2025-04-24,False,False,280.15496826171875,0.0,0.0,False,0,0,0,42.9,12.0,False,5.763465476817375,-1.809940799210663,-3.643075433447307,0.21646259341980834,-0.7193804144855709,-0.9069950858460296,-0.16391949731354716,-0.3534273944053701,0.1130475741874859,False,False,False,True,False,False
2025-05-01,Q3,318.81,318.45,327.13,0.11,-2.54,data/raw/spi_weekly/pbs_live/summary/2025-04-30_summary_live.pdf,2025-04-30,False,False,280.5137634277344,0.0,0.0,False,0,0,0,41.9,12.0,False,5.7645953140527135,0.1130475741874859,-2.5433313973038274,0.12807024920593602,-1.809940799210663,-0.7193804144855709,0.23412083067289036,0.21646259341980834,0.20388319061508398,False,False,False,True,False,False
2025-05-08,Q3,319.46,318.81,322.73,0.2,-1.01,data/raw/spi_weekly/pbs_live/summary/2025-05-08_summary_live.pdf,2025-05-08,False,False,280.2733642578125,-0.78,-0.83,False,0,0,0,40.9,11.0,True,5.76663207036181,0.20388319061508398,-1.0132308741052976,-0.08569959883049094,0.1130475741874859,-1.809940799210663,-0.9069950858460296,0.12807024920593602,0.9797783760095102,False,False,False,True,False,False
2025-05-15,Q3,322.59,319.46,319.43,0.98,0.99,data/raw/spi_weekly/pbs_live/summary/2025-05-15_summary_live.pdf,2025-05-15,False,False,280.2608947753906,0.0,0.0,False,0,0,0,39.9,11.0,False,5.776382167070545,0.9797783760095102,0.9892621231568643,-0.004449042974485895,0.20388319061508398,0.1130475741874859,-0.7193804144855709,-0.08569959883049094,-0.2634923587215843,False,False,False,True,False,False
2025-05-22,Q3,321.74,322.59,318.3,-0.26,1.08,data/raw/spi_weekly/pbs_live/summary/2025-05-22_summary_live.pdf,2025-05-22,False,False,280.7584594726562,-0.78,0.0,False,0,0,0,38.9,11.0,False,5.773743765962162,-0.2634923587215843,1.0807414388941172,0.17753625516123694,0.9797783760095102,0.20388319061508398,-1.809940799210663,-0.004449042974485895,-0.6931062348480177,False,False,False,True,False,False
2025-05-29,Q3,319.51,321.74,318.68,-0.69,0.26,data/raw/spi_weekly/pbs_live/summary/2025-05-29_summary_live.pdf,2025-05-29,False,False,280.7929626464844,0.0,0.0,False,0,0,0,37.9,11.0,False,5.766788572232327,-0.6931062348480177,0.26044935358353616,0.012289273097221276,-0.2634923587215843,0.9797783760095102,0.1130475741874859,0.17753625516123694,0.1001533598322446,False,False,False,True,False,False
2025-06-05,Q3,319.83,319.51,320.48,0.1,-0.2,data/raw/spi_weekly/pbs_live/summary/2025-06-04_summary_live.pdf,2025-06-04,False,False,280.75726928710935,0.0,0.41,False,0,0,0,36.9,11.0,False,5.767789604630494,0.1001533598322446,-0.20282076884674538,-0.012711628895056837,-0.6931062348480177,-0.2634923587215843,0.20388319061508398,0.012289273097221276,-0.03439327142542581,False,False,False,True,False,False
2025-06-12,Q3,319.72,319.83,324.03,-0.03,-1.33,data/raw/spi_weekly/pbs_live/summary/2025-06-12_summary_live.pdf,2025-06-12,False,False,281.8246154785156,0.0,0.0,False,0,0,3,35.9,11.0,False,5.767445612757818,-0.03439327142542581,-1.330123753973378,0.3801668943840486,0.1001533598322446,-0.6931062348480177,0.9797783760095102,-0.012711628895056837,0.10321531339922974,False,False,False,True,False,False
2025-06-19,Q3,320.05,,,,,,,True,False,282.3740661621094,,,,0,0,0,34.9,11.0,True,5.768477233588013,0.10321531339922974,,0.19496192078922725,-0.03439327142542581,0.1001533598322446,-0.2634923587215843,0.3801668943840486,-0.15310107795657446,False,False,False,True,False,False
2025-06-26,Q3,319.56,320.05,325.41,-0.15,-1.8,data/raw/spi_weekly/pbs_live/summary/2025-06-26_summary_live.pdf,2025-06-26,False,False,283.163671875,0.0,0.0,False,0,0,0,33.9,11.0,False,5.766945049613841,-0.15310107795657446,-1.7977320918226347,0.2796311019714226,0.10321531339922974,-0.03439327142542581,-0.6931062348480177,0.19496192078922725,0.7228689447990932,False,False,False,True,False,False
2025-07-03,Q3,321.87,319.56,329.67,0.72,-2.37,data/raw/spi_weekly/pbs_live/summary/2025-07-03_summary_live.pdf,2025-07-03,False,False,283.11436767578124,3.94,3.22,True,0,0,0,32.9,11.0,False,5.774147737316764,0.7228689447990932,-2.3660023660023732,-0.01741190841758611,-0.15310107795657446,0.10321531339922974,0.1001533598322446,0.2796311019714226,0.99108335663467,False,False,False,True,False,False
2025-07-10,Q3,325.06,,,,,,,True,False,283.6403015136719,,,,0,0,0,31.9,11.0,False,5.78400978067503,0.99108335663467,,0.1857672721480963,0.7228689447990932,-0.15310107795657446,-0.03439327142542581,-0.01741190841758611,0.2645665415615728,False,False,False,True,False,False
2025-07-17,Q3,325.92,325.06,331.75,0.2645665415615781,-1.7573474001507066,data/raw/spi_weekly/pbs_live/summary/2025-07-17_summary_live.xlsx,2025-07-17,False,False,284.15741577148435,4.15,2.0,True,0,0,0,30.9,11.0,False,5.786651952478496,0.2645665415615728,-1.7573474001507106,0.18231339307315242,0.99108335663467,0.7228689447990932,0.10321531339922974,0.1857672721480963,4.439739813451138,False,False,False,True,False,False
2025-07-24,Q3,340.39,325.92,332.24,4.4397398134511405,2.4530459908499864,data/raw/spi_weekly/pbs_live/summary/2025-07-24_summary_live.xlsx,2025-07-24,False,False,284.1965087890625,0.0,0.0,False,0,0,0,29.9,11.0,False,5.83009201906441,4.439739813451138,2.453045990849989,0.01375752150334364,0.2645665415615728,0.99108335663467,-0.15310107795657446,0.18231339307315242,-0.3672258291959274,False,False,False,True,False,False
2025-07-31,Q3,339.14,340.39,331.66,-0.3672258291959309,2.2553217150093303,data/raw/spi_weekly/pbs_live/summary/2025-07-31_summary_live.xlsx,2025-07-31,False,False,282.97553100585935,0.0,0.0,False,0,0,0,28.9,11.0,True,5.826413001478981,-0.3672258291959274,2.2553217150093285,-0.42962448356793637,4.439739813451138,0.2645665415615728,0.7228689447990932,0.01375752150334364,0.18576399127203658,False,False,False,True,False,False
2025-08-07,Q3,339.77,339.14,332.79,0.19,2.1,data/raw/spi_weekly/pbs_live/summary/2025-08-07_summary_live.pdf,2025-08-07,False,False,281.6005432128906,0.52,-2.75,True,0,0,0,27.9,11.0,False,5.828268918112504,0.18576399127203658,2.0974187926319887,-0.4859034235508708,-0.3672258291959274,4.439739813451138,0.99108335663467,-0.42962448356793637,0.31491891573711683,False,False,False,True,False,False
2025-08-14,Q3,340.84,339.77,332.64,0.31,2.47,data/raw/spi_weekly/pbs_live/summary/2025-08-13_summary_live.pdf,2025-08-13,False,False,282.4434875488281,0.0,0.0,False,0,0,0,26.9,11.0,False,5.831413158959755,0.31491891573711683,2.465127465127459,0.2993404509522568,0.18576399127203658,-0.3672258291959274,0.2645665415615728,-0.4859034235508708,0.15256425302194732,False,False,False,True,False,False
2025-08-21,Q3,341.36,340.84,332.15,0.15,2.77,data/raw/spi_weekly/pbs_live/summary/2025-08-21_summary_live.pdf,2025-08-21,False,False,281.8772338867187,-4.46,0.0,True,0,0,0,25.9,11.0,False,5.832937638879745,0.15256425302194732,2.7728435947614205,-0.20048387981028704,0.31491891573711683,0.18576399127203658,4.439739813451138,0.2993404509522568,0.7265057417389142,False,False,False,True,False,False
2025-08-28,Q3,343.84,341.36,330.03,0.73,4.18,data/raw/spi_weekly/pbs_live/summary/2025-08-28_summary_live.pdf,2025-08-28,False,False,281.14459838867185,0.0,0.0,False,0,0,0,24.9,11.0,False,5.8401764328942,0.7265057417389142,4.184468078659509,-0.25991297273099123,0.15256425302194732,0.31491891573711683,-0.3672258291959274,-0.20048387981028704,1.6141228478361969,False,False,False,True,False,False
2025-09-04,Q3,349.39,343.84,329.53,1.61,6.03,data/raw/spi_weekly/pbs_live/summary/2025-09-04_summary_live.pdf,2025-09-04,False,False,281.8087585449219,-0.91,0.0,False,0,0,0,23.9,11.0,False,5.85618877679811,1.6141228478361969,6.026765393135691,0.23623436482740345,0.7265057417389142,0.15256425302194732,0.18576399127203658,-0.25991297273099123,-0.11448524571394669,False,False,False,True,False,False
2025-09-11,Q3,348.99,349.39,329.69,-0.11,5.85,data/raw/spi_weekly/pbs_live/summary/2025-09-11_summary_live.pdf,2025-09-11,False,False,281.6524353027344,0.0,0.0,False,0,0,0,22.9,11.0,False,5.855043268496785,-0.11448524571394669,5.85398404561861,-0.05547139237072063,1.6141228478361969,0.7265057417389142,0.31491891573711683,0.23623436482740345,-1.341012636465233,False,False,False,True,False,False
2025-09-18,Q3,344.31,348.99,328.25,-1.34,4.89,data/raw/spi_weekly/pbs_live/summary/2025-09-18_summary_live.pdf,2025-09-18,False,False,281.54197998046874,1.06,0.0,True,0,0,0,21.9,11.0,True,5.841542414360687,-1.341012636465233,4.892612338156899,-0.039216888768212055,-0.11448524571394669,1.6141228478361969,0.15256425302194732,-0.05547139237072063,-0.08713078330574442,False,False,False,True,False,False
2025-09-25,Q3,344.01,344.31,328.43,-0.09,4.74,data/raw/spi_weekly/pbs_live/summary/2025-09-25_summary_live.pdf,2025-09-25,False,False,281.5032592773438,0.0,0.0,False,0,0,0,20.9,11.0,False,5.840670726718323,-0.08713078330574442,4.743781018786342,-0.013753083333312155,-1.341012636465233,-0.11448524571394669,0.7265057417389142,-0.039216888768212055,0.6133542629574773,False,False,False,True,False,False
2025-10-02,Q3,346.12,344.01,330.16,0.61,4.83,data/raw/spi_weekly/pbs_live/summary/2025-10-02_summary_live.pdf,2025-10-02,False,False,281.031689453125,1.45,1.72,True,0,0,0,19.9,11.0,False,5.846785535738538,0.6133542629574773,4.834019869154349,-0.16751842427307206,-0.08713078330574442,-1.341012636465233,1.6141228478361969,-0.013753083333312155,0.18490696868138645,False,False,False,True,False,False
2025-10-09,Q3,346.76,346.12,329.92,0.18,5.1,data/raw/spi_weekly/pbs_live/summary/2025-10-09_summary_live.pdf,2025-10-09,False,False,281.4290710449219,0.0,0.0,False,0,0,0,18.9,11.0,False,5.84863289800044,0.18490696868138645,5.104267701260912,0.1414009902478197,0.6133542629574773,-0.08713078330574442,-0.11448524571394669,-0.16751842427307206,0.7123082247087353,False,False,False,True,False,False
2025-10-16,Q3,349.23,346.76,330.8,0.7123082247087353,5.571342200725525,data/raw/spi_weekly/pbs_live/summary/2025-10-16_summary_live.xlsx,2025-10-16,False,False,281.635791015625,-0.55,-2.09,True,0,0,0,17.9,11.0,False,5.85573073092826,0.7123082247087353,5.571342200725526,0.0734536662952312,0.18490696868138645,0.6133542629574773,-1.341012636465233,0.1414009902478197,0.23193883686969397,False,False,False,True,False,False
2025-10-23,Q3,350.04,349.23,330.05,0.2319388368696877,6.056658082108783,data/raw/spi_weekly/pbs_live/summary/2025-10-23_summary_live.xlsx,2025-10-23,False,False,281.33897705078124,0.0,0.0,False,0,0,0,16.9,11.0,False,5.858047433667631,0.23193883686969397,6.056658082108779,-0.10538929152910104,0.7123082247087353,0.18490696868138645,-0.08713078330574442,0.0734536662952312,0.14569763455605234,False,False,False,True,False,False
2025-10-30,Q3,350.55,350.04,330.65,0.1456976345560576,6.018448510509614,data/raw/spi_weekly/pbs_live/summary/2025-10-30_summary_live.xlsx,2025-10-30,False,False,280.863916015625,0.0,0.0,False,0,0,0,15.9,11.0,True,5.859503349652977,0.14569763455605234,6.018448510509611,-0.16885717014264445,0.23193883686969397,0.7123082247087353,0.6133542629574773,-0.10538929152910104,-0.7416916274425978,False,False,False,True,False,False
2025-11-06,Q3,347.95,350.55,331.43,-0.7416916274425915,4.984461273873819,data/raw/spi_weekly/pbs_live/summary/2025-11-06_summary_live.xlsx,2025-11-06,False,False,280.808935546875,1.12,0.91,True,0,0,0,14.9,11.0,False,5.852058791290859,-0.7416916274425978,4.984461273873819,-0.01957548321978031,0.14569763455605234,0.23193883686969397,0.18490696868138645,-0.16885717014264445,0.44259232648369284,False,False,False,True,False,False
2025-11-13,Q3,349.49,347.95,333.47,0.442592326483691,4.8040303475575,data/raw/spi_weekly/pbs_live/summary/2025-11-13_summary_live.xlsx,2025-11-13,False,False,281.1173522949219,0.0,0.0,False,0,0,0,13.9,11.0,False,5.856474948961234,0.44259232648369284,4.8040303475574975,0.1098315292019647,-0.7416916274425978,0.14569763455605234,0.7123082247087353,-0.01957548321978031,0.04005837076883623,False,False,False,True,False,False
2025-11-20,Q3,349.63,349.49,335.87,0.0400583707688326,4.096823175633418,data/raw/spi_weekly/pbs_live/summary/2025-11-20_summary_live.xlsx,2025-11-20,False,False,280.5745788574219,2.17,0.0,True,0,0,0,12.9,11.0,False,5.85687545245669,0.04005837076883623,4.096823175633424,-0.1930771733117953,0.44259232648369284,-0.7416916274425978,0.23193883686969397,0.1098315292019647,0.48622829848696814,False,False,False,True,False,False
2025-11-27,Q3,351.33,349.63,335.87,0.4862282984869637,4.602971387739302,data/raw/spi_weekly/pbs_live/summary/2025-11-27_summary_live.xlsx,2025-11-27,False,False,280.56865234375,0.0,0.0,False,0,0,0,11.9,11.0,False,5.861725952722155,0.48622829848696814,4.6029713877393075,-0.0021122774900184105,0.04005837076883623,0.44259232648369284,0.14569763455605234,-0.1930771733117953,-0.7286596647027022,False,False,False,True,False,False
2025-12-04,Q3,348.77,351.33,334.57,-0.7286596647027039,4.2442538183339735,data/raw/spi_weekly/pbs_live/summary/2025-12-04_summary_live.xlsx,2025-12-04,False,False,280.456689453125,-1.67,-0.73,True,0,0,0,10.9,11.0,False,5.854412679161512,-0.7286596647027022,4.244253818333976,-0.03990570211236388,0.48622829848696814,0.04005837076883623,-0.7416916274425978,-0.0021122774900184105,-0.09175101069472946,False,False,False,True,False,False
2025-12-11,Q3,348.45,348.77,334.79,-0.0917510106947361,4.080169658591942,data/raw/spi_weekly/pbs_live/summary/2025-12-11_summary_live.xlsx,2025-12-11,False,False,280.05153198242186,0.0,0.0,False,0,0,0,9.9,11.0,False,5.853494747884528,-0.09175101069472946,4.080169658591948,-0.14446347187980768,-0.7286596647027022,0.48622829848696814,0.44259232648369284,-0.03990570211236388,0.18080068876453748,False,False,False,True,False,False
2025-12-18,Q3,349.08,348.45,336.33,0.1808006887645348,3.790919632503801,data/raw/spi_weekly/pbs_live/summary/2025-12-18_summary_live.xlsx,2025-12-18,False,False,279.6886779785156,-5.0,0.0,True,0,0,0,8.9,10.5,True,5.855301122295111,0.18080068876453748,3.7909196325037975,-0.1295668698320207,-0.09175101069472946,-0.7286596647027022,0.04005837076883623,-0.14446347187980768,-0.18620373553339675,False,False,False,True,False,False
2025-12-25,Q3,348.43,349.08,338.87,-0.1862037355333967,2.821140850473625,data/raw/spi_weekly/pbs_live/summary/2025-12-24_summary_live.xlsx,2025-12-24,False,False,279.6449203491211,0.0,0.0,False,0,0,0,7.9,10.5,False,5.853437349193202,-0.18620373553339675,2.8211408504736246,-0.01564512003516816,0.18080068876453748,-0.09175101069472946,0.48622829848696814,-0.1295668698320207,-0.5711333696868826,False,False,False,True,False,False
2026-01-01,Q3,346.44,348.43,337.91,-0.5711333696868763,2.52434080080495,data/raw/spi_weekly/pbs_live/summary/2026-01-01_summary_live.xlsx,2026-01-01,False,False,279.6135711669922,-3.2,-3.89,True,0,0,0,6.9,10.5,False,5.847709643462844,-0.5711333696868826,2.5243408008049473,-0.011210352789448041,-0.18620373553339675,0.18080068876453748,-0.7286596647027022,-0.01564512003516816,0.1270061193857419,False,False,False,True,False,False
2026-01-08,Q3,346.88,346.44,335.37,0.1270061193857401,3.432030294898155,data/raw/spi_weekly/pbs_live/summary/2026-01-08_summary_live.xlsx,2026-01-08,False,False,279.451220703125,0.0,0.0,False,0,0,0,5.9,10.5,False,5.848978898811227,0.1270061193857419,3.4320302948981585,-0.05806244067110278,-0.5711333696868826,-0.18620373553339675,-0.09175101069472946,-0.011210352789448041,0.24504151291513399,False,False,False,True,False,False
2026-01-15,Q3,347.73,346.88,333.82,0.2450415129151366,4.166916302198786,data/raw/spi_weekly/pbs_live/summary/2026-01-15_summary_live.xlsx,2026-01-15,False,False,279.30419921875,0.0,0.0,False,0,0,0,4.9,10.5,False,5.851426316568763,0.24504151291513399,4.1669163021987865,-0.05261078624207993,0.1270061193857419,-0.5711333696868826,0.18080068876453748,-0.05806244067110278,-0.3882322491588375,False,False,False,True,False,False
2026-01-22,Q3,346.38,347.73,331.06,-0.3882322491588326,4.627559958919832,data/raw/spi_weekly/pbs_live/summary/2026-01-22_summary_live.xlsx,2026-01-22,False,False,279.19635620117185,0.0,0.0,False,0,0,0,3.9,10.5,False,5.847536438300897,-0.3882322491588375,4.627559958919836,-0.038611312640413065,0.24504151291513399,0.1270061193857419,-0.18620373553339675,-0.05261078624207993,-0.09238408684103527,False,False,False,True,False,False
2026-01-29,Q3,346.06,346.38,329.78,-0.0923840868410366,4.936624416277539,data/raw/spi_weekly/pbs_live/summary/2026-01-29_summary_live.xlsx,2026-01-29,False,False,278.35935668945314,0.0,0.0,False,0,0,0,2.9,10.5,True,5.846612170428502,-0.09238408684103527,4.936624416277535,-0.29978883790146016,-0.3882322491588375,0.24504151291513399,-0.5711333696868826,-0.038611312640413065,0.07802115240131968,False,False,False,True,False,False
2026-02-05,Q3,346.33,346.06,329.0,0.0780211524013196,5.267477203647417,data/raw/spi_weekly/pbs_live/summary/2026-02-04_summary_live.xlsx,2026-02-04,False,False,278.97703857421874,4.35,0.0,True,0,0,0,1.9,10.5,False,5.847392077745725,0.07802115240131968,5.267477203647419,0.22190088815829956,-0.09238408684103527,-0.3882322491588375,0.1270061193857419,-0.29978883790146016,-0.586146161175749,False,False,False,True,False,False
2026-02-12,Q3,344.3,346.33,328.64,-0.5861461611757477,4.765092502434285,data/raw/spi_weekly/pbs_live/summary/2026-02-12_summary_live.xlsx,2026-02-12,False,False,279.0117980957031,0.0,0.0,False,0,0,0,0.9,10.5,False,5.841513370344478,-0.586146161175749,4.765092502434287,0.012459635266770519,0.07802115240131968,-0.09238408684103527,0.24504151291513399,0.22190088815829956,1.0281731048504161,False,False,False,True,False,False
2026-02-19,Q3,347.84,344.3,329.42,1.02817310485041,5.591645923137634,data/raw/spi_weekly/pbs_live/summary/2026-02-19_summary_live.xlsx,2026-02-19,False,False,278.56842041015625,2.69,1.93,True,2,0,0,50.6,10.5,False,5.851742603932845,1.0281731048504161,5.591645923137634,-0.158910013330249,-0.586146161175749,0.07802115240131968,-0.3882322491588375,0.012459635266770519,-0.5979760809567525,False,False,False,True,False,False
2026-02-26,Q3,345.76,347.84,330.63,-0.5979760809567551,4.57611227051386,data/raw/spi_weekly/pbs_live/summary/2026-02-26_summary_live.xlsx,2026-02-26,False,False,277.984814453125,0.0,0.0,False,7,0,0,49.6,10.5,False,5.845744892758576,-0.5979760809567525,4.576112270513866,-0.209501836630277,1.0281731048504161,-0.586146161175749,-0.09238408684103527,-0.158910013330249,0.16196205460434765,False,False,False,True,False,False
2026-03-05,Q3,346.32,345.76,330.11,0.1619620546043449,4.9104843839932215,data/raw/spi_weekly/pbs_live/summary/2026-03-05_summary_live.xlsx,2026-03-05,False,False,278.8382202148438,1.84,3.06,True,7,0,0,48.6,10.5,False,5.8473632031337255,0.16196205460434765,4.910484383993219,0.30699725932787914,-0.5979760809567525,1.0281731048504161,0.07802115240131968,-0.209501836630277,1.1232386232386204,False,False,False,True,False,False
2026-03-12,Q3,350.21,346.32,330.71,1.1232386232386204,5.896404705028573,data/raw/spi_weekly/pbs_live/summary/2026-03-11_summary_live.xlsx,2026-03-11,False,False,278.3218566894531,19.54,20.6,True,7,0,0,47.6,10.5,True,5.858532974555427,1.1232386232386204,5.896404705028568,-0.18518391237499765,0.16196205460434765,-0.5979760809567525,-0.586146161175749,0.30699725932787914,0.20273550155622821,False,False,False,True,False,False
2026-03-19,Q3,350.92,350.21,329.43,0.2027355015562335,6.523388883829639,data/raw/spi_weekly/pbs_live/summary/2026-03-18_summary_live.xlsx,2026-03-18,False,False,278.7607177734375,0.0,0.0,False,7,0,0,46.6,10.5,False,5.860558277260183,0.20273550155622821,6.523388883829639,0.157681142690147,1.1232386232386204,0.16196205460434765,1.0281731048504161,-0.18518391237499765,0.8577453550666858,False,False,False,True,False,False
2026-03-26,Q3,353.93,350.92,328.89,0.8577453550666831,7.613487792270973,data/raw/spi_weekly/pbs_live/summary/2026-03-26_summary_live.xlsx,2026-03-26,False,False,278.281982421875,0.0,0.0,False,0,3,0,45.6,10.5,False,5.8690991534676265,0.8577453550666858,7.613487792270979,-0.1717370206915536,0.20273550155622821,1.1232386232386204,-0.5979760809567525,0.157681142690147,0.8193710620744143,False,False,False,True,False,False
2026-04-02,Q3,356.83,353.93,329.66,0.8193710620744099,8.241824910513841,data/raw/spi_weekly/pbs_live/summary/2026-04-02_summary_live.xlsx,2026-04-02,False,False,278.03447265625,0.0,0.0,False,0,0,0,44.6,10.5,False,5.8772594778887575,0.8193710620744143,8.24182491051384,-0.0889420736013724,0.8577453550666858,0.20273550155622821,0.16196205460434765,-0.1717370206915536,1.17142616932433,False,False,False,True,False,False
2026-04-09,Q3,361.01,356.83,326.67,1.1714261693243344,10.512137631248647,data/raw/spi_weekly/pbs_live/summary/2026-04-09_summary_live.xlsx,2026-04-09,False,False,278.40264282226565,54.71,17.86,True,0,0,0,43.6,10.5,False,5.888905658780245,1.17142616932433,10.512137631248653,0.13241889126132111,0.8193710620744143,0.8577453550666858,1.1232386232386204,-0.0889420736013724,-0.48198110855655063,False,False,False,True,False,False
2026-04-16,Q3,359.27,361.01,324.32,-0.4819811085565533,10.776393685249149,data/raw/spi_weekly/pbs_live/summary/2026-04-16_summary_live.xlsx,2026-04-16,False,False,278.3883972167969,-25.77,-3.1,True,0,0,0,42.6,10.5,False,5.884074194947458,-0.48198110855655063,10.776393685249142,-0.005116907413071914,1.17142616932433,0.8193710620744143,0.20273550155622821,0.13241889126132111,-0.31174325716035733,False,False,False,True,False,False
2026-04-23,Q3,358.15,359.27,318.45,-0.3117432571603586,12.466635264562726,data/raw/spi_weekly/pbs_live/summary/2026-04-23_summary_live.xlsx,2026-04-23,False,False,278.58518676757814,-8.35,0.0,True,0,0,0,41.6,10.5,False,5.88095189306046,-0.31174325716035733,12.466635264562731,0.07068884793643981,-0.48198110855655063,1.17142616932433,0.8577453550666858,-0.005116907413071914,0.36576853273768695,False,False,False,True,False,False
2026-04-30,Q3,359.46,358.15,318.81,0.37,12.75,data/raw/spi_weekly/pbs_live/summary/2026-04-30_summary_live.pdf,2026-04-30,False,False,278.18047485351565,7.53,7.18,True,0,0,0,40.6,11.5,True,5.884602905323889,0.36576853273768695,12.750541074621236,-0.14527402506873122,-0.31174325716035733,-0.48198110855655063,0.8193710620744143,0.07068884793643981,0.7566905914427213,False,False,False,True,False,False
2026-05-07,Q3,362.18,359.46,319.46,0.7566905914427196,13.372566205471742,data/raw/spi_weekly/pbs_live/summary/2026-05-07_summary_live.xlsx,2026-05-07,False,False,278.0315246582031,5.1,1.66,True,0,0,0,39.6,11.5,False,5.8921413258131965,0.7566905914427213,13.372566205471736,-0.053544446421327496,0.36576853273768695,-0.31174325716035733,1.17142616932433,-0.14527402506873122,0.3920702413164667,False,False,False,True,False,False
2026-05-14,Q3,363.6,362.18,322.59,0.3920702413164605,12.712731330791428,data/raw/spi_weekly/pbs_live/summary/2026-05-14_summary_live.xlsx,2026-05-14,False,False,277.6396850585937,3.76,3.73,True,0,0,0,38.6,11.5,False,5.896054362303324,0.3920702413164667,12.712731330791428,-0.14093351467647786,0.7566905914427213,0.36576853273768695,-0.48198110855655063,-0.053544446421327496,-0.15401540154015292,False,False,False,True,False,False
2026-05-21,Q3,363.04,363.6,321.74,-0.1540154015401498,12.83645179337354,data/raw/spi_weekly/pbs_live/summary/2026-05-21_summary_live.xlsx,2026-05-21,False,False,277.92547607421875,-1.21,-1.21,True,0,0,0,37.6,11.5,False,5.894513021031532,-0.15401540154015292,12.836451793373538,0.10293593855816852,0.3920702413164667,0.7566905914427213,-0.31174325716035733,-0.14093351467647786,0.0,False,False,False,True,False,False
2026-05-28,Q3,363.04,,,,,,,True,False,277.33640747070314,,,,0,0,2,36.6,11.5,False,5.894513021031532,0.0,,-0.21195199944833432,-0.15401540154015292,0.3920702413164667,0.36576853273768695,0.10293593855816852,-0.1377258704274964,False,False,False,True,False,False
2026-06-04,Q3,362.54,363.04,319.83,-0.1377258704275021,13.353969296188623,data/raw/spi_weekly/pbs_live/summary/2026-06-04_summary_live.xlsx,2026-06-04,False,False,277.9414489746094,-7.01,-6.8,True,0,0,1,35.6,11.5,False,5.893134813034773,-0.1377258704274964,13.353969296188616,0.21816158557190768,0.0,-0.15401540154015292,0.7566905914427213,-0.21195199944833432,0.11033265294864147,False,False,False,True,False,False
2026-06-11,Q3,362.94,362.54,319.72,0.1103326529486423,13.518078318528694,data/raw/spi_weekly/pbs_live/summary/2026-06-11_summary_live.xlsx,2026-06-11,False,False,277.6693481445312,0.0,-1.04,True,0,0,0,34.6,11.5,False,5.894237531346878,0.11033265294864147,13.518078318528692,-0.09789861536737554,-0.1377258704274964,0.0,0.3920702413164667,0.21816158557190768,0.5317683363641468,False,False,False,True,False,False
2026-06-18,Q3,364.87,362.94,320.05,0.5317683363641521,14.00406186533354,data/raw/spi_weekly/pbs_live/summary/2026-06-18_summary_live.xlsx,2026-06-18,False,False,277.0531982421875,-0.51,-1.06,True,0,0,0,33.6,11.5,True,5.899541125757332,0.5317683363641468,14.00406186533354,-0.22190058299954574,0.11033265294864147,-0.1377258704274964,-0.15401540154015292,-0.09789861536737554,0.0,False,False,False,True,False,False
2026-06-25,Q3,364.87,,,,,,,True,False,277.091162109375,,,,0,0,0,32.6,11.5,False,5.899541125757332,0.0,,0.013702735585940928,0.5317683363641468,0.11033265294864147,0.0,-0.22190058299954574,0.2768109189574375,False,False,False,True,False,False
2026-07-02,Q3,365.88,364.87,321.87,0.2768109189574375,13.6732221083046,data/raw/spi_weekly/pbs_live/summary/2026-07-02_summary_live.xlsx,2026-07-02,False,False,276.75453491210936,-17.73,-19.77,True,0,0,0,31.6,11.5,False,5.902305410788164,0.2768109189574375,13.673222108304595,-0.12148608230699853,0.0,0.5317683363641468,-0.1377258704274964,0.013702735585940928,-0.3197769760577285,False,False,False,True,False,False
2026-07-09,Q3,364.71,365.88,325.06,-0.3197769760577245,12.197748108041594,data/raw/spi_weekly/pbs_live/summary/2026-07-09_summary_live.xlsx,2026-07-09,False,False,277.21002807617185,-0.63,-0.69,False,0,0,0,30.6,11.5,False,5.8991025172358125,-0.3197769760577285,12.197748108041594,0.1645838122244836,0.2768109189574375,0.0,0.11033265294864147,-0.12148608230699853,1.1735351375065095,False,False,False,True,False,False
2026-07-16,Q3,368.99,364.71,325.92,1.173535137506505,13.214899361806571,data/raw/spi_weekly/pbs_live/summary/2026-07-16_summary_live.xlsx,2026-07-16,False,False,277.0631408691406,4.41,4.4,True,0,0,0,29.6,11.5,False,5.9107695434023055,1.1735351375065095,13.214899361806577,-0.05298769602622988,-0.3197769760577285,0.2768109189574375,0.5317683363641468,0.1645838122244836,0.7994796606954013,False,False,False,True,False,False
2026-07-23,Q3,371.94,368.99,340.39,0.7994796606953969,9.26877992890509,data/raw/spi_weekly/pbs_live/summary/2026-07-23_summary_live.xlsx,2026-07-23,False,False,277.11009521484374,15.87,5.23,True,0,0,0,28.6,11.5,False,5.918732550941883,0.7994796606954013,9.26877992890509,0.0169471643018948,1.1735351375065095,-0.3197769760577285,0.0,-0.05298769602622988,-0.9732752594504457,False,False,False,True,False,False
2026-07-30,Q3,368.32,371.94,339.14,-0.973275259450446,8.604116294155801,data/raw/spi_weekly/pbs_live/summary/2026-07-30_summary_live.xlsx,2026-07-30,False,False,277.20325927734376,4.17,2.46,True,0,0,0,27.6,11.5,True,5.908952125533518,-0.9732752594504457,8.604116294155805,0.03361987315106951,0.7994796606954013,1.1735351375065095,0.2768109189574375,0.0169471643018948,0.36109904430929873,False,False,False,True,False,False
2026-08-06,Q3,369.65,368.32,339.77,0.3610990443092987,8.794184301144895,data/raw/spi_weekly/pbs_live/summary/2026-08-06_summary_live.xlsx,2026-08-06,False,False,276.63751831054685,-1.66,-0.63,True,0,0,0,26.6,11.5,False,5.912556612003109,0.36109904430929873,8.794184301144892,-0.20408885821608935,-0.9732752594504457,0.7994796606954013,-0.3197769760577285,0.03361987315106951,0.28405248207763467,False,False,False,True,False,False
2026-08-13,Q3,370.7,369.65,340.84,0.2840524820776409,8.760708836990958,data/raw/spi_weekly/pbs_live/summary/2026-08-13_summary_live.xlsx,2026-08-13,False,False,276.48651733398435,-0.29,-2.35,True,0,0,0,25.6,11.5,False,5.915393110156686,0.28405248207763467,8.760708836990961,-0.05458441699617289,0.36109904430929873,-0.9732752594504457,1.1735351375065095,-0.20408885821608935,0.39924467224170535,False,False,False,True,False,False
2026-08-20,Q3,372.18,370.7,341.36,0.3992446722417071,9.02859151628779,data/raw/spi_weekly/pbs_live/summary/2026-08-20_summary_live.xlsx,2026-08-20,False,False,276.41481323242186,-5.15,3.77,True,0,0,0,24.6,11.5,False,5.919377608213082,0.39924467224170535,9.028591516287786,-0.02593403188476673,0.28405248207763467,0.36109904430929873,0.7994796606954013,-0.05458441699617289,-0.08060615831050333,False,False,False,True,False,False
2026-08-27,Q3,371.88,372.18,343.84,-0.080606158310502,8.154955793392276,data/raw/spi_weekly/pbs_live/summary/2026-08-27_summary_live.xlsx,2026-08-27,False,False,276.7794189453125,2.44,1.71,True,0,0,0,23.6,11.5,False,5.918571221587658,-0.08060615831050333,8.154955793392272,0.1319052725962555,0.39924467224170535,0.28405248207763467,-0.9732752594504457,-0.02593403188476673,0.707217381951164,False,False,False,True,False,False
2026-09-03,Q3,374.51,371.88,349.39,0.7072173819511676,7.189673430836606,data/raw/spi_weekly/pbs_live/summary/2026-09-03_summary_live.xlsx,2026-09-03,False,False,276.7824951171875,0.09,0.9,False,0,0,0,22.6,11.5,False,5.925618504870468,0.707217381951164,7.189673430836607,0.001111416407595378,-0.08060615831050333,0.39924467224170535,0.36109904430929873,0.1319052725962555,-0.05607326907157706,False,False,False,True,False,False
2026-09-10,Q3,374.3,374.51,348.99,-0.0560732690715752,7.252356801054475,data/raw/spi_weekly/pbs_live/summary/2026-09-10_summary_live.xlsx,2026-09-10,False,False,273.6826477050781,5.49,6.18,True,0,0,0,21.6,11.5,False,5.925057614910384,-0.05607326907157706,7.2523568010544714,-1.1199578971917812,0.707217381951164,-0.08060615831050333,0.28405248207763467,0.001111416407595378,0.1415976489446802,False,False,False,True,False,False
2026-09-17,Q3,374.83,374.3,344.31,0.1415976489446819,8.864105021637485,data/raw/spi_weekly/pbs_live/summary/2026-09-17_summary_live.xlsx,2026-09-17,False,False,273.71156005859376,7.29,6.4,True,0,0,0,20.6,11.5,True,5.926472589850456,0.1415976489446802,8.864105021637481,0.010564189493944554,-0.05607326907157706,0.707217381951164,0.39924467224170535,-1.1199578971917812,0.8137022116692982,False,False,False,True,False,False
2026-09-24,Q3,377.88,374.83,344.01,0.8137022116692947,9.8456440219761,data/raw/spi_weekly/pbs_live/summary/2026-09-24_summary_live.xlsx,2026-09-24,False,False,270.28033447265625,-1.57,-0.34,True,0,0,0,19.6,11.5,False,5.934576684900933,0.8137022116692982,9.845644021976096,-1.2535917683575315,0.1415976489446802,-0.05607326907157706,-0.08060615831050333,0.010564189493944554,0.20641473483646866,False,False,False,True,False,False
2026-10-01,Q3,378.66,377.88,346.12,0.2064147348364713,9.401363688894037,data/raw/spi_weekly/pbs_live/summary/2026-10-01_summary_live.xlsx,2026-10-01,False,False,270.23224487304685,-3.43,-0.65,True,0,0,0,18.6,11.5,False,5.936638704824203,0.20641473483646866,9.401363688894037,-0.01779248930678934,0.8137022116692982,0.1415976489446802,0.707217381951164,-1.2535917683575315,,False,False,False,True,False,False
2019-09-05,Q4,122.95,123.07,103.9,-0.14,18.29,data/raw/spi_weekly/wayback/summary/2019-09-05_summary_weekly_spi_nb.pdf,2019-09-05,False,True,156.8299987792969,-4.04,-5.94,True,0,0,0,33.3,13.25,False,4.811777768662202,,18.334937439846,,,,,,0.8133387555917082,False,False,False,False,True,False
2019-09-12,Q4,123.95,122.95,104.13,0.81,19.03,data/raw/spi_weekly/wayback/summary/2019-09-12_summary_weekly_spi_nb.pdf,2019-09-12,False,False,155.6459991455078,0.0,0.0,False,0,0,0,32.3,13.25,False,4.819878258481199,0.8133387555917082,19.033899932776354,-0.7549573697665402,,,,,1.0407422347720852,False,False,False,False,True,False
2019-09-19,Q4,125.24,123.95,104.5,1.04,19.85,data/raw/spi_weekly/wayback/summary/2019-09-19_summary_weekly_spi_nb.pdf,2019-09-19,False,False,155.93800048828126,0.0,0.0,False,0,0,0,31.3,13.25,True,4.830231896458205,1.0407422347720852,19.846889952153113,0.18760607042682675,0.8133387555917082,,,-0.7549573697665402,0.1836473969977659,False,False,False,False,True,False
2019-09-26,Q4,125.47,125.24,104.71,0.18,19.83,data/raw/spi_weekly/wayback/summary/2019-09-26_summary_weekly_spi_nb.pdf,2019-09-26,False,False,156.03799743652343,0.0,0.0,False,0,0,0,30.3,13.25,False,4.832066686171609,0.1836473969977659,19.826186610638906,0.06412609365840094,1.0407422347720852,0.8133387555917082,,0.18760607042682675,0.1514306208655336,False,False,False,False,True,False
2019-10-03,Q4,125.66,125.47,107.01,0.15,17.43,data/raw/spi_weekly/wayback/summary/2019-10-03_summary_weekly_spi_nb.pdf,2019-10-03,False,False,155.5259979248047,0.0,0.0,False,0,0,0,29.3,13.25,False,4.833579846974801,0.1514306208655336,17.428277731053154,-0.3281248927377467,0.1836473969977659,1.0407422347720852,,0.06412609365840094,-0.46156294763647354,False,False,False,False,True,False
2019-10-10,Q4,125.08,125.66,107.74,-0.46,16.09,data/raw/spi_weekly/wayback/summary/2019-10-10_summary_weekly_spi_nb.pdf,2019-10-10,False,False,155.77999877929688,0.0,0.0,False,0,0,0,28.3,13.25,False,4.82895353258964,-0.46156294763647354,16.09430109522927,0.16331729606711143,0.1514306208655336,0.1836473969977659,0.8133387555917082,-0.3281248927377467,1.9427566357531179,False,False,False,False,True,False
2019-10-17,Q4,127.51,125.08,107.28,1.94,18.86,data/raw/spi_weekly/wayback/summary/2019-10-17_summary_weekly_spi_nb.pdf,2019-10-17,False,False,155.53423461914062,0.0,0.0,False,0,0,0,27.3,13.25,False,4.848194792895451,1.9427566357531179,18.85719612229679,-0.15776361669154193,-0.46156294763647354,0.1514306208655336,1.0407422347720852,0.16331729606711143,0.21959062034351273,False,False,False,False,True,False
2019-10-24,Q4,127.79,127.51,107.16,0.22,19.25,data/raw/spi_weekly/wayback/summary/2019-10-24_summary_weekly_spi_nb.pdf,2019-10-24,False,False,155.55,0.0,0.0,False,0,0,0,26.3,13.25,False,4.850388291620612,0.21959062034351273,19.251586412840616,0.010136277005501348,1.9427566357531179,-0.46156294763647354,0.1836473969977659,-0.15776361669154193,0.5634243681039042,False,False,False,False,True,False
2019-10-31,Q4,128.51,127.79,106.91,0.56,20.2,data/raw/spi_weekly/wayback/summary/2019-10-31_summary_weekly_spi_nb.pdf,2019-10-31,False,False,155.3,0.0,0.0,False,0,0,0,25.3,13.25,False,4.85600672231905,0.5634243681039042,20.203909830698706,-0.16072002571519972,0.21959062034351273,1.9427566357531179,0.1514306208655336,0.010136277005501348,0.5991751614660368,False,False,False,False,True,False
2019-11-07,Q4,129.28,128.51,107.01,0.6,20.81,data/raw/spi_weekly/wayback/summary/2019-11-07_summary_weekly_spi_nb.pdf,2019-11-07,False,False,155.0356414794922,0.22,0.89,False,0,0,0,24.3,13.25,False,4.861980594772786,0.5991751614660368,20.8111391458742,-0.1702244175839085,0.5634243681039042,0.21959062034351273,-0.46156294763647354,-0.16072002571519972,1.2298886138613963,False,False,False,False,True,False
2019-11-14,Q4,130.87,129.28,107.69,1.23,21.52,data/raw/spi_weekly/wayback/summary/2019-11-14_summary_weekly_spi_nb.pdf,2019-11-14,False,False,155.2,0.0,0.0,False,0,0,0,23.3,13.25,False,4.87420446406739,1.2298886138613963,21.524746958863417,0.10601337791706911,0.5991751614660368,0.5634243681039042,1.9427566357531179,-0.1702244175839085,0.22923511882018133,False,False,False,False,True,False
2019-11-21,Q4,131.17,130.87,107.72,0.23,21.77,data/raw/spi_weekly/wayback/summary/2019-11-21_summary_weekly_spi_nb.pdf,2019-11-21,False,False,154.74620361328124,0.0,0.0,False,0,0,0,22.3,13.25,False,4.876494191827054,0.22923511882018133,21.76940215373189,-0.29239457907136446,1.2298886138613963,0.5991751614660368,0.21959062034351273,0.10601337791706911,-0.7699931386749959,False,False,False,False,True,False
2019-11-28,Q4,130.16,131.17,107.78,-0.77,20.76,data/raw/spi_weekly/wayback/summary/2019-11-28_summary_weekly_spi_nb.pdf,2019-11-28,False,False,154.8800018310547,0.0,0.0,False,0,0,0,21.3,13.25,True,4.868764462910782,-0.7699931386749959,20.764520319168668,0.08646300500387838,0.22923511882018133,1.2298886138613963,0.5634243681039042,-0.29239457907136446,-0.9603564843269852,False,False,False,False,True,False
2019-12-05,Q4,128.91,130.16,107.13,-0.96,20.33,data/raw/spi_weekly/wayback/summary/2019-12-05_summary_weekly_spi_nb.pdf,2019-12-05,False,False,154.22896728515624,-1.86,-0.2,True,0,0,0,20.3,13.25,False,4.859114486455013,-0.9603564843269852,20.330439652758336,-0.42034771319838793,-0.7699931386749959,0.22923511882018133,0.5991751614660368,0.08646300500387838,-0.605073306958348,False,False,False,False,True,False
2019-12-12,Q4,128.13,128.91,107.02,-0.61,19.73,data/raw/spi_weekly/wayback/summary/2019-12-12_summary_weekly_spi_nb.pdf,2019-12-12,False,False,154.49000244140626,0.0,0.0,False,0,0,0,19.3,13.25,False,4.853045373521485,-0.605073306958348,19.72528499345916,0.16925170468617967,-0.9603564843269852,-0.7699931386749959,1.2298886138613963,-0.42034771319838793,-0.07024116132053893,False,False,False,False,True,False
2019-12-19,Q4,128.04,128.13,106.98,-0.07,19.69,data/raw/spi_weekly/wayback/summary/2019-12-19_summary_weekly_spi_nb.pdf,2019-12-19,False,False,154.34918212890625,0.0,0.0,False,0,0,0,18.3,13.25,False,4.8523427151016625,-0.07024116132053893,19.685922602355575,-0.09115173168141588,-0.605073306958348,-0.9603564843269852,0.22923511882018133,0.16925170468617967,0.5545142143080328,False,False,False,False,True,False
2019-12-26,Q4,128.75,128.04,107.14,0.55,20.17,data/raw/spi_weekly/wayback/summary/2019-12-26_summary_weekly_spi_nb.pdf,2019-12-26,False,False,153.9727355957031,0.0,0.0,False,0,0,0,17.3,13.25,False,4.857872539543846,0.5545142143080328,20.169871196565236,-0.2438927942544855,-0.07024116132053893,-0.605073306958348,-0.7699931386749959,-0.09115173168141588,0.7766990291262044,False,False,False,False,True,False
2020-01-02,Q4,129.75,128.75,106.62,0.78,21.69,data/raw/spi_weekly/wayback/summary/2020-01-02_summary_weekly_spi_nb.pdf,2020-01-02,False,False,154.40554809570312,1.76,2.28,True,0,0,0,16.3,13.25,False,4.865609522045998,0.7766990291262044,21.693866066404045,0.28109684375321464,0.5545142143080328,-0.07024116132053893,-0.9603564843269852,-0.2438927942544855,0.4084778420038626,False,False,False,False,True,False
2020-01-09,Q4,130.28,129.75,106.87,0.41,21.91,data/raw/spi_weekly/wayback/summary/2020-01-09_summary_weekly_spi_nb.pdf,2020-01-09,False,False,154.36000061035156,0.0,0.0,False,0,0,0,15.3,13.25,False,4.869685980408033,0.4084778420038626,21.905118368110777,-0.02949860669729798,0.7766990291262044,0.5545142143080328,-0.605073306958348,0.28109684375321464,-0.16886705557260795,False,False,False,False,True,False
2020-01-16,Q4,130.06,130.28,106.76,-0.17,21.82,data/raw/spi_weekly/wayback/summary/2020-01-16_summary_weekly_spi_nb.pdf,2020-01-16,False,False,154.09642333984374,0.0,0.0,False,0,0,0,14.3,13.25,False,4.867995882441006,-0.16886705557260795,21.824653428250286,-0.17075490377405078,0.4084778420038626,0.7766990291262044,-0.07024116132053893,-0.02949860669729798,-0.4228817468860613,False,False,False,False,True,False
2020-01-23,Q4,129.51,130.06,106.66,-0.42,21.42,data/raw/spi_weekly/wayback/summary/2020-01-23_summary_weekly_spi_nb.pdf,2020-01-23,False,False,153.88193054199218,0.0,0.0,False,0,0,0,13.3,13.25,False,4.863758098235496,-0.4228817468860613,21.423213950871922,-0.1391938847136731,-0.16886705557260795,0.4084778420038626,0.5545142143080328,-0.17075490377405078,-0.32429928190872426,False,False,False,False,True,False
2020-01-30,Q4,129.09,129.51,107.25,-0.32,20.36,data/raw/spi_weekly/wayback/summary/2020-01-30_summary_weekly_spi_nb.pdf,2020-01-30,False,False,153.96000061035156,0.0,0.0,False,0,0,0,12.3,13.25,True,4.860509835518618,-0.32429928190872426,20.36363636363636,0.05073374637580841,-0.4228817468860613,-0.16886705557260795,0.7766990291262044,-0.1391938847136731,0.27887520334648475,False,False,False,False,True,False
2020-02-06,Q4,129.45,129.09,108.46,0.28,19.35,data/raw/spi_weekly/wayback/summary/2020-02-06_summary_weekly_spi_nb.pdf,2020-02-06,False,False,153.7567169189453,0.0,0.0,False,0,0,0,11.3,13.25,False,4.8632947061975464,0.27887520334648475,19.35275677669186,-0.13203669173835753,-0.32429928190872426,-0.4228817468860613,0.4084778420038626,0.05073374637580841,-0.4016994978756183,False,False,False,False,True,False
2020-02-13,Q4,128.93,129.45,109.23,-0.4,18.04,data/raw/spi_weekly/wayback/summary/2020-02-13_summary_weekly_spi_nb.pdf,2020-02-13,False,False,153.72173767089845,0.0,0.0,False,0,0,0,10.3,13.25,False,4.859269621422746,-0.4016994978756183,18.03533827703012,-0.022749736562921452,0.27887520334648475,-0.32429928190872426,-0.16886705557260795,-0.13203669173835753,-0.1396106414333409,False,False,False,False,True,False
2020-02-20,Q4,128.75,128.93,109.52,-0.14,17.56,data/raw/spi_weekly/wayback/summary/2020-02-20_summary_weekly_spi_nb.pdf,2020-02-20,False,False,153.81999816894532,0.0,0.0,False,0,0,0,9.3,13.25,False,4.857872539543846,-0.1396106414333409,17.55843681519358,0.06392101698540209,-0.4016994978756183,0.27887520334648475,-0.4228817468860613,-0.022749736562921452,-0.9242718446601961,False,False,False,False,True,False
2020-02-27,Q4,127.56,128.75,109.54,-0.92,16.45,data/raw/spi_weekly/wayback/summary/2020-02-27_summary_weekly_spi_nb.pdf,2020-02-27,False,False,153.79000244140624,0.0,0.0,False,0,0,0,8.3,13.25,False,4.848586842141857,-0.9242718446601961,16.450611648712798,-0.019500538223993225,-0.1396106414333409,-0.4016994978756183,-0.32429928190872426,0.06392101698540209,-0.10975227343994476,False,False,False,False,True,False
2020-03-05,Q4,127.42,127.56,111.79,-0.11,13.98,data/raw/spi_weekly/wayback/summary/2020-03-05_summary_weekly_spi_nb.pdf,2020-03-05,False,False,153.8,-3.91,-4.24,True,0,0,0,7.3,13.25,False,4.847488716688342,-0.10975227343994476,13.98157259146613,0.006500785769603112,-0.9242718446601961,-0.1396106414333409,0.27887520334648475,-0.019500538223993225,0.7769580913514318,False,False,False,False,True,False
2020-03-12,Q4,128.41,127.42,111.81,0.78,14.85,data/raw/spi_weekly/wayback/summary/2020-03-12_summary_weekly_spi_nb.pdf,2020-03-12,False,False,155.272802734375,0.0,0.0,False,0,0,0,6.3,13.25,False,4.855228269843183,0.7769580913514318,14.846614792952328,0.9576090600617704,-0.10975227343994476,-0.9242718446601961,-0.4016994978756183,0.006500785769603112,0.03893777743166904,False,False,False,False,True,False
2020-03-19,Q4,128.46,128.41,111.37,0.04,15.35,data/raw/spi_weekly/wayback/summary/2020-03-19_summary_weekly_spi_nb.pdf,2020-03-19,False,False,157.58949279785156,0.0,0.0,False,0,0,0,5.3,12.5,True,4.855617571829646,0.03893777743166904,15.345245577803723,1.4920127818132567,0.7769580913514318,-0.10975227343994476,-0.1396106414333409,0.9576090600617704,-0.996419118791847,False,False,False,False,True,False
2020-03-26,Q4,127.18,128.46,110.91,-1.0,14.67,data/raw/spi_weekly/wayback/summary/2020-03-26_summary_weekly_spi_nb.pdf,2020-03-26,False,False,158.47000122070312,-12.15,-13.31,True,0,0,0,4.3,11.0,True,4.845603405839261,-0.996419118791847,14.669551888918964,0.5587354887809814,0.03893777743166904,0.7769580913514318,-0.9242718446601961,1.4920127818132567,-2.099386696021388,False,False,False,False,True,False
2020-04-02,Q4,124.51,127.18,111.52,-2.1,11.65,data/raw/spi_weekly/wayback/summary/2020-04-02_summary_weekly_spi_nb.pdf,2020-04-02,False,False,164.6666473388672,0.0,0.0,False,0,0,0,3.3,11.0,False,4.824386033964322,-2.099386696021388,11.648134863701575,3.9102959995147124,-0.996419118791847,0.03893777743166904,-0.10975227343994476,0.5587354887809814,-0.44976307123926196,False,False,False,False,True,False
2020-04-09,Q4,123.95,124.51,112.21,-0.45,10.46,data/raw/spi_weekly/wayback/summary/2020-04-09_summary_weekly_spi_nb.pdf,2020-04-09,False,False,166.52000122070314,0.0,0.0,False,0,0,0,2.3,11.0,False,4.819878258481199,-0.44976307123926196,10.46252562160237,1.1255186838303288,-2.099386696021388,-0.996419118791847,0.7769580913514318,3.9102959995147124,0.14521984671238553,False,False,False,False,True,False
2020-04-16,Q4,124.13,123.95,112.95,0.15,9.9,data/raw/spi_weekly/wayback/summary/2020-04-16_summary_weekly_spi_nb.pdf,2020-04-16,False,False,166.27999877929688,0.0,0.0,False,0,0,0,1.3,9.0,True,4.821329403527856,0.14521984671238553,9.898185037627272,-0.14412829668921656,-0.44976307123926196,-2.099386696021388,0.03893777743166904,1.1255186838303288,0.6767099009103328,False,False,False,False,True,False
2020-04-23,Q4,124.97,124.13,113.47,0.68,10.13,data/raw/spi_weekly/wayback/summary/2020-04-23_summary_weekly_spi_nb.pdf,2020-04-23,False,False,162.41874084472656,0.0,0.0,False,0,0,0,0.3,9.0,False,4.828073708497692,0.6767099009103328,10.134837401956464,-2.3221421475323467,0.14521984671238553,-0.44976307123926196,-0.996419118791847,-0.14412829668921656,0.8081939665519844,False,False,False,False,True,False
2020-04-30,Q4,125.98,124.97,112.49,0.81,11.99,data/raw/spi_weekly/wayback/summary/2020-04-30_summary_weekly_spi_nb.pdf,2020-04-30,False,False,160.4800018310547,0.0,0.0,False,6,0,0,49.9,9.0,False,4.836123164193783,0.8081939665519844,11.992177082407341,-1.1936670630425028,0.6767099009103328,0.14521984671238553,-2.099386696021388,-2.3221421475323467,0.6508969677726517,False,False,False,False,True,False
2020-05-07,Q4,126.8,125.98,114.13,0.65,11.1,data/raw/spi_weekly/wayback/summary/2020-05-07_summary_weekly_spi_nb.pdf,2020-05-07,False,False,159.25,-25.2,-15.55,True,7,0,0,48.9,9.0,False,4.842611042003125,0.6508969677726517,11.101375624288101,-0.7664517802969506,0.8081939665519844,0.6767099009103328,-0.44976307123926196,-1.1936670630425028,0.03943217665614007,False,False,False,False,True,False
2020-05-14,Q4,126.85,126.8,113.35,0.04,11.91,data/raw/spi_weekly/wayback/summary/2020-05-14_summary_weekly_spi_nb.pdf,2020-05-14,False,False,159.76000061035157,0.0,0.0,False,7,0,0,47.9,9.0,False,4.843005286045291,0.03943217665614007,11.910013233348039,0.320251560660334,0.6508969677726517,0.8081939665519844,0.14521984671238553,-0.7664517802969506,0.693732755222709,False,False,False,False,True,False
2020-05-21,Q4,127.73,126.85,113.73,0.69,12.31,data/raw/spi_weekly/wayback/summary/2020-05-21_summary_weekly_spi_nb.pdf,2020-05-21,False,False,160.02000122070314,0.0,0.0,False,7,0,0,46.9,8.0,True,4.849918661054685,0.693732755222709,12.309856678097253,0.16274449759530185,0.03943217665614007,0.6508969677726517,0.6767099009103328,0.320251560660334,0.14092225788773227,False,False,False,False,True,False
2020-05-28,Q4,127.91,127.73,113.9,0.14,12.3,data/raw/spi_weekly/wayback/summary/2020-05-28_summary_weekly_spi_nb.pdf,2020-05-28,False,False,160.19259643554688,0.0,0.0,False,2,3,0,45.9,8.0,False,4.8513268916113015,0.14092225788773227,12.30026338893766,0.10785852613868219,0.693732755222709,0.03943217665614007,0.8081939665519844,0.16274449759530185,-0.24235790790400058,False,False,False,False,True,False
2020-06-04,Q4,127.6,127.91,113.9,-0.24,12.03,data/raw/spi_weekly/wayback/summary/2020-06-04_summary_weekly_spi_nb.pdf,2020-06-04,False,False,163.2300018310547,0.15,-8.55,True,0,0,0,44.9,8.0,False,4.848900370910689,-0.24235790790400058,12.028094820017543,1.8960959888866702,0.14092225788773227,0.693732755222709,0.6508969677726517,0.10785852613868219,0.10188087774294363,False,False,False,False,True,False
2020-06-11,Q4,127.73,127.6,114.53,0.1,11.53,data/raw/spi_weekly/wayback/summary/2020-06-11_summary_weekly_spi_nb.pdf,2020-06-11,False,False,163.36000061035156,0.0,0.0,False,0,0,0,43.9,8.0,False,4.849918661054685,0.10188087774294363,11.525364533310057,0.07964147389487586,-0.24235790790400058,0.14092225788773227,0.03943217665614007,1.8960959888866702,1.1352070774289569,False,False,False,False,True,False
2020-06-18,Q4,129.18,127.73,114.25,1.14,13.07,data/raw/spi_weekly/wayback/summary/2020-06-18_summary_weekly_spi_nb.pdf,2020-06-18,False,False,164.3800018310547,0.0,0.0,False,0,0,0,42.9,8.0,False,4.861206780604327,1.1352070774289569,13.06783369803064,0.6243885999584808,0.10188087774294363,-0.24235790790400058,0.693732755222709,0.07964147389487586,0.17030500077410693,False,False,False,False,True,False
2020-06-25,Q4,129.4,129.18,114.12,0.17,13.39,data/raw/spi_weekly/wayback/summary/2020-06-25_summary_weekly_spi_nb.pdf,2020-06-25,False,False,166.44400329589843,0.0,0.0,False,0,0,0,41.9,7.0,True,4.8629083820668,0.17030500077410693,13.389414651244302,1.2556280824020494,1.1352070774289569,0.10188087774294363,0.14092225788773227,0.6243885999584808,1.8701700154559298,False,False,False,False,True,False
2020-07-02,Q4,131.82,129.4,118.82,1.87,10.94,data/raw/spi_weekly/wayback/summary/2020-07-02_summary_weekly_spi_nb.pdf,2020-07-02,False,False,167.60999755859376,26.21,33.97,True,0,0,0,40.9,7.0,False,4.881437355624573,1.8701700154559298,10.940919037199116,0.7005324551239367,0.17030500077410693,1.1352070774289569,-0.24235790790400058,1.2556280824020494,1.0620543164922003,False,False,False,False,True,False
2020-07-09,Q4,133.22,131.82,118.68,1.06,12.25,data/raw/spi_weekly/wayback/summary/2020-07-09_summary_weekly_spi_nb.pdf,2020-07-09,False,False,166.69199829101564,0.0,0.0,False,0,0,0,39.9,7.0,False,4.892001896985033,1.0620543164922003,12.251432423323205,-0.5476995888966663,1.8701700154559298,0.17030500077410693,0.10188087774294363,0.7005324551239367,-0.09007656508032147,False,False,False,False,True,False
2020-07-16,Q4,133.1,133.22,119.49,-0.09,11.39,data/raw/spi_weekly/wayback/summary/2020-07-16_summary_weekly_spi_nb.pdf,2020-07-16,False,False,165.9234619140625,0.0,0.0,False,0,0,0,38.9,7.0,False,4.891100725401066,-0.09007656508032147,11.390074483220358,-0.4610517510333034,1.0620543164922003,1.8701700154559298,1.1352070774289569,-0.5476995888966663,0.2930127723516307,False,False,False,False,True,False
2020-07-23,Q4,133.49,133.1,119.54,0.29,11.67,data/raw/spi_weekly/wayback/summary/2020-07-23_summary_weekly_spi_nb.pdf,2020-07-23,False,False,166.93800048828126,0.0,0.0,False,0,0,0,37.9,7.0,False,4.894026568667641,0.2930127723516307,11.669733980257657,0.6114497386416895,-0.09007656508032147,1.0620543164922003,0.17030500077410693,-0.4610517510333034,0.38205108996927084,False,False,False,False,True,False
2020-07-30,Q4,134.0,133.49,120.3,0.38,11.39,data/raw/spi_weekly/wayback/summary/2020-07-29_summary_weekly_spi_nb.pdf,2020-07-29,False,False,166.5459991455078,0.0,0.0,False,0,0,0,36.9,7.0,False,4.897839799950911,0.38205108996927084,11.388196176226106,-0.23481852042487317,0.2930127723516307,-0.09007656508032147,1.8701700154559298,0.6114497386416895,-0.14179104477611837,False,False,False,False,True,False
2020-08-06,Q4,133.81,134.0,122.18,-0.14,9.52,data/raw/spi_weekly/wayback/summary/2020-08-06_summary_weekly_spi_nb.pdf,2020-08-06,False,False,166.84951782226562,5.01,3.93,True,0,0,3,35.9,7.0,False,4.896420883316898,-0.14179104477611837,9.518742838435102,0.18224315103039235,0.38205108996927084,0.2930127723516307,1.0620543164922003,-0.23481852042487317,-0.20177864135715318,False,False,False,False,True,False
2020-08-13,Q4,133.54,133.81,123.65,-0.2,8.0,data/raw/spi_weekly/wayback/summary/2020-08-13_summary_weekly_spi_nb.pdf,2020-08-13,False,False,167.8654022216797,0.0,0.0,False,0,0,0,34.9,7.0,False,4.894401058429723,-0.20177864135715318,7.998382531338444,0.6088626522110951,-0.14179104477611837,0.38205108996927084,-0.09007656508032147,0.18224315103039235,0.6589785831960349,False,False,False,False,True,False
2020-08-20,Q4,134.42,133.54,123.09,0.66,9.2,data/raw/spi_weekly/wayback/summary/2020-08-20_summary_weekly_spi_nb.pdf,2020-08-20,False,False,167.1359619140625,0.0,0.0,False,0,0,0,33.9,7.0,False,4.90096922654182,0.6589785831960349,9.204647006255563,-0.4345388018990981,-0.20177864135715318,-0.14179104477611837,0.2930127723516307,0.6088626522110951,-0.1487873828299291,False,False,False,False,True,False
2020-08-27,Q4,134.22,134.42,123.07,-0.15,9.06,data/raw/spi_weekly/wayback/summary/2020-08-27_summary_weekly_spi_nb.pdf,2020-08-27,False,False,167.2309814453125,0.0,0.0,False,0,0,0,32.9,7.0,False,4.899480244730094,-0.1487873828299291,9.059884618509795,0.05685163753019751,0.6589785831960349,-0.20177864135715318,0.38205108996927084,-0.4345388018990981,0.8642527194158811,False,False,False,False,True,False
2020-09-03,Q4,135.38,134.22,122.95,0.86,10.11,data/raw/spi_weekly/wayback/summary/2020-09-03_summary_weekly_spi_nb.pdf,2020-09-03,False,False,164.87991943359376,0.0,0.0,False,0,0,0,31.9,7.0,False,4.908085639080461,0.8642527194158811,10.10980073200487,-1.4058770638068485,-0.1487873828299291,0.6589785831960349,-0.14179104477611837,0.05685163753019751,0.36933077263998637,False,False,False,False,True,False
2020-09-10,Q4,135.88,135.38,123.95,0.37,9.62,data/raw/spi_weekly/wayback/summary/2020-09-10_summary_weekly_spi_nb.pdf,2020-09-10,False,False,165.5295379638672,0.0,0.0,False,0,0,0,30.9,7.0,False,4.911772143292383,0.36933077263998637,9.624848729326342,0.39399493431646615,0.8642527194158811,-0.1487873828299291,-0.20177864135715318,-1.4058770638068485,0.7727406535178227,False,False,False,False,True,False
2020-09-17,Q4,136.93,135.88,125.24,0.77,9.33,data/raw/spi_weekly/wayback/summary/2020-09-17_summary_weekly_spi_nb.pdf,2020-09-17,False,False,165.86000061035156,0.0,0.0,False,0,0,0,29.9,7.0,False,4.919469846344143,0.7727406535178227,9.334078569147252,0.19963968397984644,0.36933077263998637,0.8642527194158811,0.6589785831960349,0.39399493431646615,0.3724530782151403,False,False,False,False,True,False
2020-09-24,Q4,137.44,136.93,125.47,0.37,9.54,data/raw/spi_weekly/wayback/summary/2020-09-24_summary_weekly_spi_nb.pdf,2020-09-24,False,False,165.9,0.0,0.0,False,0,0,0,28.9,7.0,True,4.923187458235946,0.3724530782151403,9.540129114529371,0.024116356867986966,0.7727406535178227,0.36933077263998637,-0.1487873828299291,0.19963968397984644,0.7494179278230595,False,False,False,False,True,False
2020-10-01,Q4,138.47,137.44,125.66,0.75,10.19,data/raw/spi_weekly/wayback/summary/2020-10-01_summary_weekly_spi_nb.pdf,2020-10-01,False,False,165.65999755859374,-2.28,0.0,True,0,0,0,27.9,7.0,False,4.9306536956666225,0.7494179278230595,10.194174757281548,-0.14466693273433862,0.3724530782151403,0.7727406535178227,0.8642527194158811,0.024116356867986966,1.3360294648660398,False,False,False,False,True,False
2020-10-08,Q4,140.32,138.47,125.08,1.34,12.18,data/raw/spi_weekly/wayback/summary/2020-10-08_summary_weekly_spi_nb.pdf,2020-10-08,False,False,163.95091857910157,0.0,0.0,False,0,0,0,26.9,7.0,False,4.943925528623873,1.3360294648660398,12.184202110649188,-1.0316787424119567,0.7494179278230595,0.3724530782151403,0.36933077263998637,-0.14466693273433862,0.520239452679605,False,False,False,False,True,False
2020-10-15,Q4,141.05,140.32,127.51,0.52,10.62,data/raw/spi_weekly/wayback/summary/2020-10-15_summary_weekly_spi_nb.pdf,2020-10-15,False,False,163.23410339355468,0.0,0.0,False,0,0,0,25.9,7.0,False,4.949114437448006,0.520239452679605,10.618774998039381,-0.4372132780708138,1.3360294648660398,0.7494179278230595,0.7727406535178227,-1.0316787424119567,-0.29067706487062583,False,False,False,False,True,False
2020-10-22,Q4,140.64,141.05,127.79,-0.29,10.06,data/raw/spi_weekly/wayback/summary/2020-10-22_summary_weekly_spi_nb.pdf,2020-10-22,False,False,162.3300018310547,0.0,0.0,False,0,0,0,24.9,7.0,False,4.946203433936867,-0.29067706487062583,10.055559902965783,-0.5538680604752155,0.520239452679605,1.3360294648660398,0.3724530782151403,-0.4372132780708138,1.471843003412987,False,False,False,False,True,False
2020-10-29,Q4,142.71,140.64,128.51,1.47,11.05,data/raw/spi_weekly/wayback/summary/2020-10-29_summary_weekly_spi_nb.pdf,2020-10-29,False,False,160.87999877929687,0.0,0.0,False,0,0,0,23.9,7.0,False,4.9608145991123,1.471843003412987,11.049723756906094,-0.8932440309259104,-0.29067706487062583,0.520239452679605,0.7494179278230595,-0.5538680604752155,-0.16817321841496868,False,False,False,False,True,False
2020-11-05,Q4,142.47,142.71,129.28,-0.17,10.2,data/raw/spi_weekly/wayback/summary/2020-11-05_summary_weekly_spi_nb.pdf,2020-11-05,False,False,159.61024475097656,-0.78,-1.46,True,0,0,0,22.9,7.0,False,4.9591314512291405,-0.16817321841496868,10.2026608910891,-0.7892553691911774,1.471843003412987,-0.29067706487062583,1.3360294648660398,-0.8932440309259104,-0.014038043096797903,False,False,False,False,True,False
2020-11-12,Q4,142.45,142.47,130.87,-0.01,8.85,data/raw/spi_weekly/wayback/summary/2020-11-12_summary_weekly_spi_nb.pdf,2020-11-12,False,False,158.42555541992186,0.0,0.0,False,0,0,0,21.9,7.0,False,4.958991060943918,-0.014038043096797903,8.848475586459825,-0.7422389038391874,-0.16817321841496868,1.471843003412987,0.520239452679605,-0.7892553691911774,0.25974025974027093,False,False,False,False,True,False
2020-11-19,Q4,142.82,142.45,131.17,0.26,8.88,data/raw/spi_weekly/wayback/summary/2020-11-19_summary_weekly_spi_nb.pdf,2020-11-19,False,False,158.0,-1.74,-1.67,True,0,0,0,20.9,7.0,False,4.961585096120964,0.25974025974027093,8.881604025310663,-0.2686153877093145,-0.014038043096797903,-0.16817321841496868,-0.29067706487062583,-0.7422389038391874,-0.9732530457918998,False,False,False,False,True,False
2020-11-26,Q4,141.43,142.82,130.16,-0.97,8.66,data/raw/spi_weekly/wayback/summary/2020-11-26_summary_weekly_spi_nb.pdf,2020-11-26,False,False,160.07000122070312,0.0,0.0,False,0,0,0,19.9,7.0,True,4.951804895032408,-0.9732530457918998,8.658574062692082,1.31012735487539,0.25974025974027093,-0.014038043096797903,1.471843003412987,-0.2686153877093145,-0.2898960616559365,False,False,False,False,True,False
2020-12-03,Q4,141.02,141.43,128.91,-0.29,9.39,data/raw/spi_weekly/wayback/summary/2020-12-03_summary_weekly_spi_nb.pdf,2020-12-03,False,False,158.99773254394532,3.92,0.0,True,0,0,0,18.9,7.0,False,4.948901724290895,-0.2898960616559365,9.394150958032753,-0.669874847617058,-0.9732530457918998,0.25974025974027093,-0.16817321841496868,1.31012735487539,-0.3049212877606067,False,False,False,False,True,False
2020-12-10,Q4,140.59,141.02,128.13,-0.3,9.72,data/raw/spi_weekly/wayback/summary/2020-12-10_summary_weekly_spi_nb.pdf,2020-12-10,False,False,160.01000061035157,0.0,0.0,False,0,0,0,17.9,7.0,False,4.945847853091816,-0.3049212877606067,9.724498556153915,0.6366556618198738,-0.2898960616559365,-0.9732530457918998,-0.014038043096797903,-0.669874847617058,-0.5050145814069373,False,False,False,False,True,False
2020-12-17,Q4,139.88,140.59,128.04,-0.51,9.25,data/raw/spi_weekly/wayback/summary/2020-12-17_summary_weekly_spi_nb.pdf,2020-12-17,False,False,160.02000427246094,2.77,2.97,True,0,0,0,16.9,7.0,False,4.940784912195175,-0.5050145814069373,9.247110278038107,0.006251898050879667,-0.3049212877606067,-0.2898960616559365,0.25974025974027093,0.6366556618198738,0.13583071203888686,False,False,False,False,True,False
2020-12-24,Q4,140.07,139.88,128.75,0.14,8.79,data/raw/spi_weekly/wayback/summary/2020-12-24_summary_weekly_spi_nb.pdf,2020-12-24,False,False,160.0240020751953,0.0,0.0,False,0,0,0,15.9,7.0,False,4.942142297650955,0.13583071203888686,8.792233009708728,0.0024983143529722085,-0.5050145814069373,-0.3049212877606067,-0.9732530457918998,0.006251898050879667,-0.7353466124080832,False,False,False,False,True,False
2020-12-31,Q4,139.04,140.07,129.75,-0.74,7.16,data/raw/spi_weekly/wayback/summary/2020-12-31_summary_weekly_spi_nb.pdf,2020-12-31,False,False,159.88395080566406,0.0,0.0,False,0,0,0,14.9,7.0,False,4.934761661517082,-0.7353466124080832,7.159922928709039,-0.08751891448474103,0.13583071203888686,-0.5050145814069373,-0.2898960616559365,0.0024983143529722085,-0.014384349827378795,False,False,False,False,True,False
2021-01-07,Q4,139.02,139.04,130.28,-0.01,6.71,data/raw/spi_weekly/wayback/summary/2021-01-07_summary_weekly_spi_nb.pdf,2021-01-07,False,False,159.7465850830078,1.66,2.15,True,0,0,0,13.9,7.0,False,4.93461780767234,-0.014384349827378795,6.708627571384707,-0.08591589209802075,-0.7353466124080832,0.13583071203888686,-0.3049212877606067,-0.08751891448474103,-0.1582506114228166,False,False,False,False,True,False
2021-01-14,Q4,138.8,139.02,130.06,-0.16,6.72,data/raw/spi_weekly/wayback/summary/2021-01-14_summary_weekly_spi_nb.pdf,2021-01-14,False,False,159.84575805664062,0.0,0.0,False,0,0,0,12.9,7.0,False,4.933034048072704,-0.1582506114228166,6.7199753959710895,0.062081435782368466,-0.014384349827378795,-0.7353466124080832,-0.5050145814069373,-0.08591589209802075,0.28818443804032867,False,False,False,False,True,False
2021-01-21,Q4,139.2,138.8,129.51,0.29,7.48,data/raw/spi_weekly/wayback/summary/2021-01-21_summary_weekly_spi_nb.pdf,2021-01-21,False,False,159.86031494140624,2.67,3.02,True,0,0,0,11.9,7.0,False,4.935911747900319,0.28818443804032867,7.482047718322904,0.009106832075245208,-0.1582506114228166,-0.014384349827378795,0.13583071203888686,0.062081435782368466,0.5603448275862011,False,False,False,False,True,False
2021-01-28,Q4,139.98,139.2,129.09,0.56,8.44,data/raw/spi_weekly/wayback/summary/2021-01-28_summary_weekly_spi_nb.pdf,2021-01-28,False,False,160.32000122070312,0.0,0.0,False,0,0,0,10.9,7.0,True,4.941499555261394,0.5603448275862011,8.435974901231692,0.28755496914001366,0.28818443804032867,-0.1582506114228166,-0.7353466124080832,0.009106832075245208,0.5572224603514808,False,False,False,False,True,False
2021-02-04,Q4,140.76,139.98,129.45,0.51,8.68,data/raw/spi_weekly/wayback/summary/2021-02-04_summary_weekly_spi_nb.pdf,2021-02-04,False,True,159.80806884765624,2.57,2.49,True,0,0,0,9.9,7.0,False,4.947056312453384,0.5572224603514808,8.736964078794895,-0.3193190925330214,0.5603448275862011,0.28818443804032867,-0.014384349827378795,0.28755496914001366,0.7459505541347111,False,False,False,False,True,False
2021-02-11,Q4,141.81,140.76,128.93,0.75,9.99,data/raw/spi_weekly/wayback/summary/2021-02-11_summary_weekly_spi_nb.pdf,2021-02-11,False,False,159.56000366210938,0.0,0.0,False,0,0,0,8.9,7.0,False,4.954488133473255,0.7459505541347111,9.98991700922982,-0.15522694650877966,0.5572224603514808,0.5603448275862011,-0.1582506114228166,-0.3193190925330214,0.564135110358932,False,False,False,False,True,False
2021-02-18,Q4,142.61,141.81,128.75,0.56,10.77,data/raw/spi_weekly/wayback/summary/2021-02-18_summary_weekly_spi_nb.pdf,2021-02-18,False,False,158.7555389404297,0.0,0.0,False,0,0,0,7.9,7.0,False,4.960113631748675,0.564135110358932,10.765048543689337,-0.5041769260567652,0.7459505541347111,0.5572224603514808,0.28818443804032867,-0.15522694650877966,1.2902321015356488,False,False,False,False,True,False
2021-02-25,Q4,144.45,142.61,127.56,1.29,13.24,data/raw/spi_weekly/wayback/summary/2021-02-25_summary_weekly_spi_nb.pdf,2021-02-25,False,False,158.51245727539063,0.0,0.0,False,0,0,0,6.9,7.0,False,4.9729334269122445,1.2902321015356488,13.24082784571965,-0.15311696628755866,0.564135110358932,0.7459505541347111,0.5603448275862011,-0.5041769260567652,0.6715126341294564,False,False,False,False,True,False
2021-03-04,Q4,145.42,144.45,127.42,0.67,14.13,data/raw/spi_weekly/wayback/summary/2021-03-04_summary_weekly_spi_nb.pdf,2021-03-04,False,False,157.15894470214843,0.0,0.0,False,0,0,0,5.9,7.0,False,4.979626107221911,0.6715126341294564,14.126510751844279,-0.8538840394674341,1.2902321015356488,0.564135110358932,0.5572224603514808,-0.15311696628755866,0.02062989960116557,False,False,False,False,True,False
2021-03-11,Q4,145.45,145.42,128.41,0.02,13.27,data/raw/spi_weekly/wayback/summary/2021-03-11_summary_weekly_spi_nb.pdf,2021-03-11,False,False,156.7499969482422,0.0,0.0,False,0,0,0,4.9,7.0,False,4.9798323849412105,0.02062989960116557,13.26999454871116,-0.2602128403707993,0.6715126341294564,1.2902321015356488,0.7459505541347111,-0.8538840394674341,-0.19938123066345348,False,False,False,False,True,False
2021-03-18,Q4,145.16,145.45,128.46,-0.2,13.0,data/raw/spi_weekly/wayback/summary/2021-03-18_summary_weekly_spi_nb.pdf,2021-03-18,False,False,156.22545776367187,0.0,0.0,False,0,0,0,3.9,7.0,False,4.977836582344869,-0.19938123066345348,13.000155690487292,-0.3346342550446968,0.02062989960116557,0.6715126341294564,0.564135110358932,-0.2602128403707993,0.640672361532113,False,False,False,False,True,False
2021-03-25,Q4,146.09,145.16,127.18,0.64,14.87,data/raw/spi_weekly/wayback/summary/2021-03-25_summary_weekly_spi_nb.pdf,2021-03-25,False,False,155.3657196044922,0.0,0.0,False,0,0,0,2.9,7.0,True,4.984222870144423,0.640672361532113,14.868690045604648,-0.5503188606304055,-0.19938123066345348,0.02062989960116557,1.2902321015356488,-0.3346342550446968,-0.4312410158121671,False,False,False,False,True,False
2021-04-01,Q4,145.46,146.09,124.51,-0.43,16.83,data/raw/spi_weekly/wayback/summary/2021-04-01_summary_weekly_spi_nb.pdf,2021-04-01,False,False,153.68600463867188,-2.56,-1.36,True,0,0,0,1.9,7.0,False,4.979901134726394,-0.4312410158121671,16.825957754397237,-1.0811361541634201,0.640672361532113,-0.19938123066345348,0.6715126341294564,-0.5503188606304055,0.6874742197167549,False,False,False,False,True,False
2021-04-08,Q4,146.46,145.46,123.95,0.69,18.16,data/raw/spi_weekly/wayback/summary/2021-04-08_summary_weekly_spi_nb.pdf,2021-04-08,False,False,152.139892578125,0.0,0.0,False,0,0,0,0.9,7.0,False,4.986752353632924,0.6874742197167549,18.160548608309803,-1.006020075921621,-0.4312410158121671,0.640672361532113,0.02062989960116557,-1.0811361541634201,0.518913013792166,False,False,False,False,True,False
2021-04-15,Q4,147.22,146.46,124.13,0.52,18.6,data/raw/spi_weekly/wayback/summary/2021-04-15_summary_weekly_spi_nb.pdf,2021-04-15,False,False,152.34845275878905,0.0,0.0,False,2,0,0,50.4,7.0,False,4.991928066630559,0.518913013792166,18.60146620478531,0.13708448003337814,0.6874742197167549,-0.4312410158121671,-0.19938123066345348,-1.006020075921621,-0.4007607662002477,False,False,False,False,True,False
2021-04-22,Q4,146.63,147.22,124.97,-0.4,17.33,data/raw/spi_weekly/wayback/summary/2021-04-22_summary_weekly_spi_nb.pdf,2021-04-22,False,False,152.50263671875,-2.02,-1.58,True,7,0,0,49.4,7.0,False,4.987912406988988,-0.4007607662002477,17.332159718332395,0.10120480856150582,0.518913013792166,0.6874742197167549,0.640672361532113,0.13708448003337814,0.10229830184820266,False,False,False,False,True,False
2021-04-29,Q4,146.78,146.63,125.98,0.1,16.51,data/raw/spi_weekly/wayback/summary/2021-04-29_summary_weekly_spi_nb.pdf,2021-04-29,False,False,153.30137939453124,0.0,0.0,False,7,0,0,48.4,7.0,False,4.9889348671169165,0.10229830184820266,16.510557231306542,0.5237566333061494,-0.4007607662002477,0.518913013792166,-0.4312410158121671,0.10120480856150582,0.5586592178770999,False,False,False,False,True,False
2021-05-06,Q4,147.6,146.78,126.8,0.56,16.4,data/raw/spi_weekly/wayback/summary/2021-05-06_summary_weekly_spi_nb.pdf,2021-05-06,False,False,152.87866821289063,0.0,0.0,False,7,0,0,47.4,7.0,False,4.994505912166372,0.5586592178770999,16.403785488959,-0.2757386680472984,0.10229830184820266,-0.4007607662002477,0.6874742197167549,0.5237566333061494,0.0,False,False,False,False,True,False
2021-05-13,Q4,147.6,,,,,,,True,False,151.4324157714844,,,,6,1,0,46.4,7.0,False,4.994505912166372,0.0,,-0.9460132393306009,0.5586592178770999,0.10229830184820266,0.518913013792166,-0.2757386680472984,1.0298102981029844,False,False,False,False,True,False
2021-05-20,Q4,149.12,147.6,127.73,1.03,16.75,data/raw/spi_weekly/wayback/summary/2021-05-20_summary_weekly_spi_nb.pdf,2021-05-20,False,False,152.3540008544922,0.0,0.0,False,0,2,0,45.4,7.0,False,5.004751350937281,1.0298102981029844,16.746261645658823,0.608578472655763,0.0,0.5586592178770999,-0.4007607662002477,-0.9460132393306009,-0.6236587982832664,False,False,False,False,True,False
2021-05-27,Q4,148.19,149.12,127.91,-0.62,15.85,data/raw/spi_weekly/wayback/summary/2021-05-27_summary_weekly_spi_nb.pdf,2021-05-27,False,False,153.56000061035155,0.0,0.0,False,0,0,0,44.4,7.0,False,4.998495234202087,-0.6236587982832664,15.85489797513877,0.791577345586858,1.0298102981029844,0.0,0.10229830184820266,0.608578472655763,-0.7490383966529346,False,False,False,False,True,False
2021-06-03,Q4,147.08,148.19,127.6,-0.75,15.27,data/raw/spi_weekly/wayback/summary/2021-06-03_summary_weekly_spi_nb.pdf,2021-06-03,False,False,154.08638610839844,0.0,0.0,False,0,0,0,43.4,7.0,True,4.990976656433071,-0.7490383966529346,15.266457680250788,0.34278815834505316,-0.6236587982832664,1.0298102981029844,0.5586592178770999,0.791577345586858,-0.5711177590427052,False,False,False,False,True,False
2021-06-10,Q4,146.24,147.08,127.73,-0.57,14.49,data/raw/spi_weekly/wayback/summary/2021-06-10_summary_weekly_spi_nb.pdf,2021-06-10,False,False,154.61000061035156,0.0,0.0,False,0,0,0,42.4,7.0,False,4.98524910770584,-0.5711177590427052,14.491505519455107,0.3398187959218868,-0.7490383966529346,-0.6236587982832664,0.0,0.34278815834505316,0.2530087527352398,False,False,False,False,True,False
2021-06-17,Q4,146.61,146.24,129.18,0.25,13.49,data/raw/spi_weekly/wayback/summary/2021-06-17_summary_weekly_spi_nb.pdf,2021-06-17,False,False,155.67999877929688,1.6,1.89,True,0,0,0,41.4,7.0,False,4.987775999950173,0.2530087527352398,13.492800743149092,0.6920627156854708,-0.5711177590427052,-0.7490383966529346,1.0298102981029844,0.3398187959218868,0.7912147875315467,False,False,False,False,True,False
2021-06-24,Q4,147.77,146.61,129.4,0.79,14.2,data/raw/spi_weekly/wayback/summary/2021-06-24_summary_weekly_spi_nb.pdf,2021-06-24,False,False,157.1,0.0,0.0,False,0,0,0,40.4,7.0,False,4.995657010915543,0.7912147875315467,14.196290571870174,0.9121282321669311,0.2530087527352398,-0.5711177590427052,-0.6236587982832664,0.6920627156854708,0.5143127833795669,False,False,False,False,True,False
2021-07-01,Q4,148.53,147.77,131.82,0.51,12.68,data/raw/spi_weekly/wayback/summary/2021-07-01_summary_weekly_spi_nb.pdf,2021-07-01,False,False,157.56601257324218,1.21,1.78,True,0,0,0,39.4,7.0,False,5.0007869580414415,0.5143127833795669,12.676376877560314,0.29663435597846455,0.7912147875315467,0.2530087527352398,-0.7490383966529346,0.9121282321669311,0.10098969905070199,False,False,False,False,True,False
2021-07-08,Q4,148.68,148.53,133.22,0.1,11.6,data/raw/spi_weekly/wayback/summary/2021-07-08_summary_weekly_spi_nb.pdf,2021-07-08,False,False,157.3176696777344,0.0,0.0,False,0,0,0,38.4,7.0,False,5.001796345429051,0.10098969905070199,11.604864134514337,-0.15761196939114708,0.5143127833795669,0.7912147875315467,-0.5711177590427052,0.29663435597846455,0.40355125100888234,False,False,False,False,True,False
2021-07-15,Q4,149.28,148.68,133.1,0.4,12.16,data/raw/spi_weekly/wayback/summary/2021-07-15_summary_weekly_spi_nb.pdf,2021-07-15,False,False,158.76668395996094,0.0,0.0,False,0,0,0,37.4,7.0,False,5.005823737099034,0.40355125100888234,12.156273478587543,0.9210753535790817,0.10098969905070199,0.5143127833795669,0.2530087527352398,-0.15761196939114708,0.0,False,False,False,False,True,False
2021-07-22,Q4,149.28,,,,,,,True,False,159.5035400390625,,,,0,0,2,36.4,7.0,False,5.005823737099034,0.0,,0.4641125333872731,0.40355125100888234,0.10098969905070199,0.7912147875315467,0.9210753535790817,-0.0870846730975372,False,False,False,False,True,False
2021-07-29,Q4,149.15,149.28,134.0,-0.09,11.31,data/raw/spi_weekly/wayback/summary/2021-07-29_summary_weekly_spi_nb.pdf,2021-07-29,False,False,160.6571075439453,2.3,4.73,True,0,0,1,35.4,7.0,True,5.0049525109607576,-0.0870846730975372,11.305970149253742,0.7232237633097549,0.0,0.40355125100888234,0.5143127833795669,0.4641125333872731,0.08716057660074217,False,False,False,False,True,False
2021-08-05,Q4,149.28,149.15,133.81,0.09,11.56,data/raw/spi_weekly/wayback/summary/2021-08-05_summary_weekly_spi_nb.pdf,2021-08-05,False,False,161.4541473388672,0.0,1.44,True,0,0,0,34.4,7.0,False,5.005823737099034,0.08716057660074217,11.561168821463275,0.49611237691669086,-0.0870846730975372,0.0,0.10098969905070199,0.7232237633097549,0.643086816720273,False,False,False,False,True,False
2021-08-12,Q4,150.24,149.28,133.54,0.64,12.51,data/raw/spi_weekly/wayback/summary/2021-08-12_summary_weekly_spi_nb.pdf,2021-08-12,False,False,162.92091064453126,0.0,0.0,False,0,0,0,33.4,7.0,False,5.012234015459953,0.643086816720273,12.50561629474316,0.9084705037558205,0.08716057660074217,-0.0870846730975372,0.40355125100888234,0.49611237691669086,0.0,False,False,False,False,True,False
2021-08-19,Q4,150.24,,,,,,,True,False,163.07505798339844,,,,0,0,0,32.4,7.0,False,5.012234015459953,0.0,,0.09461482768378104,0.643086816720273,0.08716057660074217,0.0,0.9084705037558205,0.30617678381255065,False,False,False,False,True,False
2021-08-26,Q4,150.7,150.24,134.22,0.31,12.28,data/raw/spi_weekly/wayback/summary/2021-08-26_summary_weekly_spi_nb.pdf,2021-08-26,False,False,163.9204864501953,0.0,0.0,False,0,0,0,31.4,7.0,False,5.01529110563245,0.30617678381255065,12.278348979287724,0.5184290456502261,0.0,0.643086816720273,-0.0870846730975372,0.09461482768378104,0.7431984074319775,False,False,False,False,True,False
2021-09-02,Q4,151.82,150.7,135.38,0.74,12.14,data/raw/spi_weekly/wayback/summary/2021-09-02_summary_weekly_spi_nb.pdf,2021-09-02,False,False,165.5001220703125,-1.32,-1.25,True,0,0,0,30.4,7.0,False,5.022695608588622,0.7431984074319775,12.14359580440243,0.9636596708106682,0.30617678381255065,0.0,0.08716057660074217,0.5184290456502261,1.5215386642076112,False,False,False,False,True,False
2021-09-09,Q4,154.13,151.82,135.88,1.52,13.43,data/raw/spi_weekly/wayback/summary/2021-09-09_summary_weekly_spi_nb.pdf,2021-09-09,False,False,166.12130432128907,0.0,0.0,False,0,0,0,29.4,7.0,False,5.037796402158628,1.5215386642076112,13.430968501619066,0.3753364306962048,0.7431984074319775,0.30617678381255065,0.643086816720273,0.9636596708106682,0.9213002011289273,False,False,False,False,True,False
2021-09-16,Q4,155.55,154.13,136.93,0.92,13.6,data/raw/spi_weekly/wayback/summary/2021-09-16_summary_weekly_spi_nb.pdf,2021-09-16,False,False,167.79497680664062,4.37,4.19,True,0,0,0,28.4,7.0,False,5.046967223343646,0.9213002011289273,13.598188855619654,1.0075002072669426,1.5215386642076112,0.7431984074319775,0.0,0.3753364306962048,-0.10928961748635224,False,False,False,False,True,False
2021-09-23,Q4,155.38,155.55,137.44,-0.11,13.05,data/raw/spi_weekly/wayback/summary/2021-09-23_summary_weekly_spi_nb.pdf,2021-09-23,False,False,167.99000244140626,0.0,0.0,False,0,0,0,27.4,7.25,True,5.045873729522275,-0.10928961748635224,13.052968568102452,0.11622852988644183,0.9213002011289273,1.5215386642076112,0.30617678381255065,1.0075002072669426,-0.1480241987385722,False,False,False,False,True,False
2021-09-30,Q4,155.15,155.38,138.47,-0.15,12.05,data/raw/spi_weekly/wayback/summary/2021-09-30_summary_weekly_spi_nb.pdf,2021-09-30,False,False,168.97999877929686,0.0,0.0,False,0,0,0,26.4,7.25,False,5.044392390894389,-0.1480241987385722,12.04593052646783,0.5893186043829601,-0.10928961748635224,0.9213002011289273,0.7431984074319775,0.11622852988644183,1.1730583306477582,False,False,False,False,True,False
2021-10-07,Q4,156.97,155.15,140.32,1.17,11.87,data/raw/spi_weekly/wayback/summary/2021-10-07_summary_weekly_spi_nb.pdf,2021-10-07,False,False,169.9945831298828,1.59,3.2,True,0,0,0,25.4,7.25,False,5.056054704287115,1.1730583306477582,11.865735461801608,0.6004168291604106,-0.1480241987385722,-0.10928961748635224,1.5215386642076112,0.5893186043829601,0.1592661018029018,False,False,False,False,True,False
2021-10-14,Q4,157.22,156.97,141.05,0.16,11.46,data/raw/spi_weekly/wayback/summary/2021-10-14_summary_weekly_spi_nb.pdf,2021-10-14,False,False,170.21651306152344,0.0,0.0,False,0,0,0,24.4,7.25,False,5.057646098365611,0.1592661018029018,11.464019851116625,0.1305511784873037,1.1730583306477582,-0.1480241987385722,0.9213002011289273,0.6004168291604106,1.22757918839842,False,False,False,False,True,False
2021-10-21,Q4,159.15,157.22,140.64,1.23,13.16,data/raw/spi_weekly/wayback/summary/2021-10-21_summary_weekly_spi_nb.pdf,2021-10-21,False,False,171.53999938964844,10.06,8.19,True,0,0,0,23.4,7.25,False,5.069847153728102,1.22757918839842,13.161262798634832,0.7775311010199237,0.1592661018029018,1.1730583306477582,-0.10928961748635224,0.1305511784873037,1.0116242538485531,False,False,False,False,True,False
2021-10-28,Q4,160.76,159.15,142.71,1.01,12.65,data/raw/spi_weekly/wayback/summary/2021-10-28_summary_weekly_spi_nb.pdf,2021-10-28,False,False,173.6042907714844,0.0,0.0,False,0,0,0,22.4,7.25,False,5.079912569581,1.0116242538485531,12.648027468292323,1.203387774968423,1.22757918839842,0.1592661018029018,-0.1480241987385722,0.7775311010199237,0.6842498133864394,False,False,False,False,True,False
2021-11-04,Q4,161.86,160.76,142.47,0.68,13.61,data/raw/spi_weekly/wayback/summary/2021-11-04_summary_weekly_spi_nb.pdf,2021-11-04,False,False,170.70999755859376,0.0,0.0,False,0,0,0,21.4,7.25,False,5.086731764067556,0.6842498133864394,13.609882782340144,-1.6671783859883882,1.0116242538485531,1.22757918839842,1.1730583306477582,1.203387774968423,1.6928209563820573,False,False,False,False,True,False
2021-11-11,Q4,164.6,161.86,142.45,1.69,15.55,data/raw/spi_weekly/wayback/summary/2021-11-11_summary_weekly_spi_nb.pdf,2021-11-11,False,False,170.23999633789063,6.04,5.78,True,0,0,0,20.4,7.25,False,5.103518288242969,1.6928209563820573,15.549315549315557,-0.27532143836028755,0.6842498133864394,1.0116242538485531,0.1592661018029018,-1.6671783859883882,1.063183475091134,False,False,False,False,True,False
2021-11-18,Q4,166.35,164.6,142.82,1.06,16.48,data/raw/spi_weekly/wayback/summary/2021-11-18_summary_weekly_spi_nb.pdf,2021-11-18,False,False,174.02125244140626,0.0,0.0,False,0,0,0,19.4,7.25,False,5.114094002464486,1.063183475091134,16.47528357372916,2.2211326273824827,1.6928209563820573,0.6842498133864394,1.22757918839842,-0.27532143836028755,-0.7333934475503456,False,False,False,False,True,False
2021-11-25,Q4,165.13,166.35,141.43,-0.73,16.76,data/raw/spi_weekly/wayback/summary/2021-11-25_summary_weekly_spi_nb.pdf,2021-11-25,False,False,174.08734130859375,0.0,0.0,False,0,0,0,18.4,8.75,True,5.106733042474897,-0.7333934475503456,16.75740649084352,0.03797746899318888,1.063183475091134,1.6928209563820573,1.0116242538485531,2.2211326273824827,-0.48446678374612917,False,False,False,False,True,False
2021-12-02,Q4,164.33,165.13,141.02,-0.48,16.53,data/raw/spi_weekly/wayback/summary/2021-12-02_summary_weekly_spi_nb.pdf,2021-12-02,False,False,175.3760955810547,0.0,0.0,False,0,0,0,17.4,8.75,False,5.101876601193199,-0.48446678374612917,16.52957027372004,0.7402917769744333,-0.7333934475503456,1.063183475091134,0.6842498133864394,0.03797746899318888,-0.01825594839651723,False,False,False,False,True,False
2021-12-09,Q4,164.3,164.33,140.59,-0.02,16.86,data/raw/spi_weekly/wayback/summary/2021-12-09_summary_weekly_spi_nb.pdf,2021-12-09,False,False,175.90719299316407,0.0,0.0,False,0,0,0,16.4,8.75,False,5.101694025043223,-0.01825594839651723,16.864641866420094,0.30283341087606885,-0.48446678374612917,-0.7333934475503456,1.6928209563820573,0.7402917769744333,0.10955569080948191,False,False,False,False,True,False
2021-12-16,Q4,164.48,164.3,139.88,0.11,17.59,data/raw/spi_weekly/wayback/summary/2021-12-16_summary_weekly_spi_nb.pdf,2021-12-16,False,False,176.98464660644532,-3.48,-3.4,True,0,0,0,15.4,9.75,True,5.102788982266801,0.10955569080948191,17.586502716614238,0.6125125385424868,-0.01825594839651723,-0.48446678374612917,1.063183475091134,0.30283341087606885,0.3343871595330894,False,False,False,False,True,False
2021-12-23,Q4,165.03,164.48,140.07,0.33,17.82,data/raw/spi_weekly/wayback/summary/2021-12-23_summary_weekly_spi_nb.pdf,2021-12-23,False,False,177.7532531738281,0.0,0.0,False,0,0,0,14.4,9.75,False,5.106127275555476,0.3343871595330894,17.81966159777255,0.43427866886776023,0.10955569080948191,-0.01825594839651723,-0.7333934475503456,0.6125125385424868,-0.539295885596569,False,False,False,False,True,False
2021-12-30,Q4,164.14,165.03,139.04,-0.54,18.05,data/raw/spi_weekly/wayback/summary/2021-12-30_summary_weekly_spi_nb.pdf,2021-12-30,False,False,176.2300018310547,0.0,0.0,False,0,0,0,13.4,9.75,False,5.100719722201566,-0.539295885596569,18.05235903337168,-0.8569470969309378,0.3343871595330894,0.10955569080948191,-0.48446678374612917,0.43427866886776023,0.0,False,False,False,False,True,False
2022-01-06,Q4,164.14,164.14,139.02,0.0,18.07,data/raw/spi_weekly/wayback/summary/2022-01-06_summary_weekly_spi_nb.pdf,2022-01-06,False,False,176.9200012207031,2.75,2.68,True,0,0,0,12.4,9.75,False,5.100719722201566,0.0,18.069342540641607,0.3915334406623394,-0.539295885596569,0.3343871595330894,-0.01825594839651723,-0.8569470969309378,-0.4569270135250436,False,False,False,False,True,False
2022-01-13,Q4,163.39,164.14,138.8,-0.46,17.72,data/raw/spi_weekly/wayback/summary/2022-01-13_summary_weekly_spi_nb.pdf,2022-01-13,False,False,175.87482299804688,0.0,0.0,False,0,0,0,11.4,9.75,False,5.096139981042732,-0.4569270135250436,17.71613832853025,-0.5907631785240564,0.0,-0.539295885596569,0.10955569080948191,0.3915334406623394,-0.0061203256013109275,False,False,False,False,True,False
2022-01-20,Q4,163.38,163.39,139.2,-0.01,17.37,data/raw/spi_weekly/wayback/summary/2022-01-20_summary_weekly_spi_nb.pdf,2022-01-20,False,False,175.58673095703125,2.09,2.07,True,0,0,0,10.4,9.75,False,5.096078775913723,-0.0061203256013109275,17.370689655172413,-0.163805163300057,-0.4569270135250436,0.0,0.3343871595330894,-0.5907631785240564,-0.08568980291344674,False,False,False,False,True,False
2022-01-27,Q4,163.24,163.38,139.98,-0.09,16.62,data/raw/spi_weekly/wayback/summary/2022-01-27_summary_weekly_spi_nb.pdf,2022-01-27,False,False,176.2,0.0,0.0,False,0,0,0,9.4,9.75,True,5.095221510537605,-0.08568980291344674,16.61665952278899,0.349268443934303,-0.0061203256013109275,-0.4569270135250436,-0.539295885596569,-0.163805163300057,1.4334721881891666,False,False,False,False,True,False
2022-02-03,Q4,165.58,163.24,140.76,1.43,17.63,data/raw/spi_weekly/wayback/summary/2022-02-03_summary_weekly_spi_nb.pdf,2022-02-03,False,False,176.0082794189453,0.0,0.0,False,0,0,0,8.4,9.75,False,5.10945446171066,1.4334721881891666,17.632850241545906,-0.10880850230118311,-0.08568980291344674,-0.0061203256013109275,0.0,0.349268443934303,-0.0966300277811527,False,False,False,False,True,False
2022-02-10,Q4,165.42,165.58,141.81,-0.1,16.65,data/raw/spi_weekly/wayback/summary/2022-02-10_summary_weekly_spi.pdf,2022-02-10,False,False,174.2802520751953,0.0,0.0,False,0,0,0,7.4,9.75,False,5.1084876942637605,-0.0966300277811527,16.64903744446793,-0.9817875326403547,1.4334721881891666,-0.08568980291344674,-0.4569270135250436,-0.10880850230118311,0.4533913674283685,False,False,False,False,True,False
2022-02-17,Q4,166.17,165.42,142.61,0.45,16.52,data/raw/spi_weekly/wayback/summary/2022-02-17_summary_weekly_spi.pdf,2022-02-17,False,False,174.62807922363282,6.52,8.12,True,0,0,0,6.4,9.75,False,5.113011360713122,0.4533913674283685,16.520580604445676,0.19957920894413395,-0.0966300277811527,1.4334721881891666,-0.0061203256013109275,-0.9817875326403547,0.5355960763073986,False,False,False,False,True,False
2022-02-24,Q4,167.06,166.17,144.45,0.54,15.65,data/raw/spi_weekly/wayback/summary/2022-02-24_summary_weekly_spi.pdf,2022-02-24,False,False,175.22208557128906,0.0,0.0,False,0,0,0,5.4,9.75,False,5.118353029327761,0.5355960763073986,15.652474904811363,0.34015511726239733,0.4533913674283685,-0.0966300277811527,-0.08568980291344674,0.19957920894413395,0.09577397342273031,False,False,False,False,True,False
2022-03-03,Q4,167.22,167.06,145.42,0.1,14.99,data/raw/spi_weekly/wayback/summary/2022-03-03_summary_weekly_spi.pdf,2022-03-03,False,False,176.25739440917968,-6.43,-6.23,True,0,0,0,4.4,9.75,False,5.119310310721912,0.09577397342273031,14.991060376839505,0.5908552192579686,0.5355960763073986,0.4533913674283685,1.4334721881891666,0.34015511726239733,0.5740940078937884,False,False,False,False,True,False
2022-03-10,Q4,168.18,167.22,145.45,0.57,15.63,data/raw/spi_weekly/wayback/summary/2022-03-10_summary_weekly_spi.pdf,2022-03-10,False,False,177.85528869628905,0.0,0.0,False,0,0,0,3.4,9.75,True,5.125034834404752,0.5740940078937884,15.627363355104862,0.9065686534545536,0.09577397342273031,0.5355960763073986,-0.0966300277811527,0.5908552192579686,-0.915685574979197,False,False,False,False,True,False
2022-03-17,Q4,166.64,168.18,145.16,-0.92,14.8,data/raw/spi_weekly/wayback/summary/2022-03-17_summary_weekly_spi.pdf,2022-03-17,False,False,178.55,0.0,0.0,False,0,0,0,2.4,9.75,False,5.115835796952717,-0.915685574979197,14.79746486635436,0.39060480506558637,0.5740940078937884,0.09577397342273031,0.4533913674283685,0.9065686534545536,1.2301968314930356,False,False,False,False,True,False
2022-03-24,Q4,168.69,166.64,146.09,1.23,15.47,data/raw/spi_weekly/wayback/summary/2022-03-24_summary_weekly_spi.pdf,2022-03-24,False,False,180.1953369140625,0.0,0.0,False,0,0,0,1.4,9.75,False,5.12806271097222,1.2301968314930356,15.469915805325485,0.9214992517851961,-0.915685574979197,0.5740940078937884,0.5355960763073986,0.39060480506558637,0.5928033671231292,False,False,False,False,True,False
2022-03-31,Q4,169.69,168.69,145.46,0.59,16.66,data/raw/spi_weekly/wayback/summary/2022-03-31_summary_weekly_spi.pdf,2022-03-31,False,False,181.6449951171875,0.0,0.0,False,0,0,0,0.4,9.75,False,5.133973242984735,0.5928033671231292,16.657500343737098,0.8044926289165755,1.2301968314930356,-0.915685574979197,0.09577397342273031,0.9214992517851961,1.5970298780128456,False,False,False,False,True,False
2022-04-07,Q4,172.4,169.69,146.46,1.6,17.71,data/raw/spi_weekly/wayback/summary/2022-04-07_summary_weekly_spi.pdf,2022-04-07,False,False,183.67746276855468,0.0,0.0,False,5,0,0,50.0,12.25,True,5.149817358229593,1.5970298780128456,17.71132049706403,1.1189230124705185,0.5928033671231292,1.2301968314930356,0.5740940078937884,0.8044926289165755,-0.7308584686775088,False,False,False,False,True,False
2022-04-14,Q4,171.14,172.4,147.22,-0.73,16.25,data/raw/spi_weekly/wayback/summary/2022-04-14_summary_weekly_spi.pdf,2022-04-14,False,False,183.08999938964843,0.0,0.0,False,7,0,0,49.0,12.25,False,5.142481934989909,-0.7308584686775088,16.2477924195082,-0.31983421920765975,1.5970298780128456,0.5928033671231292,-0.915685574979197,1.1189230124705185,-1.168633867009461,False,False,False,False,True,False
2022-04-21,Q4,169.14,171.14,146.63,-1.17,15.35,data/raw/spi_weekly/wayback/summary/2022-04-21_summary_weekly_spi.pdf,2022-04-21,False,False,182.43000183105468,0.0,0.0,False,7,0,0,48.0,12.25,False,5.130726774354076,-1.168633867009461,15.351565164018277,-0.36047712097543316,-0.7308584686775088,1.5970298780128456,1.2301968314930356,-0.31983421920765975,0.3783847700130183,False,False,False,False,True,False
2022-04-28,Q4,169.78,169.14,146.78,0.38,15.67,data/raw/spi_weekly/wayback/summary/2022-04-28_summary_weekly_spi.pdf,2022-04-28,False,False,186.02614135742186,0.0,0.0,False,7,0,0,47.0,12.25,False,5.134503481309822,0.3783847700130183,15.669709769723394,1.9712434853218497,-1.168633867009461,-0.7308584686775088,0.5928033671231292,-0.36047712097543316,0.0,False,False,False,False,True,False
2022-05-05,Q4,169.78,,,,,,,True,False,185.37000122070313,,,,4,3,0,46.0,12.25,False,5.134503481309822,0.0,,-0.35271394220774965,0.3783847700130183,-1.168633867009461,1.5970298780128456,1.9712434853218497,1.1249852750618405,False,False,False,False,True,False
2022-05-12,Q4,171.69,169.78,147.6,1.12,16.32,data/raw/spi_weekly/wayback/summary/2022-05-12_summary_weekly_spi.pdf,2022-05-12,False,False,187.35999755859376,0.0,0.0,False,0,0,0,45.0,12.25,False,5.145690525089121,1.1249852750618405,16.321138211382124,1.0735266358019357,0.0,0.3783847700130183,-0.7308584686775088,-0.35271394220774965,1.5201817228726267,False,False,False,False,True,False
2022-05-19,Q4,174.3,171.69,149.12,1.52,16.89,data/raw/spi_weekly/wayback/summary/2022-05-19_summary_weekly_spi.pdf,2022-05-19,False,False,194.03999938964844,0.0,0.0,False,0,0,0,44.0,12.25,False,5.160777952525975,1.5201817228726267,16.885729613733915,3.5653298025719815,1.1249852750618405,0.0,-1.168633867009461,1.0735266358019357,-0.34997131382674684,False,False,False,False,True,False
2022-05-26,Q4,173.69,174.3,148.19,-0.35,17.21,data/raw/spi_weekly/wayback/summary/2022-05-26_summary_weekly_spi.pdf,2022-05-26,False,False,200.5,0.0,0.0,False,0,0,0,43.0,13.75,True,5.157272101065921,-0.34997131382674684,17.207638842027116,3.329210797088966,1.5201817228726267,1.1249852750618405,0.3783847700130183,3.5653298025719815,1.6984282342103585,False,False,False,False,True,False
2022-06-02,Q4,176.64,173.69,147.08,1.7,20.1,data/raw/spi_weekly/wayback/summary/2022-06-02_summary_weekly_spi.pdf,2022-06-02,False,False,199.01598510742187,20.69,19.91,True,0,0,0,42.0,13.75,False,5.17411376308873,1.6984282342103585,20.097905901550163,-0.7401570536549329,-0.34997131382674684,1.5201817228726267,0.0,3.329210797088966,2.4852807971014634,False,False,False,False,True,False
2022-06-09,Q4,181.03,176.64,146.24,2.49,23.79,data/raw/spi_weekly/wayback/summary/2022-06-09_summary_weekly_spi.pdf,2022-06-09,False,False,198.759521484375,17.18,16.61,True,0,0,0,41.0,13.75,False,5.198662763387852,2.4852807971014634,23.789660831509842,-0.12886584105715748,1.6984282342103585,-0.34997131382674684,1.1249852750618405,-0.7401570536549329,3.115505717284428,False,False,False,False,True,False
2022-06-16,Q4,186.67,181.03,146.61,3.12,27.32,data/raw/spi_weekly/wayback/summary/2022-06-16_summary_weekly_spi.pdf,2022-06-16,False,False,203.49714050292968,28.91,11.43,True,0,0,0,40.0,13.75,False,5.2293423520445055,3.115505717284428,27.32419343837389,2.383593491860525,2.4852807971014634,1.6984282342103585,1.5201817228726267,-0.12886584105715748,1.1464080998553783,False,False,False,False,True,False
2022-06-23,Q4,188.81,186.67,147.77,1.15,27.77,data/raw/spi_weekly/wayback/summary/2022-06-23_summary_weekly_spi.pdf,2022-06-23,False,False,209.0722442626953,0.0,0.0,False,0,0,0,39.0,13.75,False,5.240741218410441,1.1464080998553783,27.77289030249712,2.7396472235369673,3.115505717284428,2.4852807971014634,-0.34997131382674684,2.383593491860525,2.8388326889465576,False,False,False,False,True,False
2022-06-30,Q4,194.17,188.81,148.53,2.84,30.73,data/raw/spi_weekly/wayback/summary/2022-07-01_summary_weekly_spi.pdf,2022-06-30,False,False,206.15863647460938,0.0,0.0,False,0,0,0,38.0,13.75,False,5.268734064006362,2.8388326889465576,30.727799097825347,-1.393588995211159,1.1464080998553783,3.115505717284428,1.6984282342103585,2.7396472235369673,1.2257300303857521,False,False,False,False,True,False
2022-07-07,Q4,196.55,194.17,148.68,1.23,32.2,data/raw/spi_weekly/wayback/summary/2022-07-06_summary_weekly_spi.pdf,2022-07-06,False,False,203.91466064453124,5.06,6.36,True,0,0,0,37.0,15.0,True,5.280916851867869,1.2257300303857521,32.19666397632499,-1.0884704460850991,2.8388326889465576,1.1464080998553783,2.4852807971014634,-1.393588995211159,0.015263291783251809,False,False,False,False,True,False
2022-07-14,Q4,196.58,196.55,149.28,0.02,31.69,data/raw/spi_weekly/wayback/summary/2022-07-14_summary_weekly_spi.pdf,2022-07-14,False,False,206.3933319091797,0.0,0.0,False,0,0,3,36.0,15.0,False,5.2810694731384835,0.015263291783251809,31.685423365487676,1.2155434321465153,1.2257300303857521,2.8388326889465576,3.115505717284428,-1.0884704460850991,-0.050869874860115516,False,False,False,False,True,False
2022-07-21,Q4,196.48,196.58,149.28,-0.05,31.62,data/raw/spi_weekly/wayback/summary/2022-07-21_summary_weekly_spi.pdf,2022-07-21,False,False,214.80025939941407,-14.62,-7.41,True,0,0,0,35.0,15.0,False,5.280560644958777,-0.050869874860115516,31.618435155412648,4.073255377229779,0.015263291783251809,1.2257300303857521,1.1464080998553783,1.2155434321465153,2.549877850162874,False,False,False,False,True,False
2022-07-28,Q4,201.49,196.48,149.15,2.55,35.09,data/raw/spi_weekly/wayback/summary/2022-07-28_summary_weekly_spi.pdf,2022-07-28,False,False,229.11680603027344,0.0,0.0,False,0,0,0,34.0,15.0,False,5.3057397523636745,2.549877850162874,35.09218907140463,6.665050903983416,-0.050869874860115516,0.015263291783251809,2.8388326889465576,4.073255377229779,0.9131966846990025,False,False,False,False,True,False
2022-08-04,Q4,203.33,201.49,149.28,0.91,36.21,data/raw/spi_weekly/wayback/summary/2022-08-04_summary_weekly_spi.pdf,2022-08-04,False,False,236.42499923706055,3.78,-1.29,True,0,0,0,33.0,15.0,False,5.31483027492225,0.9131966846990025,36.207127545552,3.1897237629183284,2.549877850162874,-0.050869874860115516,1.2257300303857521,6.665050903983416,-0.07868981458714064,False,False,False,False,True,False
2022-08-11,Q4,203.17,203.33,150.24,-0.08,35.23,data/raw/spi_weekly/wayback/summary/2022-08-11_summary_weekly_spi.pdf,2022-08-11,False,False,223.5317840576172,0.0,0.0,False,0,0,0,32.0,15.0,False,5.314043067009519,-0.07868981458714064,35.23029818956336,-5.453406036184649,0.9131966846990025,2.549877850162874,0.015263291783251809,3.1897237629183284,3.189447260914524,False,False,False,False,True,False
2022-08-18,Q4,209.65,203.17,150.24,3.19,39.54,data/raw/spi_weekly/wayback/summary/2022-08-18_summary_weekly_spi.pdf,2022-08-18,False,False,214.97715759277344,-0.18,2.96,True,0,0,0,31.0,15.0,False,5.345439473616771,3.189447260914524,39.5433972310969,-3.8270291184356653,-0.07868981458714064,0.9131966846990025,-0.050869874860115516,-5.453406036184649,2.003338898163598,False,False,False,False,True,False
2022-08-25,Q4,213.85,209.65,150.7,2.0,41.9,data/raw/spi_weekly/wayback/summary/2022-08-25_summary_weekly_spi.pdf,2022-08-25,False,False,215.43961486816406,0.0,0.0,False,0,0,0,30.0,15.0,True,5.365274834672918,2.003338898163598,41.90444591904448,0.21511926223651834,3.189447260914524,-0.07868981458714064,2.549877850162874,-3.8270291184356653,1.388823942015427,False,False,False,False,True,False
2022-09-01,Q4,216.82,213.85,151.82,1.39,42.81,data/raw/spi_weekly/wayback/summary/2022-09-01_summary_weekly_spi.pdf,2022-09-01,False,False,219.76591796875,1.19,0.88,True,0,0,0,29.0,15.0,False,5.379067516233146,1.388823942015427,42.81385851666448,2.0081279402738295,2.003338898163598,3.189447260914524,0.9131966846990025,0.21511926223651834,-0.7702241490637363,False,False,False,False,True,False
2022-09-08,Q4,215.15,216.82,154.13,-0.77,39.59,data/raw/spi_weekly/wayback/summary/2022-09-08_summary_weekly_spi.pdf,2022-09-08,False,False,220.0999969482422,0.0,0.0,False,0,0,0,28.0,15.0,False,5.371335459284609,-0.7702241490637363,39.58995653020179,0.15201582783173073,1.388823942015427,2.003338898163598,-0.07868981458714064,2.0081279402738295,-0.1533813618405766,False,False,False,False,True,False
2022-09-15,Q4,214.82,215.15,155.55,-0.15,38.1,data/raw/spi_weekly/wayback/summary/2022-09-15_summary_weekly_spi.pdf,2022-09-15,False,False,228.35917053222656,0.0,0.0,False,0,0,0,27.0,15.0,False,5.369800468169901,-0.1533813618405766,38.10350369656057,3.7524641974104878,-0.7702241490637363,1.388823942015427,3.189447260914524,0.15201582783173073,-6.065543245507865,False,False,False,False,True,False
2022-09-22,Q4,201.79,214.82,155.38,-6.07,29.87,data/raw/spi_weekly/wayback/summary/2022-09-22_summary_weekly_spi.pdf,2022-09-22,False,False,237.4625015258789,0.0,0.6,False,0,0,0,26.0,15.0,False,5.307227552677793,-6.065543245507865,29.868708971553602,3.9864092046032695,-0.1533813618405766,-0.7702241490637363,2.003338898163598,3.7524641974104878,1.0307745676198188,False,False,False,False,True,False
2022-09-29,Q4,203.87,201.79,155.15,1.03,31.4,data/raw/spi_weekly/wayback/summary/2022-09-29_summary_weekly_spi.pdf,2022-09-29,False,False,237.1417236328125,0.0,0.0,False,0,0,0,25.0,15.0,False,5.317482535809048,1.0307745676198188,31.401869158878505,-0.13508570448182988,-6.065543245507865,-0.1533813618405766,1.388823942015427,3.9864092046032695,0.5101290037769157,False,False,False,False,True,False
2022-10-06,Q4,204.91,203.87,156.97,0.51,30.54,data/raw/spi_weekly/wayback/summary/2022-10-06_summary_weekly_spi.pdf,2022-10-06,False,False,226.58133850097656,-4.87,-5.29,True,0,0,0,24.0,15.0,False,5.322570858348741,0.5101290037769157,30.540867681722617,-4.453195738843297,1.0307745676198188,-6.065543245507865,-0.7702241490637363,-0.13508570448182988,-0.6002635303303805,False,False,False,False,True,False
2022-10-13,Q4,203.68,204.91,157.22,-0.6,29.55,data/raw/spi_weekly/wayback/summary/2022-10-13_summary_weekly_spi.pdf,2022-10-13,False,False,218.73325805664064,0.0,0.0,False,0,0,0,23.0,15.0,True,5.316550134809097,-0.6002635303303805,29.550947716575514,-3.463692330647128,0.5101290037769157,1.0307745676198188,-0.1533813618405766,-4.453195738843297,0.39277297721915794,False,False,False,False,True,False
2022-10-20,Q4,204.48,203.68,159.15,0.39,28.48,data/raw/spi_weekly/wayback/summary/2022-10-20_summary_weekly_spi.pdf,2022-10-20,False,False,219.1,0.0,0.0,False,0,0,0,22.0,15.0,False,5.32047017118917,0.39277297721915794,28.482563619227143,0.16766629209372663,-0.6002635303303805,0.5101290037769157,-6.065543245507865,-3.463692330647128,3.4086463223787167,False,False,False,False,True,False
2022-10-27,Q4,211.45,204.48,160.82,3.41,31.48,data/raw/spi_weekly/wayback/summary/2022-10-27_summary_weekly_spi.pdf,2022-10-27,False,False,219.07006225585937,0.0,0.0,False,0,0,0,21.0,15.0,False,5.353988563918498,3.4086463223787167,31.48240268623306,-0.01366396355118038,0.39277297721915794,-0.6002635303303805,1.0307745676198188,0.16766629209372663,0.5911563017261701,False,False,False,False,True,False
2022-11-03,Q4,212.7,211.45,161.86,0.59,31.41,data/raw/spi_weekly/wayback/summary/2022-11-03_summary_weekly_spi.pdf,2022-11-03,False,False,220.61000061035156,0.0,0.0,False,0,0,0,20.0,15.0,False,5.3598827222061916,0.5911563017261701,31.40986037316198,0.7029433134928542,3.4086463223787167,0.39277297721915794,0.5101290037769157,-0.01366396355118038,0.8039492242595259,False,False,False,False,True,False
2022-11-10,Q4,214.41,212.7,164.6,0.8,30.26,data/raw/spi_weekly/wayback/summary/2022-11-10_summary_weekly_spi.pdf,2022-11-10,False,False,220.41961669921875,0.0,0.0,False,0,0,0,19.0,15.0,False,5.367890069899997,0.8039492242595259,30.26123936816525,-0.08629885798743242,0.5911563017261701,3.4086463223787167,-0.6002635303303805,0.7029433134928542,0.6482906580849823,False,False,False,False,True,False
2022-11-17,Q4,215.8,214.41,166.35,0.65,29.73,data/raw/spi_weekly/wayback/summary/2022-11-17_summary_weekly_spi.pdf,2022-11-17,False,False,220.70864562988282,0.0,0.0,False,0,0,0,18.0,15.0,False,5.374352052824034,0.6482906580849823,29.72648031259395,0.1311266823671442,0.8039492242595259,0.5911563017261701,0.39277297721915794,-0.08629885798743242,0.5004633920296486,False,False,False,False,True,False
2022-11-24,Q4,216.88,215.8,165.13,0.5,31.34,data/raw/spi_weekly/wayback/summary/2022-11-24_summary_weekly_spi.pdf,2022-11-24,False,False,222.76000061035157,0.0,0.0,False,0,0,0,17.0,15.0,False,5.37934420519041,0.5004633920296486,31.338945073578394,0.9294402467172835,0.6482906580849823,0.8039492242595259,3.4086463223787167,0.1311266823671442,-0.1844337882700109,False,False,False,False,True,False
2022-12-01,Q4,216.48,216.88,164.33,-0.18,31.73,data/raw/spi_weekly/wayback/summary/2022-12-01_summary_weekly_spi.pdf,2022-12-01,False,False,223.34830627441406,0.0,0.0,False,0,0,0,16.0,16.0,True,5.3774981644224775,-0.1844337882700109,31.73492362928252,0.26409842990238186,0.5004633920296486,0.6482906580849823,0.5911563017261701,0.9294402467172835,0.01385809312639541,False,False,False,False,True,False
2022-12-08,Q4,216.51,216.48,164.3,0.01,31.78,data/raw/spi_weekly/wayback/summary/2022-12-08_summary_weekly_spi.pdf,2022-12-08,False,False,223.33275146484374,0.0,0.0,False,0,0,0,15.0,16.0,False,5.377636735752292,0.01385809312639541,31.77723676202069,-0.0069643731935076225,-0.1844337882700109,0.5004633920296486,0.8039492242595259,0.26409842990238186,-0.4387788092928724,False,False,False,False,True,False
2022-12-15,Q4,215.56,216.51,164.48,-0.44,31.06,data/raw/spi_weekly/wayback/summary/2022-12-15_summary_weekly_spi.pdf,2022-12-15,False,False,223.92320556640624,0.0,0.0,False,0,0,0,14.0,16.0,False,5.373239293065296,-0.4387788092928724,31.05544747081712,0.26438312235428363,0.01385809312639541,-0.1844337882700109,0.6482906580849823,-0.0069643731935076225,-0.0046390796066053674,False,False,False,False,True,False
2022-12-22,Q4,215.55,215.56,165.03,0.0,30.61,data/raw/spi_weekly/wayback/summary/2022-12-22_summary_weekly_spi.pdf,2022-12-22,False,False,224.61499938964843,-3.2,-4.45,True,0,0,0,13.0,16.0,False,5.373192901193144,-0.0046390796066053674,30.612615888020358,0.3089424436794497,-0.4387788092928724,0.01385809312639541,0.5004633920296486,0.26438312235428363,0.02319647413593362,False,False,False,False,True,False
2022-12-29,Q4,215.6,215.55,164.14,0.02,31.35,data/raw/spi_weekly/wayback/summary/2022-12-29_summary_weekly_spi.pdf,2022-12-29,False,False,225.47999877929686,0.0,0.0,False,0,0,0,12.0,16.0,False,5.3734248390348425,0.02319647413593362,31.35128548799806,0.3851031284637818,-0.0046390796066053674,-0.4387788092928724,-0.1844337882700109,0.3089424436794497,1.1920222634508315,False,False,False,False,True,False
2023-01-05,Q4,218.17,215.6,164.14,1.19,32.92,data/raw/spi_weekly/wayback/summary/2023-01-05_summary_weekly_spi.pdf,2023-01-05,False,False,226.0849365234375,0.0,0.0,False,0,0,0,11.0,16.0,False,5.385274575403933,1.1920222634508315,32.91702205434386,0.2682888714811371,0.02319647413593362,-0.0046390796066053674,0.01385809312639541,0.3851031284637818,0.4491909978457276,False,False,False,False,True,False
2023-01-12,Q4,219.15,218.17,163.39,0.45,34.13,data/raw/spi_weekly/wayback/summary/2023-01-12_summary_weekly_spi.pdf,2023-01-12,False,False,227.4,0.0,0.0,False,0,0,0,10.0,16.0,False,5.389756426864818,0.4491909978457276,34.12693555297144,0.581667888530979,1.1920222634508315,0.02319647413593362,-0.4387788092928724,0.2682888714811371,-0.1095140314852916,False,False,False,False,True,False
2023-01-19,Q4,218.91,219.15,163.38,-0.11,33.99,data/raw/spi_weekly/wayback/summary/2023-01-19_summary_weekly_spi.pdf,2023-01-19,False,False,227.70220642089845,0.0,0.0,False,0,0,0,9.0,16.0,False,5.388660686445639,-0.1095140314852916,33.98824825560045,0.1328964032095259,0.4491909978457276,1.1920222634508315,-0.0046390796066053674,0.581667888530979,0.4111278607646929,False,False,False,False,True,False
2023-01-26,Q4,219.81,218.91,163.24,0.41,34.65,data/raw/spi_weekly/wayback/summary/2023-01-26_summary_weekly_spi.pdf,2023-01-26,False,False,229.42153625488282,0.0,0.0,False,0,0,0,8.0,17.0,True,5.392763536839982,0.4111278607646929,34.65449644694927,0.7550782493544572,-0.1095140314852916,0.4491909978457276,0.02319647413593362,0.1328964032095259,2.4748646558391263,False,False,False,False,True,False
2023-02-02,Q4,225.25,219.81,165.58,2.47,36.04,data/raw/spi_weekly/wayback/summary/2023-02-02_summary_weekly_spi.pdf,2023-02-02,False,False,260.43035888671875,15.3,16.22,True,0,0,0,7.0,17.0,False,5.417210896488447,2.4748646558391263,36.03696098562628,13.516090571979134,0.4111278607646929,-0.1095140314852916,1.1920222634508315,0.7550782493544572,0.14206437291897078,False,False,False,False,True,False
2023-02-09,Q4,225.57,225.25,165.42,0.14,36.36,data/raw/spi_weekly/wayback/summary/2023-02-09_summary_weekly_spi.pdf,2023-02-09,False,False,274.2564208984375,0.0,0.0,False,0,0,0,6.0,17.0,False,5.418630532058045,0.14206437291897078,36.3619876677548,5.308928678984315,2.4748646558391263,0.4111278607646929,0.4491909978457276,13.516090571979134,2.8771556501307805,False,False,False,False,True,False
2023-02-16,Q4,232.06,225.57,166.17,2.88,39.65,data/raw/spi_weekly/wayback/summary/2023-02-16_summary_weekly_spi.pdf,2023-02-16,False,False,266.7633056640625,6.49,8.82,True,0,0,0,5.0,17.0,False,5.446995958919399,2.8771556501307805,39.6521634470723,-2.7321567202796215,0.14206437291897078,2.4748646558391263,-0.1095140314852916,5.308928678984315,2.1804705679565606,False,False,False,False,True,False
2023-02-23,Q4,237.12,232.06,167.06,2.18,41.94,data/raw/spi_weekly/wayback/summary/2023-02-23_summary_weekly_spi.pdf,2023-02-23,False,False,260.767431640625,0.0,0.0,False,0,0,0,4.0,17.0,False,5.468566342107722,2.1804705679565606,41.93702861247457,-2.2476382231475966,2.8771556501307805,0.14206437291897078,0.4111278607646929,-2.7321567202796215,-0.198211875843457,False,False,False,False,True,False
2023-03-02,Q4,236.65,237.12,167.22,-0.2,41.52,data/raw/spi_weekly/wayback/summary/2023-03-02_summary_weekly_spi.pdf,2023-03-02,False,False,260.2123107910156,0.0,-1.8,True,0,0,0,3.0,20.0,True,5.466582256352257,-0.198211875843457,41.520153091735445,-0.21287967063862157,2.1804705679565606,2.8771556501307805,2.4748646558391263,-2.2476382231475966,1.2930488062539602,False,False,False,False,True,False
2023-03-09,Q4,239.71,236.65,168.18,1.29,42.53,data/raw/spi_weekly/wayback/summary/2023-03-09_summary_weekly_spi.pdf,2023-03-09,False,False,277.0899963378906,0.0,0.0,False,0,0,0,2.0,20.0,False,5.479429859385319,1.2930488062539602,42.531811154715186,6.48612108150024,-0.198211875843457,2.1804705679565606,0.14206437291897078,-0.21287967063862157,0.8259980810145562,False,False,False,False,True,False
2023-03-16,Q4,241.69,239.71,166.64,0.83,45.04,data/raw/spi_weekly/wayback/summary/2023-03-16_summary_weekly_spi.pdf,2023-03-16,False,False,281.2890869140625,4.65,1.84,True,0,0,0,1.0,20.0,False,5.487655913249886,0.8259980810145562,45.03720595295248,1.5154248192531083,1.2930488062539602,-0.198211875843457,2.8771556501307805,6.48612108150024,2.2094418469940758,False,False,False,False,True,False
2023-03-23,Q4,247.03,241.69,168.69,2.21,46.44,data/raw/spi_weekly/wayback/summary/2023-03-22_summary_weekly_spi.pdf,2023-03-22,False,False,280.2771423339844,0.0,0.0,False,1,0,0,0.0,20.0,False,5.509509786742492,2.2094418469940758,46.44021578042563,-0.3597525205047525,0.8259980810145562,1.2930488062539602,2.1804705679565606,1.5154248192531083,-0.3724244018945,False,False,False,False,True,False
2023-03-30,Q4,246.11,247.03,169.69,-0.37,45.04,data/raw/spi_weekly/wayback/summary/2023-03-30_summary_weekly_spi.pdf,2023-03-30,False,False,282.1512145996094,0.0,0.0,False,7,0,0,49.7,20.0,False,5.50577859046014,-0.3724244018945,45.03506394012613,0.6686496979449785,2.2094418469940758,0.8259980810145562,-0.198211875843457,-0.3597525205047525,1.0279956117183353,False,False,False,False,True,False
2023-04-06,Q4,248.64,246.11,172.4,1.03,44.22,data/raw/spi_weekly/wayback/summary/2023-04-06_summary_weekly_spi.pdf,2023-04-06,False,False,285.1199951171875,0.0,0.0,False,7,0,0,48.7,21.0,True,5.5160060671792825,1.0279956117183353,44.222737819025504,1.0521948387821167,-0.3724244018945,2.2094418469940758,1.2930488062539602,0.6686496979449785,-0.44240669240669384,False,False,False,False,True,False
2023-04-13,Q4,247.54,248.64,171.14,-0.44,44.64,data/raw/spi_weekly/wayback/summary/2023-04-13_summary_weekly_spi.pdf,2023-04-13,False,False,285.0419128417969,0.0,0.0,False,7,0,0,47.7,21.0,False,5.511572185111876,-0.44240669240669384,44.641813719761615,-0.027385759233944373,1.0279956117183353,-0.3724244018945,0.8259980810145562,1.0521948387821167,0.3676173547709549,False,False,False,False,True,False
2023-04-20,Q4,248.45,247.54,169.14,0.37,46.89,data/raw/spi_weekly/wayback/summary/2023-04-19_summary_weekly_spi.pdf,2023-04-19,False,False,281.8388244628906,0.0,3.67,True,7,0,0,46.7,21.0,False,5.5152416180483295,0.3676173547709549,46.890150171455616,-1.1237254012830156,-0.44240669240669384,1.0279956117183353,2.2094418469940758,-0.027385759233944373,0.14892332461260427,False,False,False,False,True,False
2023-04-27,Q4,248.82,248.45,169.78,0.15,46.55,data/raw/spi_weekly/wayback/summary/2023-04-27_summary_weekly_spi.pdf,2023-04-27,False,False,281.99017944335935,0.0,0.0,False,1,3,0,45.7,21.0,False,5.516729743486345,0.14892332461260427,46.55436447166921,0.053702672354383196,0.3676173547709549,-0.44240669240669384,-0.3724244018945,-1.1237254012830156,1.0891407443131662,False,False,False,False,True,False
2023-05-04,Q4,251.53,248.82,169.78,1.09,48.15,data/raw/spi_weekly/wayback/summary/2023-05-04_summary_weekly_spi.pdf,2023-05-04,False,False,282.31569213867186,-1.7,0.0,True,0,0,0,44.7,21.0,False,5.527562266720222,1.0891407443131662,48.15054776769938,0.11543405375147309,0.14892332461260427,0.3676173547709549,1.0279956117183353,0.053702672354383196,0.3299805192223726,False,False,False,False,True,False
2023-05-11,Q4,252.36,251.53,171.69,0.33,46.99,data/raw/spi_weekly/wayback/summary/2023-05-11_summary_weekly_spi.pdf,2023-05-11,False,False,283.5159973144531,0.0,0.0,False,0,0,0,43.7,21.0,False,5.530856639502609,0.3299805192223726,46.98584658395948,0.4251641723095112,1.0891407443131662,0.14892332461260427,-0.44240669240669384,0.11543405375147309,-0.043588524330329115,False,False,False,False,True,False
2023-05-18,Q4,252.25,252.36,174.3,-0.04,44.72,data/raw/spi_weekly/wayback/summary/2023-05-18_summary_weekly_spi.pdf,2023-05-18,False,False,286.32017822265624,-10.38,-4.24,True,0,0,0,42.7,21.0,False,5.530420659233719,-0.043588524330329115,44.721744119334474,0.9890732568056615,0.3299805192223726,1.0891407443131662,0.3676173547709549,0.4251641723095112,-0.4122893954410234,False,False,False,False,True,False
2023-05-25,Q4,251.21,252.25,173.69,-0.41,44.63,data/raw/spi_weekly/wayback/summary/2023-05-25_summary_weekly_spi.pdf,2023-05-25,False,False,285.62123413085936,0.0,0.0,False,0,0,0,41.7,21.0,False,5.526289242718887,-0.4122893954410234,44.6312395647418,-0.24411276080351652,-0.043588524330329115,0.3299805192223726,0.14892332461260427,0.9890732568056615,0.11544126428086887,False,False,False,False,True,False
2023-06-01,Q4,251.5,251.21,176.64,0.12,42.38,data/raw/spi_weekly/wayback/summary/2023-06-01_summary_weekly_spi.pdf,2023-06-01,False,False,284.8052612304688,-1.94,-2.96,True,0,0,0,40.7,21.0,False,5.527442989539794,0.11544126428086887,42.37998188405798,-0.2856835567122906,-0.4122893954410234,-0.043588524330329115,1.0891407443131662,-0.24411276080351652,0.2465208747514991,False,False,False,False,True,False
2023-06-08,Q4,252.12,251.5,181.03,0.25,39.27,data/raw/spi_weekly/wayback/summary/2023-06-08_summary_weekly_spi.pdf,2023-06-08,False,False,285.3770690917969,0.0,0.0,False,0,0,0,39.7,21.0,False,5.5299051646449096,0.2465208747514991,39.26973429818261,0.20077152327091508,0.11544126428086887,-0.4122893954410234,0.3299805192223726,-0.2856835567122906,0.2855782960494935,False,False,False,False,True,False
2023-06-15,Q4,252.84,252.12,186.67,0.29,35.45,data/raw/spi_weekly/wayback/summary/2023-06-15_summary_weekly_spi.pdf,2023-06-15,False,False,286.6101013183594,0.0,0.0,False,0,0,0,38.7,21.0,True,5.532756877604098,0.2855782960494935,35.44758129319121,0.432071234905651,0.2465208747514991,0.11544126428086887,-0.043588524330329115,0.20077152327091508,0.4231925328270769,False,False,False,False,True,False
2023-06-22,Q4,253.91,252.84,188.81,0.42,34.48,data/raw/spi_weekly/wayback/summary/2023-06-22_summary_weekly_spi.pdf,2023-06-22,False,False,286.52321166992186,0.0,0.0,False,0,0,0,37.7,21.0,False,5.5369798735199165,0.4231925328270769,34.47910597955617,-0.030316324525148097,0.2855782960494935,0.2465208747514991,-0.4122893954410234,0.432071234905651,0.0,False,False,False,False,True,False
2023-06-29,Q4,253.91,,,,,,,True,False,285.58369140625,,,,0,0,1,36.7,22.0,True,5.5369798735199165,0.0,,-0.32790371788593564,0.4231925328270769,0.2855782960494935,0.11544126428086887,-0.030316324525148097,0.8270647079673843,False,False,False,False,True,False
2023-07-06,Q4,256.01,253.91,196.55,0.83,30.25,data/raw/spi_weekly/wayback/summary/2023-07-06_summary_weekly_spi.pdf,2023-07-06,False,False,281.19697265625,2.95,0.0,True,0,0,2,35.7,22.0,False,5.545216506216643,0.8270647079673843,30.251844314423803,-1.5360536620278475,0.0,0.4231925328270769,0.2465208747514991,-0.32790371788593564,0.4101402288973155,False,False,False,False,True,False
2023-07-13,Q4,257.06,256.01,196.58,0.41,30.77,data/raw/spi_weekly/pbs_live/summary/2023-07-13_summary_live.pdf,2023-07-13,False,False,276.5734130859375,0.0,0.0,False,0,0,0,34.7,22.0,False,5.549309520681986,0.4101402288973155,30.766100315393217,-1.644242299850296,0.8270647079673843,0.0,0.2855782960494935,-1.5360536620278475,0.027230996654470374,False,False,False,False,True,False
2023-07-20,Q4,257.13,257.06,196.48,0.03,30.87,data/raw/spi_weekly/pbs_live/summary/2023-07-20_summary_live.pdf,2023-07-20,False,False,277.7791259765625,-2.64,-3.4,True,0,0,0,33.7,22.0,False,5.549581793578901,0.027230996654470374,30.86828175895766,0.43594678070171256,0.4101402288973155,0.8270647079673843,0.4231925328270769,-1.644242299850296,4.017423093376893,False,False,False,False,True,False
2023-07-27,Q4,267.46,257.13,201.49,4.02,32.74,data/raw/spi_weekly/wayback/summary/2023-07-26_summary_weekly_spi.pdf,2023-07-26,False,False,286.3264892578125,0.0,0.0,False,0,0,0,32.7,22.0,False,5.58897002244465,4.017423093376893,32.741078961735056,3.077035846808429,0.027230996654470374,0.4101402288973155,0.0,0.43594678070171256,1.106707545053487,False,False,False,False,True,False
2023-08-03,Q4,270.42,267.46,203.33,1.11,33.0,data/raw/spi_weekly/wayback/summary/2023-08-03_summary_weekly_spi.pdf,2023-08-03,False,False,285.56980590820314,7.82,7.86,True,0,0,0,31.7,22.0,True,5.599976305930612,1.106707545053487,32.99562287906359,-0.2642729115181708,4.017423093376893,0.027230996654470374,0.8270647079673843,3.077035846808429,0.772871829006716,False,False,False,False,True,False
2023-08-10,Q4,272.51,270.42,203.17,0.77,34.13,data/raw/spi_weekly/wayback/summary/2023-08-10_summary_weekly_spi.pdf,2023-08-10,False,False,284.65879516601564,0.0,0.0,False,0,0,0,30.7,22.0,False,5.607675310677678,0.772871829006716,34.12905448639072,-0.31901507909429805,1.106707545053487,4.017423093376893,0.4101402288973155,-0.2642729115181708,0.6421782686873767,False,False,False,False,True,False
2023-08-17,Q4,274.26,272.51,209.65,0.64,30.82,data/raw/spi_weekly/pbs_live/summary/2023-08-17_summary_live.pdf,2023-08-17,False,False,289.11541137695315,7.29,6.4,True,0,0,0,29.7,22.0,False,5.614076561571708,0.6421782686873767,30.818030050083458,1.5655993373886012,0.772871829006716,1.106707545053487,0.027230996654470374,-0.31901507909429805,0.07656967840736773,False,False,False,False,True,False
2023-08-24,Q4,274.47,274.26,213.85,0.08,28.35,data/raw/spi_weekly/wayback/summary/2023-08-24_summary_weekly_spi.pdf,2023-08-24,False,False,295.75078125,0.0,0.0,False,0,0,0,28.7,22.0,False,5.614841965359553,0.07656967840736773,28.346972176759433,2.2950592088622823,0.6421782686873767,0.772871829006716,4.017423093376893,1.5655993373886012,0.5720115130979586,False,False,False,False,True,False
2023-08-31,Q4,276.04,274.47,216.82,0.57,27.31,data/raw/spi_weekly/wayback/summary/2023-08-31_summary_weekly_spi.pdf,2023-08-31,False,False,301.737841796875,0.0,0.0,False,0,0,0,27.7,22.0,False,5.6205457827524015,0.5720115130979586,27.31297850751777,2.0243600106719883,0.07656967840736773,0.6421782686873767,1.106707545053487,2.2950592088622823,0.8658165483263147,False,False,False,False,True,False
2023-09-07,Q4,278.43,276.04,215.15,0.87,29.41,data/raw/spi_weekly/wayback/summary/2023-09-07_summary_weekly_spi.pdf,2023-09-07,False,False,305.99155883789064,6.28,5.12,True,0,0,0,26.7,22.0,False,5.629166681275411,0.8658165483263147,29.41203811294446,1.4097393338814879,0.5720115130979586,0.07656967840736773,0.772871829006716,2.0243600106719883,-0.2657759580504959,False,False,False,False,True,False
2023-09-14,Q4,277.69,278.43,214.82,-0.27,29.27,data/raw/spi_weekly/pbs_live/summary/2023-09-14_summary_live.pdf,2023-09-14,False,False,301.6349609375,0.0,0.0,False,0,0,0,25.7,22.0,True,5.626505383581552,-0.2657759580504959,29.266362536076727,-1.4237640792890915,0.8658165483263147,0.5720115130979586,0.6421782686873767,1.4097393338814879,0.7166264539594458,False,False,False,False,True,False
2023-09-21,Q4,279.68,277.69,201.79,0.72,38.6,data/raw/spi_weekly/pbs_live/summary/2023-09-21_summary_live.pdf,2023-09-21,False,False,295.2542358398438,5.54,8.51,True,0,0,0,24.7,22.0,False,5.6336460924671705,0.7166264539594458,38.5995341691858,-2.1153798212994124,-0.2657759580504959,0.8658165483263147,0.07656967840736773,-1.4237640792890915,-0.032179633867290836,False,False,False,False,True,False
2023-09-28,Q4,279.59,279.68,203.87,-0.03,37.14,data/raw/spi_weekly/wayback/summary/2023-09-27_summary_weekly_spi.pdf,2023-09-27,False,False,289.3449645996094,0.0,0.0,False,0,0,0,23.7,22.0,False,5.633324244340946,-0.032179633867290836,37.14131554421933,-2.00141793848464,0.7166264539594458,-0.2657759580504959,0.5720115130979586,-2.1153798212994124,0.1716799599413399,False,False,False,False,True,False
2023-10-05,Q4,280.07,279.59,204.91,0.17,36.68,data/raw/spi_weekly/wayback/summary/2023-10-05_summary_weekly_spi.pdf,2023-10-05,False,False,286.27183227539064,-3.33,-2.4,True,0,0,0,22.7,22.0,False,5.635039571924457,0.1716799599413399,36.67951783709922,-1.0620998117148228,-0.032179633867290836,0.7166264539594458,0.8658165483263147,-2.00141793848464,-0.024993751562107924,False,False,False,False,True,False
2023-10-12,Q4,280.0,280.07,203.68,-0.02,37.47,data/raw/spi_weekly/wayback/summary/2023-10-12_summary_weekly_spi.pdf,2023-10-12,False,False,278.5675842285156,0.0,0.0,False,0,0,0,21.7,22.0,False,5.634789603169249,-0.024993751562107924,37.470542026708564,-2.691235105332901,0.1716799599413399,-0.032179633867290836,-0.2657759580504959,-1.0620998117148228,-1.4928571428571402,False,False,False,False,True,False
2023-10-19,Q4,275.82,280.0,204.48,-1.49,34.89,data/raw/spi_weekly/pbs_live/summary/2023-10-19_summary_live.pdf,2023-10-19,False,False,276.9391357421875,-4.68,-12.31,True,0,0,0,20.7,22.0,False,5.619748479046192,-1.4928571428571402,34.888497652582174,-0.5845793188170356,-0.024993751562107924,0.1716799599413399,0.7166264539594458,-2.691235105332901,-0.3589297367848632,False,False,False,False,True,False
2023-10-26,Q4,274.83,275.82,211.45,-0.36,29.97,data/raw/spi_weekly/wayback/summary/2023-10-26_summary_weekly_spi.pdf,2023-10-26,False,False,277.7182312011719,0.0,0.0,False,0,0,0,19.7,22.0,False,5.616152724695227,-0.3589297367848632,29.973989122724042,0.28132371284268487,-1.4928571428571402,-0.024993751562107924,-0.032179633867290836,-0.5845793188170356,0.760470108794542,False,False,False,False,True,False
2023-11-02,Q4,276.92,274.83,212.7,0.76,30.19,data/raw/spi_weekly/wayback/summary/2023-11-02_summary_weekly_spi.pdf,2023-11-02,False,False,279.64427490234374,0.0,0.0,False,0,0,0,18.7,22.0,True,5.623728655809825,0.760470108794542,30.19275975552422,0.6935244016359476,-0.3589297367848632,-1.4928571428571402,0.1716799599413399,0.28132371284268487,0.801675574173033,False,False,False,False,True,False
2023-11-09,Q4,279.14,276.92,214.41,0.8,30.19,data/raw/spi_weekly/wayback/summary/2023-11-08_summary_weekly_spi.pdf,2023-11-08,False,False,282.686181640625,0.0,0.0,False,0,0,0,17.7,22.0,False,5.6317134480804985,0.801675574173033,30.18982323585653,1.0877772267440688,0.760470108794542,-0.3589297367848632,-0.024993751562107924,0.6935244016359476,10.503689904707315,False,False,False,False,True,False
2023-11-16,Q4,308.46,279.14,215.8,10.5,42.94,data/raw/spi_weekly/pbs_live/summary/2023-11-16_summary_live.pdf,2023-11-16,False,False,284.96796264648435,-2.15,-0.73,True,0,0,0,16.7,22.0,False,5.731592175295468,10.503689904707315,42.93790546802594,0.8071781197851902,0.801675574173033,0.760470108794542,-1.4928571428571402,1.0877772267440688,-0.08104778577449068,False,False,False,False,True,False
2023-11-23,Q4,308.21,308.46,216.88,-0.08,42.11,data/raw/spi_weekly/wayback/summary/2023-11-23_summary_weekly_spi.pdf,2023-11-23,False,False,285.6649597167969,0.0,0.0,False,0,0,0,15.7,22.0,False,5.730781368822976,-0.08104778577449068,42.110844706750264,0.24458787010286365,10.503689904707315,0.801675574173033,-0.3589297367848632,0.8071781197851902,-0.24334057947503762,False,False,False,False,True,False
2023-11-30,Q4,307.46,308.21,216.48,-0.24,42.03,data/raw/spi_weekly/wayback/summary/2023-11-30_summary_weekly_spi.pdf,2023-11-30,False,False,283.1644287109375,0.0,0.0,False,0,0,0,14.7,22.0,False,5.728344997484453,-0.24334057947503762,42.02697708795269,-0.8753369710931214,-0.08104778577449068,10.503689904707315,0.760470108794542,0.24458787010286365,1.274962596760565,False,False,False,False,True,False
2023-12-07,Q4,311.38,307.46,216.51,1.27,43.82,data/raw/spi_weekly/wayback/summary/2023-12-07_summary_weekly_spi.pdf,2023-12-07,False,False,283.1326416015625,-2.31,0.0,True,0,0,0,13.7,22.0,False,5.741014031261528,1.274962596760565,43.81783751327883,-0.011225671783599012,-0.24334057947503762,-0.08104778577449068,0.801675574173033,-0.8753369710931214,-0.06101869098850132,False,False,False,False,True,False
2023-12-14,Q4,311.19,311.38,215.56,-0.06,44.36,data/raw/spi_weekly/pbs_live/summary/2023-12-14_summary_live.pdf,2023-12-14,False,False,283.0827941894531,0.0,0.0,False,0,0,0,12.7,22.0,True,5.7404036581118465,-0.06101869098850132,44.36351827797365,-0.017605674791654202,1.274962596760565,-0.24334057947503762,10.503689904707315,-0.011225671783599012,-0.4370320383045745,False,False,False,False,True,False
2023-12-21,Q4,309.83,311.19,215.55,-0.44,43.74,data/raw/spi_weekly/wayback/summary/2023-12-21_summary_weekly_spi.pdf,2023-12-21,False,False,281.3607482910156,-4.68,-4.97,True,0,0,0,11.7,22.0,False,5.736023759963219,-0.4370320383045745,43.73927163071212,-0.6083188147722685,-0.06101869098850132,1.274962596760565,-0.08104778577449068,-0.017605674791654202,0.3873091695445918,False,False,False,False,True,False
2023-12-28,Q4,311.03,309.83,215.6,0.39,44.26,data/raw/spi_weekly/wayback/summary/2023-12-28_summary_weekly_spi.pdf,2023-12-28,False,False,280.4610290527344,0.0,0.0,False,0,0,0,10.7,22.0,False,5.739889370549484,0.3873091695445918,44.2625231910946,-0.31977425555843597,-0.4370320383045745,-0.06101869098850132,-0.24334057947503762,-0.6083188147722685,0.8327171012442625,False,False,False,False,True,False
2024-01-04,Q4,313.62,311.03,218.17,0.83,43.75,data/raw/spi_weekly/pbs_live/summary/2024-01-04_summary_live.pdf,2024-01-04,False,False,279.8627075195312,0.0,0.0,False,0,0,0,9.7,22.0,False,5.748182061952885,0.8327171012442625,43.750286473850686,-0.21333499888522844,0.3873091695445918,-0.4370320383045745,1.274962596760565,-0.31977425555843597,1.2849945794273232,False,False,False,False,True,False
2024-01-11,Q4,317.65,313.62,219.15,1.28,44.95,data/raw/spi_weekly/pbs_live/summary/2024-01-11_summary_live.pdf,2024-01-11,False,False,279.73817138671876,0.0,0.0,False,0,0,0,8.7,22.0,False,5.760950147712542,1.2849945794273232,44.94638375541864,-0.04449900950228569,0.8327171012442625,0.3873091695445918,-0.06101869098850132,-0.21333499888522844,0.4029592318589792,False,False,False,False,True,False
2024-01-18,Q4,318.93,317.65,218.91,0.4,45.69,data/raw/spi_weekly/pbs_live/summary/2024-01-18_summary_live.pdf,2024-01-18,False,False,278.39923095703125,0.0,-2.99,True,0,0,0,7.7,22.0,False,5.764971642968623,0.4029592318589792,45.690009592983415,-0.47864058846531776,1.2849945794273232,0.8327171012442625,-0.4370320383045745,-0.04449900950228569,-0.16618066660396558,False,False,False,False,True,False
2024-01-25,Q4,318.4,318.93,219.81,-0.17,44.85,data/raw/spi_weekly/pbs_live/summary/2024-01-25_summary_live.pdf,2024-01-25,False,False,279.14365844726564,0.0,0.0,False,0,0,0,6.7,22.0,False,5.763308453970228,-0.16618066660396558,44.852372503525764,0.26739567048204016,0.4029592318589792,1.2849945794273232,0.3873091695445918,-0.47864058846531776,-0.4082914572864138,False,False,False,False,True,False
2024-02-01,Q4,317.1,318.4,225.25,-0.41,40.78,data/raw/spi_weekly/pbs_live/summary/2024-02-01_summary_live.pdf,2024-02-01,False,False,278.9609313964844,0.95,5.2,True,0,0,0,5.7,22.0,True,5.759217181544302,-0.4082914572864138,40.776914539400664,-0.06545986098973611,-0.16618066660396558,0.4029592318589792,0.8327171012442625,0.26739567048204016,0.0,False,False,False,False,True,False
2024-02-08,Q4,317.1,,,,,,,True,False,278.21637573242185,,,,0,0,0,4.7,22.0,False,5.759217181544302,0.0,,-0.2669032040921615,-0.4082914572864138,-0.16618066660396558,1.2849945794273232,-0.06545986098973611,-0.772626931567344,False,False,False,False,True,False
2024-02-15,Q4,314.65,317.1,232.06,-0.77,35.59,data/raw/spi_weekly/pbs_live/summary/2024-02-15_summary_live.pdf,2024-02-15,False,False,278.19187622070314,0.0,0.0,False,0,0,0,3.7,22.0,False,5.751460909972942,-0.772626931567344,35.589933637852276,-0.0088059200879953,0.0,-0.4082914572864138,0.4029592318589792,-0.2669032040921615,0.01589067217544482,False,False,False,False,True,False
2024-02-22,Q4,314.7,314.65,237.12,0.02,32.72,data/raw/spi_weekly/pbs_live/summary/2024-02-22_summary_live.pdf,2024-02-22,False,False,278.11827392578124,3.02,1.0,True,0,0,0,2.7,22.0,False,5.751619804070361,0.01589067217544482,32.71761133603237,-0.026457384709355214,-0.772626931567344,0.0,-0.16618066660396558,-0.0088059200879953,1.2742294248490493,False,False,False,False,True,False
2024-02-29,Q4,318.71,314.7,236.65,1.27,34.68,data/raw/spi_weekly/wayback/summary/2024-02-29_summary_weekly_spi.pdf,2024-02-29,False,False,278.1599548339844,0.0,0.0,False,0,0,0,1.7,22.0,False,5.764281598402004,1.2742294248490493,34.67568138601309,0.014986756394974599,0.01589067217544482,-0.772626931567344,-0.4082914572864138,-0.026457384709355214,1.1452417558281969,False,False,False,False,True,False
2024-03-07,Q4,322.36,318.71,239.71,1.15,34.48,data/raw/spi_weekly/pbs_live/summary/2024-03-07_summary_live.pdf,2024-03-07,False,False,278.10906372070315,0.0,1.49,True,0,0,0,0.7,22.0,False,5.775668933456311,1.1452417558281969,34.479162321138034,-0.018295628970610434,1.2742294248490493,0.01589067217544482,0.0,0.014986756394974599,1.41456756421392,False,False,False,False,True,False
2024-03-14,Q4,326.92,322.36,241.69,1.41,35.26,data/raw/spi_weekly/pbs_live/summary/2024-03-14_summary_live.pdf,2024-03-14,False,False,277.98333740234375,0.0,0.0,False,3,0,0,50.4,22.0,False,5.789715492647929,1.41456756421392,35.2641813893831,-0.04520755874596327,1.1452417558281969,1.2742294248490493,-0.772626931567344,-0.018295628970610434,-1.2510705983115211,False,False,False,False,True,False
2024-03-21,Q4,322.83,326.92,247.03,-1.25,30.68,data/raw/spi_weekly/pbs_live/summary/2024-03-21_summary_live.pdf,2024-03-21,False,False,278.2802978515625,-0.6,0.0,False,7,0,0,49.4,22.0,True,5.77712586888041,-1.2510705983115211,30.684532243047393,0.10682670838970676,1.41456756421392,1.1452417558281969,0.01589067217544482,-0.04520755874596327,-0.11770901093454134,False,False,False,False,True,False
2024-03-28,Q4,322.45,322.83,246.11,-0.12,31.02,data/raw/spi_weekly/pbs_live/summary/2024-03-28_summary_live.pdf,2024-03-28,False,False,277.1078125,0.0,0.0,False,7,0,0,48.4,22.0,False,5.7759480854563865,-0.11770901093454134,31.018650197066332,-0.4213325056119932,-1.2510705983115211,1.41456756421392,1.2742294248490493,0.10682670838970676,0.9272755465963733,False,False,False,False,True,False
2024-04-04,Q4,325.44,322.45,248.64,0.93,30.89,data/raw/spi_weekly/pbs_live/summary/2024-04-04_summary_live.pdf,2024-04-04,False,False,276.9991394042969,-1.18,3.45,True,7,0,0,47.4,22.0,False,5.785178112860195,0.9272755465963733,30.888030888030894,-0.039216900715532965,-0.11770901093454134,-1.2510705983115211,1.1452417558281969,-0.4213325056119932,0.0,False,False,False,False,True,False
2024-04-11,Q4,325.44,,,,,,,True,False,277.0074829101562,,,,5,2,0,46.4,22.0,False,5.785178112860195,0.0,,0.003012105336241966,0.9272755465963733,-0.11770901093454134,1.41456756421392,-0.039216900715532965,-0.7927728613569274,False,False,False,False,True,False
2024-04-18,Q4,322.86,325.44,248.45,-0.79,29.95,data/raw/spi_weekly/pbs_live/summary/2024-04-18_summary_live.pdf,2024-04-18,False,False,276.8033752441406,2.87,1.56,True,0,1,0,45.4,22.0,False,5.777218792729383,-0.7927728613569274,29.949688066009262,-0.0736830875004979,0.0,0.9272755465963733,-1.2510705983115211,0.003012105336241966,-1.1738834169609191,False,False,False,False,True,False
2024-04-25,Q4,319.07,322.86,248.82,-1.17,28.23,data/raw/spi_weekly/pbs_live/summary/2024-04-25_summary_live.pdf,2024-04-25,False,False,277.69883422851564,0.0,0.0,False,0,0,0,44.4,22.0,False,5.765410514449022,-1.1738834169609191,28.233260991881682,0.3235000236486263,-0.7927728613569274,0.0,-0.11770901093454134,-0.0736830875004979,-1.040524022941669,False,False,False,False,True,False
2024-05-02,Q4,315.75,319.07,251.53,-1.04,25.53,data/raw/spi_weekly/pbs_live/summary/2024-05-02_summary_live.pdf,2024-05-02,False,False,278.01820068359376,-2.89,-1.84,True,0,0,0,43.4,22.0,True,5.7549507612306,-1.040524022941669,25.531745716216747,0.11500460776703303,-1.1738834169609191,-0.7927728613569274,0.9272755465963733,0.3235000236486263,-1.485352335708634,False,False,False,False,True,False
2024-05-09,Q4,311.06,315.75,252.36,-1.49,23.26,data/raw/spi_weekly/pbs_live/summary/2024-05-09_summary_live.pdf,2024-05-09,False,False,277.6024963378906,0.0,0.0,False,0,0,0,42.4,22.0,False,5.739985819616414,-1.485352335708634,23.260421619908065,-0.1495241479446352,-1.040524022941669,-1.1738834169609191,0.0,0.11500460776703303,-1.0351700636533234,False,False,False,False,True,False
2024-05-16,Q4,307.84,311.06,252.25,-1.04,22.04,data/raw/spi_weekly/pbs_live/summary/2024-05-16_summary_live.pdf,2024-05-16,False,False,277.4353454589844,-2.79,-5.32,True,0,0,0,41.4,22.0,False,5.729580167477342,-1.0351700636533234,22.037661050545076,-0.060212311168406085,-1.485352335708634,-1.040524022941669,-0.7927728613569274,-0.1495241479446352,-0.35732848232846726,False,False,False,False,True,False
2024-05-23,Q4,306.74,307.84,251.21,-0.36,22.11,data/raw/spi_weekly/pbs_live/summary/2024-05-23_summary_live.pdf,2024-05-23,False,False,277.4455139160156,0.0,0.0,False,0,0,0,40.4,22.0,False,5.726000483222633,-0.35732848232846726,22.105011743163082,0.0036651627839390244,-1.0351700636533234,-1.485352335708634,-1.1738834169609191,-0.060212311168406085,0.14996413901022798,False,False,False,False,True,False
2024-05-30,Q4,307.2,306.74,251.5,0.15,22.15,data/raw/spi_weekly/pbs_live/summary/2024-05-30_summary_live.pdf,2024-05-30,False,False,277.34837646484374,0.0,0.0,False,0,0,0,39.4,22.0,False,5.727499001273517,0.14996413901022798,22.147117296222653,-0.035011361258230345,-0.35732848232846726,-1.0351700636533234,-1.040524022941669,0.0036651627839390244,0.5143229166666652,False,False,False,False,True,False
2024-06-06,Q4,308.78,307.2,252.12,0.51,22.47,data/raw/spi_weekly/pbs_live/summary/2024-06-06_summary_live.pdf,2024-06-06,False,False,277.87554321289065,-1.42,-1.74,True,0,0,0,38.4,22.0,False,5.732629049213781,0.5143229166666652,22.473425353006494,0.19007385396168086,0.14996413901022798,-0.35732848232846726,-1.485352335708634,-0.035011361258230345,1.0719606192110875,False,False,False,False,True,False
2024-06-13,Q4,312.09,308.78,252.84,1.07,23.43,data/raw/spi_weekly/pbs_live/summary/2024-06-13_summary_live.pdf,2024-06-13,False,False,277.92295532226564,0.0,0.0,False,0,0,0,37.4,20.5,True,5.743291607750914,1.0719606192110875,23.433792121499742,0.01706235418446056,0.5143229166666652,0.14996413901022798,-1.0351700636533234,0.19007385396168086,1.1118587586914197,False,False,False,False,True,False
2024-06-20,Q4,315.56,312.09,253.91,1.11,24.28,data/raw/spi_weekly/pbs_live/summary/2024-06-20_summary_live.pdf,2024-06-20,False,False,277.9128723144531,-0.84,-3.76,True,0,0,3,36.4,20.5,False,5.754348838226889,1.1118587586914197,24.2802567838998,-0.00362798668459563,1.0719606192110875,0.5143229166666652,-0.35732848232846726,0.01706235418446056,-0.7859044238813562,False,False,False,False,True,False
2024-06-27,Q4,313.08,315.56,253.91,-0.79,23.3,data/raw/spi_weekly/pbs_live/summary/2024-06-27_summary_live.pdf,2024-06-27,False,False,277.83534545898436,0.0,0.0,False,0,0,0,35.4,20.5,False,5.746458748936638,-0.7859044238813562,23.30353274782402,-0.027896100969748705,1.1118587586914197,1.0719606192110875,0.14996413901022798,-0.00362798668459563,1.3095694391209944,False,False,False,False,True,False
2024-07-04,Q4,317.18,313.08,256.01,1.31,23.89,data/raw/spi_weekly/pbs_live/summary/2024-07-04_summary_live.pdf,2024-07-04,False,False,277.30556640625,3.58,2.88,True,0,0,0,34.4,20.5,False,5.759469436070455,1.3095694391209944,23.893597906331788,-0.1906809415695987,-0.7859044238813562,1.1118587586914197,0.5143229166666652,-0.027896100969748705,0.08827794942933842,False,False,False,False,True,False
2024-07-11,Q4,317.46,317.18,257.06,0.09,23.5,data/raw/spi_weekly/pbs_live/summary/2024-07-11_summary_live.pdf,2024-07-11,False,False,277.33192138671876,0.0,0.0,False,0,0,0,33.4,20.5,False,5.760351826144095,0.08827794942933842,23.496459970434902,0.009503949311318038,1.3095694391209944,-0.7859044238813562,1.0719606192110875,-0.1906809415695987,0.7182007182007233,False,False,False,False,True,False
2024-07-18,Q4,319.74,317.46,257.13,0.72,24.35,data/raw/spi_weekly/pbs_live/summary/2024-07-18_summary_live.pdf,2024-07-18,False,False,277.328271484375,2.25,3.77,True,0,0,0,32.4,20.5,False,5.7675081655367455,0.7182007182007233,24.349550810873886,-0.0013160772569853485,0.08827794942933842,1.3095694391209944,1.1118587586914197,0.009503949311318038,0.18452492650278263,False,False,False,False,True,False
2024-07-25,Q4,320.33,319.74,267.46,0.18,19.77,data/raw/spi_weekly/pbs_live/summary/2024-07-25_summary_live.pdf,2024-07-25,False,False,277.47581787109374,0.0,0.0,False,0,0,0,31.4,20.5,False,5.769351714420779,0.18452492650278263,19.76744186046513,0.05320279318403731,0.7182007182007233,0.08827794942933842,-0.7859044238813562,-0.0013160772569853485,0.22788998844942565,False,False,False,False,True,False
2024-08-01,Q4,321.06,320.33,270.42,0.23,18.73,data/raw/spi_weekly/pbs_live/summary/2024-08-01_summary_live.pdf,2024-08-01,False,False,277.5934265136719,-3.81,-2.23,True,0,0,0,30.4,19.5,True,5.771628021551268,0.22788998844942565,18.726425560239623,0.04238518638506328,0.18452492650278263,0.7182007182007233,1.3095694391209944,0.05320279318403731,0.32392699183954043,False,False,False,False,True,False
2024-08-08,Q4,322.1,321.06,272.51,0.32,18.2,data/raw/spi_weekly/pbs_live/summary/2024-08-08_summary_live.pdf,2024-08-08,False,False,277.47392578125,0.0,0.0,False,0,0,0,29.4,19.5,False,5.774862056337153,0.32392699183954043,18.197497339547187,-0.04304883365673362,0.22788998844942565,0.18452492650278263,0.08827794942933842,0.04238518638506328,-0.10245265445515406,False,False,False,False,True,False
2024-08-15,Q4,321.77,322.1,274.26,-0.1,17.32,data/raw/spi_weekly/pbs_live/summary/2024-08-15_summary_live.pdf,2024-08-15,False,False,278.0433715820312,-2.44,-3.15,True,0,0,0,28.4,19.5,False,5.7738370046065395,-0.10245265445515406,17.32297819587252,0.20522497714980936,0.32392699183954043,0.22788998844942565,0.7182007182007233,-0.04304883365673362,-0.12431239705379404,False,False,False,False,True,False
2024-08-22,Q4,321.37,321.77,274.47,-0.12,17.09,data/raw/spi_weekly/pbs_live/summary/2024-08-22_summary_live.pdf,2024-08-22,False,False,277.7050048828125,0.0,0.0,False,0,0,0,27.4,19.5,False,5.772593107316444,-0.12431239705379404,17.08747768426422,-0.1216956539166758,-0.10245265445515406,0.32392699183954043,0.18452492650278263,0.20522497714980936,-0.8619348414599992,False,False,False,False,True,False
2024-08-29,Q4,318.6,321.37,276.04,-0.86,15.42,data/raw/spi_weekly/pbs_live/summary/2024-08-29_summary_live.pdf,2024-08-29,False,False,277.2988342285156,0.0,0.0,False,0,0,0,26.4,19.5,False,5.763936397475948,-0.8619348414599992,15.418055354296477,-0.1462597530311971,-0.12431239705379404,-0.10245265445515406,0.22788998844942565,-0.1216956539166758,-0.16007532956686665,False,False,False,False,True,False
2024-09-05,Q4,318.09,318.6,278.43,-0.16,14.24,data/raw/spi_weekly/pbs_live/summary/2024-09-05_summary_live.pdf,2024-09-05,False,False,277.5597229003906,-1.23,-0.68,True,0,0,0,25.4,19.5,False,5.7623343616058165,-0.16007532956686665,14.24415472470637,0.09408213799413367,-0.8619348414599992,-0.12431239705379404,0.32392699183954043,-0.1462597530311971,-0.12260680939356616,False,False,False,False,True,False
2024-09-12,Q4,317.7,318.09,277.69,-0.12,14.41,data/raw/spi_weekly/pbs_live/summary/2024-09-12_summary_live.pdf,2024-09-12,False,False,277.71728515625,0.0,0.0,False,0,0,0,24.4,17.5,True,5.761107541275471,-0.12260680939356616,14.408152976340528,0.05676697404541908,-0.16007532956686665,-0.8619348414599992,-0.10245265445515406,0.09408213799413367,-0.48473402581050706,False,False,False,False,True,False
2024-09-19,Q4,316.16,317.7,279.68,-0.48,13.04,data/raw/spi_weekly/wayback/summary/2024-09-19_summary_weekly_spi.pdf,2024-09-19,False,False,277.628564453125,-5.0,-3.88,True,0,0,0,23.4,17.5,False,5.756248414559503,-0.48473402581050706,13.043478260869579,-0.03194641020455302,-0.12260680939356616,-0.16007532956686665,-0.12431239705379404,0.05676697404541908,0.05060728744938903,False,False,False,False,True,False
2024-09-26,Q4,316.32,316.16,279.59,0.05,13.14,data/raw/spi_weekly/wayback/summary/2024-09-26_summary_weekly_spi.pdf,2024-09-26,False,False,277.3974853515625,0.0,0.0,False,0,0,0,22.4,17.5,False,5.756754359422307,0.05060728744938903,13.13709360134483,-0.08323318676436431,-0.48473402581050706,-0.12260680939356616,-0.8619348414599992,-0.03194641020455302,0.49001011633789116,False,False,False,False,True,False
2024-10-03,Q4,317.87,316.32,280.07,0.49,13.5,data/raw/spi_weekly/wayback/summary/2024-10-03_summary_weekly_spi.pdf,2024-10-03,False,False,277.2000427246094,-1.32,-0.81,True,0,0,0,21.4,17.5,False,5.761642494165173,0.49001011633789116,13.496625843539123,-0.07117679048276315,0.05060728744938903,-0.48473402581050706,-0.16007532956686665,-0.08323318676436431,-0.07864850410544966,False,False,False,False,True,False
2024-10-10,Q4,317.62,317.87,280.0,-0.08,13.44,data/raw/spi_weekly/wayback/summary/2024-10-10_summary_weekly_spi.pdf,2024-10-10,False,False,276.8408569335937,0.0,0.0,False,0,0,0,20.4,17.5,False,5.760855699682501,-0.07864850410544966,13.435714285714283,-0.129576383713792,0.49001011633789116,0.05060728744938903,-0.12260680939356616,-0.07117679048276315,0.27706063849883833,False,False,False,False,True,False
2024-10-17,Q4,318.5,317.62,275.82,0.28,15.47,data/raw/spi_weekly/wayback/summary/2024-10-17_summary_weekly_spi.pdf,2024-10-17,False,False,276.854296875,2.01,0.0,True,0,0,0,19.4,17.5,False,5.763622475012218,0.27706063849883833,15.473859763613952,0.004854753577610005,-0.07864850410544966,0.49001011633789116,-0.48473402581050706,-0.129576383713792,-0.23547880690737433,False,False,False,False,True,False
2024-10-24,Q4,317.75,318.5,274.83,-0.24,15.62,data/raw/spi_weekly/wayback/summary/2024-10-24_summary_weekly_spi.pdf,2024-10-24,False,False,277.0350036621094,0.0,0.0,False,0,0,0,18.4,17.5,False,5.761264910069563,-0.23547880690737433,15.61692682749336,0.06527144030239462,0.27706063849883833,-0.07864850410544966,0.05060728744938903,0.004854753577610005,0.321007081038549,False,False,False,False,True,False
2024-10-31,Q4,318.77,317.75,276.92,0.32,15.11,data/raw/spi_weekly/wayback/summary/2024-10-31_summary_weekly_spi.pdf,2024-10-31,False,False,277.30556030273436,0.0,0.0,False,0,0,0,17.4,17.5,False,5.764469839602284,0.321007081038549,15.112667918532408,0.09766153628549823,-0.23547880690737433,0.27706063849883833,0.49001011633789116,0.06527144030239462,0.2290052388869812,False,False,False,False,True,False
2024-11-07,Q4,319.5,318.77,279.14,0.23,14.46,data/raw/spi_weekly/pbs_live/summary/2024-11-07_summary_live.pdf,2024-11-07,False,False,277.2270263671875,1.54,0.56,True,0,0,0,16.4,15.0,True,5.766757273817589,0.2290052388869812,14.458694561868612,-0.028320360926459287,0.321007081038549,-0.23547880690737433,-0.07864850410544966,0.09766153628549823,0.5852895148669823,False,False,False,False,True,False
2024-11-14,Q4,321.37,319.5,308.46,0.59,4.19,data/raw/spi_weekly/pbs_live/summary/2024-11-14_summary_live.pdf,2024-11-14,False,False,277.4592346191406,0.0,0.0,False,0,0,0,15.4,15.0,False,5.772593107316444,0.5852895148669823,4.185307657394799,0.08376104415070973,0.2290052388869812,0.321007081038549,0.27706063849883833,-0.028320360926459287,0.6970159006752352,False,False,False,False,True,False
2024-11-21,Q4,323.61,321.37,308.21,0.7,5.0,data/raw/spi_weekly/pbs_live/summary/2024-11-21_summary_live.pdf,2024-11-21,False,False,277.59373168945314,0.0,0.0,False,0,0,0,14.4,15.0,False,5.779539087055447,0.6970159006752352,4.99659323188737,0.04847453374443589,0.5852895148669823,0.2290052388869812,-0.23547880690737433,0.08376104415070973,-0.024721114922299225,False,False,False,False,True,False
2024-11-28,Q4,323.53,323.61,307.46,-0.02,5.23,data/raw/spi_weekly/pbs_live/summary/2024-11-28_summary_live.pdf,2024-11-28,False,False,277.0849670410156,0.0,0.0,False,0,0,0,13.4,15.0,False,5.7792918453445115,-0.024721114922299225,5.226696155597477,-0.18327670633668802,0.6970159006752352,0.5852895148669823,0.321007081038549,0.04847453374443589,-0.37709022347230947,False,False,False,False,True,False
2024-12-05,Q4,322.31,323.53,311.38,-0.38,3.51,data/raw/spi_weekly/pbs_live/summary/2024-12-05_summary_live.pdf,2024-12-05,False,False,277.080810546875,1.27,1.48,True,0,0,0,12.4,15.0,False,5.775513815333549,-0.37709022347230947,3.5101804868649333,-0.0015000792662922535,-0.024721114922299225,0.6970159006752352,0.2290052388869812,-0.18327670633668802,0.07446247401570183,False,False,False,False,True,False
2024-12-12,Q4,322.55,322.31,311.19,0.07,3.65,data/raw/spi_weekly/wayback/summary/2024-12-12_summary_weekly_spi.pdf,2024-12-12,False,False,277.37750244140625,0.0,0.0,False,0,0,0,11.4,15.0,False,5.776258162978251,0.07446247401570183,3.6505029081911333,0.10707774888691901,-0.37709022347230947,-0.024721114922299225,0.5852895148669823,-0.0015000792662922535,0.4092388776933742,False,False,False,False,True,False
2024-12-19,Q4,323.87,322.55,309.83,0.41,4.53,data/raw/spi_weekly/pbs_live/summary/2024-12-19_summary_live.pdf,2024-12-19,False,False,276.514697265625,-1.17,0.0,True,0,0,0,10.4,13.0,True,5.780342200708301,0.4092388776933742,4.531517283671693,-0.3110580952626174,0.07446247401570183,-0.37709022347230947,0.6970159006752352,0.10707774888691901,0.8213171951708897,False,False,False,False,True,False
2024-12-26,Q4,326.53,323.87,311.03,0.82,4.98,data/raw/spi_weekly/pbs_live/summary/2024-12-26_summary_live.pdf,2024-12-26,False,False,276.65205078125,0.0,0.0,False,0,0,0,9.4,13.0,False,5.788521828109534,0.8213171951708897,4.983442111693415,0.04967313382733263,0.4092388776933742,0.07446247401570183,-0.024721114922299225,-0.3110580952626174,-0.10412519523473884,False,False,False,False,True,False
2025-01-02,Q4,326.19,326.53,313.62,-0.1,4.01,data/raw/spi_weekly/pbs_live/summary/2025-01-02_summary_live.pdf,2025-01-02,False,False,276.77980041503906,1.18,0.21,True,0,0,0,8.4,13.0,False,5.787480033677768,-0.10412519523473884,4.008035201836613,0.04617700589180096,0.8213171951708897,0.4092388776933742,-0.37709022347230947,0.04967313382733263,-0.6989791225972541,False,False,False,False,True,False
2025-01-09,Q4,323.91,326.19,317.65,-0.7,1.97,data/raw/spi_weekly/pbs_live/summary/2025-01-09_summary_live.pdf,2025-01-09,False,False,277.6433471679687,0.0,0.0,False,0,0,0,7.4,13.0,False,5.780465699427158,-0.6989791225972541,1.970722493310273,0.31199775114902906,-0.10412519523473884,0.8213171951708897,0.07446247401570183,0.04617700589180096,-0.4322188262171678,False,False,False,False,True,False
2025-01-16,Q4,322.51,323.91,318.93,-0.43,1.12,data/raw/spi_weekly/pbs_live/summary/2025-01-16_summary_live.pdf,2025-01-16,False,False,278.1304077148437,0.99,1.39,True,0,0,0,6.4,13.0,False,5.776134143507035,-0.4322188262171678,1.122503370645589,0.17542669465813177,-0.6989791225972541,-0.10412519523473884,0.4092388776933742,0.31199775114902906,-0.8030758736163102,False,False,False,False,True,False
2025-01-23,Q4,319.92,322.51,318.4,-0.8,0.48,data/raw/spi_weekly/pbs_live/summary/2025-01-23_summary_live.pdf,2025-01-23,False,False,277.9803405761719,0.0,0.0,False,0,0,0,5.4,13.0,False,5.768070964538563,-0.8030758736163102,0.477386934673385,-0.05395567493133857,-0.4322188262171678,-0.6989791225972541,0.8213171951708897,0.17542669465813177,-0.3500875218804711,False,False,False,False,True,False
2025-01-30,Q4,318.8,319.92,317.1,-0.35,0.54,data/raw/spi_weekly/pbs_live/summary/2025-01-30_summary_live.pdf,2025-01-30,False,False,278.2019348144531,0.0,0.0,False,0,0,0,4.4,12.0,True,5.76456394691606,-0.3500875218804711,0.5361084831283502,0.07971579494503445,-0.8030758736163102,-0.4322188262171678,-0.10412519523473884,-0.05395567493133857,-0.2289836888331287,False,False,False,False,True,False
2025-02-06,Q4,318.07,318.8,314.65,-0.23,1.09,data/raw/spi_weekly/pbs_live/summary/2025-02-06_summary_live.pdf,2025-02-06,False,False,278.5856140136719,2.67,0.38,True,0,0,0,3.4,12.0,False,5.7622714843422145,-0.2289836888331287,1.0869219767996263,0.13791392194113516,-0.3500875218804711,-0.8030758736163102,-0.6989791225972541,0.07971579494503445,-0.05030339233501602,False,False,False,False,True,False
2025-02-13,Q4,317.91,318.07,314.65,-0.05,1.04,data/raw/spi_weekly/pbs_live/summary/2025-02-13_summary_live.pdf,2025-02-13,False,False,278.77418823242186,0.0,0.0,False,0,0,0,2.4,12.0,False,5.761768323854854,-0.05030339233501602,1.0360718258382473,0.06768986238490093,-0.2289836888331287,-0.3500875218804711,-0.4322188262171678,0.13791392194113516,0.28309899028025054,False,False,False,False,True,False
2025-02-20,Q4,318.81,317.91,314.7,0.28,1.31,data/raw/spi_weekly/pbs_live/summary/2025-02-20_summary_live.pdf,2025-02-20,False,False,278.34784545898435,-1.49,-0.36,True,0,0,0,1.4,12.0,False,5.7645953140527135,0.28309899028025054,1.3060057197330943,-0.152934809402816,-0.05030339233501602,-0.2289836888331287,-0.8030758736163102,0.06768986238490093,0.41717637464320223,False,False,False,False,True,False
2025-02-27,Q4,320.14,318.81,318.71,0.42,0.45,data/raw/spi_weekly/pbs_live/summary/2025-02-27_summary_live.pdf,2025-02-27,False,False,279.13425903320314,0.0,0.0,False,0,0,0,0.4,12.0,False,5.768758400118552,0.41717637464320223,0.44868375639295355,0.28252906823187374,0.28309899028025054,-0.05030339233501602,-0.3500875218804711,-0.152934809402816,-0.1186980695945472,False,False,False,False,True,False
2025-03-06,Q4,319.76,320.14,322.36,-0.12,-0.81,data/raw/spi_weekly/pbs_live/summary/2025-03-06_summary_live.pdf,2025-03-06,False,False,279.29474487304685,-2.0,-0.24,True,5,0,0,49.9,12.0,False,5.767570714403068,-0.1186980695945472,-0.806551681350054,0.05749413934339476,0.41717637464320223,0.28309899028025054,-0.2289836888331287,0.28252906823187374,0.22204153114837588,False,False,False,False,True,False
2025-03-13,Q4,320.47,319.76,326.92,0.22,-1.97,data/raw/spi_weekly/pbs_live/summary/2025-03-13_summary_live.pdf,2025-03-13,False,False,279.0785705566406,0.0,0.0,False,7,0,0,48.9,12.0,True,5.7697886682354715,0.22204153114837588,-1.9729597455034886,-0.07740006583528691,-0.1186980695945472,0.41717637464320223,-0.05030339233501602,0.05749413934339476,-0.3962929447374308,False,False,False,False,True,False
2025-03-20,Q4,319.2,320.47,322.83,-0.4,-1.12,data/raw/spi_weekly/pbs_live/summary/2025-03-20_summary_live.pdf,2025-03-20,False,False,279.2890380859375,0.0,0.0,False,7,0,0,47.9,12.0,False,5.765817865575654,-0.3962929447374308,-1.1244308149800153,0.07541515239850582,0.22204153114837588,-0.1186980695945472,0.28309899028025054,-0.07740006583528691,-0.16290726817042023,False,False,False,False,True,False
2025-03-27,Q4,318.68,319.2,322.45,-0.16,-1.17,data/raw/spi_weekly/pbs_live/summary/2025-03-27_summary_live.pdf,2025-03-27,False,False,279.6386413574219,0.0,0.0,False,7,0,0,46.9,12.0,False,5.764187464512165,-0.16290726817042023,-1.1691735152736804,0.1251761522329531,-0.3962929447374308,0.22204153114837588,0.41717637464320223,0.07541515239850582,0.22279402535458903,False,False,False,False,True,False
2025-04-03,Q4,319.39,318.68,325.44,0.22,-1.86,data/raw/spi_weekly/pbs_live/summary/2025-04-03_summary_live.pdf,2025-04-03,False,False,279.1408325195313,0.0,-0.33,False,3,3,0,45.9,12.0,False,5.766412926586964,0.22279402535458903,-1.8590216322517228,-0.1780186155511787,-0.16290726817042023,-0.3962929447374308,-0.1186980695945472,0.1251761522329531,-0.9173737436989238,False,False,False,False,True,False
2025-04-10,Q4,316.46,319.39,325.44,-0.92,-2.76,data/raw/spi_weekly/pbs_live/summary/2025-04-10_summary_live.pdf,2025-04-10,False,False,280.541357421875,0.0,0.0,False,0,0,0,44.9,12.0,False,5.757196851290837,-0.9173737436989238,-2.7593411996066908,0.5017269919640688,0.22279402535458903,-0.16290726817042023,0.22204153114837588,-0.1780186155511787,-0.7299500726790087,False,False,False,False,True,False
2025-04-17,Q4,314.15,316.46,322.86,-0.73,-2.7,data/raw/spi_weekly/pbs_live/summary/2025-04-17_summary_live.pdf,2025-04-17,False,False,279.5498474121094,0.0,0.0,False,0,0,0,43.9,12.0,False,5.749870578848956,-0.7299500726790087,-2.6977637366041085,-0.3534273944053701,-0.9173737436989238,0.22279402535458903,-0.3962929447374308,0.5017269919640688,-1.6393442622950727,False,False,False,False,True,False
2025-04-24,Q4,309.0,314.15,319.07,-1.64,-3.16,data/raw/spi_weekly/pbs_live/summary/2025-04-24_summary_live.pdf,2025-04-24,False,False,280.15496826171875,0.0,0.0,False,0,0,0,42.9,12.0,False,5.733341276897746,-1.6393442622950727,-3.156047262356221,0.21646259341980834,-0.7299500726790087,-0.9173737436989238,-0.16290726817042023,-0.3534273944053701,0.13915857605177884,False,False,False,False,True,False
2025-05-01,Q4,309.43,309.0,315.75,0.14,-2.0,data/raw/spi_weekly/pbs_live/summary/2025-04-30_summary_live.pdf,2025-04-30,False,False,280.5137634277344,0.0,0.0,False,0,0,0,41.9,12.0,False,5.734731895300136,0.13915857605177884,-2.001583531274742,0.12807024920593602,-1.6393442622950727,-0.7299500726790087,0.22279402535458903,0.21646259341980834,0.2553081472384866,False,False,False,False,True,False
2025-05-08,Q4,310.22,309.43,311.06,0.26,-0.27,data/raw/spi_weekly/pbs_live/summary/2025-05-08_summary_live.pdf,2025-05-08,False,False,280.2733642578125,-0.78,-0.83,False,0,0,0,40.9,11.0,True,5.737281723196605,0.2553081472384866,-0.27004436443128776,-0.08569959883049094,0.13915857605177884,-1.6393442622950727,-0.9173737436989238,0.12807024920593602,1.0605376829346813,False,False,False,False,True,False
2025-05-15,Q4,313.51,310.22,307.84,1.06,1.84,data/raw/spi_weekly/pbs_live/summary/2025-05-15_summary_live.pdf,2025-05-15,False,False,280.2608947753906,0.0,0.0,False,0,0,0,39.9,11.0,False,5.747831257490882,1.0605376829346813,1.8418659043659025,-0.004449042974485895,0.2553081472384866,0.13915857605177884,-0.7299500726790087,-0.08569959883049094,-0.28069280086759907,False,False,False,False,True,False
2025-05-22,Q4,312.63,313.51,306.74,-0.28,1.92,data/raw/spi_weekly/pbs_live/summary/2025-05-22_summary_live.pdf,2025-05-22,False,False,280.7584594726562,-0.78,0.0,False,0,0,0,38.9,11.0,False,5.745020382672446,-0.28069280086759907,1.9201929973267307,0.17753625516123694,1.0605376829346813,0.2553081472384866,-1.6393442622950727,-0.004449042974485895,-0.6301378626491272,False,False,False,False,True,False
2025-05-29,Q4,310.66,312.63,307.2,-0.63,1.13,data/raw/spi_weekly/pbs_live/summary/2025-05-29_summary_live.pdf,2025-05-29,False,False,280.7929626464844,0.0,0.0,False,0,0,0,37.9,11.0,False,5.738699066559761,-0.6301378626491272,1.1263020833333526,0.012289273097221276,-0.28069280086759907,1.0605376829346813,0.13915857605177884,0.17753625516123694,0.03862743835703064,False,False,False,False,True,False
2025-06-05,Q4,310.78,310.66,308.78,0.04,0.65,data/raw/spi_weekly/pbs_live/summary/2025-06-04_summary_live.pdf,2025-06-04,False,False,280.75726928710935,0.0,0.41,False,0,0,0,36.9,11.0,False,5.739085266358588,0.03862743835703064,0.6477103439341825,-0.012711628895056837,-0.6301378626491272,-0.28069280086759907,0.2553081472384866,0.012289273097221276,-0.09974901859834961,False,False,False,False,True,False
2025-06-12,Q4,310.47,310.78,312.09,-0.1,-0.52,data/raw/spi_weekly/pbs_live/summary/2025-06-12_summary_live.pdf,2025-06-12,False,False,281.8246154785156,0.0,0.0,False,0,0,3,35.9,11.0,False,5.738087278348192,-0.09974901859834961,-0.5190810343170038,0.3801668943840486,0.03862743835703064,-0.6301378626491272,1.0605376829346813,-0.012711628895056837,0.13205784777916563,False,False,False,False,True,False
2025-06-19,Q4,310.88,,,,,,,True,False,282.3740661621094,,,,0,0,0,34.9,11.0,True,5.73940698562913,0.13205784777916563,,0.19496192078922725,-0.09974901859834961,0.03862743835703064,-0.28069280086759907,0.3801668943840486,-0.27341739577972923,False,False,False,False,True,False
2025-06-26,Q4,310.03,310.88,313.08,-0.27,-0.97,data/raw/spi_weekly/pbs_live/summary/2025-06-26_summary_live.pdf,2025-06-26,False,False,283.163671875,0.0,0.0,False,0,0,0,33.9,11.0,False,5.73666906699042,-0.27341739577972923,-0.9741918998339094,0.2796311019714226,0.13205784777916563,-0.09974901859834961,-0.6301378626491272,0.19496192078922725,0.7644421507596144,False,False,False,False,True,False
2025-07-03,Q4,312.4,310.03,317.18,0.76,-1.51,data/raw/spi_weekly/pbs_live/summary/2025-07-03_summary_live.pdf,2025-07-03,False,False,283.11436767578124,3.94,3.22,True,0,0,0,32.9,11.0,False,5.744284417965531,0.7644421507596144,-1.5070307081152756,-0.01741190841758611,-0.27341739577972923,0.13205784777916563,0.03862743835703064,0.2796311019714226,1.0179257362356031,False,False,False,False,True,False
2025-07-10,Q4,315.58,,,,,,,True,False,283.6403015136719,,,,0,0,0,31.9,11.0,False,5.754412215607523,1.0179257362356031,,0.1857672721480963,0.7644421507596144,-0.27341739577972923,-0.09974901859834961,-0.01741190841758611,0.34222701058370664,False,False,False,False,True,False
2025-07-17,Q4,316.66,315.58,319.74,0.3422270105837128,-0.9632826671670642,data/raw/spi_weekly/pbs_live/summary/2025-07-17_summary_live.xlsx,2025-07-17,False,False,284.15741577148435,4.15,2.0,True,0,0,0,30.9,11.0,False,5.757828643073288,0.34222701058370664,-0.9632826671670647,0.18231339307315242,1.0179257362356031,0.7644421507596144,0.13205784777916563,0.1857672721480963,3.701130550116827,False,False,False,False,True,False
2025-07-24,Q4,328.38,316.66,320.33,3.7011305501168295,2.5130334342709237,data/raw/spi_weekly/pbs_live/summary/2025-07-24_summary_live.xlsx,2025-07-24,False,False,284.1965087890625,0.0,0.0,False,0,0,0,29.9,11.0,False,5.794171474383882,3.701130550116827,2.513033434270917,0.01375752150334364,0.34222701058370664,1.0179257362356031,-0.27341739577972923,0.18231339307315242,-0.37152079907423197,False,False,False,False,True,False
2025-07-31,Q4,327.16,328.38,321.06,-0.3715207990742328,1.8999563944434072,data/raw/spi_weekly/pbs_live/summary/2025-07-31_summary_live.xlsx,2025-07-31,False,False,282.97553100585935,0.0,0.0,False,0,0,0,28.9,11.0,True,5.790449347866773,-0.37152079907423197,1.8999563944434028,-0.42962448356793637,3.701130550116827,0.34222701058370664,0.7644421507596144,0.01375752150334364,0.14060398581732247,False,False,False,False,True,False
2025-08-07,Q4,327.62,327.16,322.1,0.14,1.71,data/raw/spi_weekly/pbs_live/summary/2025-08-07_summary_live.pdf,2025-08-07,False,False,281.6005432128906,0.52,-2.75,True,0,0,0,27.9,11.0,False,5.791854400176486,0.14060398581732247,1.7137534927041287,-0.4859034235508708,-0.37152079907423197,3.701130550116827,1.0179257362356031,-0.42962448356793637,0.3265978877968312,False,False,False,False,True,False
2025-08-14,Q4,328.69,327.62,321.77,0.33,2.15,data/raw/spi_weekly/pbs_live/summary/2025-08-13_summary_live.pdf,2025-08-13,False,False,282.4434875488281,0.0,0.0,False,0,0,0,26.9,11.0,False,5.795115057329384,0.3265978877968312,2.1506044690306814,0.2993404509522568,0.14060398581732247,-0.37152079907423197,0.34222701058370664,-0.4859034235508708,0.21905138580426975,False,False,False,False,True,False
2025-08-21,Q4,329.41,328.69,321.37,0.22,2.5,data/raw/spi_weekly/pbs_live/summary/2025-08-21_summary_live.pdf,2025-08-21,False,False,281.8772338867187,-4.46,0.0,True,0,0,0,25.9,11.0,False,5.797303175509818,0.21905138580426975,2.501789214923611,-0.20048387981028704,0.3265978877968312,0.14060398581732247,3.701130550116827,0.2993404509522568,0.6921465650708836,False,False,False,False,True,False
2025-08-28,Q4,331.69,329.41,318.6,0.69,4.11,data/raw/spi_weekly/pbs_live/summary/2025-08-28_summary_live.pdf,2025-08-28,False,False,281.14459838867185,0.0,0.0,False,0,0,0,24.9,11.0,False,5.804200797774708,0.6921465650708836,4.108600125549278,-0.25991297273099123,0.21905138580426975,0.3265978877968312,-0.37152079907423197,-0.20048387981028704,1.4772830052157016,False,False,False,False,True,False
2025-09-04,Q4,336.59,331.69,318.09,1.48,5.82,data/raw/spi_weekly/pbs_live/summary/2025-09-04_summary_live.pdf,2025-09-04,False,False,281.8087585449219,-0.91,0.0,False,0,0,0,23.9,11.0,False,5.81886557246215,1.4772830052157016,5.815964035335908,0.23623436482740345,0.6921465650708836,0.21905138580426975,0.14060398581732247,-0.25991297273099123,-0.08912920764132526,False,False,False,False,True,False
2025-09-11,Q4,336.29,336.59,317.7,-0.09,5.85,data/raw/spi_weekly/pbs_live/summary/2025-09-11_summary_live.pdf,2025-09-11,False,False,281.6524353027344,0.0,0.0,False,0,0,0,22.9,11.0,False,5.817973882948782,-0.08912920764132526,5.8514321687126225,-0.05547139237072063,1.4772830052157016,0.6921465650708836,0.3265978877968312,0.23623436482740345,-1.3143417883374475,False,False,False,False,True,False
2025-09-18,Q4,331.87,336.29,316.16,-1.31,4.97,data/raw/spi_weekly/pbs_live/summary/2025-09-18_summary_live.pdf,2025-09-18,False,False,281.54197998046874,1.06,0.0,True,0,0,0,21.9,11.0,True,5.804743325969341,-1.3143417883374475,4.969003036437236,-0.039216888768212055,-0.08912920764132526,1.4772830052157016,0.21905138580426975,-0.05547139237072063,-0.13860849127670383,False,False,False,False,True,False
2025-09-25,Q4,331.41,331.87,316.32,-0.14,4.77,data/raw/spi_weekly/pbs_live/summary/2025-09-25_summary_live.pdf,2025-09-25,False,False,281.5032592773438,0.0,0.0,False,0,0,0,20.9,11.0,False,5.803356279552293,-0.13860849127670383,4.770485584218531,-0.013753083333312155,-1.3143417883374475,-0.08912920764132526,0.6921465650708836,-0.039216888768212055,0.5733079870854807,False,False,False,False,True,False
2025-10-02,Q4,333.31,331.41,317.87,0.57,4.86,data/raw/spi_weekly/pbs_live/summary/2025-10-02_summary_live.pdf,2025-10-02,False,False,281.031689453125,1.45,1.72,True,0,0,0,19.9,11.0,False,5.809072987863913,0.5733079870854807,4.857331613552707,-0.16751842427307206,-0.13860849127670383,-1.3143417883374475,1.4772830052157016,-0.013753083333312155,0.2040142809996759,False,False,False,False,True,False
2025-10-09,Q4,333.99,333.31,317.62,0.2,5.15,data/raw/spi_weekly/pbs_live/summary/2025-10-09_summary_live.pdf,2025-10-09,False,False,281.4290710449219,0.0,0.0,False,0,0,0,18.9,11.0,False,5.811111052408726,0.2040142809996759,5.153957559347644,0.1414009902478197,0.5733079870854807,-0.13860849127670383,-0.08912920764132526,-0.16751842427307206,0.5928321207221865,False,False,False,False,True,False
2025-10-16,Q4,335.97,333.99,318.5,0.5928321207221927,5.485086342229224,data/raw/spi_weekly/pbs_live/summary/2025-10-16_summary_live.xlsx,2025-10-16,False,False,281.635791015625,-0.55,-2.09,True,0,0,0,17.9,11.0,False,5.817021870262712,0.5928321207221865,5.485086342229217,0.0734536662952312,0.2040142809996759,0.5733079870854807,-1.3143417883374475,0.1414009902478197,0.235140042265658,False,False,False,False,True,False
2025-10-23,Q4,336.76,335.97,317.75,0.2351400422656553,5.982690794649884,data/raw/spi_weekly/pbs_live/summary/2025-10-23_summary_live.xlsx,2025-10-23,False,False,281.33897705078124,0.0,0.0,False,0,0,0,16.9,11.0,False,5.819370510469463,0.235140042265658,5.982690794649881,-0.10538929152910104,0.5928321207221865,0.2040142809996759,-0.13860849127670383,0.0734536662952312,0.1395652690343363,False,False,False,False,True,False
2025-10-30,Q4,337.23,336.76,318.77,0.1395652690343354,5.791009191580159,data/raw/spi_weekly/pbs_live/summary/2025-10-30_summary_live.xlsx,2025-10-30,False,False,280.863916015625,0.0,0.0,False,0,0,0,15.9,11.0,True,5.820765190141816,0.1395652690343363,5.791009191580154,-0.16885717014264445,0.235140042265658,0.5928321207221865,0.5733079870854807,-0.10538929152910104,-0.6612697565459791,False,False,False,False,True,False
2025-11-06,Q4,335.0,337.23,319.5,-0.6612697565459769,4.851330203442885,data/raw/spi_weekly/pbs_live/summary/2025-11-06_summary_live.xlsx,2025-11-06,False,False,280.808935546875,1.12,0.91,True,0,0,0,14.9,11.0,False,5.814130531825066,-0.6612697565459791,4.851330203442883,-0.01957548321978031,0.1395652690343363,0.235140042265658,0.2040142809996759,-0.16885717014264445,0.5104477611940217,False,False,False,False,True,False
2025-11-13,Q4,336.71,335.0,321.37,0.5104477611940155,4.773314248374149,data/raw/spi_weekly/pbs_live/summary/2025-11-13_summary_live.xlsx,2025-11-13,False,False,281.1173522949219,0.0,0.0,False,0,0,0,13.9,11.0,False,5.819222025755692,0.5104477611940217,4.77331424837415,0.1098315292019647,-0.6612697565459791,0.1395652690343363,0.5928321207221865,-0.01957548321978031,0.03266906239791645,False,False,False,False,True,False
2025-11-20,Q4,336.82,336.71,323.61,0.0326690623979146,4.082074101541977,data/raw/spi_weekly/pbs_live/summary/2025-11-20_summary_live.xlsx,2025-11-20,False,False,280.5745788574219,2.17,0.0,True,0,0,0,12.9,11.0,False,5.819548663027908,0.03266906239791645,4.082074101541977,-0.1930771733117953,0.5104477611940217,-0.6612697565459791,0.235140042265658,0.1098315292019647,0.28204975951546807,False,False,False,False,True,False
2025-11-27,Q4,337.77,336.82,323.53,0.2820497595154734,4.401446542824459,data/raw/spi_weekly/pbs_live/summary/2025-11-27_summary_live.xlsx,2025-11-27,False,False,280.56865234375,0.0,0.0,False,0,0,0,11.9,11.0,False,5.822365190483149,0.28204975951546807,4.401446542824461,-0.0021122774900184105,0.03266906239791645,0.5104477611940217,0.1395652690343363,-0.1930771733117953,-0.6898185155579162,False,False,False,False,True,False
2025-12-04,Q4,335.44,337.77,322.31,-0.6898185155579171,4.073717849275553,data/raw/spi_weekly/pbs_live/summary/2025-12-04_summary_live.xlsx,2025-12-04,False,False,280.456689453125,-1.67,-0.73,True,0,0,0,10.9,11.0,False,5.815443102862507,-0.6898185155579162,4.073717849275549,-0.03990570211236388,0.28204975951546807,0.03266906239791645,-0.6612697565459791,-0.0021122774900184105,-0.044717386119719205,False,False,False,False,True,False
2025-12-11,Q4,335.29,335.44,322.55,-0.0447173861197143,3.949775228646729,data/raw/spi_weekly/pbs_live/summary/2025-12-11_summary_live.xlsx,2025-12-11,False,False,280.05153198242186,0.0,0.0,False,0,0,0,9.9,11.0,False,5.814995828989263,-0.044717386119719205,3.9497752286467236,-0.14446347187980768,-0.6898185155579162,0.28204975951546807,0.5104477611940217,-0.03990570211236388,0.23859942139639045,False,False,False,False,True,False
2025-12-18,Q4,336.09,335.29,323.87,0.2385994213963869,3.7731188439805976,data/raw/spi_weekly/pbs_live/summary/2025-12-18_summary_live.xlsx,2025-12-18,False,False,279.6886779785156,-5.0,0.0,True,0,0,0,8.9,10.5,True,5.8173789812387415,0.23859942139639045,3.773118843980594,-0.1295668698320207,-0.044717386119719205,-0.6898185155579162,0.03266906239791645,-0.14446347187980768,-0.15769585527685148,False,False,False,False,True,False
2025-12-25,Q4,335.56,336.09,326.53,-0.1576958552768559,2.765442685205045,data/raw/spi_weekly/pbs_live/summary/2025-12-24_summary_live.xlsx,2025-12-24,False,False,279.6449203491211,0.0,0.0,False,0,0,0,7.9,10.5,False,5.815800777978094,-0.15769585527685148,2.765442685205044,-0.01564512003516816,0.23859942139639045,-0.044717386119719205,0.28204975951546807,-0.1295668698320207,-0.6287996185481037,False,False,False,False,True,False
2026-01-01,Q4,333.45,335.56,326.19,-0.6287996185481006,2.2256966798491504,data/raw/spi_weekly/pbs_live/summary/2026-01-01_summary_live.xlsx,2026-01-01,False,False,279.6135711669922,-3.2,-3.89,True,0,0,0,6.9,10.5,False,5.809492929078315,-0.6287996185481037,2.225696679849154,-0.011210352789448041,-0.15769585527685148,0.23859942139639045,-0.6898185155579162,-0.01564512003516816,0.1289548657969819,False,False,False,False,True,False
2026-01-08,Q4,333.88,333.45,323.91,0.1289548657969845,3.0780154981321743,data/raw/spi_weekly/pbs_live/summary/2026-01-08_summary_live.xlsx,2026-01-08,False,False,279.451220703125,0.0,0.0,False,0,0,0,5.9,10.5,False,5.8107816469825355,0.1289548657969819,3.0780154981321806,-0.05806244067110278,-0.6287996185481037,-0.15769585527685148,-0.044717386119719205,-0.011210352789448041,0.239607044447121,False,False,False,False,True,False
2026-01-15,Q4,334.68,333.88,322.51,0.2396070444471263,3.773526402282101,data/raw/spi_weekly/pbs_live/summary/2026-01-15_summary_live.xlsx,2026-01-15,False,False,279.30419921875,0.0,0.0,False,0,0,0,4.9,10.5,False,5.813174851427398,0.239607044447121,3.7735264022821013,-0.05261078624207993,0.1289548657969819,-0.6287996185481037,0.23859942139639045,-0.05806244067110278,-0.4541651727022811,False,False,False,False,True,False
2026-01-22,Q4,333.16,334.68,319.92,-0.4541651727022753,4.138534633658409,data/raw/spi_weekly/pbs_live/summary/2026-01-22_summary_live.xlsx,2026-01-22,False,False,279.19635620117185,0.0,0.0,False,0,0,0,3.9,10.5,False,5.8086228550671395,-0.4541651727022811,4.138534633658408,-0.038611312640413065,0.239607044447121,0.1289548657969819,-0.15769585527685148,-0.05261078624207993,-0.06903589866731341,False,False,False,False,True,False
2026-01-29,Q4,332.93,333.16,318.8,-0.0690358986673089,4.432245922208281,data/raw/spi_weekly/pbs_live/summary/2026-01-29_summary_live.xlsx,2026-01-29,False,False,278.35935668945314,0.0,0.0,False,0,0,0,2.9,10.5,True,5.807932257672971,-0.06903589866731341,4.432245922208278,-0.29978883790146016,-0.4541651727022811,0.239607044447121,-0.6287996185481037,-0.038611312640413065,0.08109812873575706,False,False,False,False,True,False
2026-02-05,Q4,333.2,332.93,318.07,0.0810981287357606,4.75681453768037,data/raw/spi_weekly/pbs_live/summary/2026-02-04_summary_live.xlsx,2026-02-04,False,False,278.97703857421874,4.35,0.0,True,0,0,0,1.9,10.5,False,5.808742910292688,0.08109812873575706,4.756814537680376,0.22190088815829956,-0.06903589866731341,-0.4541651727022811,0.1289548657969819,-0.29978883790146016,-0.6212484993997625,False,False,False,False,True,False
2026-02-12,Q4,331.13,333.2,317.91,-0.6212484993997691,4.158409612783487,data/raw/spi_weekly/pbs_live/summary/2026-02-12_summary_live.xlsx,2026-02-12,False,False,279.0117980957031,0.0,0.0,False,0,0,0,0.9,10.5,False,5.80251104751598,-0.6212484993997625,4.158409612783487,0.012459635266770519,0.08109812873575706,-0.06903589866731341,0.239607044447121,0.22190088815829956,0.9180684323377486,False,False,False,False,True,False
2026-02-19,Q4,334.17,331.13,318.81,0.9180684323377476,4.817916627458359,data/raw/spi_weekly/pbs_live/summary/2026-02-19_summary_live.xlsx,2026-02-19,False,False,278.56842041015625,2.69,1.93,True,2,0,0,50.6,10.5,False,5.811649845525208,0.9180684323377486,4.817916627458363,-0.158910013330249,-0.6212484993997625,0.08109812873575706,-0.4541651727022811,0.012459635266770519,-0.5925127928898544,False,False,False,False,True,False
2026-02-26,Q4,332.19,334.17,320.14,-0.592512792889849,3.7639782595114752,data/raw/spi_weekly/pbs_live/summary/2026-02-26_summary_live.xlsx,2026-02-26,False,False,277.984814453125,0.0,0.0,False,7,0,0,49.6,10.5,False,5.805707094378127,-0.5925127928898544,3.763978259511469,-0.209501836630277,0.9180684323377486,-0.6212484993997625,-0.06903589866731341,-0.158910013330249,0.2588879857912785,False,False,False,False,True,False
2026-03-05,Q4,333.05,332.19,319.76,0.2588879857912758,4.1562421816362445,data/raw/spi_weekly/pbs_live/summary/2026-03-05_summary_live.xlsx,2026-03-05,False,False,278.8382202148438,1.84,3.06,True,7,0,0,48.6,10.5,False,5.8082926288591885,0.2588879857912785,4.156242181636238,0.30699725932787914,-0.5925127928898544,0.9180684323377486,0.08109812873575706,-0.209501836630277,1.5042786368413053,False,False,False,False,True,False
2026-03-12,Q4,338.06,333.05,320.47,1.504278636841306,5.488813305457612,data/raw/spi_weekly/pbs_live/summary/2026-03-11_summary_live.xlsx,2026-03-11,False,False,278.3218566894531,19.54,20.6,True,7,0,0,47.6,10.5,True,5.8232233945220315,1.5042786368413053,5.488813305457607,-0.18518391237499765,0.2588879857912785,-0.5925127928898544,-0.6212484993997625,0.30699725932787914,0.22481216352125966,False,False,False,False,True,False
2026-03-19,Q4,338.82,338.06,319.2,0.2248121635212641,6.1466165413533815,data/raw/spi_weekly/pbs_live/summary/2026-03-18_summary_live.xlsx,2026-03-18,False,False,278.7607177734375,0.0,0.0,False,7,0,0,46.6,10.5,False,5.825468992912801,0.22481216352125966,6.146616541353378,0.157681142690147,1.5042786368413053,0.2588879857912785,0.9180684323377486,-0.18518391237499765,0.7850776223363498,False,False,False,False,True,False
2026-03-26,Q4,341.48,338.82,318.68,0.7850776223363454,7.15451236349945,data/raw/spi_weekly/pbs_live/summary/2026-03-26_summary_live.xlsx,2026-03-26,False,False,278.281982421875,0.0,0.0,False,0,3,0,45.6,10.5,False,5.833289112142106,0.7850776223363498,7.154512363499443,-0.1717370206915536,0.22481216352125966,1.5042786368413053,-0.5925127928898544,0.157681142690147,0.9400257701768666,False,False,False,False,True,False
2026-04-02,Q4,344.69,341.48,319.39,0.9400257701768736,7.92135007357777,data/raw/spi_weekly/pbs_live/summary/2026-04-02_summary_live.xlsx,2026-04-02,False,False,278.03447265625,0.0,0.0,False,0,0,0,44.6,10.5,False,5.842645462368028,0.9400257701768666,7.921350073577771,-0.0889420736013724,0.7850776223363498,0.22481216352125966,0.2588879857912785,-0.1717370206915536,1.5550204531608047,False,False,False,False,True,False
2026-04-09,Q4,350.05,344.69,316.46,1.5550204531608074,10.614295645579231,data/raw/spi_weekly/pbs_live/summary/2026-04-09_summary_live.xlsx,2026-04-09,False,False,278.40264282226565,54.71,17.86,True,0,0,0,43.6,10.5,False,5.858076001423207,1.5550204531608047,10.61429564557923,0.13241889126132111,0.9400257701768666,0.7850776223363498,1.5042786368413053,-0.0889420736013724,-0.5913440937008962,False,False,False,False,True,False
2026-04-16,Q4,347.98,350.05,314.15,-0.5913440937008971,10.76874104727044,data/raw/spi_weekly/pbs_live/summary/2026-04-16_summary_live.xlsx,2026-04-16,False,False,278.3883972167969,-25.77,-3.1,True,0,0,0,42.6,10.5,False,5.85214500685857,-0.5913440937008962,10.768741047270435,-0.005116907413071914,1.5550204531608047,0.9400257701768666,0.22481216352125966,0.13241889126132111,-0.30174147939536766,False,False,False,False,True,False
2026-04-23,Q4,346.93,347.98,309.0,-0.3017414793953605,12.275080906148858,data/raw/spi_weekly/pbs_live/summary/2026-04-23_summary_live.xlsx,2026-04-23,False,False,278.58518676757814,-8.35,0.0,True,0,0,0,41.6,10.5,False,5.849123030490178,-0.30174147939536766,12.275080906148862,0.07068884793643981,-0.5913440937008962,1.5550204531608047,0.7850776223363498,-0.005116907413071914,0.5130718012279045,False,False,False,False,True,False
2026-04-30,Q4,348.71,346.93,309.43,0.51,12.69,data/raw/spi_weekly/pbs_live/summary/2026-04-30_summary_live.pdf,2026-04-30,False,False,278.18047485351565,7.53,7.18,True,0,0,0,40.6,11.5,True,5.85424063121706,0.5130718012279045,12.694308890540661,-0.14527402506873122,-0.30174147939536766,-0.5913440937008962,0.9400257701768666,0.07068884793643981,0.828768891055609,False,False,False,False,True,False
2026-05-07,Q4,351.6,348.71,310.22,0.8287688910556028,13.338920765908057,data/raw/spi_weekly/pbs_live/summary/2026-05-07_summary_live.xlsx,2026-05-07,False,False,278.0315246582031,5.1,1.66,True,0,0,0,39.6,11.5,False,5.862494165811022,0.828768891055609,13.338920765908057,-0.053544446421327496,0.5130718012279045,-0.30174147939536766,1.5550204531608047,-0.14527402506873122,0.43515358361774226,False,False,False,False,True,False
2026-05-14,Q4,353.13,351.6,313.51,0.4351535836177476,12.63755542087972,data/raw/spi_weekly/pbs_live/summary/2026-05-14_summary_live.xlsx,2026-05-14,False,False,277.6396850585937,3.76,3.73,True,0,0,0,38.6,11.5,False,5.866836261092499,0.43515358361774226,12.637555420879721,-0.14093351467647786,0.828768891055609,0.5130718012279045,-0.5913440937008962,-0.053544446421327496,-0.13026364228470033,False,False,False,False,True,False
2026-05-21,Q4,352.67,353.13,312.63,-0.130263642284703,12.80747209160991,data/raw/spi_weekly/pbs_live/summary/2026-05-21_summary_live.xlsx,2026-05-21,False,False,277.92547607421875,-1.21,-1.21,True,0,0,0,37.6,11.5,False,5.8655327755013085,-0.13026364228470033,12.807472091609906,0.10293593855816852,0.43515358361774226,0.828768891055609,-0.30174147939536766,-0.14093351467647786,0.0,False,False,False,False,True,False
2026-05-28,Q4,352.67,,,,,,,True,False,277.33640747070314,,,,0,0,2,36.6,11.5,False,5.8655327755013085,0.0,,-0.21195199944833432,-0.13026364228470033,0.43515358361774226,0.5130718012279045,0.10293593855816852,-0.37712308957383867,False,False,False,False,True,False
2026-06-04,Q4,351.34,352.67,310.78,-0.3771230895738426,13.051032884999046,data/raw/spi_weekly/pbs_live/summary/2026-06-04_summary_live.xlsx,2026-06-04,False,False,277.9414489746094,-7.01,-6.8,True,0,0,1,35.6,11.5,False,5.861754415585237,-0.37712308957383867,13.051032884999048,0.21816158557190768,0.0,-0.13026364228470033,0.828768891055609,-0.21195199944833432,0.07684863664827457,False,False,False,False,True,False
2026-06-11,Q4,351.61,351.34,310.47,0.076848636648279,13.250877701549271,data/raw/spi_weekly/pbs_live/summary/2026-06-11_summary_live.xlsx,2026-06-11,False,False,277.6693481445312,0.0,-1.04,True,0,0,0,34.6,11.5,False,5.862522606817267,0.07684863664827457,13.250877701549268,-0.09789861536737554,-0.37712308957383867,0.0,0.43515358361774226,0.21816158557190768,0.5147748926367379,False,False,False,False,True,False
2026-06-18,Q4,353.42,351.61,310.88,0.514774892636737,13.683736489963977,data/raw/spi_weekly/pbs_live/summary/2026-06-18_summary_live.xlsx,2026-06-18,False,False,277.0531982421875,-0.51,-1.06,True,0,0,0,33.6,11.5,True,5.86765715137991,0.5147748926367379,13.683736489963971,-0.22190058299954574,0.07684863664827457,-0.37712308957383867,-0.13026364228470033,-0.09789861536737554,0.0,False,False,False,False,True,False
2026-06-25,Q4,353.42,,,,,,,True,False,277.091162109375,,,,0,0,0,32.6,11.5,False,5.86765715137991,0.0,,0.013702735585940928,0.5147748926367379,0.07684863664827457,0.0,-0.22190058299954574,-0.3197328957048273,False,False,False,False,True,False
2026-07-02,Q4,352.29,353.42,312.4,-0.3197328957048313,12.76888604353394,data/raw/spi_weekly/pbs_live/summary/2026-07-02_summary_live.xlsx,2026-07-02,False,False,276.75453491210936,-17.73,-19.77,True,0,0,0,31.6,11.5,False,5.8644547000450995,-0.3197328957048273,12.768886043533945,-0.12148608230699853,0.0,0.5147748926367379,-0.37712308957383867,0.013702735585940928,-0.33211274802009694,False,False,False,False,True,False
2026-07-09,Q4,351.12,352.29,315.58,-0.3321127480200943,11.26180366309653,data/raw/spi_weekly/pbs_live/summary/2026-07-09_summary_live.xlsx,2026-07-09,False,False,277.21002807617185,-0.63,-0.69,False,0,0,0,30.6,11.5,False,5.861128045379979,-0.33211274802009694,11.261803663096526,0.1645838122244836,-0.3197328957048273,0.0,0.07684863664827457,-0.12148608230699853,1.2816131237183948,False,False,False,False,True,False
2026-07-16,Q4,355.62,351.12,316.66,1.281613123718401,12.303416914040284,data/raw/spi_weekly/pbs_live/summary/2026-07-16_summary_live.xlsx,2026-07-16,False,False,277.0631408691406,4.41,4.4,True,0,0,0,29.6,11.5,False,5.873862745027802,1.2816131237183948,12.303416914040287,-0.05298769602622988,-0.33211274802009694,-0.3197328957048273,0.5147748926367379,0.1645838122244836,0.8604690399865111,False,False,False,False,True,False
2026-07-23,Q4,358.68,355.62,328.38,0.860469039986512,9.227114927827529,data/raw/spi_weekly/pbs_live/summary/2026-07-23_summary_live.xlsx,2026-07-23,False,False,277.11009521484374,15.87,5.23,True,0,0,0,28.6,11.5,False,5.882430626083847,0.8604690399865111,9.227114927827529,0.0169471643018948,1.2816131237183948,-0.33211274802009694,0.0,-0.05298769602622988,-0.8113081298093072,False,False,False,False,True,False
2026-07-30,Q4,355.77,358.68,327.16,-0.811308129809305,8.744956596160876,data/raw/spi_weekly/pbs_live/summary/2026-07-30_summary_live.xlsx,2026-07-30,False,False,277.20325927734376,4.17,2.46,True,0,0,0,27.6,11.5,True,5.874284454644814,-0.8113081298093072,8.744956596160879,0.03361987315106951,0.8604690399865111,1.2816131237183948,-0.3197328957048273,0.0169471643018948,0.34291817747422737,False,False,False,False,True,False
2026-08-06,Q4,356.99,355.77,327.62,0.3429181774742318,8.964654172516944,data/raw/spi_weekly/pbs_live/summary/2026-08-06_summary_live.xlsx,2026-08-06,False,False,276.63751831054685,-1.66,-0.63,True,0,0,0,26.6,11.5,False,5.877707770182837,0.34291817747422737,8.964654172516951,-0.20408885821608935,-0.8113081298093072,0.8604690399865111,-0.33211274802009694,0.03361987315106951,0.22129471413763202,False,False,False,False,True,False
2026-08-13,Q4,357.78,356.99,328.69,0.2212947141376275,8.850284462563508,data/raw/spi_weekly/pbs_live/summary/2026-08-13_summary_live.xlsx,2026-08-13,False,False,276.48651733398435,-0.29,-2.35,True,0,0,0,25.6,11.5,False,5.87991827236307,0.22129471413763202,8.850284462563508,-0.05458441699617289,0.34291817747422737,-0.8113081298093072,1.2816131237183948,-0.20408885821608935,0.4499972049863077,False,False,False,False,True,False
2026-08-20,Q4,359.39,357.78,329.41,0.4499972049863032,9.101120184572409,data/raw/spi_weekly/pbs_live/summary/2026-08-20_summary_live.xlsx,2026-08-20,False,False,276.41481323242186,-5.15,3.77,True,0,0,0,24.6,11.5,False,5.884408149810996,0.4499972049863077,9.101120184572409,-0.02593403188476673,0.22129471413763202,0.34291817747422737,0.8604690399865111,-0.05458441699617289,-0.06677982136398253,False,False,False,False,True,False
2026-08-27,Q4,359.15,359.39,331.69,-0.0667798213639798,8.278814555759894,data/raw/spi_weekly/pbs_live/summary/2026-08-27_summary_live.xlsx,2026-08-27,False,False,276.7794189453125,2.44,1.71,True,0,0,0,23.6,11.5,False,5.88374012852081,-0.06677982136398253,8.278814555759894,0.1319052725962555,0.4499972049863077,0.22129471413763202,-0.8113081298093072,-0.02593403188476673,0.6849505777530407,False,False,False,False,True,False
2026-09-03,Q4,361.61,359.15,336.59,0.6849505777530425,7.433375917288103,data/raw/spi_weekly/pbs_live/summary/2026-09-03_summary_live.xlsx,2026-09-03,False,False,276.7824951171875,0.09,0.9,False,0,0,0,22.6,11.5,False,5.890566283002889,0.6849505777530407,7.433375917288099,0.001111416407595378,-0.06677982136398253,0.4499972049863077,0.34291817747422737,0.1319052725962555,0.0719006664638755,False,False,False,False,True,False
2026-09-10,Q4,361.87,361.61,336.29,0.0719006664638755,7.606530078206305,data/raw/spi_weekly/pbs_live/summary/2026-09-10_summary_live.xlsx,2026-09-10,False,False,273.6826477050781,5.49,6.18,True,0,0,0,21.6,11.5,False,5.891285031306071,0.0719006664638755,7.606530078206308,-1.1199578971917812,0.6849505777530407,-0.06677982136398253,0.22129471413763202,0.001111416407595378,0.3039765661701832,False,False,False,False,True,False
2026-09-17,Q4,362.97,361.87,331.87,0.3039765661701779,9.371139301533743,data/raw/spi_weekly/pbs_live/summary/2026-09-17_summary_live.xlsx,2026-09-17,False,False,273.71156005859376,7.29,6.4,True,0,0,0,20.6,11.5,True,5.8943201862214964,0.3039765661701832,9.371139301533749,0.010564189493944554,0.0719006664638755,0.6849505777530407,0.4499972049863077,-1.1199578971917812,0.6171308923602403,False,False,False,False,True,False
2026-09-24,Q4,365.21,362.97,331.41,0.6171308923602368,10.198847349204884,data/raw/spi_weekly/pbs_live/summary/2026-09-24_summary_live.xlsx,2026-09-24,False,False,270.28033447265625,-1.57,-0.34,True,0,0,0,19.6,11.5,False,5.900472530602224,0.6171308923602403,10.198847349204886,-1.2535917683575315,0.3039765661701832,0.0719006664638755,-0.06677982136398253,0.010564189493944554,0.21905205224390656,False,False,False,False,True,False
2026-10-01,Q4,366.01,365.21,333.31,0.2190520522439101,9.81068674807237,data/raw/spi_weekly/pbs_live/summary/2026-10-01_summary_live.xlsx,2026-10-01,False,False,270.23224487304685,-3.43,-0.65,True,0,0,0,18.6,11.5,False,5.902660655432488,0.21905205224390656,9.810686748072373,-0.01779248930678934,0.6171308923602403,0.3039765661701832,0.6849505777530407,-1.2535917683575315,,False,False,False,False,True,False
2019-09-05,Q5,126.45,126.88,107.78,-0.4,17.25,data/raw/spi_weekly/wayback/summary/2019-09-05_summary_weekly_spi_nb.pdf,2019-09-05,False,True,156.8299987792969,-4.04,-5.94,True,0,0,0,33.3,13.25,False,4.839846973115974,,17.322323251066997,,,,,,0.6801107156979125,False,False,False,False,False,True
2019-09-12,Q5,127.31,126.45,107.89,0.68,18.0,data/raw/spi_weekly/wayback/summary/2019-09-12_summary_weekly_spi_nb.pdf,2019-09-12,False,False,155.6459991455078,0.0,0.0,False,0,0,0,32.3,13.25,False,4.846625057073554,0.6801107156979125,17.99981462600797,-0.7549573697665402,,,,,1.021129526353004,False,False,False,False,False,True
2019-09-19,Q5,128.61,127.31,108.2,1.02,18.86,data/raw/spi_weekly/wayback/summary/2019-09-19_summary_weekly_spi_nb.pdf,2019-09-19,False,False,155.93800048828126,0.0,0.0,False,0,0,0,31.3,13.25,True,4.856784569277996,1.021129526353004,18.863216266173755,0.18760607042682675,0.6801107156979125,,,-0.7549573697665402,0.1866106834616188,False,False,False,False,False,True
2019-09-26,Q5,128.85,128.61,108.28,0.19,19.0,data/raw/spi_weekly/wayback/summary/2019-09-26_summary_weekly_spi_nb.pdf,2019-09-26,False,False,156.03799743652343,0.0,0.0,False,0,0,0,30.3,13.25,False,4.858648937098374,0.1866106834616188,18.99704469892869,0.06412609365840094,1.021129526353004,0.6801107156979125,,0.18760607042682675,0.28715560729530853,False,False,False,False,False,True
2019-10-03,Q5,129.22,128.85,111.57,0.29,15.82,data/raw/spi_weekly/wayback/summary/2019-10-03_summary_weekly_spi_nb.pdf,2019-10-03,False,False,155.5259979248047,0.0,0.0,False,0,0,0,29.3,13.25,False,4.86151637813002,0.28715560729530853,15.819664784440256,-0.3281248927377467,0.1866106834616188,1.021129526353004,,0.06412609365840094,-0.44110818758705816,False,False,False,False,False,True
2019-10-10,Q5,128.65,129.22,112.34,-0.44,14.52,data/raw/spi_weekly/wayback/summary/2019-10-10_summary_weekly_spi_nb.pdf,2019-10-10,False,False,155.77999877929688,0.0,0.0,False,0,0,0,28.3,13.25,False,4.857095538727753,-0.44110818758705816,14.518426206159862,0.16331729606711143,0.28715560729530853,0.1866106834616188,0.6801107156979125,-0.3281248927377467,1.9354838709677358,False,False,False,False,False,True
2019-10-17,Q5,131.14,128.65,112.04,1.94,17.05,data/raw/spi_weekly/wayback/summary/2019-10-17_summary_weekly_spi_nb.pdf,2019-10-17,False,False,155.53423461914062,0.0,0.0,False,0,0,0,27.3,13.25,False,4.876265454835473,1.9354838709677358,17.04748304177077,-0.15776361669154193,-0.44110818758705816,0.28715560729530853,1.021129526353004,0.16331729606711143,0.11438157694068085,False,False,False,False,False,True
2019-10-24,Q5,131.29,131.14,111.93,0.11,17.3,data/raw/spi_weekly/wayback/summary/2019-10-24_summary_weekly_spi_nb.pdf,2019-10-24,False,False,155.55,0.0,0.0,False,0,0,0,26.3,13.25,False,4.877408616946019,0.11438157694068085,17.296524613597764,0.010136277005501348,1.9354838709677358,-0.44110818758705816,0.1866106834616188,-0.15776361669154193,0.4570035798613814,False,False,False,False,False,True
2019-10-31,Q5,131.89,131.29,112.3,0.46,17.44,data/raw/spi_weekly/wayback/summary/2019-10-31_summary_weekly_spi_nb.pdf,2019-10-31,False,False,155.3,0.0,0.0,False,0,0,0,25.3,13.25,False,4.881968241837793,0.4570035798613814,17.444345503116644,-0.16072002571519972,0.11438157694068085,1.9354838709677358,0.28715560729530853,0.010136277005501348,0.48525286223368713,False,False,False,False,False,True
2019-11-07,Q5,132.53,131.89,112.36,0.49,17.95,data/raw/spi_weekly/wayback/summary/2019-11-07_summary_weekly_spi_nb.pdf,2019-11-07,False,False,155.0356414794922,0.22,0.89,False,0,0,0,24.3,13.25,False,4.886809034892587,0.48525286223368713,17.951228195087232,-0.1702244175839085,0.4570035798613814,0.11438157694068085,-0.44110818758705816,-0.16072002571519972,0.928091752810678,False,False,False,False,False,True
2019-11-14,Q5,133.76,132.53,112.95,0.93,18.42,data/raw/spi_weekly/wayback/summary/2019-11-14_summary_weekly_spi_nb.pdf,2019-11-14,False,False,155.2,0.0,0.0,False,0,0,0,23.3,13.25,False,4.8960471493363915,0.928091752810678,18.424081451969897,0.10601337791706911,0.48525286223368713,0.4570035798613814,1.9354838709677358,-0.1702244175839085,0.164473684210531,False,False,False,False,False,True
2019-11-21,Q5,133.98,133.76,113.0,0.16,18.57,data/raw/spi_weekly/wayback/summary/2019-11-21_summary_weekly_spi_nb.pdf,2019-11-21,False,False,154.74620361328124,0.0,0.0,False,0,0,0,22.3,13.25,False,4.897690535080121,0.164473684210531,18.566371681415927,-0.29239457907136446,0.928091752810678,0.48525286223368713,0.11438157694068085,0.10601337791706911,-0.6120316465143993,False,False,False,False,False,True
2019-11-28,Q5,133.16,133.98,113.06,-0.61,17.78,data/raw/spi_weekly/wayback/summary/2019-11-28_summary_weekly_spi_nb.pdf,2019-11-28,False,False,154.8800018310547,0.0,0.0,False,0,0,0,21.3,13.25,True,4.891551412706824,-0.6120316465143993,17.778170882717138,0.08646300500387838,0.164473684210531,0.928091752810678,0.4570035798613814,-0.29239457907136446,-0.7209372183839102,False,False,False,False,False,True
2019-12-05,Q5,132.2,133.16,112.29,-0.72,17.73,data/raw/spi_weekly/wayback/summary/2019-12-05_summary_weekly_spi_nb.pdf,2019-12-05,False,False,154.22896728515624,-1.86,-0.2,True,0,0,0,20.3,13.25,False,4.884315927417586,-0.7209372183839102,17.730875411879943,-0.42034771319838793,-0.6120316465143993,0.164473684210531,0.48525286223368713,0.08646300500387838,-0.4160363086232799,False,False,False,False,False,True
2019-12-12,Q5,131.65,132.2,112.29,-0.42,17.24,data/raw/spi_weekly/wayback/summary/2019-12-12_summary_weekly_spi_nb.pdf,2019-12-12,False,False,154.49000244140626,0.0,0.0,False,0,0,0,19.3,13.25,False,4.8801468859423185,-0.4160363086232799,17.241072223706478,0.16925170468617967,-0.7209372183839102,-0.6120316465143993,0.928091752810678,-0.42034771319838793,0.06836308393467494,False,False,False,False,False,True
2019-12-19,Q5,131.74,131.65,112.35,0.07,17.26,data/raw/spi_weekly/wayback/summary/2019-12-19_summary_weekly_spi_nb.pdf,2019-12-19,False,False,154.34918212890625,0.0,0.0,False,0,0,0,18.3,13.25,False,4.880830283212547,0.06836308393467494,17.25856697819317,-0.09115173168141588,-0.4160363086232799,-0.7209372183839102,0.164473684210531,0.16925170468617967,0.8122058600273263,False,False,False,False,False,True
2019-12-26,Q5,132.81,131.74,112.53,0.81,18.02,data/raw/spi_weekly/wayback/summary/2019-12-26_summary_weekly_spi_nb.pdf,2019-12-26,False,False,153.9727355957031,0.0,0.0,False,0,0,0,17.3,13.25,False,4.8889195354121595,0.8122058600273263,18.021860837110104,-0.2438927942544855,0.06836308393467494,-0.4160363086232799,-0.6120316465143993,-0.09115173168141588,0.7604849032452288,False,False,False,False,False,True
2020-01-02,Q5,133.82,132.81,112.65,0.76,18.79,data/raw/spi_weekly/wayback/summary/2020-01-02_summary_weekly_spi_nb.pdf,2020-01-02,False,False,154.40554809570312,1.76,2.28,True,0,0,0,16.3,13.25,False,4.896495613354671,0.7604849032452288,18.792720816688856,0.28109684375321464,0.8122058600273263,0.06836308393467494,-0.7209372183839102,-0.2438927942544855,0.29890898221491824,False,False,False,False,False,True
2020-01-09,Q5,134.22,133.82,112.76,0.3,19.03,data/raw/spi_weekly/wayback/summary/2020-01-09_summary_weekly_spi_nb.pdf,2020-01-09,False,False,154.36000061035156,0.0,0.0,False,0,0,0,15.3,13.25,False,4.899480244730094,0.29890898221491824,19.031571479247944,-0.02949860669729798,0.7604849032452288,0.8122058600273263,-0.4160363086232799,0.28109684375321464,-0.126657726121282,False,False,False,False,False,True
2020-01-16,Q5,134.05,134.22,112.57,-0.13,19.08,data/raw/spi_weekly/wayback/summary/2020-01-16_summary_weekly_spi_nb.pdf,2020-01-16,False,False,154.09642333984374,0.0,0.0,False,0,0,0,14.3,13.25,False,4.898212864681969,-0.126657726121282,19.081460424624687,-0.17075490377405078,0.29890898221491824,0.7604849032452288,0.06836308393467494,-0.02949860669729798,-0.34315553897800166,False,False,False,False,False,True
2020-01-23,Q5,133.59,134.05,112.37,-0.34,18.88,data/raw/spi_weekly/wayback/summary/2020-01-23_summary_weekly_spi_nb.pdf,2020-01-23,False,False,153.88193054199218,0.0,0.0,False,0,0,0,13.3,13.25,False,4.8947754080017205,-0.34315553897800166,18.884043783928096,-0.1391938847136731,-0.126657726121282,0.29890898221491824,0.8122058600273263,-0.17075490377405078,-0.38176510217829973,False,False,False,False,False,True
2020-01-30,Q5,133.08,133.59,112.85,-0.38,17.93,data/raw/spi_weekly/wayback/summary/2020-01-30_summary_weekly_spi_nb.pdf,2020-01-30,False,False,153.96000061035156,0.0,0.0,False,0,0,0,12.3,13.25,True,4.890950451150276,-0.38176510217829973,17.926451041205162,0.05073374637580841,-0.34315553897800166,-0.126657726121282,0.7604849032452288,-0.1391938847136731,0.09017132551847329,False,False,False,False,False,True
2020-02-06,Q5,133.2,133.08,114.05,0.09,16.79,data/raw/spi_weekly/wayback/summary/2020-02-06_summary_weekly_spi_nb.pdf,2020-02-06,False,False,153.7567169189453,0.0,0.0,False,0,0,0,11.3,13.25,False,4.891851758106289,0.09017132551847329,16.790881192459437,-0.13203669173835753,-0.38176510217829973,-0.34315553897800166,0.29890898221491824,0.05073374637580841,-0.345345345345327,False,False,False,False,False,True
2020-02-13,Q5,132.74,133.2,114.69,-0.35,15.74,data/raw/spi_weekly/wayback/summary/2020-02-13_summary_weekly_spi_nb.pdf,2020-02-13,False,False,153.72173767089845,0.0,0.0,False,0,0,0,10.3,13.25,False,4.888392327717779,-0.345345345345327,15.738076554189572,-0.022749736562921452,0.09017132551847329,-0.38176510217829973,-0.126657726121282,-0.13203669173835753,-0.15820400783487232,False,False,False,False,False,True
2020-02-20,Q5,132.53,132.74,114.9,-0.16,15.34,data/raw/spi_weekly/wayback/summary/2020-02-20_summary_weekly_spi_nb.pdf,2020-02-20,False,False,153.81999816894532,0.0,0.0,False,0,0,0,9.3,13.25,False,4.886809034892587,-0.15820400783487232,15.343777197563103,0.06392101698540209,-0.345345345345327,0.09017132551847329,-0.34315553897800166,-0.022749736562921452,-0.7545461404964926,False,False,False,False,False,True
2020-02-27,Q5,131.53,132.53,114.94,-0.75,14.43,data/raw/spi_weekly/wayback/summary/2020-02-27_summary_weekly_spi_nb.pdf,2020-02-27,False,False,153.79000244140624,0.0,0.0,False,0,0,0,8.3,13.25,False,4.879234962480687,-0.7545461404964926,14.433617539585875,-0.019500538223993225,-0.15820400783487232,-0.345345345345327,-0.38176510217829973,0.06392101698540209,-0.6006234319166692,False,False,False,False,False,True
2020-03-05,Q5,130.74,131.53,117.32,-0.6,11.44,data/raw/spi_weekly/wayback/summary/2020-03-05_summary_weekly_spi_nb.pdf,2020-03-05,False,False,153.8,-3.91,-4.24,True,0,0,0,7.3,13.25,False,4.873210618184584,-0.6006234319166692,11.438799863620886,0.006500785769603112,-0.7545461404964926,-0.15820400783487232,0.09017132551847329,-0.019500538223993225,0.6577940951506767,False,False,False,False,False,True
2020-03-12,Q5,131.6,130.74,117.24,0.66,12.25,data/raw/spi_weekly/wayback/summary/2020-03-12_summary_weekly_spi_nb.pdf,2020-03-12,False,False,155.272802734375,0.0,0.0,False,0,0,0,6.3,13.25,False,4.879767018891217,0.6577940951506767,12.248379392698737,0.9576090600617704,-0.6006234319166692,-0.7545461404964926,-0.345345345345327,0.006500785769603112,0.05319148936169249,False,False,False,False,False,True
2020-03-19,Q5,131.67,131.6,116.93,0.05,12.61,data/raw/spi_weekly/wayback/summary/2020-03-19_summary_weekly_spi_nb.pdf,2020-03-19,False,False,157.58949279785156,0.0,0.0,False,0,0,0,5.3,12.5,True,4.880298792368253,0.05319148936169249,12.605832549388495,1.4920127818132567,0.6577940951506767,-0.6006234319166692,-0.15820400783487232,0.9576090600617704,-1.6556542872332214,False,False,False,False,False,True
2020-03-26,Q5,129.49,131.67,116.56,-1.66,11.09,data/raw/spi_weekly/wayback/summary/2020-03-26_summary_weekly_spi_nb.pdf,2020-03-26,False,False,158.47000122070312,-12.15,-13.31,True,0,0,0,4.3,11.0,True,4.8636036580807485,-1.6556542872332214,11.092999313658215,0.5587354887809814,0.05319148936169249,0.6577940951506767,-0.7545461404964926,1.4920127818132567,-2.0001544520812486,False,False,False,False,False,True
2020-04-02,Q5,126.9,129.49,117.21,-2.0,8.27,data/raw/spi_weekly/wayback/summary/2020-04-02_summary_weekly_spi_nb.pdf,2020-04-02,False,False,164.6666473388672,0.0,0.0,False,0,0,0,3.3,11.0,False,4.843399374720342,-2.0001544520812486,8.267212695162529,3.9102959995147124,-1.6556542872332214,0.05319148936169249,-0.6006234319166692,0.5587354887809814,-0.378250591016549,False,False,False,False,False,True
2020-04-09,Q5,126.42,126.9,117.75,-0.38,7.36,data/raw/spi_weekly/wayback/summary/2020-04-09_summary_weekly_spi_nb.pdf,2020-04-09,False,False,166.52000122070314,0.0,0.0,False,0,0,0,2.3,11.0,False,4.8396096970441524,-0.378250591016549,7.363057324840772,1.1255186838303288,-2.0001544520812486,-1.6556542872332214,0.6577940951506767,3.9102959995147124,0.19775352001265567,False,False,False,False,False,True
2020-04-16,Q5,126.67,126.42,118.44,0.2,6.95,data/raw/spi_weekly/wayback/summary/2020-04-16_summary_weekly_spi_nb.pdf,2020-04-16,False,False,166.27999877929688,0.0,0.0,False,0,0,0,1.3,9.0,True,4.841585279495541,0.19775352001265567,6.948665991219194,-0.14412829668921656,-0.378250591016549,-2.0001544520812486,0.05319148936169249,1.1255186838303288,0.521038920028416,False,False,False,False,False,True
2020-04-23,Q5,127.33,126.67,118.87,0.52,7.12,data/raw/spi_weekly/wayback/summary/2020-04-23_summary_weekly_spi_nb.pdf,2020-04-23,False,False,162.41874084472656,0.0,0.0,False,0,0,0,0.3,9.0,False,4.8467821415853445,0.521038920028416,7.117018591738877,-2.3221421475323467,0.19775352001265567,-0.378250591016549,-1.6556542872332214,-0.14412829668921656,0.6754103510563159,False,False,False,False,False,True
2020-04-30,Q5,128.19,127.33,117.79,0.68,8.83,data/raw/spi_weekly/wayback/summary/2020-04-30_summary_weekly_spi_nb.pdf,2020-04-30,False,False,160.4800018310547,0.0,0.0,False,6,0,0,49.9,9.0,False,4.8535135383240435,0.6754103510563159,8.829272433992696,-1.1936670630425028,0.521038920028416,0.19775352001265567,-2.0001544520812486,-2.3221421475323467,0.015601841017254259,False,False,False,False,False,True
2020-05-07,Q5,128.21,128.19,119.78,0.02,7.04,data/raw/spi_weekly/wayback/summary/2020-05-07_summary_weekly_spi_nb.pdf,2020-05-07,False,False,159.25,-25.2,-15.55,True,7,0,0,48.9,9.0,False,4.853669544564609,0.015601841017254259,7.0379028218400475,-0.7664517802969506,0.6754103510563159,0.521038920028416,-0.378250591016549,-1.1936670630425028,0.007799703611266473,False,False,False,False,False,True
2020-05-14,Q5,128.22,128.21,119.12,0.01,7.64,data/raw/spi_weekly/wayback/summary/2020-05-14_summary_weekly_spi_nb.pdf,2020-05-14,False,False,159.76000061035157,0.0,0.0,False,7,0,0,47.9,9.0,False,4.853747538559111,0.007799703611266473,7.639355271994619,0.320251560660334,0.015601841017254259,0.6754103510563159,0.19775352001265567,-0.7664517802969506,0.6473249103104095,False,False,False,False,False,True
2020-05-21,Q5,129.05,128.22,119.41,0.65,8.07,data/raw/spi_weekly/wayback/summary/2020-05-21_summary_weekly_spi_nb.pdf,2020-05-21,False,False,160.02000122070314,0.0,0.0,False,7,0,0,46.9,8.0,True,4.860199926164623,0.6473249103104095,8.073025709739557,0.16274449759530185,0.007799703611266473,0.015601841017254259,0.521038920028416,0.320251560660334,0.12398295234405943,False,False,False,False,False,True
2020-05-28,Q5,129.21,129.05,119.62,0.12,8.02,data/raw/spi_weekly/wayback/summary/2020-05-28_summary_weekly_spi_nb.pdf,2020-05-28,False,False,160.19259643554688,0.0,0.0,False,2,3,0,45.9,8.0,False,4.861438987734129,0.12398295234405943,8.017054004347113,0.10785852613868219,0.6473249103104095,0.007799703611266473,0.6754103510563159,0.16274449759530185,-0.6655831591982131,False,False,False,False,False,True
2020-06-04,Q5,128.35,129.21,119.62,-0.67,7.3,data/raw/spi_weekly/wayback/summary/2020-06-04_summary_weekly_spi_nb.pdf,2020-06-04,False,False,163.2300018310547,0.15,-8.55,True,0,0,0,44.9,8.0,False,4.854760907317149,-0.6655831591982131,7.298110683832126,1.8960959888866702,0.12398295234405943,0.6473249103104095,0.015601841017254259,0.10785852613868219,-0.054538371640044936,False,False,False,False,False,True
2020-06-11,Q5,128.28,128.35,120.29,-0.05,6.64,data/raw/spi_weekly/wayback/summary/2020-06-11_summary_weekly_spi_nb.pdf,2020-06-11,False,False,163.36000061035156,0.0,0.0,False,0,0,0,43.9,8.0,False,4.854215374824954,-0.054538371640044936,6.642281153878127,0.07964147389487586,-0.6655831591982131,0.12398295234405943,0.007799703611266473,1.8960959888866702,0.8652946679139184,False,False,False,False,False,True
2020-06-18,Q5,129.39,128.28,119.92,0.87,7.9,data/raw/spi_weekly/wayback/summary/2020-06-18_summary_weekly_spi_nb.pdf,2020-06-18,False,False,164.3800018310547,0.0,0.0,False,0,0,0,42.9,8.0,False,4.862831099327861,0.8652946679139184,7.896931287525,0.6243885999584808,-0.054538371640044936,-0.6655831591982131,0.6473249103104095,0.07964147389487586,0.08501429785918724,False,False,False,False,False,True
2020-06-25,Q5,129.5,129.39,119.67,0.09,8.21,data/raw/spi_weekly/wayback/summary/2020-06-25_summary_weekly_spi_nb.pdf,2020-06-25,False,False,166.44400329589843,0.0,0.0,False,0,0,0,41.9,7.0,True,4.863680881139593,0.08501429785918724,8.214255870310016,1.2556280824020494,0.8652946679139184,-0.054538371640044936,0.12398295234405943,0.6243885999584808,2.895752895752901,False,False,False,False,False,True
2020-07-02,Q5,133.25,129.5,123.08,2.9,8.26,data/raw/spi_weekly/wayback/summary/2020-07-02_summary_weekly_spi_nb.pdf,2020-07-02,False,False,167.60999755859376,26.21,33.97,True,0,0,0,40.9,7.0,False,4.892227063045954,2.895752895752901,8.262918427039324,0.7005324551239367,0.08501429785918724,0.8652946679139184,-0.6655831591982131,1.2556280824020494,0.8555347091932397,False,False,False,False,False,True
2020-07-09,Q5,134.39,133.25,122.81,0.86,9.43,data/raw/spi_weekly/wayback/summary/2020-07-09_summary_weekly_spi_nb.pdf,2020-07-09,False,False,166.69199829101564,0.0,0.0,False,0,0,0,39.9,7.0,False,4.900746020558973,0.8555347091932397,9.429199576581704,-0.5476995888966663,2.895752895752901,0.08501429785918724,-0.054538371640044936,0.7005324551239367,0.1413795669320761,False,False,False,False,False,True
2020-07-16,Q5,134.58,134.39,123.57,0.14,8.91,data/raw/spi_weekly/wayback/summary/2020-07-16_summary_weekly_spi_nb.pdf,2020-07-16,False,False,165.9234619140625,0.0,0.0,False,0,0,0,38.9,7.0,False,4.9021588177601725,0.1413795669320761,8.909929594561806,-0.4610517510333034,0.8555347091932397,2.895752895752901,0.8652946679139184,-0.5476995888966663,0.09659681973546164,False,False,False,False,False,True
2020-07-23,Q5,134.71,134.58,123.55,0.1,9.03,data/raw/spi_weekly/wayback/summary/2020-07-23_summary_weekly_spi_nb.pdf,2020-07-23,False,False,166.93800048828126,0.0,0.0,False,0,0,0,37.9,7.0,False,4.903124319710477,0.09659681973546164,9.032780250910566,0.6114497386416895,0.1413795669320761,0.8555347091932397,0.08501429785918724,-0.4610517510333034,0.2078539083958164,False,False,False,False,False,True
2020-07-30,Q5,134.99,134.71,124.45,0.21,8.47,data/raw/spi_weekly/wayback/summary/2020-07-29_summary_weekly_spi_nb.pdf,2020-07-29,False,False,166.5459991455078,0.0,0.0,False,0,0,0,36.9,7.0,False,4.9052007016207355,0.2078539083958164,8.469264764965857,-0.23481852042487317,0.09659681973546164,0.1413795669320761,2.895752895752901,0.6114497386416895,0.07407956144900307,False,False,False,False,False,True
2020-08-06,Q5,135.09,134.99,126.06,0.07,7.16,data/raw/spi_weekly/wayback/summary/2020-08-06_summary_weekly_spi_nb.pdf,2020-08-06,False,False,166.84951782226562,5.01,3.93,True,0,0,3,35.9,7.0,False,4.90594122298159,0.07407956144900307,7.1632555925749575,0.18224315103039235,0.2078539083958164,0.09659681973546164,0.8555347091932397,-0.23481852042487317,-0.25908653490265277,False,False,False,False,False,True
2020-08-13,Q5,134.74,135.09,127.46,-0.26,5.71,data/raw/spi_weekly/wayback/summary/2020-08-13_summary_weekly_spi_nb.pdf,2020-08-13,False,False,167.8654022216797,0.0,0.0,False,0,0,0,34.9,7.0,False,4.903346995532514,-0.25908653490265277,5.71159579475915,0.6088626522110951,0.07407956144900307,0.2078539083958164,0.1413795669320761,0.18224315103039235,0.7718569096036854,False,False,False,False,False,True
2020-08-20,Q5,135.78,134.74,126.92,0.77,6.98,data/raw/spi_weekly/wayback/summary/2020-08-20_summary_weekly_spi_nb.pdf,2020-08-20,False,False,167.1359619140625,0.0,0.0,False,0,0,0,33.9,7.0,False,4.911035928873501,0.7718569096036854,6.980775291522212,-0.4345388018990981,-0.25908653490265277,0.07407956144900307,0.09659681973546164,0.6088626522110951,-0.15466195315952946,False,False,False,False,False,True
2020-08-27,Q5,135.57,135.78,126.88,-0.15,6.85,data/raw/spi_weekly/wayback/summary/2020-08-27_summary_weekly_spi_nb.pdf,2020-08-27,False,False,167.2309814453125,0.0,0.0,False,0,0,0,32.9,7.0,False,4.909488112091298,-0.15466195315952946,6.848991172761654,0.05685163753019751,0.7718569096036854,-0.25908653490265277,0.2078539083958164,-0.4345388018990981,0.693368739396627,False,False,False,False,False,True
2020-09-03,Q5,136.51,135.57,126.45,0.69,7.96,data/raw/spi_weekly/wayback/summary/2020-09-03_summary_weekly_spi_nb.pdf,2020-09-03,False,False,164.87991943359376,0.0,0.0,False,0,0,0,31.9,7.0,False,4.916397872014886,0.693368739396627,7.9557137208382755,-1.4058770638068485,-0.15466195315952946,0.7718569096036854,0.07407956144900307,0.05685163753019751,0.43220276902791177,False,False,False,False,False,True
2020-09-10,Q5,137.1,136.51,127.31,0.43,7.69,data/raw/spi_weekly/wayback/summary/2020-09-10_summary_weekly_spi_nb.pdf,2020-09-10,False,False,165.5295379638672,0.0,0.0,False,0,0,0,30.9,7.0,False,4.920710586568268,0.43220276902791177,7.689890817689093,0.39399493431646615,0.693368739396627,-0.15466195315952946,-0.25908653490265277,-1.4058770638068485,0.6272793581327596,False,False,False,False,False,True
2020-09-17,Q5,137.96,137.1,128.61,0.63,7.27,data/raw/spi_weekly/wayback/summary/2020-09-17_summary_weekly_spi_nb.pdf,2020-09-17,False,False,165.86000061035156,0.0,0.0,False,0,0,0,29.9,7.0,False,4.92696378806864,0.6272793581327596,7.270041209859257,0.19963968397984644,0.43220276902791177,0.693368739396627,0.7718569096036854,0.39399493431646615,0.23919976804869236,False,False,False,False,False,True
2020-09-24,Q5,138.29,137.96,128.85,0.24,7.33,data/raw/spi_weekly/wayback/summary/2020-09-24_summary_weekly_spi_nb.pdf,2020-09-24,False,False,165.9,0.0,0.0,False,0,0,0,28.9,7.0,True,4.929352929476567,0.23919976804869236,7.326348467209942,0.024116356867986966,0.6272793581327596,0.43220276902791177,-0.15466195315952946,0.19963968397984644,0.6435750958131647,False,False,False,False,False,True
2020-10-01,Q5,139.18,138.29,129.22,0.64,7.71,data/raw/spi_weekly/wayback/summary/2020-10-01_summary_weekly_spi_nb.pdf,2020-10-01,False,False,165.65999755859374,-2.28,0.0,True,0,0,0,27.9,7.0,False,4.935768059416704,0.6435750958131647,7.707785172573911,-0.14466693273433862,0.23919976804869236,0.6272793581327596,0.693368739396627,0.024116356867986966,1.0777410547492483,False,False,False,False,False,True
2020-10-08,Q5,140.68,139.18,128.65,1.08,9.35,data/raw/spi_weekly/wayback/summary/2020-10-08_summary_weekly_spi_nb.pdf,2020-10-08,False,False,163.95091857910157,0.0,0.0,False,0,0,0,26.9,7.0,False,4.946487807605782,1.0777410547492483,9.350952195880291,-1.0316787424119567,0.6435750958131647,0.23919976804869236,0.43220276902791177,-0.14466693273433862,0.5046914984361495,False,False,False,False,False,True
2020-10-15,Q5,141.39,140.68,131.14,0.5,7.82,data/raw/spi_weekly/wayback/summary/2020-10-15_summary_weekly_spi_nb.pdf,2020-10-15,False,False,163.23410339355468,0.0,0.0,False,0,0,0,25.9,7.0,False,4.951522029603749,0.5046914984361495,7.816074424279407,-0.4372132780708138,1.0777410547492483,0.6435750958131647,0.6272793581327596,-1.0316787424119567,-0.12730744748565836,False,False,False,False,False,True
2020-10-22,Q5,141.21,141.39,131.29,-0.13,7.56,data/raw/spi_weekly/wayback/summary/2020-10-22_summary_weekly_spi_nb.pdf,2020-10-22,False,False,162.3300018310547,0.0,0.0,False,0,0,0,24.9,7.0,False,4.9502481440811605,-0.12730744748565836,7.555792520374749,-0.5538680604752155,0.5046914984361495,1.0777410547492483,0.23919976804869236,-0.4372132780708138,1.1613908363430347,False,False,False,False,False,True
2020-10-29,Q5,142.85,141.21,131.89,1.16,8.31,data/raw/spi_weekly/wayback/summary/2020-10-29_summary_weekly_spi_nb.pdf,2020-10-29,False,False,160.87999877929687,0.0,0.0,False,0,0,0,23.9,7.0,False,4.961795128676782,1.1613908363430347,8.309955265751778,-0.8932440309259104,-0.12730744748565836,0.5046914984361495,0.6435750958131647,-0.5538680604752155,-0.02800140006999907,False,False,False,False,False,True
2020-11-05,Q5,142.81,142.85,132.53,-0.03,7.76,data/raw/spi_weekly/wayback/summary/2020-11-05_summary_weekly_spi_nb.pdf,2020-11-05,False,False,159.61024475097656,-0.78,-1.46,True,0,0,0,22.9,7.0,False,4.961515075464842,-0.02800140006999907,7.756734324303927,-0.7892553691911774,1.1613908363430347,-0.12730744748565836,1.0777410547492483,-0.8932440309259104,0.07002310762551645,False,False,False,False,False,True
2020-11-12,Q5,142.91,142.81,133.76,0.07,6.84,data/raw/spi_weekly/wayback/summary/2020-11-12_summary_weekly_spi_nb.pdf,2020-11-12,False,False,158.42555541992186,0.0,0.0,False,0,0,0,21.9,7.0,False,4.962215061493703,0.07002310762551645,6.8406100478468845,-0.7422389038391874,-0.02800140006999907,1.1613908363430347,0.5046914984361495,-0.7892553691911774,0.1679378629906969,False,False,False,False,False,True
2020-11-19,Q5,143.15,142.91,133.98,0.17,6.84,data/raw/spi_weekly/wayback/summary/2020-11-19_summary_weekly_spi_nb.pdf,2020-11-19,False,False,158.0,-1.74,-1.67,True,0,0,0,20.9,7.0,False,4.963893031544124,0.1679378629906969,6.8443051201672045,-0.2686153877093145,0.07002310762551645,-0.02800140006999907,-0.12730744748565836,-0.7422389038391874,-0.8312958435207851,False,False,False,False,False,True
2020-11-26,Q5,141.96,143.15,133.16,-0.83,6.61,data/raw/spi_weekly/wayback/summary/2020-11-26_summary_weekly_spi_nb.pdf,2020-11-26,False,False,160.07000122070312,0.0,0.0,False,0,0,0,19.9,7.0,True,4.955545327778296,-0.8312958435207851,6.608591168519085,1.31012735487539,0.1679378629906969,0.07002310762551645,1.1613908363430347,-0.2686153877093145,-0.0633981403212247,False,False,False,False,False,True
2020-12-03,Q5,141.87,141.96,132.2,-0.06,7.31,data/raw/spi_weekly/wayback/summary/2020-12-03_summary_weekly_spi_nb.pdf,2020-12-03,False,False,158.99773254394532,3.92,0.0,True,0,0,0,18.9,7.0,False,4.954911145323894,-0.0633981403212247,7.314674735249627,-0.669874847617058,-0.8312958435207851,0.1679378629906969,-0.02800140006999907,1.31012735487539,-0.15507154437160997,False,False,False,False,False,True
2020-12-10,Q5,141.65,141.87,131.65,-0.16,7.6,data/raw/spi_weekly/wayback/summary/2020-12-10_summary_weekly_spi_nb.pdf,2020-12-10,False,False,160.01000061035157,0.0,0.0,False,0,0,0,17.9,7.0,False,4.953359226276525,-0.15507154437160997,7.595898214963914,0.6366556618198738,-0.0633981403212247,-0.8312958435207851,0.07002310762551645,-0.669874847617058,-0.028238616307796338,False,False,False,False,False,True
2020-12-17,Q5,141.61,141.65,131.74,-0.03,7.49,data/raw/spi_weekly/wayback/summary/2020-12-17_summary_weekly_spi_nb.pdf,2020-12-17,False,False,160.02000427246094,2.77,2.97,True,0,0,0,16.9,7.0,False,4.953076800234967,-0.028238616307796338,7.492029755579166,0.006251898050879667,-0.15507154437160997,-0.0633981403212247,0.1679378629906969,0.6366556618198738,0.15535626015112936,False,False,False,False,False,True
2020-12-24,Q5,141.83,141.61,132.81,0.16,6.79,data/raw/spi_weekly/wayback/summary/2020-12-24_summary_weekly_spi_nb.pdf,2020-12-24,False,False,160.0240020751953,0.0,0.0,False,0,0,0,15.9,7.0,False,4.954629157306516,0.15535626015112936,6.791657254724792,0.0024983143529722085,-0.028238616307796338,-0.15507154437160997,-0.8312958435207851,0.006251898050879667,-0.6275118099132837,False,False,False,False,False,True
2020-12-31,Q5,140.94,141.83,133.82,-0.63,5.32,data/raw/spi_weekly/wayback/summary/2020-12-31_summary_weekly_spi_nb.pdf,2020-12-31,False,False,159.88395080566406,0.0,0.0,False,0,0,0,14.9,7.0,False,4.948334267898876,-0.6275118099132837,5.320579883425491,-0.08751891448474103,0.15535626015112936,-0.028238616307796338,-0.0633981403212247,0.0024983143529722085,0.09933304952463029,False,False,False,False,False,True
2021-01-07,Q5,141.08,140.94,134.22,0.1,5.11,data/raw/spi_weekly/wayback/summary/2021-01-07_summary_weekly_spi_nb.pdf,2021-01-07,False,False,159.7465850830078,1.66,2.15,True,0,0,0,13.9,7.0,False,4.949327105367852,0.09933304952463029,5.111011771718088,-0.08591589209802075,-0.6275118099132837,0.15535626015112936,-0.15507154437160997,-0.08751891448474103,-0.32605613836121927,False,False,False,False,False,True
2021-01-14,Q5,140.62,141.08,134.05,-0.33,4.9,data/raw/spi_weekly/wayback/summary/2021-01-14_summary_weekly_spi_nb.pdf,2021-01-14,False,False,159.84575805664062,0.0,0.0,False,0,0,0,12.9,7.0,False,4.946061216771016,-0.32605613836121927,4.9011562849683,0.062081435782368466,0.09933304952463029,-0.6275118099132837,-0.028238616307796338,-0.08591589209802075,0.4053477456976262,False,False,False,False,False,True
2021-01-21,Q5,141.19,140.62,133.59,0.41,5.69,data/raw/spi_weekly/wayback/summary/2021-01-21_summary_weekly_spi_nb.pdf,2021-01-21,False,False,159.86031494140624,2.67,3.02,True,0,0,0,11.9,7.0,False,4.950106501021434,0.4053477456976262,5.689048581480649,0.009106832075245208,-0.32605613836121927,0.09933304952463029,0.15535626015112936,0.062081435782368466,0.5170337842623329,False,False,False,False,False,True
2021-01-28,Q5,141.92,141.19,133.08,0.52,6.64,data/raw/spi_weekly/wayback/summary/2021-01-28_summary_weekly_spi_nb.pdf,2021-01-28,False,False,160.32000122070312,0.0,0.0,False,0,0,0,10.9,7.0,True,4.955263518561269,0.5170337842623329,6.642620979861724,0.28755496914001366,0.4053477456976262,-0.32605613836121927,-0.6275118099132837,0.009106832075245208,0.5989289740699233,False,False,False,False,False,True
2021-02-04,Q5,142.77,141.92,133.2,0.55,7.13,data/raw/spi_weekly/wayback/summary/2021-02-04_summary_weekly_spi_nb.pdf,2021-02-04,False,True,159.80806884765624,2.57,2.49,True,0,0,0,9.9,7.0,False,4.961234943801129,0.5989289740699233,7.184684684684695,-0.3193190925330214,0.5170337842623329,0.4053477456976262,0.09933304952463029,0.28755496914001366,0.7004272606289774,False,False,False,False,False,True
2021-02-11,Q5,143.77,142.77,132.74,0.7,8.31,data/raw/spi_weekly/wayback/summary/2021-02-11_summary_weekly_spi_nb.pdf,2021-02-11,False,False,159.56000366210938,0.0,0.0,False,0,0,0,8.9,7.0,False,4.9682148004345015,0.7004272606289774,8.309477173421719,-0.15522694650877966,0.5989289740699233,0.5170337842623329,-0.32605613836121927,-0.3193190925330214,0.535577658760511,False,False,False,False,False,True
2021-02-18,Q5,144.54,143.77,132.53,0.54,9.06,data/raw/spi_weekly/wayback/summary/2021-02-18_summary_weekly_spi_nb.pdf,2021-02-18,False,False,158.7555389404297,0.0,0.0,False,0,0,0,7.9,7.0,False,4.973556285854835,0.535577658760511,9.062099147362845,-0.5041769260567652,0.7004272606289774,0.5989289740699233,0.4053477456976262,-0.15522694650877966,1.466722014667221,False,False,False,False,False,True
2021-02-25,Q5,146.66,144.54,131.53,1.47,11.5,data/raw/spi_weekly/wayback/summary/2021-02-25_summary_weekly_spi_nb.pdf,2021-02-25,False,False,158.51245727539063,0.0,0.0,False,0,0,0,6.9,7.0,False,4.9881169826656535,1.466722014667221,11.503079145442108,-0.15311696628755866,0.535577658760511,0.7004272606289774,0.5170337842623329,-0.5041769260567652,0.5863902904677643,False,False,False,False,False,True
2021-03-04,Q5,147.52,146.66,130.74,0.59,12.83,data/raw/spi_weekly/wayback/summary/2021-03-04_summary_weekly_spi_nb.pdf,2021-03-04,False,False,157.15894470214843,0.0,0.0,False,0,0,0,5.9,7.0,False,4.993963759808284,0.5863902904677643,12.834633623986536,-0.8538840394674341,1.466722014667221,0.535577658760511,0.5989289740699233,-0.15311696628755866,-0.1491323210412121,False,False,False,False,False,True
2021-03-11,Q5,147.3,147.52,131.6,-0.15,11.93,data/raw/spi_weekly/wayback/summary/2021-03-11_summary_weekly_spi_nb.pdf,2021-03-11,False,False,156.7499969482422,0.0,0.0,False,0,0,0,4.9,7.0,False,4.9924713234685845,-0.1491323210412121,11.930091185410351,-0.2602128403707993,0.5863902904677643,1.466722014667221,0.7004272606289774,-0.8538840394674341,-0.22403258655805391,False,False,False,False,False,True
2021-03-18,Q5,146.97,147.3,131.67,-0.22,11.62,data/raw/spi_weekly/wayback/summary/2021-03-18_summary_weekly_spi_nb.pdf,2021-03-18,False,False,156.22545776367187,0.0,0.0,False,0,0,0,3.9,7.0,False,4.990228484318593,-0.22403258655805391,11.619958988380041,-0.3346342550446968,-0.1491323210412121,0.5863902904677643,0.535577658760511,-0.2602128403707993,0.6123698714023407,False,False,False,False,False,True
2021-03-25,Q5,147.87,146.97,129.49,0.61,14.19,data/raw/spi_weekly/wayback/summary/2021-03-25_summary_weekly_spi_nb.pdf,2021-03-25,False,False,155.3657196044922,0.0,0.0,False,0,0,0,2.9,7.0,True,4.996333509385396,0.6123698714023407,14.19414626612092,-0.5503188606304055,-0.22403258655805391,-0.1491323210412121,1.466722014667221,-0.3346342550446968,-0.45986339352134253,False,False,False,False,False,True
2021-04-01,Q5,147.19,147.87,126.9,-0.46,15.99,data/raw/spi_weekly/wayback/summary/2021-04-01_summary_weekly_spi_nb.pdf,2021-04-01,False,False,153.68600463867188,-2.56,-1.36,True,0,0,0,1.9,7.0,False,4.991724269204496,-0.45986339352134253,15.988967691095347,-1.0811361541634201,0.6123698714023407,-0.22403258655805391,0.5863902904677643,-0.5503188606304055,0.6182485223180878,False,False,False,False,False,True
2021-04-08,Q5,148.1,147.19,126.42,0.62,17.15,data/raw/spi_weekly/wayback/summary/2021-04-08_summary_weekly_spi_nb.pdf,2021-04-08,False,False,152.139892578125,0.0,0.0,False,0,0,0,0.9,7.0,False,4.997887721273753,0.6182485223180878,17.149185255497535,-1.006020075921621,-0.45986339352134253,0.6123698714023407,-0.1491323210412121,-1.0811361541634201,0.5604321404456547,False,False,False,False,False,True
2021-04-15,Q5,148.93,148.1,126.67,0.56,17.57,data/raw/spi_weekly/wayback/summary/2021-04-15_summary_weekly_spi_nb.pdf,2021-04-15,False,False,152.34845275878905,0.0,0.0,False,2,0,0,50.4,7.0,False,5.003476396897776,0.5604321404456547,17.573221757322187,0.13708448003337814,0.6182485223180878,-0.45986339352134253,-0.22403258655805391,-1.006020075921621,-0.40958839723360674,False,False,False,False,False,True
2021-04-22,Q5,148.32,148.93,127.33,-0.41,16.48,data/raw/spi_weekly/wayback/summary/2021-04-22_summary_weekly_spi_nb.pdf,2021-04-22,False,False,152.50263671875,-2.02,-1.58,True,7,0,0,49.4,7.0,False,4.999372101817545,-0.40958839723360674,16.4847247310139,0.10120480856150582,0.5604321404456547,0.6182485223180878,0.6123698714023407,0.13708448003337814,-0.020226537216827545,False,False,False,False,False,True
2021-04-29,Q5,148.29,148.32,128.19,-0.02,15.68,data/raw/spi_weekly/wayback/summary/2021-04-29_summary_weekly_spi_nb.pdf,2021-04-29,False,False,153.30137939453124,0.0,0.0,False,7,0,0,48.4,7.0,False,4.999169815986978,-0.020226537216827545,15.67985022232623,0.5237566333061494,-0.40958839723360674,0.5604321404456547,-0.45986339352134253,0.10120480856150582,0.4787915570841017,False,False,False,False,False,True
2021-05-06,Q5,149.0,148.29,128.21,0.48,16.22,data/raw/spi_weekly/wayback/summary/2021-05-06_summary_weekly_spi_nb.pdf,2021-05-06,False,False,152.87866821289063,0.0,0.0,False,7,0,0,47.4,7.0,False,5.003946305945459,0.4787915570841017,16.215583807815293,-0.2757386680472984,-0.020226537216827545,-0.40958839723360674,0.6182485223180878,0.5237566333061494,0.0,False,False,False,False,False,True
2021-05-13,Q5,149.0,,,,,,,True,False,151.4324157714844,,,,6,1,0,46.4,7.0,False,5.003946305945459,0.0,,-0.9460132393306009,0.4787915570841017,-0.020226537216827545,0.5604321404456547,-0.2757386680472984,0.8993288590604109,False,False,False,False,False,True
2021-05-20,Q5,150.34,149.0,129.05,0.9,16.5,data/raw/spi_weekly/wayback/summary/2021-05-20_summary_weekly_spi_nb.pdf,2021-05-20,False,False,152.3540008544922,0.0,0.0,False,0,2,0,45.4,7.0,False,5.012899395749323,0.8993288590604109,16.497481596280505,0.608578472655763,0.0,0.4787915570841017,-0.40958839723360674,-0.9460132393306009,-0.764932818943731,False,False,False,False,False,True
2021-05-27,Q5,149.19,150.34,129.21,-0.76,15.46,data/raw/spi_weekly/wayback/summary/2021-05-27_summary_weekly_spi_nb.pdf,2021-05-27,False,False,153.56000061035155,0.0,0.0,False,0,0,0,44.4,7.0,False,5.005220661394757,-0.764932818943731,15.463199442767571,0.791577345586858,0.8993288590604109,0.0,-0.020226537216827545,0.608578472655763,-0.5496346940143448,False,False,False,False,False,True
2021-06-03,Q5,148.37,149.19,128.35,-0.55,15.6,data/raw/spi_weekly/wayback/summary/2021-06-03_summary_weekly_spi_nb.pdf,2021-06-03,False,False,154.08638610839844,0.0,0.0,False,0,0,0,43.4,7.0,True,4.999709153962702,-0.5496346940143448,15.597974289053385,0.34278815834505316,-0.764932818943731,0.8993288590604109,0.4787915570841017,0.791577345586858,-0.667250791939078,False,False,False,False,False,True
2021-06-10,Q5,147.38,148.37,128.28,-0.67,14.89,data/raw/spi_weekly/wayback/summary/2021-06-10_summary_weekly_spi_nb.pdf,2021-06-10,False,False,154.61000061035156,0.0,0.0,False,0,0,0,42.4,7.0,False,4.9930142853388535,-0.667250791939078,14.889304646086687,0.3398187959218868,-0.5496346940143448,-0.764932818943731,0.0,0.34278815834505316,0.31890351472383394,False,False,False,False,False,True
2021-06-17,Q5,147.85,147.38,129.39,0.32,14.27,data/raw/spi_weekly/wayback/summary/2021-06-17_summary_weekly_spi_nb.pdf,2021-06-17,False,False,155.67999877929688,1.6,1.89,True,0,0,0,41.4,7.0,False,4.996198246298486,0.31890351472383394,14.266944895277845,0.6920627156854708,-0.667250791939078,-0.5496346940143448,0.8993288590604109,0.3398187959218868,0.9063239770037201,False,False,False,False,False,True
2021-06-24,Q5,149.19,147.85,129.5,0.91,15.2,data/raw/spi_weekly/wayback/summary/2021-06-24_summary_weekly_spi_nb.pdf,2021-06-24,False,False,157.1,0.0,0.0,False,0,0,0,40.4,7.0,False,5.005220661394757,0.9063239770037201,15.204633204633211,0.9121282321669311,0.31890351472383394,-0.667250791939078,-0.764932818943731,0.6920627156854708,0.5027146591594533,False,False,False,False,False,True
2021-07-01,Q5,149.94,149.19,133.25,0.5,12.53,data/raw/spi_weekly/wayback/summary/2021-07-01_summary_weekly_spi_nb.pdf,2021-07-01,False,False,157.56601257324218,1.21,1.78,True,0,0,0,39.4,7.0,False,5.010235214074916,0.5027146591594533,12.525328330206387,0.29663435597846455,0.9063239770037201,0.31890351472383394,-0.5496346940143448,0.9121282321669311,-0.04001600640256564,False,False,False,False,False,True
2021-07-08,Q5,149.88,149.94,134.39,-0.04,11.53,data/raw/spi_weekly/wayback/summary/2021-07-08_summary_weekly_spi_nb.pdf,2021-07-08,False,False,157.3176696777344,0.0,0.0,False,0,0,0,38.4,7.0,False,5.009834973925487,-0.04001600640256564,11.526155219882451,-0.15761196939114708,0.5027146591594533,0.9063239770037201,-0.667250791939078,0.29663435597846455,0.4870563117160609,False,False,False,False,False,True
2021-07-15,Q5,150.61,149.88,134.58,0.49,11.91,data/raw/spi_weekly/wayback/summary/2021-07-15_summary_weekly_spi_nb.pdf,2021-07-15,False,False,158.76668395996094,0.0,0.0,False,0,0,0,37.4,7.0,False,5.014693714223758,0.4870563117160609,11.911130925843372,0.9210753535790817,-0.04001600640256564,0.5027146591594533,0.31890351472383394,-0.15761196939114708,0.0,False,False,False,False,False,True
2021-07-22,Q5,150.61,,,,,,,True,False,159.5035400390625,,,,0,0,2,36.4,7.0,False,5.014693714223758,0.0,,0.4641125333872731,0.4870563117160609,-0.04001600640256564,0.9063239770037201,0.9210753535790817,0.14607263793904313,False,False,False,False,False,True
2021-07-29,Q5,150.83,150.61,134.99,0.15,11.73,data/raw/spi_weekly/wayback/summary/2021-07-29_summary_weekly_spi_nb.pdf,2021-07-29,False,False,160.6571075439453,2.3,4.73,True,0,0,1,35.4,7.0,True,5.016153374780161,0.14607263793904313,11.734202533521,0.7232237633097549,0.0,0.4870563117160609,0.5027146591594533,0.4641125333872731,0.19889942319166742,False,False,False,False,False,True
2021-08-05,Q5,151.13,150.83,135.09,0.2,11.87,data/raw/spi_weekly/wayback/summary/2021-08-05_summary_weekly_spi_nb.pdf,2021-08-05,False,False,161.4541473388672,0.0,1.44,True,0,0,0,34.4,7.0,False,5.018140393582029,0.19889942319166742,11.873565770967499,0.49611237691669086,0.14607263793904313,0.0,-0.04001600640256564,0.7232237633097549,0.5558128763316406,False,False,False,False,False,True
2021-08-12,Q5,151.97,151.13,134.74,0.56,12.79,data/raw/spi_weekly/wayback/summary/2021-08-12_summary_weekly_spi_nb.pdf,2021-08-12,False,False,162.92091064453126,0.0,0.0,False,0,0,0,33.4,7.0,False,5.023683132945513,0.5558128763316406,12.7875909158379,0.9084705037558205,0.19889942319166742,0.14607263793904313,0.4870563117160609,0.49611237691669086,0.0,False,False,False,False,False,True
2021-08-19,Q5,151.97,,,,,,,True,False,163.07505798339844,,,,0,0,0,32.4,7.0,False,5.023683132945513,0.0,,0.09461482768378104,0.5558128763316406,0.19889942319166742,0.0,0.9084705037558205,0.15134566032768415,False,False,False,False,False,True
2021-08-26,Q5,152.2,151.97,135.57,0.15,12.27,data/raw/spi_weekly/wayback/summary/2021-08-26_summary_weekly_spi_nb.pdf,2021-08-26,False,False,163.9204864501953,0.0,0.0,False,0,0,0,31.4,7.0,False,5.025195445427586,0.15134566032768415,12.26672567677214,0.5184290456502261,0.0,0.5558128763316406,0.14607263793904313,0.09461482768378104,0.630749014454679,False,False,False,False,False,True
2021-09-02,Q5,153.16,152.2,136.51,0.63,12.2,data/raw/spi_weekly/wayback/summary/2021-09-02_summary_weekly_spi_nb.pdf,2021-09-02,False,False,165.5001220703125,-1.32,-1.25,True,0,0,0,30.4,7.0,False,5.031483126609094,0.630749014454679,12.196908651380856,0.9636596708106682,0.15134566032768415,0.0,0.19889942319166742,0.5184290456502261,1.2013580569339322,False,False,False,False,False,True
2021-09-09,Q5,155.0,153.16,137.1,1.2,13.06,data/raw/spi_weekly/wayback/summary/2021-09-09_summary_weekly_spi_nb.pdf,2021-09-09,False,False,166.12130432128907,0.0,0.0,False,0,0,0,29.4,7.0,False,5.043425116919247,1.2013580569339322,13.05616338439095,0.3753364306962048,0.630749014454679,0.15134566032768415,0.5558128763316406,0.9636596708106682,1.361290322580655,False,False,False,False,False,True
2021-09-16,Q5,157.11,155.0,137.96,1.36,13.88,data/raw/spi_weekly/wayback/summary/2021-09-16_summary_weekly_spi_nb.pdf,2021-09-16,False,False,167.79497680664062,4.37,4.19,True,0,0,0,28.4,7.0,False,5.056946196959506,1.361290322580655,13.880835024644833,1.0075002072669426,1.2013580569339322,0.630749014454679,0.0,0.3753364306962048,-0.031824836102101184,False,False,False,False,False,True
2021-09-23,Q5,157.06,157.11,138.29,-0.03,13.57,data/raw/spi_weekly/wayback/summary/2021-09-23_summary_weekly_spi_nb.pdf,2021-09-23,False,False,167.99000244140626,0.0,0.0,False,0,0,0,27.4,7.25,True,5.056627897946728,-0.031824836102101184,13.572926458890745,0.11622852988644183,1.361290322580655,1.2013580569339322,0.15134566032768415,1.0075002072669426,-0.025467974022663764,False,False,False,False,False,True
2021-09-30,Q5,157.02,157.06,139.18,-0.03,12.82,data/raw/spi_weekly/wayback/summary/2021-09-30_summary_weekly_spi_nb.pdf,2021-09-30,False,False,168.97999877929686,0.0,0.0,False,0,0,0,26.4,7.25,False,5.056373185770109,-0.025467974022663764,12.817933611151023,0.5893186043829601,-0.031824836102101184,1.361290322580655,0.630749014454679,0.11622852988644183,1.3055661699146404,False,False,False,False,False,True
2021-10-07,Q5,159.07,157.02,140.68,1.31,13.07,data/raw/spi_weekly/wayback/summary/2021-10-07_summary_weekly_spi_nb.pdf,2021-10-07,False,False,169.9945831298828,1.59,3.2,True,0,0,0,25.4,7.25,False,5.069344356910269,1.3055661699146404,13.072220642593102,0.6004168291604106,-0.025467974022663764,-0.031824836102101184,1.2013580569339322,0.5893186043829601,0.23888853963662804,False,False,False,False,False,True
2021-10-14,Q5,159.45,159.07,141.39,0.24,12.77,data/raw/spi_weekly/wayback/summary/2021-10-14_summary_weekly_spi_nb.pdf,2021-10-14,False,False,170.21651306152344,0.0,0.0,False,0,0,0,24.4,7.25,False,5.0717303934560665,0.23888853963662804,12.773180564396359,0.1305511784873037,1.3055661699146404,-0.025467974022663764,1.361290322580655,0.6004168291604106,1.5804327375352756,False,False,False,False,False,True
2021-10-21,Q5,161.97,159.45,141.21,1.58,14.7,data/raw/spi_weekly/wayback/summary/2021-10-21_summary_weekly_spi_nb.pdf,2021-10-21,False,False,171.53999938964844,10.06,8.19,True,0,0,0,23.4,7.25,False,5.087411132898305,1.5804327375352756,14.701508391756946,0.7775311010199237,0.23888853963662804,1.3055661699146404,-0.031824836102101184,0.1305511784873037,1.4014941038464013,False,False,False,False,False,True
2021-10-28,Q5,164.24,161.97,142.85,1.4,14.97,data/raw/spi_weekly/wayback/summary/2021-10-28_summary_weekly_spi_nb.pdf,2021-10-28,False,False,173.6042907714844,0.0,0.0,False,0,0,0,22.4,7.25,False,5.101328772710678,1.4014941038464013,14.973748687434373,1.203387774968423,1.5804327375352756,0.23888853963662804,-0.025467974022663764,0.7775311010199237,0.5845104724792938,False,False,False,False,False,True
2021-11-04,Q5,165.2,164.24,142.81,0.58,15.68,data/raw/spi_weekly/wayback/summary/2021-11-04_summary_weekly_spi_nb.pdf,2021-11-04,False,False,170.70999755859376,0.0,0.0,False,0,0,0,21.4,7.25,False,5.107156861086878,0.5845104724792938,15.678173797353123,-1.6671783859883882,1.4014941038464013,1.5804327375352756,1.3055661699146404,1.203387774968423,1.7917675544794287,False,False,False,False,False,True
2021-11-11,Q5,168.16,165.2,142.91,1.79,17.67,data/raw/spi_weekly/wayback/summary/2021-11-11_summary_weekly_spi_nb.pdf,2021-11-11,False,False,170.23999633789063,6.04,5.78,True,0,0,0,20.4,7.25,False,5.124915907128641,1.7917675544794287,17.668462668812545,-0.27532143836028755,0.5845104724792938,1.4014941038464013,0.23888853963662804,-1.6671783859883882,1.4391056137012415,False,False,False,False,False,True
2021-11-18,Q5,170.58,168.16,143.15,1.44,19.16,data/raw/spi_weekly/wayback/summary/2021-11-18_summary_weekly_spi_nb.pdf,2021-11-18,False,False,174.02125244140626,0.0,0.0,False,0,0,0,19.4,7.25,False,5.139204394890964,1.4391056137012415,19.161718477121916,2.2211326273824827,1.7917675544794287,0.5845104724792938,1.5804327375352756,-0.27532143836028755,-0.5920975495368852,False,False,False,False,False,True
2021-11-25,Q5,169.57,170.58,141.96,-0.59,19.45,data/raw/spi_weekly/wayback/summary/2021-11-25_summary_weekly_spi_nb.pdf,2021-11-25,False,False,174.08734130859375,0.0,0.0,False,0,0,0,18.4,8.75,True,5.133265820919036,-0.5920975495368852,19.44914060298675,0.03797746899318888,1.4391056137012415,1.7917675544794287,1.4014941038464013,2.2211326273824827,-0.46588429557115063,False,False,False,False,False,True
2021-12-02,Q5,168.78,169.57,141.87,-0.47,18.97,data/raw/spi_weekly/wayback/summary/2021-12-02_summary_weekly_spi_nb.pdf,2021-12-02,False,False,175.3760955810547,0.0,0.0,False,0,0,0,17.4,8.75,False,5.12859609172982,-0.46588429557115063,18.968069359272576,0.7402917769744333,-0.5920975495368852,1.4391056137012415,0.5845104724792938,0.03797746899318888,-0.07109847138286884,False,False,False,False,False,True
2021-12-09,Q5,168.66,168.78,141.65,-0.07,19.07,data/raw/spi_weekly/wayback/summary/2021-12-09_summary_weekly_spi_nb.pdf,2021-12-09,False,False,175.90719299316407,0.0,0.0,False,0,0,0,16.4,8.75,False,5.127884854146496,-0.07109847138286884,19.068125661842572,0.30283341087606885,-0.46588429557115063,-0.5920975495368852,1.7917675544794287,0.7402917769744333,0.30238349341871196,False,False,False,False,False,True
2021-12-16,Q5,169.17,168.66,141.61,0.3,19.46,data/raw/spi_weekly/wayback/summary/2021-12-16_summary_weekly_spi_nb.pdf,2021-12-16,False,False,176.98464660644532,-3.48,-3.4,True,0,0,0,15.4,9.75,True,5.1309041264872,0.30238349341871196,19.461902408022013,0.6125125385424868,-0.07109847138286884,-0.46588429557115063,1.4391056137012415,0.30283341087606885,0.4610746586274139,False,False,False,False,False,True
2021-12-23,Q5,169.95,169.17,141.83,0.46,19.83,data/raw/spi_weekly/wayback/summary/2021-12-23_summary_weekly_spi_nb.pdf,2021-12-23,False,False,177.7532531738281,0.0,0.0,False,0,0,0,14.4,9.75,False,5.135504276142125,0.4610746586274139,19.82655291546216,0.43427866886776023,0.30238349341871196,-0.07109847138286884,-0.5920975495368852,0.6125125385424868,-0.4001176816710639,False,False,False,False,False,True
2021-12-30,Q5,169.27,169.95,140.94,-0.4,20.1,data/raw/spi_weekly/wayback/summary/2021-12-30_summary_weekly_spi_nb.pdf,2021-12-30,False,False,176.2300018310547,0.0,0.0,False,0,0,0,13.4,9.75,False,5.131495073201006,-0.4001176816710639,20.10075209308926,-0.8569470969309378,0.4610746586274139,0.30238349341871196,-0.46588429557115063,0.43427866886776023,0.21858569149877383,False,False,False,False,False,True
2022-01-06,Q5,169.64,169.27,141.08,0.22,20.24,data/raw/spi_weekly/wayback/summary/2022-01-06_summary_weekly_spi_nb.pdf,2022-01-06,False,False,176.9200012207031,2.75,2.68,True,0,0,0,12.4,9.75,False,5.13367854460639,0.21858569149877383,20.243833286078793,0.3915334406623394,-0.4001176816710639,0.4610746586274139,-0.07109847138286884,-0.8569470969309378,-0.44211270926668433,False,False,False,False,False,True
2022-01-13,Q5,168.89,169.64,140.62,-0.44,20.1,data/raw/spi_weekly/wayback/summary/2022-01-13_summary_weekly_spi_nb.pdf,2022-01-13,False,False,175.87482299804688,0.0,0.0,False,0,0,0,11.4,9.75,False,5.12924761542983,-0.44211270926668433,20.103825913810258,-0.5907631785240564,0.21858569149877383,-0.4001176816710639,0.30238349341871196,0.3915334406623394,-0.0059210136775345035,False,False,False,False,False,True
2022-01-20,Q5,168.88,168.89,141.19,-0.01,19.61,data/raw/spi_weekly/wayback/summary/2022-01-20_summary_weekly_spi_nb.pdf,2022-01-20,False,False,175.58673095703125,2.09,2.07,True,0,0,0,10.4,9.75,False,5.129188403540065,-0.0059210136775345035,19.611870529074295,-0.163805163300057,-0.44211270926668433,0.21858569149877383,0.4610746586274139,-0.5907631785240564,-0.12434864992895145,False,False,False,False,False,True
2022-01-27,Q5,168.67,168.88,141.92,-0.12,18.85,data/raw/spi_weekly/wayback/summary/2022-01-27_summary_weekly_spi_nb.pdf,2022-01-27,False,False,176.2,0.0,0.0,False,0,0,0,9.4,9.75,True,5.127944143269923,-0.12434864992895145,18.848647125140914,0.349268443934303,-0.0059210136775345035,-0.44211270926668433,-0.4001176816710639,-0.163805163300057,1.2331772099365645,False,False,False,False,False,True
2022-02-03,Q5,170.75,168.67,142.77,1.23,19.6,data/raw/spi_weekly/wayback/summary/2022-02-03_summary_weekly_spi_nb.pdf,2022-02-03,False,False,176.0082794189453,0.0,0.0,False,0,0,0,8.4,9.75,False,5.140200498450899,1.2331772099365645,19.597954752398962,-0.10880850230118311,-0.12434864992895145,-0.0059210136775345035,0.21858569149877383,0.349268443934303,-0.040995607613469875,False,False,False,False,False,True
2022-02-10,Q5,170.68,170.75,143.77,-0.04,18.72,data/raw/spi_weekly/wayback/summary/2022-02-10_summary_weekly_spi.pdf,2022-02-10,False,False,174.2802520751953,0.0,0.0,False,0,0,0,7.4,9.75,False,5.1397904583197995,-0.040995607613469875,18.7173958405787,-0.9817875326403547,1.2331772099365645,-0.12434864992895145,-0.44211270926668433,-0.10880850230118311,0.2929458636043991,False,False,False,False,False,True
2022-02-17,Q5,171.18,170.68,144.54,0.29,18.43,data/raw/spi_weekly/wayback/summary/2022-02-17_summary_weekly_spi.pdf,2022-02-17,False,False,174.62807922363282,6.52,8.12,True,0,0,0,6.4,9.75,False,5.142715634453464,0.2929458636043991,18.430884184308848,0.19957920894413395,-0.040995607613469875,1.2331772099365645,-0.0059210136775345035,-0.9817875326403547,0.5316041593644183,False,False,False,False,False,True
2022-02-24,Q5,172.09,171.18,146.66,0.53,17.34,data/raw/spi_weekly/wayback/summary/2022-02-24_summary_weekly_spi.pdf,2022-02-24,False,False,175.22208557128906,0.0,0.0,False,0,0,0,5.4,9.75,False,5.148017595776819,0.5316041593644183,17.33942451929633,0.34015511726239733,0.2929458636043991,-0.040995607613469875,-0.12434864992895145,0.19957920894413395,-0.03486547736649692,False,False,False,False,False,True
2022-03-03,Q5,172.03,172.09,147.52,-0.03,16.61,data/raw/spi_weekly/wayback/summary/2022-03-03_summary_weekly_spi.pdf,2022-03-03,False,False,176.25739440917968,-6.43,-6.23,True,0,0,0,4.4,9.75,False,5.147668880208948,-0.03486547736649692,16.61469631236441,0.5908552192579686,0.5316041593644183,0.2929458636043991,1.2331772099365645,0.34015511726239733,0.4882869266988443,False,False,False,False,False,True
2022-03-10,Q5,172.87,172.03,147.3,0.49,17.36,data/raw/spi_weekly/wayback/summary/2022-03-10_summary_weekly_spi.pdf,2022-03-10,False,False,177.85528869628905,0.0,0.0,False,0,0,0,3.4,9.75,True,5.152539866934696,0.4882869266988443,17.359131025118792,0.9065686534545536,-0.03486547736649692,0.5316041593644183,-0.040995607613469875,0.5908552192579686,-1.2263550644993404,False,False,False,False,False,True
2022-03-17,Q5,170.75,172.87,146.97,-1.23,16.18,data/raw/spi_weekly/wayback/summary/2022-03-17_summary_weekly_spi.pdf,2022-03-17,False,False,178.55,0.0,0.0,False,0,0,0,2.4,9.75,False,5.140200498450899,-1.2263550644993404,16.18017282438593,0.39060480506558637,0.4882869266988443,-0.03486547736649692,0.2929458636043991,0.9065686534545536,0.9546120058565144,False,False,False,False,False,True
2022-03-24,Q5,172.38,170.75,147.87,0.95,16.58,data/raw/spi_weekly/wayback/summary/2022-03-24_summary_weekly_spi.pdf,2022-03-24,False,False,180.1953369140625,0.0,0.0,False,0,0,0,1.4,9.75,False,5.149701342219253,0.9546120058565144,16.57537025765874,0.9214992517851961,-1.2263550644993404,0.4882869266988443,0.5316041593644183,0.39060480506558637,0.38287504350853485,False,False,False,False,False,True
2022-03-31,Q5,173.04,172.38,147.19,0.38,17.56,data/raw/spi_weekly/wayback/summary/2022-03-31_summary_weekly_spi.pdf,2022-03-31,False,False,181.6449951171875,0.0,0.0,False,0,0,0,0.4,9.75,False,5.153522781644804,0.38287504350853485,17.562334397717237,0.8044926289165755,0.9546120058565144,-1.2263550644993404,-0.03486547736649692,0.9214992517851961,1.392741562644484,False,False,False,False,False,True
2022-04-07,Q5,175.45,173.04,148.1,1.39,18.47,data/raw/spi_weekly/wayback/summary/2022-04-07_summary_weekly_spi.pdf,2022-04-07,False,False,183.67746276855468,0.0,0.0,False,5,0,0,50.0,12.25,True,5.167354102029224,1.392741562644484,18.467251856853473,1.1189230124705185,0.38287504350853485,0.9546120058565144,0.4882869266988443,0.8044926289165755,-0.5585636933599258,False,False,False,False,False,True
2022-04-14,Q5,174.47,175.45,148.93,-0.56,17.15,data/raw/spi_weekly/wayback/summary/2022-04-14_summary_weekly_spi.pdf,2022-04-14,False,False,183.08999938964843,0.0,0.0,False,7,0,0,49.0,12.25,False,5.16175280709181,-0.5585636933599258,17.14899617269858,-0.31983421920765975,1.392741562644484,0.38287504350853485,-1.2263550644993404,1.1189230124705185,-0.9801111939015339,False,False,False,False,False,True
2022-04-21,Q5,172.76,174.47,148.32,-0.98,16.48,data/raw/spi_weekly/wayback/summary/2022-04-21_summary_weekly_spi.pdf,2022-04-21,False,False,182.43000183105468,0.0,0.0,False,7,0,0,48.0,12.25,False,5.1519033480925005,-0.9801111939015339,16.477885652642943,-0.36047712097543316,-0.5585636933599258,1.392741562644484,0.9546120058565144,-0.31983421920765975,0.44570502431118264,False,False,False,False,False,True
2022-04-28,Q5,173.53,172.76,148.29,0.45,17.02,data/raw/spi_weekly/wayback/summary/2022-04-28_summary_weekly_spi.pdf,2022-04-28,False,False,186.02614135742186,0.0,0.0,False,7,0,0,47.0,12.25,False,5.156350495102412,0.44570502431118264,17.020702677186605,1.9712434853218497,-0.9801111939015339,-0.5585636933599258,0.38287504350853485,-0.36047712097543316,0.0,False,False,False,False,False,True
2022-05-05,Q5,173.53,,,,,,,True,False,185.37000122070313,,,,4,3,0,46.0,12.25,False,5.156350495102412,0.0,,-0.35271394220774965,0.44570502431118264,-0.9801111939015339,1.392741562644484,1.9712434853218497,0.40915115541981795,False,False,False,False,False,True
2022-05-12,Q5,174.24,173.53,149.0,0.41,16.94,data/raw/spi_weekly/wayback/summary/2022-05-12_summary_weekly_spi.pdf,2022-05-12,False,False,187.35999755859376,0.0,0.0,False,0,0,0,45.0,12.25,False,5.16043365918465,0.40915115541981795,16.939597315436238,1.0735266358019357,0.0,0.44570502431118264,-0.5585636933599258,-0.35271394220774965,1.297061524334242,False,False,False,False,False,True
2022-05-19,Q5,176.5,174.24,150.34,1.3,17.4,data/raw/spi_weekly/wayback/summary/2022-05-19_summary_weekly_spi.pdf,2022-05-19,False,False,194.03999938964844,0.0,0.0,False,0,0,0,44.0,12.25,False,5.173320876373351,1.297061524334242,17.40055873353732,3.5653298025719815,0.40915115541981795,0.0,-0.9801111939015339,1.0735266358019357,-0.1529745042492925,False,False,False,False,False,True
2022-05-26,Q5,176.23,176.5,149.19,-0.15,18.12,data/raw/spi_weekly/wayback/summary/2022-05-26_summary_weekly_spi.pdf,2022-05-26,False,False,200.5,0.0,0.0,False,0,0,0,43.0,13.75,True,5.171789960076278,-0.1529745042492925,18.124539178229092,3.329210797088966,1.297061524334242,0.40915115541981795,0.44570502431118264,3.5653298025719815,2.4399931907166827,False,False,False,False,False,True
2022-06-02,Q5,180.53,176.23,148.37,2.44,21.68,data/raw/spi_weekly/wayback/summary/2022-06-02_summary_weekly_spi.pdf,2022-06-02,False,False,199.01598510742187,20.69,19.91,True,0,0,0,42.0,13.75,False,5.195896968948567,2.4399931907166827,21.675540877535894,-0.7401570536549329,-0.1529745042492925,1.297061524334242,0.0,3.329210797088966,2.991192599567949,False,False,False,False,False,True
2022-06-09,Q5,185.93,180.53,147.38,2.99,26.16,data/raw/spi_weekly/wayback/summary/2022-06-09_summary_weekly_spi.pdf,2022-06-09,False,False,198.759521484375,17.18,16.61,True,0,0,0,41.0,13.75,False,5.225370258791972,2.991192599567949,26.156873388519486,-0.12886584105715748,2.4399931907166827,-0.1529745042492925,0.40915115541981795,-0.7401570536549329,3.0979400849782124,False,False,False,False,False,True
2022-06-16,Q5,191.69,185.93,147.85,3.1,29.65,data/raw/spi_weekly/wayback/summary/2022-06-16_summary_weekly_spi.pdf,2022-06-16,False,False,203.49714050292968,28.91,11.43,True,0,0,0,40.0,13.75,False,5.255879483850069,3.0979400849782124,29.651673993912752,2.383593491860525,2.991192599567949,2.4399931907166827,1.297061524334242,-0.12886584105715748,0.8242474829151192,False,False,False,False,False,True
2022-06-23,Q5,193.27,191.69,149.19,0.82,29.55,data/raw/spi_weekly/wayback/summary/2022-06-23_summary_weekly_spi.pdf,2022-06-23,False,False,209.0722442626953,0.0,0.0,False,0,0,0,39.0,13.75,False,5.264088174997377,0.8242474829151192,29.546216234332068,2.7396472235369673,3.0979400849782124,2.991192599567949,-0.1529745042492925,2.383593491860525,3.0009830806643434,False,False,False,False,False,True
2022-06-30,Q5,199.07,193.27,149.94,3.0,32.77,data/raw/spi_weekly/wayback/summary/2022-07-01_summary_weekly_spi.pdf,2022-06-30,False,False,206.15863647460938,0.0,0.0,False,0,0,0,38.0,13.75,False,5.293656521665842,3.0009830806643434,32.76643990929704,-1.393588995211159,0.8242474829151192,3.0979400849782124,2.4399931907166827,2.7396472235369673,1.5070075852715137,False,False,False,False,False,True
2022-07-07,Q5,202.07,199.07,149.88,1.51,34.82,data/raw/spi_weekly/wayback/summary/2022-07-06_summary_weekly_spi.pdf,2022-07-06,False,False,203.91466064453124,5.06,6.36,True,0,0,0,37.0,15.0,True,5.308614172025405,1.5070075852715137,34.821190285561784,-1.0884704460850991,3.0009830806643434,0.8242474829151192,2.991192599567949,-1.393588995211159,0.014846340377094869,False,False,False,False,False,True
2022-07-14,Q5,202.1,202.07,150.61,0.01,34.19,data/raw/spi_weekly/wayback/summary/2022-07-14_summary_weekly_spi.pdf,2022-07-14,False,False,206.3933319091797,0.0,0.0,False,0,0,3,36.0,15.0,False,5.308762624409575,0.014846340377094869,34.187636943098056,1.2155434321465153,1.5070075852715137,3.0009830806643434,3.0979400849782124,-1.0884704460850991,-0.48490846115784025,False,False,False,False,False,True
2022-07-21,Q5,201.12,202.1,150.61,-0.48,33.54,data/raw/spi_weekly/wayback/summary/2022-07-21_summary_weekly_spi.pdf,2022-07-21,False,False,214.80025939941407,-14.62,-7.41,True,0,0,0,35.0,15.0,False,5.303901744841937,-0.48490846115784025,33.5369497377332,4.073255377229779,0.014846340377094869,1.5070075852715137,0.8242474829151192,1.2155434321465153,3.535202863961806,False,False,False,False,False,True
2022-07-28,Q5,208.23,201.12,150.83,3.54,38.06,data/raw/spi_weekly/wayback/summary/2022-07-28_summary_weekly_spi.pdf,2022-07-28,False,False,229.11680603027344,0.0,0.0,False,0,0,0,34.0,15.0,False,5.338643238019602,3.535202863961806,38.05608963734004,6.665050903983416,-0.48490846115784025,0.014846340377094869,3.0009830806643434,4.073255377229779,0.6915430053306526,False,False,False,False,False,True
2022-08-04,Q5,209.67,208.23,151.13,0.69,38.73,data/raw/spi_weekly/wayback/summary/2022-08-04_summary_weekly_spi.pdf,2022-08-04,False,False,236.42499923706055,3.78,-1.29,True,0,0,0,33.0,15.0,False,5.345534866157148,0.6915430053306526,38.73486402434989,3.1897237629183284,3.535202863961806,-0.48490846115784025,1.5070075852715137,6.665050903983416,-0.0715409929889721,False,False,False,False,False,True
2022-08-11,Q5,209.52,209.67,151.97,-0.07,37.87,data/raw/spi_weekly/wayback/summary/2022-08-11_summary_weekly_spi.pdf,2022-08-11,False,False,223.5317840576172,0.0,0.0,False,0,0,0,32.0,15.0,False,5.344819200199456,-0.0715409929889721,37.86931631243009,-5.453406036184649,0.6915430053306526,3.535202863961806,0.014846340377094869,3.1897237629183284,3.9375715922107757,False,False,False,False,False,True
2022-08-18,Q5,217.77,209.52,151.97,3.94,43.3,data/raw/spi_weekly/wayback/summary/2022-08-18_summary_weekly_spi.pdf,2022-08-18,False,False,214.97715759277344,-0.18,2.96,True,0,0,0,31.0,15.0,False,5.383439459964859,3.9375715922107757,43.29801934592354,-3.8270291184356653,-0.0715409929889721,0.6915430053306526,-0.48490846115784025,-5.453406036184649,1.5337282453965262,False,False,False,False,False,True
2022-08-25,Q5,221.11,217.77,152.2,1.53,45.28,data/raw/spi_weekly/wayback/summary/2022-08-25_summary_weekly_spi.pdf,2022-08-25,False,False,215.43961486816406,0.0,0.0,False,0,0,0,30.0,15.0,True,5.398660315244064,1.5337282453965262,45.27595269382394,0.21511926223651834,3.9375715922107757,-0.0715409929889721,3.535202863961806,-3.8270291184356653,1.203021120709158,False,False,False,False,False,True
2022-09-01,Q5,223.77,221.11,153.16,1.2,46.1,data/raw/spi_weekly/wayback/summary/2022-09-01_summary_weekly_spi.pdf,2022-09-01,False,False,219.76591796875,1.19,0.88,True,0,0,0,29.0,15.0,False,5.410618738635182,1.203021120709158,46.1021154348394,2.0081279402738295,1.5337282453965262,3.9375715922107757,0.6915430053306526,0.21511926223651834,-0.24578808598114676,False,False,False,False,False,True
2022-09-08,Q5,223.22,223.77,155.0,-0.25,44.01,data/raw/spi_weekly/wayback/summary/2022-09-08_summary_weekly_spi.pdf,2022-09-08,False,False,220.0999969482422,0.0,0.0,False,0,0,0,28.0,15.0,False,5.408157832227569,-0.24578808598114676,44.01290322580644,0.15201582783173073,1.203021120709158,1.5337282453965262,-0.0715409929889721,2.0081279402738295,-0.18815518322730096,False,False,False,False,False,True
2022-09-15,Q5,222.8,223.22,157.11,-0.19,41.81,data/raw/spi_weekly/wayback/summary/2022-09-15_summary_weekly_spi.pdf,2022-09-15,False,False,228.35917053222656,0.0,0.0,False,0,0,0,27.0,15.0,False,5.406274508053129,-0.18815518322730096,41.81146967093119,3.7524641974104878,-0.24578808598114676,1.203021120709158,3.9375715922107757,0.15201582783173073,-4.075403949730704,False,False,False,False,False,True
2022-09-22,Q5,213.72,222.8,157.06,-4.08,36.08,data/raw/spi_weekly/wayback/summary/2022-09-22_summary_weekly_spi.pdf,2022-09-22,False,False,237.4625015258789,0.0,0.6,False,0,0,0,26.0,15.0,False,5.36466674708957,-4.075403949730704,36.07538520310709,3.9864092046032695,-0.18815518322730096,-0.24578808598114676,1.5337282453965262,3.7524641974104878,0.7205689687441508,False,False,False,False,False,True
2022-09-29,Q5,215.26,213.72,157.02,0.72,37.09,data/raw/spi_weekly/wayback/summary/2022-09-29_summary_weekly_spi.pdf,2022-09-29,False,False,237.1417236328125,0.0,0.0,False,0,0,0,25.0,15.0,False,5.371846599836152,0.7205689687441508,37.09081645650234,-0.13508570448182988,-4.075403949730704,-0.18815518322730096,1.203021120709158,3.9864092046032695,-0.08361980860354112,False,False,False,False,False,True
2022-10-06,Q5,215.08,215.26,159.07,-0.08,35.21,data/raw/spi_weekly/wayback/summary/2022-10-06_summary_weekly_spi.pdf,2022-10-06,False,False,226.58133850097656,-4.87,-5.29,True,0,0,0,24.0,15.0,False,5.371010051941477,-0.08361980860354112,35.21091343433709,-4.453195738843297,0.7205689687441508,-4.075403949730704,-0.24578808598114676,-0.13508570448182988,-0.47424214245862517,False,False,False,False,False,True
2022-10-13,Q5,214.06,215.08,159.45,-0.47,34.25,data/raw/spi_weekly/wayback/summary/2022-10-13_summary_weekly_spi.pdf,2022-10-13,False,False,218.73325805664064,0.0,0.0,False,0,0,0,23.0,15.0,True,5.366256349556229,-0.47424214245862517,34.24898087174664,-3.463692330647128,-0.08361980860354112,0.7205689687441508,-0.18815518322730096,-4.453195738843297,0.3176679435672236,False,False,False,False,False,True
2022-10-20,Q5,214.74,214.06,161.97,0.32,32.58,data/raw/spi_weekly/wayback/summary/2022-10-20_summary_weekly_spi.pdf,2022-10-20,False,False,219.1,0.0,0.0,False,0,0,0,22.0,15.0,False,5.3694279940059895,0.3176679435672236,32.58010742730135,0.16766629209372663,-0.47424214245862517,-0.08361980860354112,-4.075403949730704,-3.463692330647128,0.8847909099375828,False,False,False,False,False,True
2022-10-27,Q5,216.64,214.74,164.41,0.88,31.77,data/raw/spi_weekly/wayback/summary/2022-10-27_summary_weekly_spi.pdf,2022-10-27,False,False,219.07006225585937,0.0,0.0,False,0,0,0,21.0,15.0,False,5.37823698972391,0.8847909099375828,31.76814062404962,-0.01366396355118038,0.3176679435672236,-0.47424214245862517,0.7205689687441508,0.16766629209372663,0.4062038404726742,False,False,False,False,False,True
2022-11-03,Q5,217.52,216.64,165.2,0.41,31.67,data/raw/spi_weekly/wayback/summary/2022-11-03_summary_weekly_spi.pdf,2022-11-03,False,False,220.61000061035156,0.0,0.0,False,0,0,0,20.0,15.0,False,5.382290800324215,0.4062038404726742,31.67070217917678,0.7029433134928542,0.8847909099375828,0.3176679435672236,-0.08361980860354112,-0.01366396355118038,0.6114380286870169,False,False,False,False,False,True
2022-11-10,Q5,218.85,217.52,168.16,0.61,30.14,data/raw/spi_weekly/wayback/summary/2022-11-10_summary_weekly_spi.pdf,2022-11-10,False,False,220.41961669921875,0.0,0.0,False,0,0,0,19.0,15.0,False,5.388386563636904,0.6114380286870169,30.143910561370113,-0.08629885798743242,0.4062038404726742,0.8847909099375828,-0.47424214245862517,0.7029433134928542,0.49805803061457876,False,False,False,False,False,True
2022-11-17,Q5,219.94,218.85,170.58,0.5,28.94,data/raw/spi_weekly/wayback/summary/2022-11-17_summary_weekly_spi.pdf,2022-11-17,False,False,220.70864562988282,0.0,0.0,False,0,0,0,18.0,15.0,False,5.393354781882788,0.49805803061457876,28.936569351623852,0.1311266823671442,0.6114380286870169,0.4062038404726742,0.3176679435672236,-0.08629885798743242,0.47285623351822625,False,False,False,False,False,True
2022-11-24,Q5,220.98,219.94,169.57,0.47,30.32,data/raw/spi_weekly/wayback/summary/2022-11-24_summary_weekly_spi.pdf,2022-11-24,False,False,222.76000061035157,0.0,0.0,False,0,0,0,17.0,15.0,False,5.3980721996850285,0.47285623351822625,30.317862829509945,0.9294402467172835,0.49805803061457876,0.6114380286870169,0.8847909099375828,0.1311266823671442,-0.10408181735903632,False,False,False,False,False,True
2022-12-01,Q5,220.75,220.98,168.78,-0.1,30.79,data/raw/spi_weekly/wayback/summary/2022-12-01_summary_weekly_spi.pdf,2022-12-01,False,False,223.34830627441406,0.0,0.0,False,0,0,0,16.0,16.0,True,5.39703083948407,-0.10408181735903632,30.79156298139589,0.26409842990238186,0.47285623351822625,0.49805803061457876,0.4062038404726742,0.9294402467172835,0.00906002265006478,False,False,False,False,False,True
2022-12-08,Q5,220.77,220.75,168.66,0.01,30.9,data/raw/spi_weekly/wayback/summary/2022-12-08_summary_weekly_spi.pdf,2022-12-08,False,False,223.33275146484374,0.0,0.0,False,0,0,0,15.0,16.0,False,5.397121435606618,0.00906002265006478,30.896478121664895,-0.0069643731935076225,-0.10408181735903632,0.47285623351822625,0.6114380286870169,0.26409842990238186,-0.29442406124020604,False,False,False,False,False,True
2022-12-15,Q5,220.12,220.77,169.17,-0.29,30.12,data/raw/spi_weekly/wayback/summary/2022-12-15_summary_weekly_spi.pdf,2022-12-15,False,False,223.92320556640624,0.0,0.0,False,0,0,0,14.0,16.0,False,5.394172852191558,-0.29442406124020604,30.11763315008573,0.26438312235428363,0.00906002265006478,-0.10408181735903632,0.49805803061457876,-0.0069643731935076225,-0.20897692167908266,False,False,False,False,False,True
2022-12-22,Q5,219.66,220.12,169.95,-0.21,29.25,data/raw/spi_weekly/wayback/summary/2022-12-22_summary_weekly_spi.pdf,2022-12-22,False,False,224.61499938964843,-3.2,-4.45,True,0,0,0,13.0,16.0,False,5.392080896360199,-0.20897692167908266,29.249779346866724,0.3089424436794497,-0.29442406124020604,0.00906002265006478,0.47285623351822625,0.26438312235428363,-0.12291723572794844,False,False,False,False,False,True
2022-12-29,Q5,219.39,219.66,169.27,-0.12,29.61,data/raw/spi_weekly/wayback/summary/2022-12-29_summary_weekly_spi.pdf,2022-12-29,False,False,225.47999877929686,0.0,0.0,False,0,0,0,12.0,16.0,False,5.3908509679509695,-0.12291723572794844,29.609499615998104,0.3851031284637818,-0.20897692167908266,-0.29442406124020604,-0.10408181735903632,0.3089424436794497,0.9799899721956384,False,False,False,False,False,True
2023-01-05,Q5,221.54,219.39,169.64,0.98,30.59,data/raw/spi_weekly/wayback/summary/2023-01-05_summary_weekly_spi.pdf,2023-01-05,False,False,226.0849365234375,0.0,0.0,False,0,0,0,11.0,16.0,False,5.400603160088787,0.9799899721956384,30.594199481254435,0.2682888714811371,-0.12291723572794844,-0.20897692167908266,0.00906002265006478,0.3851031284637818,0.3746501760404586,False,False,False,False,False,True
2023-01-12,Q5,222.37,221.54,168.89,0.37,31.67,data/raw/spi_weekly/wayback/summary/2023-01-12_summary_weekly_spi.pdf,2023-01-12,False,False,227.4,0.0,0.0,False,0,0,0,10.0,16.0,False,5.4043426611913405,0.3746501760404586,31.66558114749247,0.581667888530979,0.9799899721956384,-0.12291723572794844,-0.29442406124020604,0.2682888714811371,0.15289832261546898,False,False,False,False,False,True
2023-01-19,Q5,222.71,222.37,168.88,0.15,31.87,data/raw/spi_weekly/wayback/summary/2023-01-19_summary_weekly_spi.pdf,2023-01-19,False,False,227.70220642089845,0.0,0.0,False,0,0,0,9.0,16.0,False,5.405870476712758,0.15289832261546898,31.874703931785888,0.1328964032095259,0.3746501760404586,0.9799899721956384,-0.20897692167908266,0.581667888530979,0.5388172960351989,False,False,False,False,False,True
2023-01-26,Q5,223.91,222.71,168.67,0.54,32.75,data/raw/spi_weekly/wayback/summary/2023-01-26_summary_weekly_spi.pdf,2023-01-26,False,False,229.42153625488282,0.0,0.0,False,0,0,0,8.0,17.0,True,5.411244185403247,0.5388172960351989,32.75034090235371,0.7550782493544572,0.15289832261546898,0.3746501760404586,-0.12291723572794844,0.1328964032095259,3.3048992898932594,False,False,False,False,False,True
2023-02-02,Q5,231.31,223.91,170.75,3.3,35.47,data/raw/spi_weekly/wayback/summary/2023-02-02_summary_weekly_spi.pdf,2023-02-02,False,False,260.43035888671875,15.3,16.22,True,0,0,0,7.0,17.0,False,5.44375880219821,3.3048992898932594,35.46705710102489,13.516090571979134,0.5388172960351989,0.15289832261546898,0.9799899721956384,0.7550782493544572,0.22480653668237593,False,False,False,False,False,True
2023-02-09,Q5,231.83,231.31,170.68,0.22,35.83,data/raw/spi_weekly/wayback/summary/2023-02-09_summary_weekly_spi.pdf,2023-02-09,False,False,274.2564208984375,0.0,0.0,False,0,0,0,6.0,17.0,False,5.446004344446802,0.22480653668237593,35.82727911881884,5.308928678984315,3.3048992898932594,0.5388172960351989,0.3746501760404586,13.516090571979134,2.9418108096449958,False,False,False,False,False,True
2023-02-16,Q5,238.65,231.83,171.18,2.94,39.41,data/raw/spi_weekly/wayback/summary/2023-02-16_summary_weekly_spi.pdf,2023-02-16,False,False,266.7633056640625,6.49,8.82,True,0,0,0,5.0,17.0,False,5.474998043451905,2.9418108096449958,39.41465124430423,-2.7321567202796215,0.22480653668237593,3.3048992898932594,0.15289832261546898,5.308928678984315,3.100775193798455,False,False,False,False,False,True
2023-02-23,Q5,246.05,238.65,172.09,3.1,42.98,data/raw/spi_weekly/wayback/summary/2023-02-23_summary_weekly_spi.pdf,2023-02-23,False,False,260.767431640625,0.0,0.0,False,0,0,0,4.0,17.0,False,5.505534767311987,3.100775193798455,42.977511767098605,-2.2476382231475966,2.9418108096449958,0.22480653668237593,0.5388172960351989,-2.7321567202796215,-0.42674253200569723,False,False,False,False,False,True
2023-03-02,Q5,245.0,246.05,172.03,-0.43,42.42,data/raw/spi_weekly/wayback/summary/2023-03-02_summary_weekly_spi.pdf,2023-03-02,False,False,260.2123107910156,0.0,-1.8,True,0,0,0,3.0,20.0,True,5.501258210544727,-0.42674253200569723,42.41702028715921,-0.21287967063862157,3.100775193798455,2.9418108096449958,3.3048992898932594,-2.2476382231475966,1.7061224489795856,False,False,False,False,False,True
2023-03-09,Q5,249.18,245.0,172.87,1.71,44.14,data/raw/spi_weekly/wayback/summary/2023-03-09_summary_weekly_spi.pdf,2023-03-09,False,False,277.0899963378906,0.0,0.0,False,0,0,0,2.0,20.0,False,5.518175526870717,1.7061224489795856,44.14299762827558,6.48612108150024,-0.42674253200569723,3.100775193798455,0.22480653668237593,-0.21287967063862157,1.3965807849747103,False,False,False,False,False,True
2023-03-16,Q5,252.66,249.18,170.75,1.4,47.97,data/raw/spi_weekly/wayback/summary/2023-03-16_summary_weekly_spi.pdf,2023-03-16,False,False,281.2890869140625,4.65,1.84,True,0,0,0,1.0,20.0,False,5.532044711401891,1.3965807849747103,47.97071742313324,1.5154248192531083,1.7061224489795856,-0.42674253200569723,2.9418108096449958,6.48612108150024,1.211113749703152,False,False,False,False,False,True
2023-03-23,Q5,255.72,252.66,172.38,1.21,48.35,data/raw/spi_weekly/wayback/summary/2023-03-22_summary_weekly_spi.pdf,2023-03-22,False,False,280.2771423339844,0.0,0.0,False,1,0,0,0.0,20.0,False,5.544083095898526,1.211113749703152,48.346675948485895,-0.3597525205047525,1.3965807849747103,1.7061224489795856,3.100775193798455,1.5154248192531083,-0.340215861098081,False,False,False,False,False,True
2023-03-30,Q5,254.85,255.72,173.04,-0.34,47.28,data/raw/spi_weekly/wayback/summary/2023-03-30_summary_weekly_spi.pdf,2023-03-30,False,False,282.1512145996094,0.0,0.0,False,7,0,0,49.7,20.0,False,5.54067513678605,-0.340215861098081,47.27808599167822,0.6686496979449785,1.211113749703152,1.3965807849747103,-0.42674253200569723,-0.3597525205047525,0.8397096331175247,False,False,False,False,False,True
2023-04-06,Q5,256.99,254.85,175.45,0.84,46.47,data/raw/spi_weekly/wayback/summary/2023-04-06_summary_weekly_spi.pdf,2023-04-06,False,False,285.1199951171875,0.0,0.0,False,7,0,0,48.7,21.0,True,5.54903717363235,0.8397096331175247,46.47477913935596,1.0521948387821167,-0.340215861098081,1.211113749703152,1.7061224489795856,0.6686496979449785,-0.6692867426748128,False,False,False,False,False,True
2023-04-13,Q5,255.27,256.99,174.47,-0.67,46.31,data/raw/spi_weekly/wayback/summary/2023-04-13_summary_weekly_spi.pdf,2023-04-13,False,False,285.0419128417969,0.0,0.0,False,7,0,0,47.7,21.0,False,5.542321808529576,-0.6692867426748128,46.311686822949504,-0.027385759233944373,0.8397096331175247,-0.340215861098081,1.3965807849747103,1.0521948387821167,0.6267873232263854,False,False,False,False,False,True
2023-04-20,Q5,256.87,255.27,172.76,0.63,48.69,data/raw/spi_weekly/wayback/summary/2023-04-19_summary_weekly_spi.pdf,2023-04-19,False,False,281.8388244628906,0.0,3.67,True,7,0,0,46.7,21.0,False,5.548570120340864,0.6267873232263854,48.68603843482289,-1.1237254012830156,-0.6692867426748128,0.8397096331175247,1.211113749703152,-0.027385759233944373,0.14014871335694679,False,False,False,False,False,True
2023-04-27,Q5,257.23,256.87,173.53,0.14,48.23,data/raw/spi_weekly/wayback/summary/2023-04-27_summary_weekly_spi.pdf,2023-04-27,False,False,281.99017944335935,0.0,0.0,False,1,3,0,45.7,21.0,False,5.549970626307962,0.14014871335694679,48.233734800898986,0.053702672354383196,0.6267873232263854,-0.6692867426748128,-0.340215861098081,-1.1237254012830156,1.0224312871748964,False,False,False,False,False,True
2023-05-04,Q5,259.86,257.23,173.53,1.02,49.75,data/raw/spi_weekly/wayback/summary/2023-05-04_summary_weekly_spi.pdf,2023-05-04,False,False,282.31569213867186,-1.7,0.0,True,0,0,0,44.7,21.0,False,5.56014302445459,1.0224312871748964,49.74932288365126,0.11543405375147309,0.14014871335694679,0.6267873232263854,0.8397096331175247,0.053702672354383196,0.19625952435926575,False,False,False,False,False,True
2023-05-11,Q5,260.37,259.86,174.24,0.2,49.43,data/raw/spi_weekly/wayback/summary/2023-05-11_summary_weekly_spi.pdf,2023-05-11,False,False,283.5159973144531,0.0,0.0,False,0,0,0,43.7,21.0,False,5.562103696324263,0.19625952435926575,49.431818181818166,0.4251641723095112,1.0224312871748964,0.14014871335694679,-0.6692867426748128,0.11543405375147309,-0.28805161885009367,False,False,False,False,False,True
2023-05-18,Q5,259.62,260.37,176.5,-0.29,47.09,data/raw/spi_weekly/wayback/summary/2023-05-18_summary_weekly_spi.pdf,2023-05-18,False,False,286.32017822265624,-10.38,-4.24,True,0,0,0,42.7,21.0,False,5.559219023464848,-0.28805161885009367,47.09348441926346,0.9890732568056615,0.19625952435926575,1.0224312871748964,0.6267873232263854,0.4251641723095112,-0.43525152145442725,False,False,False,False,False,True
2023-05-25,Q5,258.49,259.62,176.23,-0.44,46.68,data/raw/spi_weekly/wayback/summary/2023-05-25_summary_weekly_spi.pdf,2023-05-25,False,False,285.62123413085936,0.0,0.0,False,0,0,0,41.7,21.0,False,5.554857008480675,-0.43525152145442725,46.67763717868696,-0.24411276080351652,-0.28805161885009367,0.19625952435926575,0.14014871335694679,0.9890732568056615,0.05029208093156878,False,False,False,False,False,True
2023-06-01,Q5,258.62,258.49,180.53,0.05,43.26,data/raw/spi_weekly/wayback/summary/2023-06-01_summary_weekly_spi.pdf,2023-06-01,False,False,284.8052612304688,-1.94,-2.96,True,0,0,0,40.7,21.0,False,5.555359802867706,0.05029208093156878,43.255968537085245,-0.2856835567122906,-0.43525152145442725,-0.28805161885009367,1.0224312871748964,-0.24411276080351652,0.15853375609000686,False,False,False,False,False,True
2023-06-08,Q5,259.03,258.62,185.93,0.16,39.32,data/raw/spi_weekly/wayback/summary/2023-06-08_summary_weekly_spi.pdf,2023-06-08,False,False,285.3770690917969,0.0,0.0,False,0,0,0,39.7,21.0,False,5.556943885107578,0.15853375609000686,39.31587156456728,0.20077152327091508,0.05029208093156878,-0.43525152145442725,0.19625952435926575,-0.2856835567122906,0.20074894799830822,False,False,False,False,False,True
2023-06-15,Q5,259.55,259.03,191.69,0.2,35.4,data/raw/spi_weekly/wayback/summary/2023-06-15_summary_weekly_spi.pdf,2023-06-15,False,False,286.6101013183594,0.0,0.0,False,0,0,0,38.7,21.0,True,5.558949362273238,0.20074894799830822,35.40090771558246,0.432071234905651,0.15853375609000686,0.05029208093156878,-0.28805161885009367,0.20077152327091508,0.20034675399729363,False,False,False,False,False,True
2023-06-22,Q5,260.07,259.55,193.27,0.2,34.56,data/raw/spi_weekly/wayback/summary/2023-06-22_summary_weekly_spi.pdf,2023-06-22,False,False,286.52321166992186,0.0,0.0,False,0,0,0,37.7,21.0,False,5.560950825548659,0.20034675399729363,34.56304651523774,-0.030316324525148097,0.20074894799830822,0.15853375609000686,-0.43525152145442725,0.432071234905651,0.0,False,False,False,False,False,True
2023-06-29,Q5,260.07,,,,,,,True,False,285.58369140625,,,,0,0,1,36.7,22.0,True,5.560950825548659,0.0,,-0.32790371788593564,0.20034675399729363,0.20074894799830822,0.05029208093156878,-0.030316324525148097,0.5114007767139661,False,False,False,False,False,True
2023-07-06,Q5,261.4,260.07,202.07,0.51,29.36,data/raw/spi_weekly/wayback/summary/2023-07-06_summary_weekly_spi.pdf,2023-07-06,False,False,281.19697265625,2.95,0.0,True,0,0,2,35.7,22.0,False,5.566051801190121,0.5114007767139661,29.361112485772246,-1.5360536620278475,0.0,0.20034675399729363,0.15853375609000686,-0.32790371788593564,0.21423106350419996,False,False,False,False,False,True
2023-07-13,Q5,261.96,261.4,202.1,0.21,29.62,data/raw/spi_weekly/pbs_live/summary/2023-07-13_summary_live.pdf,2023-07-13,False,False,276.5734130859375,0.0,0.0,False,0,0,0,34.7,22.0,False,5.568191820349853,0.21423106350419996,29.61900049480455,-1.644242299850296,0.5114007767139661,0.0,0.20074894799830822,-1.5360536620278475,-0.2786684990074728,False,False,False,False,False,True
2023-07-20,Q5,261.23,261.96,201.12,-0.28,29.89,data/raw/spi_weekly/pbs_live/summary/2023-07-20_summary_live.pdf,2023-07-20,False,False,277.7791259765625,-2.64,-3.4,True,0,0,0,33.7,22.0,False,5.565401245324612,-0.2786684990074728,29.887629276054106,0.43594678070171256,0.21423106350419996,0.5114007767139661,0.20034675399729363,-1.644242299850296,3.8739807832178563,False,False,False,False,False,True
2023-07-27,Q5,271.35,261.23,208.23,3.87,30.31,data/raw/spi_weekly/wayback/summary/2023-07-26_summary_weekly_spi.pdf,2023-07-26,False,False,286.3264892578125,0.0,0.0,False,0,0,0,32.7,22.0,False,5.6034095005094136,3.8739807832178563,30.312635066993245,3.077035846808429,-0.2786684990074728,0.21423106350419996,0.0,0.43594678070171256,1.5293900866039989,False,False,False,False,False,True
2023-08-03,Q5,275.5,271.35,209.67,1.53,31.4,data/raw/spi_weekly/wayback/summary/2023-08-03_summary_weekly_spi.pdf,2023-08-03,False,False,285.56980590820314,7.82,7.86,True,0,0,0,31.7,22.0,True,5.6185876285929695,1.5293900866039989,31.3969571230982,-0.2642729115181708,3.8739807832178563,-0.2786684990074728,0.5114007767139661,3.077035846808429,0.5735027223230382,False,False,False,False,False,True
2023-08-10,Q5,277.08,275.5,209.52,0.57,32.25,data/raw/spi_weekly/wayback/summary/2023-08-10_summary_weekly_spi.pdf,2023-08-10,False,False,284.65879516601564,0.0,0.0,False,0,0,0,30.7,22.0,False,5.624306273154405,0.5735027223230382,32.24513172966781,-0.31901507909429805,1.5293900866039989,3.8739807832178563,0.21423106350419996,-0.2642729115181708,0.9780568788797517,False,False,False,False,False,True
2023-08-17,Q5,279.79,277.08,217.77,0.98,28.48,data/raw/spi_weekly/pbs_live/summary/2023-08-17_summary_live.pdf,2023-08-17,False,False,289.11541137695315,7.29,6.4,True,0,0,0,29.7,22.0,False,5.634039321778546,0.9780568788797517,28.479588556734182,1.5655993373886012,0.5735027223230382,1.5293900866039989,-0.2786684990074728,-0.31901507909429805,0.007148218306585186,False,False,False,False,False,True
2023-08-24,Q5,279.81,279.79,221.11,0.01,26.55,data/raw/spi_weekly/wayback/summary/2023-08-24_summary_weekly_spi.pdf,2023-08-24,False,False,295.75078125,0.0,0.0,False,0,0,0,28.7,22.0,False,5.634110801406882,0.007148218306585186,26.54787209985978,2.2950592088622823,0.9780568788797517,0.5735027223230382,3.8739807832178563,1.5655993373886012,0.48604410135448806,False,False,False,False,False,True
2023-08-31,Q5,281.17,279.81,223.77,0.49,25.65,data/raw/spi_weekly/wayback/summary/2023-08-31_summary_weekly_spi.pdf,2023-08-31,False,False,301.737841796875,0.0,0.0,False,0,0,0,27.7,22.0,False,5.6389594686121916,0.48604410135448806,25.651338427850035,2.0243600106719883,0.007148218306585186,0.9780568788797517,1.5293900866039989,2.2950592088622823,1.0598570259984896,False,False,False,False,False,True
2023-09-07,Q5,284.15,281.17,223.22,1.06,27.3,data/raw/spi_weekly/wayback/summary/2023-09-07_summary_weekly_spi.pdf,2023-09-07,False,False,305.99155883789064,6.28,5.12,True,0,0,0,26.7,22.0,False,5.649502267743131,1.0598570259984896,27.295941223904663,1.4097393338814879,0.48604410135448806,0.007148218306585186,0.5735027223230382,2.0243600106719883,-0.27450290339607886,False,False,False,False,False,True
2023-09-14,Q5,283.37,284.15,222.8,-0.27,27.19,data/raw/spi_weekly/pbs_live/summary/2023-09-14_summary_live.pdf,2023-09-14,False,False,301.6349609375,0.0,0.0,False,0,0,0,25.7,22.0,True,5.646753464207978,-0.27450290339607886,27.18581687612207,-1.4237640792890915,1.0598570259984896,0.48604410135448806,0.9780568788797517,1.4097393338814879,1.2739527825810892,False,False,False,False,False,True
2023-09-21,Q5,286.98,283.37,213.72,1.27,34.28,data/raw/spi_weekly/pbs_live/summary/2023-09-21_summary_live.pdf,2023-09-21,False,False,295.2542358398438,5.54,8.51,True,0,0,0,24.7,22.0,False,5.659412526920261,1.2739527825810892,34.27849522740034,-2.1153798212994124,-0.27450290339607886,1.0598570259984896,0.007148218306585186,-1.4237640792890915,-0.03136107045788039,False,False,False,False,False,True
2023-09-28,Q5,286.89,286.98,215.26,-0.03,33.28,data/raw/spi_weekly/wayback/summary/2023-09-27_summary_weekly_spi.pdf,2023-09-27,False,False,289.3449645996094,0.0,0.0,False,0,0,0,23.7,22.0,False,5.659098867029561,-0.03136107045788039,33.276038279290155,-2.00141793848464,1.2739527825810892,-0.27450290339607886,0.48604410135448806,-2.1153798212994124,-0.027885252187243026,False,False,False,False,False,True
2023-10-05,Q5,286.81,286.89,215.08,-0.03,33.35,data/raw/spi_weekly/wayback/summary/2023-10-05_summary_weekly_spi.pdf,2023-10-05,False,False,286.27183227539064,-3.33,-2.4,True,0,0,0,22.7,22.0,False,5.658819975621094,-0.027885252187243026,33.35038125348706,-1.0620998117148228,-0.03136107045788039,1.2739527825810892,1.0598570259984896,-2.00141793848464,0.25452390084028664,False,False,False,False,False,True
2023-10-12,Q5,287.54,286.81,214.06,0.25,34.33,data/raw/spi_weekly/wayback/summary/2023-10-12_summary_weekly_spi.pdf,2023-10-12,False,False,278.5675842285156,0.0,0.0,False,0,0,0,21.7,22.0,False,5.661361980994447,0.25452390084028664,34.32682425488183,-2.691235105332901,-0.027885252187243026,-0.03136107045788039,-0.27450290339607886,-1.0620998117148228,-2.0240662168741763,False,False,False,False,False,True
2023-10-19,Q5,281.72,287.54,214.74,-2.02,31.19,data/raw/spi_weekly/pbs_live/summary/2023-10-19_summary_live.pdf,2023-10-19,False,False,276.9391357421875,-4.68,-12.31,True,0,0,0,20.7,22.0,False,5.64091366987721,-2.0240662168741763,31.191207972431776,-0.5845793188170356,0.25452390084028664,-0.027885252187243026,1.2739527825810892,-2.691235105332901,-0.330115007809173,False,False,False,False,False,True
2023-10-26,Q5,280.79,281.72,216.64,-0.33,29.61,data/raw/spi_weekly/wayback/summary/2023-10-26_summary_weekly_spi.pdf,2023-10-26,False,False,277.7182312011719,0.0,0.0,False,0,0,0,19.7,22.0,False,5.637607058981902,-0.330115007809173,29.61133677991139,0.28132371284268487,-2.0240662168741763,0.25452390084028664,-0.03136107045788039,-0.5845793188170356,0.6374870899960694,False,False,False,False,False,True
2023-11-02,Q5,282.58,280.79,217.52,0.64,29.91,data/raw/spi_weekly/wayback/summary/2023-11-02_summary_weekly_spi.pdf,2023-11-02,False,False,279.64427490234374,0.0,0.0,False,0,0,0,18.7,22.0,True,5.643961696337661,0.6374870899960694,29.909893343140848,0.6935244016359476,-0.330115007809173,-2.0240662168741763,-0.027885252187243026,0.28132371284268487,0.5909830844362807,False,False,False,False,False,True
2023-11-09,Q5,284.25,282.58,218.85,0.59,29.88,data/raw/spi_weekly/wayback/summary/2023-11-08_summary_weekly_spi.pdf,2023-11-08,False,False,282.686181640625,0.0,0.0,False,0,0,0,17.7,22.0,False,5.6498541326306455,0.5909830844362807,29.88348183687457,1.0877772267440688,0.6374870899960694,-0.330115007809173,0.25452390084028664,0.6935244016359476,8.070360598065074,False,False,False,False,False,True
2023-11-16,Q5,307.19,284.25,219.94,8.07,39.67,data/raw/spi_weekly/pbs_live/summary/2023-11-16_summary_live.pdf,2023-11-16,False,False,284.96796264648435,-2.15,-0.73,True,0,0,0,16.7,22.0,False,5.727466448660353,8.070360598065074,39.66990997544786,0.8071781197851902,0.5909830844362807,0.6374870899960694,-2.0240662168741763,1.0877772267440688,-0.02278720010416846,False,False,False,False,False,True
2023-11-23,Q5,307.12,307.19,220.98,-0.02,38.98,data/raw/spi_weekly/wayback/summary/2023-11-23_summary_weekly_spi.pdf,2023-11-23,False,False,285.6649597167969,0.0,0.0,False,0,0,0,15.7,22.0,False,5.727238550692542,-0.02278720010416846,38.980903249162836,0.24458787010286365,8.070360598065074,0.5909830844362807,-0.330115007809173,0.8071781197851902,-0.2116436572023872,False,False,False,False,False,True
2023-11-30,Q5,306.47,307.12,220.75,-0.21,38.83,data/raw/spi_weekly/wayback/summary/2023-11-30_summary_weekly_spi.pdf,2023-11-30,False,False,283.1644287109375,0.0,0.0,False,0,0,0,14.7,22.0,False,5.7251198713035585,-0.2116436572023872,38.8312570781427,-0.8753369710931214,-0.02278720010416846,8.070360598065074,0.6374870899960694,0.24458787010286365,1.6477958690899408,False,False,False,False,False,True
2023-12-07,Q5,311.52,306.47,220.77,1.65,41.11,data/raw/spi_weekly/wayback/summary/2023-12-07_summary_weekly_spi.pdf,2023-12-07,False,False,283.1326416015625,-2.31,0.0,True,0,0,0,13.7,22.0,False,5.741463541623889,1.6477958690899408,41.106128550074715,-0.011225671783599012,-0.2116436572023872,-0.02278720010416846,0.5909830844362807,-0.8753369710931214,-0.03531073446326749,False,False,False,False,False,True
2023-12-14,Q5,311.41,311.52,220.12,-0.04,41.47,data/raw/spi_weekly/pbs_live/summary/2023-12-14_summary_live.pdf,2023-12-14,False,False,283.0827941894531,0.0,0.0,False,0,0,0,12.7,22.0,True,5.741110371922179,-0.03531073446326749,41.47283300018172,-0.017605674791654202,1.6477958690899408,-0.2116436572023872,8.070360598065074,-0.011225671783599012,-0.5908609228990835,False,False,False,False,False,True
2023-12-21,Q5,309.57,311.41,219.66,-0.59,40.93,data/raw/spi_weekly/wayback/summary/2023-12-21_summary_weekly_spi.pdf,2023-12-21,False,False,281.3607482910156,-4.68,-4.97,True,0,0,0,11.7,22.0,False,5.735184237795733,-0.5908609228990835,40.93143949740507,-0.6083188147722685,-0.03531073446326749,1.6477958690899408,-0.02278720010416846,-0.017605674791654202,0.3488710146331897,False,False,False,False,False,True
2023-12-28,Q5,310.65,309.57,219.39,0.35,41.6,data/raw/spi_weekly/wayback/summary/2023-12-28_summary_weekly_spi.pdf,2023-12-28,False,False,280.4610290527344,0.0,0.0,False,0,0,0,10.7,22.0,False,5.738666876509702,0.3488710146331897,41.597155750034176,-0.31977425555843597,-0.5908609228990835,-0.03531073446326749,-0.2116436572023872,-0.6083188147722685,0.8015451472718427,False,False,False,False,False,True
2024-01-04,Q5,313.14,310.65,221.54,0.8,41.35,data/raw/spi_weekly/pbs_live/summary/2024-01-04_summary_live.pdf,2024-01-04,False,False,279.8627075195312,0.0,0.0,False,0,0,0,9.7,22.0,False,5.746650374883377,0.8015451472718427,41.34693509072853,-0.21333499888522844,0.3488710146331897,-0.5908609228990835,1.6477958690899408,-0.31977425555843597,1.344446573417657,False,False,False,False,False,True
2024-01-11,Q5,317.35,313.14,222.37,1.34,42.71,data/raw/spi_weekly/pbs_live/summary/2024-01-11_summary_live.pdf,2024-01-11,False,False,279.73817138671876,0.0,0.0,False,0,0,0,8.7,22.0,False,5.760005265752479,1.344446573417657,42.712596123577825,-0.04449900950228569,0.8015451472718427,0.3488710146331897,-0.03531073446326749,-0.21333499888522844,0.23318103040805838,False,False,False,False,False,True
2024-01-18,Q5,318.09,317.35,222.71,0.23,42.83,data/raw/spi_weekly/pbs_live/summary/2024-01-18_summary_live.pdf,2024-01-18,False,False,278.39923095703125,0.0,-2.99,True,0,0,0,7.7,22.0,False,5.7623343616058165,0.23318103040805838,42.826994746531355,-0.47864058846531776,1.344446573417657,0.8015451472718427,-0.5908609228990835,-0.04449900950228569,-0.07545034424217834,False,False,False,False,False,True
2024-01-25,Q5,317.85,318.09,223.91,-0.08,41.95,data/raw/spi_weekly/pbs_live/summary/2024-01-25_summary_live.pdf,2024-01-25,False,False,279.14365844726564,0.0,0.0,False,0,0,0,6.7,22.0,False,5.761579573382418,-0.07545034424217834,41.95435666115852,0.26739567048204016,0.23318103040805838,1.344446573417657,0.3488710146331897,-0.47864058846531776,-0.05977662419379692,False,False,False,False,False,True
2024-02-01,Q5,317.66,317.85,231.31,-0.06,37.33,data/raw/spi_weekly/pbs_live/summary/2024-02-01_summary_live.pdf,2024-02-01,False,False,278.9609313964844,0.95,5.2,True,0,0,0,5.7,22.0,True,5.760981628407009,-0.05977662419379692,37.330854697159666,-0.06545986098973611,-0.07545034424217834,0.23318103040805838,0.8015451472718427,0.26739567048204016,0.0,False,False,False,False,False,True
2024-02-08,Q5,317.66,,,,,,,True,False,278.21637573242185,,,,0,0,0,4.7,22.0,False,5.760981628407009,0.0,,-0.2669032040921615,-0.05977662419379692,-0.07545034424217834,1.344446573417657,-0.06545986098973611,-0.7744128942895001,False,False,False,False,False,True
2024-02-15,Q5,315.2,317.66,238.65,-0.77,32.08,data/raw/spi_weekly/pbs_live/summary/2024-02-15_summary_live.pdf,2024-02-15,False,False,278.19187622070314,0.0,0.0,False,0,0,0,3.7,22.0,False,5.753207357983724,-0.7744128942895001,32.07626230882043,-0.0088059200879953,0.0,-0.05977662419379692,0.23318103040805838,-0.2669032040921615,0.08883248730966464,False,False,False,False,False,True
2024-02-22,Q5,315.48,315.2,246.05,0.09,28.22,data/raw/spi_weekly/pbs_live/summary/2024-02-22_summary_live.pdf,2024-02-22,False,False,278.11827392578124,3.02,1.0,True,0,0,0,2.7,22.0,False,5.75409528852979,0.08883248730966464,28.21784190205243,-0.026457384709355214,-0.7744128942895001,0.0,-0.07545034424217834,-0.0088059200879953,0.6561430201597496,False,False,False,False,False,True
2024-02-29,Q5,317.55,315.48,245.0,0.66,29.61,data/raw/spi_weekly/wayback/summary/2024-02-29_summary_weekly_spi.pdf,2024-02-29,False,False,278.1599548339844,0.0,0.0,False,0,0,0,1.7,22.0,False,5.760635286248984,0.6561430201597496,29.612244897959194,0.014986756394974599,0.08883248730966464,-0.7744128942895001,-0.05977662419379692,-0.026457384709355214,0.9919697685403905,False,False,False,False,False,True
2024-03-07,Q5,320.7,317.55,249.18,0.99,28.7,data/raw/spi_weekly/pbs_live/summary/2024-03-07_summary_live.pdf,2024-03-07,False,False,278.10906372070315,0.0,1.49,True,0,0,0,0.7,22.0,False,5.770506106699109,0.9919697685403905,28.702143029135563,-0.018295628970610434,0.6561430201597496,0.08883248730966464,0.0,0.014986756394974599,1.5528531337698936,False,False,False,False,False,True
2024-03-14,Q5,325.68,320.7,252.66,1.55,28.9,data/raw/spi_weekly/pbs_live/summary/2024-03-14_summary_live.pdf,2024-03-14,False,False,277.98333740234375,0.0,0.0,False,3,0,0,50.4,22.0,False,5.785915304194724,1.5528531337698936,28.90049869389695,-0.04520755874596327,0.9919697685403905,0.6561430201597496,-0.7744128942895001,-0.018295628970610434,-0.9119380987472447,False,False,False,False,False,True
2024-03-21,Q5,322.71,325.68,255.72,-0.91,26.2,data/raw/spi_weekly/pbs_live/summary/2024-03-21_summary_live.pdf,2024-03-21,False,False,278.2802978515625,-0.6,0.0,False,7,0,0,49.4,22.0,True,5.776754087112024,-0.9119380987472447,26.196621304551847,0.10682670838970676,1.5528531337698936,0.9919697685403905,0.08883248730966464,-0.04520755874596327,-0.03408633138110018,False,False,False,False,False,True
2024-03-28,Q5,322.6,322.71,254.85,-0.03,26.58,data/raw/spi_weekly/pbs_live/summary/2024-03-28_summary_live.pdf,2024-03-28,False,False,277.1078125,0.0,0.0,False,7,0,0,48.4,22.0,False,5.776413165691109,-0.03408633138110018,26.584265254071028,-0.4213325056119932,-0.9119380987472447,1.5528531337698936,0.6561430201597496,0.10682670838970676,1.0167389956602602,False,False,False,False,False,True
2024-04-04,Q5,325.88,322.6,256.99,1.02,26.81,data/raw/spi_weekly/pbs_live/summary/2024-04-04_summary_live.pdf,2024-04-04,False,False,276.9991394042969,-1.18,3.45,True,7,0,0,47.4,22.0,False,5.786529215442441,1.0167389956602602,26.80649052492314,-0.039216900715532965,-0.03408633138110018,-0.9119380987472447,0.9919697685403905,-0.4213325056119932,0.0,False,False,False,False,False,True
2024-04-11,Q5,325.88,,,,,,,True,False,277.0074829101562,,,,5,2,0,46.4,22.0,False,5.786529215442441,0.0,,0.003012105336241966,1.0167389956602602,-0.03408633138110018,1.5528531337698936,-0.039216900715532965,-0.6965754265373714,False,False,False,False,False,True
2024-04-18,Q5,323.61,325.88,256.87,-0.7,25.98,data/raw/spi_weekly/pbs_live/summary/2024-04-18_summary_live.pdf,2024-04-18,False,False,276.8033752441406,2.87,1.56,True,0,1,0,45.4,22.0,False,5.779539087055447,-0.6965754265373714,25.982014248452522,-0.0736830875004979,0.0,1.0167389956602602,-0.9119380987472447,0.003012105336241966,-1.0166558511788937,False,False,False,False,False,True
2024-04-25,Q5,320.32,323.61,257.23,-1.02,24.53,data/raw/spi_weekly/pbs_live/summary/2024-04-25_summary_live.pdf,2024-04-25,False,False,277.69883422851564,0.0,0.0,False,0,0,0,44.4,22.0,False,5.769320496126856,-1.0166558511788937,24.526688177895252,0.3235000236486263,-0.6965754265373714,0.0,-0.03408633138110018,-0.0736830875004979,-0.9521728271728258,False,False,False,False,False,True
2024-05-02,Q5,317.27,320.32,259.86,-0.95,22.09,data/raw/spi_weekly/pbs_live/summary/2024-05-02_summary_live.pdf,2024-05-02,False,False,278.01820068359376,-2.89,-1.84,True,0,0,0,43.4,22.0,True,5.759753146372618,-0.9521728271728258,22.09266528130531,0.11500460776703303,-1.0166558511788937,-0.6965754265373714,1.0167389956602602,0.3235000236486263,-1.5255145459702968,False,False,False,False,False,True
2024-05-09,Q5,312.43,317.27,260.37,-1.53,19.99,data/raw/spi_weekly/pbs_live/summary/2024-05-09_summary_live.pdf,2024-05-09,False,False,277.6024963378906,0.0,0.0,False,0,0,0,42.4,22.0,False,5.744380444084709,-1.5255145459702968,19.99462303644812,-0.1495241479446352,-0.9521728271728258,-1.0166558511788937,0.0,0.11500460776703303,-1.0562365969977283,False,False,False,False,False,True
2024-05-16,Q5,309.13,312.43,259.62,-1.06,19.07,data/raw/spi_weekly/pbs_live/summary/2024-05-16_summary_live.pdf,2024-05-16,False,False,277.4353454589844,-2.79,-5.32,True,0,0,0,41.4,22.0,False,5.733761900397387,-1.0562365969977283,19.0701794931053,-0.060212311168406085,-1.5255145459702968,-0.9521728271728258,-0.6965754265373714,-0.1495241479446352,-0.3267233849836626,False,False,False,False,False,True
2024-05-23,Q5,308.12,309.13,258.49,-0.33,19.2,data/raw/spi_weekly/pbs_live/summary/2024-05-23_summary_live.pdf,2024-05-23,False,False,277.4455139160156,0.0,0.0,False,0,0,0,40.4,22.0,False,5.730489317484765,-0.3267233849836626,19.19996905102712,0.0036651627839390244,-1.0562365969977283,-1.5255145459702968,-1.0166558511788937,-0.060212311168406085,0.08438270803583503,False,False,False,False,False,True
2024-05-30,Q5,308.38,308.12,258.62,0.08,19.24,data/raw/spi_weekly/pbs_live/summary/2024-05-30_summary_live.pdf,2024-05-30,False,False,277.34837646484374,0.0,0.0,False,0,0,0,39.4,22.0,False,5.731332788743207,0.08438270803583503,19.240584641559046,-0.035011361258230345,-0.3267233849836626,-1.0562365969977283,-0.9521728271728258,0.0036651627839390244,0.33400350217265284,False,False,False,False,False,True
2024-06-06,Q5,309.41,308.38,259.03,0.33,19.45,data/raw/spi_weekly/pbs_live/summary/2024-06-06_summary_live.pdf,2024-06-06,False,False,277.87554321289065,-1.42,-1.74,True,0,0,0,38.4,22.0,False,5.734667258237222,0.33400350217265284,19.449484615681612,0.19007385396168086,0.08438270803583503,-0.3267233849836626,-1.5255145459702968,-0.035011361258230345,1.2927830386865402,False,False,False,False,False,True
2024-06-13,Q5,313.41,309.41,259.55,1.29,20.75,data/raw/spi_weekly/pbs_live/summary/2024-06-13_summary_live.pdf,2024-06-13,False,False,277.92295532226564,0.0,0.0,False,0,0,0,37.4,20.5,True,5.747512237517526,1.2927830386865402,20.751300327489886,0.01706235418446056,0.33400350217265284,0.08438270803583503,-1.0562365969977283,0.19007385396168086,0.6923837784371667,False,False,False,False,False,True
2024-06-20,Q5,315.58,313.41,260.07,0.69,21.34,data/raw/spi_weekly/pbs_live/summary/2024-06-20_summary_live.pdf,2024-06-20,False,False,277.9128723144531,-0.84,-3.76,True,0,0,3,36.4,20.5,False,5.754412215607523,0.6923837784371667,21.344253470219556,-0.00362798668459563,1.2927830386865402,0.33400350217265284,-0.3267233849836626,0.01706235418446056,-0.6749477153178307,False,False,False,False,False,True
2024-06-27,Q5,313.45,315.58,260.07,-0.67,20.53,data/raw/spi_weekly/pbs_live/summary/2024-06-27_summary_live.pdf,2024-06-27,False,False,277.83534545898436,0.0,0.0,False,0,0,0,35.4,20.5,False,5.747639857719977,-0.6749477153178307,20.52524320375284,-0.027896100969748705,0.6923837784371667,1.2927830386865402,0.08438270803583503,-0.00362798668459563,1.2346466741107065,False,False,False,False,False,True
2024-07-04,Q5,317.32,313.45,261.4,1.23,21.39,data/raw/spi_weekly/pbs_live/summary/2024-07-04_summary_live.pdf,2024-07-04,False,False,277.30556640625,3.58,2.88,True,0,0,0,34.4,20.5,False,5.759910728433802,1.2346466741107065,21.39250191277735,-0.1906809415695987,-0.6749477153178307,0.6923837784371667,0.33400350217265284,-0.027896100969748705,0.19223496785578664,False,False,False,False,False,True
2024-07-11,Q5,317.93,317.32,261.96,0.19,21.37,data/raw/spi_weekly/pbs_live/summary/2024-07-11_summary_live.pdf,2024-07-11,False,False,277.33192138671876,0.0,0.0,False,0,0,0,33.4,20.5,False,5.761831232762776,0.19223496785578664,21.365857382806542,0.009503949311318038,1.2346466741107065,-0.6749477153178307,1.2927830386865402,-0.1906809415695987,0.8712609693957818,False,False,False,False,False,True
2024-07-18,Q5,320.7,317.93,261.23,0.87,22.77,data/raw/spi_weekly/pbs_live/summary/2024-07-18_summary_live.pdf,2024-07-18,False,False,277.328271484375,2.25,3.77,True,0,0,0,32.4,20.5,False,5.770506106699109,0.8712609693957818,22.765379167783163,-0.0013160772569853485,0.19223496785578664,1.2346466741107065,0.6923837784371667,0.009503949311318038,0.187090739008422,False,False,False,False,False,True
2024-07-25,Q5,321.3,320.7,271.35,0.19,18.41,data/raw/spi_weekly/pbs_live/summary/2024-07-25_summary_live.pdf,2024-07-25,False,False,277.47581787109374,0.0,0.0,False,0,0,0,31.4,20.5,False,5.772375266121813,0.187090739008422,18.407960199004968,0.05320279318403731,0.8712609693957818,0.19223496785578664,-0.6749477153178307,-0.0013160772569853485,0.8029878618113884,False,False,False,False,False,True
2024-08-01,Q5,323.88,321.3,275.5,0.8,17.56,data/raw/spi_weekly/pbs_live/summary/2024-08-01_summary_live.pdf,2024-08-01,False,False,277.5934265136719,-3.81,-2.23,True,0,0,0,30.4,19.5,True,5.780373076817914,0.8029878618113884,17.560798548094382,0.04238518638506328,0.187090739008422,0.8712609693957818,1.2346466741107065,0.05320279318403731,0.2655304433740957,False,False,False,False,False,True
2024-08-08,Q5,324.74,323.88,277.08,0.27,17.2,data/raw/spi_weekly/pbs_live/summary/2024-08-08_summary_live.pdf,2024-08-08,False,False,277.47392578125,0.0,0.0,False,0,0,0,29.4,19.5,False,5.783024862158968,0.2655304433740957,17.200808430778114,-0.04304883365673362,0.8029878618113884,0.187090739008422,0.19223496785578664,0.04238518638506328,-0.252509700067749,False,False,False,False,False,True
2024-08-15,Q5,323.92,324.74,279.79,-0.25,15.77,data/raw/spi_weekly/pbs_live/summary/2024-08-15_summary_live.pdf,2024-08-15,False,False,278.0433715820312,-2.44,-3.15,True,0,0,0,28.4,19.5,False,5.780496571723906,-0.252509700067749,15.772543693484398,0.20522497714980936,0.2655304433740957,0.8029878618113884,0.8712609693957818,-0.04304883365673362,-0.0463077303037851,False,False,False,False,False,True
2024-08-22,Q5,323.77,323.92,279.81,-0.05,15.71,data/raw/spi_weekly/pbs_live/summary/2024-08-22_summary_live.pdf,2024-08-22,False,False,277.7050048828125,0.0,0.0,False,0,0,0,27.4,19.5,False,5.780033387167461,-0.0463077303037851,15.710660805546617,-0.1216956539166758,-0.252509700067749,0.2655304433740957,0.187090739008422,0.20522497714980936,-0.5806591098619363,False,False,False,False,False,True
2024-08-29,Q5,321.89,323.77,281.17,-0.58,14.48,data/raw/spi_weekly/pbs_live/summary/2024-08-29_summary_live.pdf,2024-08-29,False,False,277.2988342285156,0.0,0.0,False,0,0,0,26.4,19.5,False,5.774209872273912,-0.5806591098619363,14.482341643845341,-0.1462597530311971,-0.0463077303037851,-0.252509700067749,0.8029878618113884,-0.1216956539166758,-0.1491192643449546,False,False,False,False,False,True
2024-09-05,Q5,321.41,321.89,284.15,-0.15,13.11,data/raw/spi_weekly/pbs_live/summary/2024-09-05_summary_live.pdf,2024-09-05,False,False,277.5597229003906,-1.23,-0.68,True,0,0,0,25.4,19.5,False,5.7727175666961745,-0.1491192643449546,13.112792539151874,0.09408213799413367,-0.5806591098619363,-0.0463077303037851,0.2655304433740957,-0.1462597530311971,-0.29557263308548354,False,False,False,False,False,True
2024-09-12,Q5,320.46,321.41,283.37,-0.3,13.09,data/raw/spi_weekly/pbs_live/summary/2024-09-12_summary_live.pdf,2024-09-12,False,False,277.71728515625,0.0,0.0,False,0,0,0,24.4,17.5,True,5.769757463579734,-0.29557263308548354,13.08889437837455,0.05676697404541908,-0.1491192643449546,-0.5806591098619363,-0.252509700067749,0.09408213799413367,-0.5804156524995219,False,False,False,False,False,True
2024-09-19,Q5,318.6,320.46,286.98,-0.58,11.02,data/raw/spi_weekly/wayback/summary/2024-09-19_summary_weekly_spi.pdf,2024-09-19,False,False,277.628564453125,-5.0,-3.88,True,0,0,0,23.4,17.5,False,5.763936397475948,-0.5804156524995219,11.018189420865564,-0.03194641020455302,-0.29557263308548354,-0.1491192643449546,-0.0463077303037851,0.05676697404541908,0.03766478342750457,False,False,False,False,False,True
2024-09-26,Q5,318.72,318.6,286.89,0.04,11.09,data/raw/spi_weekly/wayback/summary/2024-09-26_summary_weekly_spi.pdf,2024-09-26,False,False,277.3974853515625,0.0,0.0,False,0,0,0,22.4,17.5,False,5.764312974396233,0.03766478342750457,11.094844714001905,-0.08323318676436431,-0.5804156524995219,-0.29557263308548354,-0.5806591098619363,-0.03194641020455302,0.3576807228915513,False,False,False,False,False,True
2024-10-03,Q5,319.86,318.72,286.81,0.36,11.52,data/raw/spi_weekly/wayback/summary/2024-10-03_summary_weekly_spi.pdf,2024-10-03,False,False,277.2000427246094,-1.32,-0.81,True,0,0,0,21.4,17.5,False,5.767883400062725,0.3576807228915513,11.523308113385177,-0.07117679048276315,0.03766478342750457,-0.5804156524995219,-0.1491192643449546,-0.08323318676436431,-0.07503282686175394,False,False,False,False,False,True
2024-10-10,Q5,319.62,319.86,287.54,-0.08,11.16,data/raw/spi_weekly/wayback/summary/2024-10-10_summary_weekly_spi.pdf,2024-10-10,False,False,276.8408569335937,0.0,0.0,False,0,0,0,20.4,17.5,False,5.767132790156963,-0.07503282686175394,11.156708631842527,-0.129576383713792,0.3576807228915513,0.03766478342750457,-0.29557263308548354,-0.07117679048276315,0.275326950754029,False,False,False,False,False,True
2024-10-17,Q5,320.5,319.62,281.72,0.28,13.77,data/raw/spi_weekly/wayback/summary/2024-10-17_summary_weekly_spi.pdf,2024-10-17,False,False,276.854296875,2.01,0.0,True,0,0,0,19.4,17.5,False,5.7698822763607245,0.275326950754029,13.765440863268473,0.004854753577610005,-0.07503282686175394,0.3576807228915513,-0.5804156524995219,-0.129576383713792,-0.21216848673947242,False,False,False,False,False,True
2024-10-24,Q5,319.82,320.5,280.79,-0.21,13.9,data/raw/spi_weekly/wayback/summary/2024-10-24_summary_weekly_spi.pdf,2024-10-24,False,False,277.0350036621094,0.0,0.0,False,0,0,0,18.4,17.5,False,5.767758337531296,-0.21216848673947242,13.900067666227422,0.06527144030239462,0.275326950754029,-0.07503282686175394,0.03766478342750457,0.004854753577610005,-0.06566193483833471,False,False,False,False,False,True
2024-10-31,Q5,319.61,319.82,282.58,-0.07,13.1,data/raw/spi_weekly/wayback/summary/2024-10-31_summary_weekly_spi.pdf,2024-10-31,False,False,277.30556030273436,0.0,0.0,False,0,0,0,17.4,17.5,False,5.767101502514015,-0.06566193483833471,13.1042536626796,0.09766153628549823,-0.21216848673947242,0.275326950754029,0.3576807228915513,0.06527144030239462,0.23778980632644942,False,False,False,False,False,True
2024-11-07,Q5,320.37,319.61,284.25,0.24,12.71,data/raw/spi_weekly/pbs_live/summary/2024-11-07_summary_live.pdf,2024-11-07,False,False,277.2270263671875,1.54,0.56,True,0,0,0,16.4,15.0,True,5.769476577851563,0.23778980632644942,12.707124010554093,-0.028320360926459287,-0.06566193483833471,-0.21216848673947242,-0.07503282686175394,0.09766153628549823,0.44323750663295414,False,False,False,False,False,True
2024-11-14,Q5,321.79,320.37,307.19,0.44,4.75,data/raw/spi_weekly/pbs_live/summary/2024-11-14_summary_live.pdf,2024-11-14,False,False,277.4592346191406,0.0,0.0,False,0,0,0,15.4,15.0,False,5.77389915887345,0.44323750663295414,4.752758878869767,0.08376104415070973,0.23778980632644942,-0.06566193483833471,0.275326950754029,-0.028320360926459287,0.6059852698965029,False,False,False,False,False,True
2024-11-21,Q5,323.74,321.79,307.12,0.61,5.41,data/raw/spi_weekly/pbs_live/summary/2024-11-21_summary_live.pdf,2024-11-21,False,False,277.59373168945314,0.0,0.0,False,0,0,0,14.4,15.0,False,5.779940724505814,0.6059852698965029,5.411565511852046,0.04847453374443589,0.44323750663295414,0.23778980632644942,-0.21216848673947242,0.08376104415070973,-0.05560017297832065,False,False,False,False,False,True
2024-11-28,Q5,323.56,323.74,306.47,-0.06,5.58,data/raw/spi_weekly/pbs_live/summary/2024-11-28_summary_live.pdf,2024-11-28,False,False,277.0849670410156,0.0,0.0,False,0,0,0,13.4,15.0,False,5.7793845681497515,-0.05560017297832065,5.576402257969781,-0.18327670633668802,0.6059852698965029,0.44323750663295414,-0.06566193483833471,0.04847453374443589,-0.2843367536160213,False,False,False,False,False,True
2024-12-05,Q5,322.64,323.56,311.52,-0.28,3.57,data/raw/spi_weekly/pbs_live/summary/2024-12-05_summary_live.pdf,2024-12-05,False,False,277.080810546875,1.27,1.48,True,0,0,0,12.4,15.0,False,5.776537150565113,-0.2843367536160213,3.5695942475603593,-0.0015000792662922535,-0.05560017297832065,0.6059852698965029,0.23778980632644942,-0.18327670633668802,0.07748574262336216,False,False,False,False,False,True
2024-12-12,Q5,322.89,322.64,311.41,0.08,3.69,data/raw/spi_weekly/wayback/summary/2024-12-12_summary_weekly_spi.pdf,2024-12-12,False,False,277.37750244140625,0.0,0.0,False,0,0,0,11.4,15.0,False,5.777311707944317,0.07748574262336216,3.6864583667833184,0.10707774888691901,-0.2843367536160213,-0.05560017297832065,0.44323750663295414,-0.0015000792662922535,0.29731487503485976,False,False,False,False,False,True
2024-12-19,Q5,323.85,322.89,309.57,0.3,4.61,data/raw/spi_weekly/pbs_live/summary/2024-12-19_summary_live.pdf,2024-12-19,False,False,276.514697265625,-1.17,0.0,True,0,0,0,10.4,13.0,True,5.780280445628926,0.29731487503485976,4.612850082372333,-0.3110580952626174,0.07748574262336216,-0.2843367536160213,0.6059852698965029,0.10707774888691901,0.8059286706808555,False,False,False,False,False,True
2024-12-26,Q5,326.46,323.85,310.65,0.81,5.09,data/raw/spi_weekly/pbs_live/summary/2024-12-26_summary_live.pdf,2024-12-26,False,False,276.65205078125,0.0,0.0,False,0,0,0,9.4,13.0,False,5.788307429725889,0.8059286706808555,5.089328826653783,0.04967313382733263,0.29731487503485976,0.07748574262336216,-0.05560017297832065,-0.3110580952626174,-0.09802119708386403,False,False,False,False,False,True
2025-01-02,Q5,326.14,326.46,313.14,-0.1,4.15,data/raw/spi_weekly/pbs_live/summary/2025-01-02_summary_live.pdf,2025-01-02,False,False,276.77980041503906,1.18,0.21,True,0,0,0,8.4,13.0,False,5.787326737033131,-0.09802119708386403,4.151497732643539,0.04617700589180096,0.8059286706808555,0.29731487503485976,-0.2843367536160213,0.04967313382733263,-0.5396455509903642,False,False,False,False,False,True
2025-01-09,Q5,324.38,326.14,317.35,-0.54,2.22,data/raw/spi_weekly/pbs_live/summary/2025-01-09_summary_live.pdf,2025-01-09,False,False,277.6433471679687,0.0,0.0,False,0,0,0,7.4,13.0,False,5.781915668059543,-0.5396455509903642,2.215219788876621,0.31199775114902906,-0.09802119708386403,0.8059286706808555,0.07748574262336216,0.04617700589180096,-0.308280411862627,False,False,False,False,False,True
2025-01-16,Q5,323.38,324.38,318.09,-0.31,1.66,data/raw/spi_weekly/pbs_live/summary/2025-01-16_summary_live.pdf,2025-01-16,False,False,278.1304077148437,0.99,1.39,True,0,0,0,6.4,13.0,False,5.778828102311668,-0.308280411862627,1.6630513376717282,0.17542669465813177,-0.5396455509903642,-0.09802119708386403,0.29731487503485976,0.31199775114902906,-0.7019605417774688,False,False,False,False,False,True
2025-01-23,Q5,321.11,323.38,317.85,-0.7,1.03,data/raw/spi_weekly/pbs_live/summary/2025-01-23_summary_live.pdf,2025-01-23,False,False,277.9803405761719,0.0,0.0,False,0,0,0,5.4,13.0,False,5.77178374355666,-0.7019605417774688,1.025641025641022,-0.05395567493133857,-0.308280411862627,-0.5396455509903642,0.8059286706808555,0.17542669465813177,-0.2896203793092744,False,False,False,False,False,True
2025-01-30,Q5,320.18,321.11,317.66,-0.29,0.79,data/raw/spi_weekly/pbs_live/summary/2025-01-30_summary_live.pdf,2025-01-30,False,False,278.2019348144531,0.0,0.0,False,0,0,0,4.4,12.0,True,5.768883337649949,-0.2896203793092744,0.7933010136623952,0.07971579494503445,-0.7019605417774688,-0.308280411862627,-0.09802119708386403,-0.05395567493133857,-0.1905178337185398,False,False,False,False,False,True
2025-02-06,Q5,319.57,320.18,315.2,-0.19,1.39,data/raw/spi_weekly/pbs_live/summary/2025-02-06_summary_live.pdf,2025-02-06,False,False,278.5856140136719,2.67,0.38,True,0,0,0,3.4,12.0,False,5.766976342152138,-0.1905178337185398,1.38642131979696,0.13791392194113516,-0.2896203793092744,-0.7019605417774688,-0.5396455509903642,0.07971579494503445,0.018775229214251787,False,False,False,False,False,True
2025-02-13,Q5,319.63,319.57,315.2,0.02,1.41,data/raw/spi_weekly/pbs_live/summary/2025-02-13_summary_live.pdf,2025-02-13,False,False,278.77418823242186,0.0,0.0,False,0,0,0,2.4,12.0,False,5.767164076821024,0.018775229214251787,1.4054568527918754,0.06768986238490093,-0.1905178337185398,-0.2896203793092744,-0.308280411862627,0.13791392194113516,0.2847041892187985,False,False,False,False,False,True
2025-02-20,Q5,320.54,319.63,315.48,0.28,1.6,data/raw/spi_weekly/pbs_live/summary/2025-02-20_summary_live.pdf,2025-02-20,False,False,278.34784545898435,-1.49,-0.36,True,0,0,0,1.4,12.0,False,5.770007073565429,0.2847041892187985,1.6039051603905063,-0.152934809402816,0.018775229214251787,-0.1905178337185398,-0.7019605417774688,0.06768986238490093,0.32757222187556057,False,False,False,False,False,True
2025-02-27,Q5,321.59,320.54,317.55,0.33,1.27,data/raw/spi_weekly/pbs_live/summary/2025-02-27_summary_live.pdf,2025-02-27,False,False,279.13425903320314,0.0,0.0,False,0,0,0,0.4,12.0,False,5.773277442294003,0.32757222187556057,1.2722405920327473,0.28252906823187374,0.2847041892187985,0.018775229214251787,-0.2896203793092744,-0.152934809402816,-0.03420504368915056,False,False,False,False,False,True
2025-03-06,Q5,321.48,321.59,320.7,-0.03,0.24,data/raw/spi_weekly/pbs_live/summary/2025-03-06_summary_live.pdf,2025-03-06,False,False,279.29474487304685,-2.0,-0.24,True,5,0,0,49.9,12.0,False,5.772935333344518,-0.03420504368915056,0.2432179607109619,0.05749413934339476,0.32757222187556057,0.2847041892187985,-0.1905178337185398,0.28252906823187374,0.24884907303719395,False,False,False,False,False,True
2025-03-13,Q5,322.28,321.48,325.68,0.25,-1.04,data/raw/spi_weekly/pbs_live/summary/2025-03-13_summary_live.pdf,2025-03-13,False,False,279.0785705566406,0.0,0.0,False,7,0,0,48.9,12.0,True,5.775420732908995,0.24884907303719395,-1.043969540653411,-0.07740006583528691,-0.03420504368915056,0.32757222187556057,0.018775229214251787,0.05749413934339476,-0.35993545984857045,False,False,False,False,False,True
2025-03-20,Q5,321.12,322.28,322.71,-0.36,-0.49,data/raw/spi_weekly/pbs_live/summary/2025-03-20_summary_live.pdf,2025-03-20,False,False,279.2890380859375,0.0,0.0,False,7,0,0,47.9,12.0,False,5.771814885048028,-0.35993545984857045,-0.49270242632702965,0.07541515239850582,0.24884907303719395,-0.03420504368915056,0.2847041892187985,-0.07740006583528691,-0.13390632785251766,False,False,False,False,False,True
2025-03-27,Q5,320.69,321.12,322.6,-0.13,-0.59,data/raw/spi_weekly/pbs_live/summary/2025-03-27_summary_live.pdf,2025-03-27,False,False,279.6386413574219,0.0,0.0,False,7,0,0,46.9,12.0,False,5.770474924423112,-0.13390632785251766,-0.5920644761314375,0.1251761522329531,-0.35993545984857045,0.24884907303719395,0.32757222187556057,0.07541515239850582,0.17150519192989933,False,False,False,False,False,True
2025-04-03,Q5,321.24,320.69,325.88,0.17,-1.42,data/raw/spi_weekly/pbs_live/summary/2025-04-03_summary_live.pdf,2025-04-03,False,False,279.1408325195313,0.0,-0.33,False,3,3,0,45.9,12.0,False,5.772188507320261,0.17150519192989933,-1.423836995212957,-0.1780186155511787,-0.13390632785251766,-0.35993545984857045,-0.03420504368915056,0.1251761522329531,-0.7471049682480468,False,False,False,False,False,True
2025-04-10,Q5,318.84,321.24,325.88,-0.75,-2.16,data/raw/spi_weekly/pbs_live/summary/2025-04-10_summary_live.pdf,2025-04-10,False,False,280.541357421875,0.0,0.0,False,0,0,0,44.9,12.0,False,5.764689409559723,-0.7471049682480468,-2.1603044065300225,0.5017269919640688,0.17150519192989933,-0.13390632785251766,0.24884907303719395,-0.1780186155511787,-0.6429557144649212,False,False,False,False,False,True
2025-04-17,Q5,316.79,318.84,323.61,-0.64,-2.11,data/raw/spi_weekly/pbs_live/summary/2025-04-17_summary_live.pdf,2025-04-17,False,False,279.5498474121094,0.0,0.0,False,0,0,0,43.9,12.0,False,5.758239093785499,-0.6429557144649212,-2.1074750471246184,-0.3534273944053701,-0.7471049682480468,0.17150519192989933,-0.35993545984857045,0.5017269919640688,-1.5941159758830814,False,False,False,False,False,True
2025-04-24,Q5,311.74,316.79,320.32,-1.59,-2.68,data/raw/spi_weekly/pbs_live/summary/2025-04-24_summary_live.pdf,2025-04-24,False,False,280.15496826171875,0.0,0.0,False,0,0,0,42.9,12.0,False,5.742169507060905,-1.5941159758830814,-2.678571428571419,0.21646259341980834,-0.6429557144649212,-0.7471049682480468,-0.13390632785251766,-0.3534273944053701,0.16680567139282232,False,False,False,False,False,True
2025-05-01,Q5,312.26,311.74,317.27,0.17,-1.58,data/raw/spi_weekly/pbs_live/summary/2025-04-30_summary_live.pdf,2025-04-30,False,False,280.5137634277344,0.0,0.0,False,0,0,0,41.9,12.0,False,5.743836174113374,0.16680567139282232,-1.5790966684527397,0.12807024920593602,-1.5941159758830814,-0.6429557144649212,0.17150519192989933,0.21646259341980834,0.26260167808878077,False,False,False,False,False,True
2025-05-08,Q5,313.08,312.26,312.43,0.26,0.21,data/raw/spi_weekly/pbs_live/summary/2025-05-08_summary_live.pdf,2025-05-08,False,False,280.2733642578125,-0.78,-0.83,False,0,0,0,40.9,11.0,True,5.746458748936638,0.26260167808878077,0.20804660243893824,-0.08569959883049094,0.16680567139282232,-1.5941159758830814,-0.7471049682480468,0.12807024920593602,1.0284911204804015,False,False,False,False,False,True
2025-05-15,Q5,316.3,313.08,309.13,1.03,2.32,data/raw/spi_weekly/pbs_live/summary/2025-05-15_summary_live.pdf,2025-05-15,False,False,280.2608947753906,0.0,0.0,False,0,0,0,39.9,11.0,False,5.756691130311603,1.0284911204804015,2.3194125448840364,-0.004449042974485895,0.26260167808878077,0.16680567139282232,-0.6429557144649212,-0.08569959883049094,-0.30034777110338196,False,False,False,False,False,True
2025-05-22,Q5,315.35,316.3,308.12,-0.3,2.35,data/raw/spi_weekly/pbs_live/summary/2025-05-22_summary_live.pdf,2025-05-22,False,False,280.7584594726562,-0.78,0.0,False,0,0,0,38.9,11.0,False,5.753683133109661,-0.30034777110338196,2.3464883811502135,0.17753625516123694,1.0284911204804015,0.26260167808878077,-1.5941159758830814,-0.004449042974485895,-0.7420326621214612,False,False,False,False,False,True
2025-05-29,Q5,313.01,315.35,308.38,-0.74,1.5,data/raw/spi_weekly/pbs_live/summary/2025-05-29_summary_live.pdf,2025-05-29,False,False,280.7929626464844,0.0,0.0,False,0,0,0,37.9,11.0,False,5.7462351389115875,-0.7420326621214612,1.5013943835527677,0.012289273097221276,-0.30034777110338196,1.0284911204804015,0.16680567139282232,0.17753625516123694,-0.0543113638541981,False,False,False,False,False,True
2025-06-05,Q5,312.84,313.01,309.41,-0.05,1.11,data/raw/spi_weekly/pbs_live/summary/2025-06-04_summary_live.pdf,2025-06-04,False,False,280.75726928710935,0.0,0.41,False,0,0,0,36.9,11.0,False,5.74569187773341,-0.0543113638541981,1.1085614556736845,-0.012711628895056837,-0.7420326621214612,-0.30034777110338196,0.26260167808878077,0.012289273097221276,-0.17580872011250248,False,False,False,False,False,True
2025-06-12,Q5,312.29,312.84,313.41,-0.18,-0.36,data/raw/spi_weekly/pbs_live/summary/2025-06-12_summary_live.pdf,2025-06-12,False,False,281.8246154785156,0.0,0.0,False,0,0,3,35.9,11.0,False,5.7439322432832505,-0.17580872011250248,-0.3573593695159749,0.3801668943840486,-0.0543113638541981,-0.7420326621214612,1.0284911204804015,-0.012711628895056837,0.41948189183131923,False,False,False,False,False,True
2025-06-19,Q5,313.6,,,,,,,True,False,282.3740661621094,,,,0,0,0,34.9,11.0,True,5.7481182884762525,0.41948189183131923,,0.19496192078922725,-0.17580872011250248,-0.0543113638541981,-0.30034777110338196,0.3801668943840486,-0.2455357142857273,False,False,False,False,False,True
2025-06-26,Q5,312.83,313.6,313.45,-0.25,-0.2,data/raw/spi_weekly/pbs_live/summary/2025-06-26_summary_live.pdf,2025-06-26,False,False,283.163671875,0.0,0.0,False,0,0,0,33.9,11.0,False,5.745659912000673,-0.2455357142857273,-0.19779869197639188,0.2796311019714226,0.41948189183131923,-0.17580872011250248,-0.7420326621214612,0.19496192078922725,0.7000607358629285,False,False,False,False,False,True
2025-07-03,Q5,315.02,312.83,317.32,0.7,-0.72,data/raw/spi_weekly/pbs_live/summary/2025-07-03_summary_live.pdf,2025-07-03,False,False,283.11436767578124,3.94,3.22,True,0,0,0,32.9,11.0,False,5.752636128873589,0.7000607358629285,-0.724820370603807,-0.01741190841758611,-0.2455357142857273,0.41948189183131923,-0.0543113638541981,0.2796311019714226,0.8793092502063393,False,False,False,False,False,True
2025-07-10,Q5,317.79,,,,,,,True,False,283.6403015136719,,,,0,0,0,31.9,11.0,False,5.761390787276515,0.8793092502063393,,0.1857672721480963,0.7000607358629285,-0.2455357142857273,-0.17580872011250248,-0.01741190841758611,0.46256962144812785,False,False,False,False,False,True
2025-07-17,Q5,319.26,317.79,320.7,0.4625696214481252,-0.4490177736202128,data/raw/spi_weekly/pbs_live/summary/2025-07-17_summary_live.xlsx,2025-07-17,False,False,284.15741577148435,4.15,2.0,True,0,0,0,30.9,11.0,False,5.766005817836333,0.46256962144812785,-0.44901777362020834,0.18231339307315242,0.8793092502063393,0.7000607358629285,0.41948189183131923,0.1857672721480963,3.025747040030069,False,False,False,False,False,True
2025-07-24,Q5,328.92,319.26,321.3,3.025747040030069,2.371615312791775,data/raw/spi_weekly/pbs_live/summary/2025-07-24_summary_live.xlsx,2025-07-24,False,False,284.1965087890625,0.0,0.0,False,0,0,0,29.9,11.0,False,5.795814560102695,3.025747040030069,2.371615312791775,0.01375752150334364,0.46256962144812785,0.8793092502063393,-0.2455357142857273,0.18231339307315242,-0.32530706554785294,False,False,False,False,False,True
2025-07-31,Q5,327.85,328.92,323.88,-0.3253070655478467,1.2257626281338787,data/raw/spi_weekly/pbs_live/summary/2025-07-31_summary_live.xlsx,2025-07-31,False,False,282.97553100585935,0.0,0.0,False,0,0,0,28.9,11.0,True,5.7925561867096285,-0.32530706554785294,1.2257626281338752,-0.42962448356793637,3.025747040030069,0.46256962144812785,0.7000607358629285,0.01375752150334364,-0.05795333231660704,False,False,False,False,False,True
2025-08-07,Q5,327.66,327.85,324.74,-0.06,0.9,data/raw/spi_weekly/pbs_live/summary/2025-08-07_summary_live.pdf,2025-08-07,False,False,281.6005432128906,0.52,-2.75,True,0,0,0,27.9,11.0,False,5.791976485392118,-0.05795333231660704,0.8991808831680714,-0.4859034235508708,-0.32530706554785294,3.025747040030069,0.8793092502063393,-0.42962448356793637,0.3051944088384273,False,False,False,False,False,True
2025-08-14,Q5,328.66,327.66,323.92,0.31,1.46,data/raw/spi_weekly/pbs_live/summary/2025-08-13_summary_live.pdf,2025-08-13,False,False,282.4434875488281,0.0,0.0,False,0,0,0,26.9,11.0,False,5.795023781753144,0.3051944088384273,1.4633242775994093,0.2993404509522568,-0.05795333231660704,-0.32530706554785294,0.46256962144812785,-0.4859034235508708,-0.015213290330440277,False,False,False,False,False,True
2025-08-21,Q5,328.61,328.66,323.77,-0.02,1.49,data/raw/spi_weekly/pbs_live/summary/2025-08-21_summary_live.pdf,2025-08-21,False,False,281.8772338867187,-4.46,0.0,True,0,0,0,25.9,11.0,False,5.794871637276455,-0.015213290330440277,1.4948883466658458,-0.20048387981028704,0.3051944088384273,-0.05795333231660704,3.025747040030069,0.2993404509522568,0.5082012111621514,False,False,False,False,False,True
2025-08-28,Q5,330.28,328.61,321.89,0.51,2.61,data/raw/spi_weekly/pbs_live/summary/2025-08-28_summary_live.pdf,2025-08-28,False,False,281.14459838867185,0.0,0.0,False,0,0,0,24.9,11.0,False,5.799940779549228,0.5082012111621514,2.6064804746963155,-0.25991297273099123,-0.015213290330440277,0.3051944088384273,-0.32530706554785294,-0.20048387981028704,0.9930967663800416,False,False,False,False,False,True
2025-09-04,Q5,333.56,330.28,321.41,0.99,3.78,data/raw/spi_weekly/pbs_live/summary/2025-09-04_summary_live.pdf,2025-09-04,False,False,281.8087585449219,-0.91,0.0,False,0,0,0,23.9,11.0,False,5.809822759218784,0.9930967663800416,3.780218412619396,0.23623436482740345,0.5082012111621514,-0.015213290330440277,-0.05795333231660704,-0.25991297273099123,0.0569612663388952,False,False,False,False,False,True
2025-09-11,Q5,333.75,333.56,320.46,0.06,4.15,data/raw/spi_weekly/pbs_live/summary/2025-09-11_summary_live.pdf,2025-09-11,False,False,281.6524353027344,0.0,0.0,False,0,0,0,22.9,11.0,False,5.810392209714459,0.0569612663388952,4.147163452536984,-0.05547139237072063,0.9930967663800416,0.5082012111621514,0.3051944088384273,0.23623436482740345,-1.231460674157303,False,False,False,False,False,True
2025-09-18,Q5,329.64,333.75,318.6,-1.23,3.47,data/raw/spi_weekly/pbs_live/summary/2025-09-18_summary_live.pdf,2025-09-18,False,False,281.54197998046874,1.06,0.0,True,0,0,0,21.9,11.0,True,5.798001149895183,-1.231460674157303,3.465160075329554,-0.039216888768212055,0.0569612663388952,0.9930967663800416,-0.015213290330440277,-0.05547139237072063,-0.20628564494600266,False,False,False,False,False,True
2025-09-25,Q5,328.96,329.64,318.72,-0.21,3.21,data/raw/spi_weekly/pbs_live/summary/2025-09-25_summary_live.pdf,2025-09-25,False,False,281.5032592773438,0.0,0.0,False,0,0,0,20.9,11.0,False,5.795936162826745,-0.20628564494600266,3.2128514056224855,-0.013753083333312155,-1.231460674157303,0.0569612663388952,0.5082012111621514,-0.039216888768212055,0.48942120622568197,False,False,False,False,False,True
2025-10-02,Q5,330.57,328.96,319.86,0.49,3.35,data/raw/spi_weekly/pbs_live/summary/2025-10-02_summary_live.pdf,2025-10-02,False,False,281.031689453125,1.45,1.72,True,0,0,0,19.9,11.0,False,5.800818437167795,0.48942120622568197,3.348339898705688,-0.16751842427307206,-0.20628564494600266,-1.231460674157303,0.9930967663800416,-0.013753083333312155,0.16335420637081377,False,False,False,False,False,True
2025-10-09,Q5,331.11,330.57,319.62,0.16,3.59,data/raw/spi_weekly/pbs_live/summary/2025-10-09_summary_live.pdf,2025-10-09,False,False,281.4290710449219,0.0,0.0,False,0,0,0,18.9,11.0,False,5.802450646452902,0.16335420637081377,3.594893936549659,0.1414009902478197,0.48942120622568197,-0.20628564494600266,0.0569612663388952,-0.16751842427307206,0.2899338588384426,False,False,False,False,False,True
2025-10-16,Q5,332.07,331.11,320.5,0.2899338588384381,3.6099843993759606,data/raw/spi_weekly/pbs_live/summary/2025-10-16_summary_live.xlsx,2025-10-16,False,False,281.635791015625,-0.55,-2.09,True,0,0,0,17.9,11.0,False,5.805345790065642,0.2899338588384426,3.609984399375965,0.0734536662952312,0.16335420637081377,0.48942120622568197,-1.231460674157303,0.1414009902478197,0.20778751468064627,False,False,False,False,False,True
2025-10-23,Q5,332.76,332.07,319.82,0.2077875146806462,4.046025889562884,data/raw/spi_weekly/pbs_live/summary/2025-10-23_summary_live.xlsx,2025-10-23,False,False,281.33897705078124,0.0,0.0,False,0,0,0,16.9,11.0,False,5.807421509415687,0.20778751468064627,4.046025889562888,-0.10538929152910104,0.2899338588384426,0.16335420637081377,-0.20628564494600266,0.0734536662952312,0.08414472893376601,False,False,False,False,False,True
2025-10-30,Q5,333.04,332.76,319.61,0.0841447289337651,4.20199618284785,data/raw/spi_weekly/pbs_live/summary/2025-10-30_summary_live.xlsx,2025-10-30,False,False,280.863916015625,0.0,0.0,False,0,0,0,15.9,11.0,True,5.80826260288672,0.08414472893376601,4.201996182847845,-0.16885717014264445,0.20778751468064627,0.2899338588384426,0.48942120622568197,-0.10538929152910104,-0.43838577948596136,False,False,False,False,False,True
2025-11-06,Q5,331.58,333.04,320.37,-0.4383857794859551,3.499079189686924,data/raw/spi_weekly/pbs_live/summary/2025-11-06_summary_live.xlsx,2025-11-06,False,False,280.808935546875,1.12,0.91,True,0,0,0,14.9,11.0,False,5.803869107811319,-0.43838577948596136,3.4990791896869267,-0.01957548321978031,0.08414472893376601,0.20778751468064627,0.16335420637081377,-0.16885717014264445,0.5820616442487436,False,False,False,False,False,True
2025-11-13,Q5,333.51,331.58,321.79,0.5820616442487392,3.6421268529164905,data/raw/spi_weekly/pbs_live/summary/2025-11-13_summary_live.xlsx,2025-11-13,False,False,281.1173522949219,0.0,0.0,False,0,0,0,13.9,11.0,False,5.809672849913634,0.5820616442487436,3.642126852916494,0.1098315292019647,-0.43838577948596136,0.08414472893376601,0.2899338588384426,-0.01957548321978031,0.08995232526760599,False,False,False,False,False,True
2025-11-20,Q5,333.81,333.51,323.74,0.0899523252676033,3.110520788286891,data/raw/spi_weekly/pbs_live/summary/2025-11-20_summary_live.xlsx,2025-11-20,False,False,280.5745788574219,2.17,0.0,True,0,0,0,12.9,11.0,False,5.810571968837719,0.08995232526760599,3.1105207882868857,-0.1930771733117953,0.5820616442487436,-0.43838577948596136,0.20778751468064627,0.1098315292019647,0.5991432251879703,False,False,False,False,False,True
2025-11-27,Q5,335.81,333.81,323.56,0.5991432251879729,3.7860056867350806,data/raw/spi_weekly/pbs_live/summary/2025-11-27_summary_live.xlsx,2025-11-27,False,False,280.56865234375,0.0,0.0,False,0,0,0,11.9,11.0,False,5.816545523830769,0.5991432251879703,3.7860056867350833,-0.0021122774900184105,0.08995232526760599,0.5820616442487436,0.08414472893376601,-0.1930771733117953,-0.530061641999946,False,False,False,False,False,True
2025-12-04,Q5,334.03,335.81,322.64,-0.53006164199995,3.530250433920145,data/raw/spi_weekly/pbs_live/summary/2025-12-04_summary_live.xlsx,2025-12-04,False,False,280.456689453125,-1.67,-0.73,True,0,0,0,10.9,11.0,False,5.811230809302375,-0.530061641999946,3.5302504339201457,-0.03990570211236388,0.5991432251879703,0.08995232526760599,-0.43838577948596136,-0.0021122774900184105,0.020956201538790964,False,False,False,False,False,True
2025-12-11,Q5,334.1,334.03,322.89,0.0209562015387945,3.471770572021441,data/raw/spi_weekly/pbs_live/summary/2025-12-11_summary_live.xlsx,2025-12-11,False,False,280.05153198242186,0.0,0.0,False,0,0,0,9.9,11.0,False,5.8114403493627105,0.020956201538790964,3.4717705720214376,-0.14446347187980768,-0.530061641999946,0.5991432251879703,0.5820616442487436,-0.03990570211236388,0.28434600419036116,False,False,False,False,False,True
2025-12-18,Q5,335.05,334.1,323.85,0.284346004190354,3.4583912305079565,data/raw/spi_weekly/pbs_live/summary/2025-12-18_summary_live.xlsx,2025-12-18,False,False,279.6886779785156,-5.0,0.0,True,0,0,0,8.9,10.5,True,5.814279774419179,0.28434600419036116,3.458391230507951,-0.1295668698320207,0.020956201538790964,-0.530061641999946,0.08995232526760599,-0.14446347187980768,-0.0656618415161958,False,False,False,False,False,True
2025-12-25,Q5,334.83,335.05,326.46,-0.0656618415162029,2.5638669362249686,data/raw/spi_weekly/pbs_live/summary/2025-12-24_summary_live.xlsx,2025-12-24,False,False,279.6449203491211,0.0,0.0,False,0,0,0,7.9,10.5,False,5.813622940335733,-0.0656618415161958,2.5638669362249678,-0.01564512003516816,0.28434600419036116,0.020956201538790964,0.5991432251879703,-0.1295668698320207,-0.7287280112295735,False,False,False,False,False,True
2026-01-01,Q5,332.39,334.83,326.14,-0.7287280112295775,1.916354939596502,data/raw/spi_weekly/pbs_live/summary/2026-01-01_summary_live.xlsx,2026-01-01,False,False,279.6135711669922,-3.2,-3.89,True,0,0,0,6.9,10.5,False,5.806308978292893,-0.7287280112295735,1.9163549395964985,-0.011210352789448041,-0.0656618415161958,0.28434600419036116,-0.530061641999946,-0.01564512003516816,0.10529799332110734,False,False,False,False,False,True
2026-01-08,Q5,332.74,332.39,324.38,0.105297993321102,2.5772242431715995,data/raw/spi_weekly/pbs_live/summary/2026-01-08_summary_live.xlsx,2026-01-08,False,False,279.451220703125,0.0,0.0,False,0,0,0,5.9,10.5,False,5.807361404231597,0.10529799332110734,2.577224243171594,-0.05806244067110278,-0.7287280112295735,-0.0656618415161958,0.020956201538790964,-0.011210352789448041,0.25846005890486357,False,False,False,False,False,True
2026-01-15,Q5,333.6,332.74,323.38,0.2584600589048591,3.1603686065928827,data/raw/spi_weekly/pbs_live/summary/2026-01-15_summary_live.xlsx,2026-01-15,False,False,279.30419921875,0.0,0.0,False,0,0,0,4.9,10.5,False,5.809942670484592,0.25846005890486357,3.160368606592878,-0.05261078624207993,0.10529799332110734,-0.7287280112295735,0.28434600419036116,-0.05806244067110278,-0.5395683453237488,False,False,False,False,False,True
2026-01-22,Q5,331.8,333.6,321.11,-0.5395683453237439,3.3290772632431214,data/raw/spi_weekly/pbs_live/summary/2026-01-22_summary_live.xlsx,2026-01-22,False,False,279.19635620117185,0.0,0.0,False,0,0,0,3.9,10.5,False,5.8045323777563445,-0.5395683453237488,3.3290772632431187,-0.038611312640413065,0.25846005890486357,0.10529799332110734,-0.0656618415161958,-0.05261078624207993,0.018083182640138418,False,False,False,False,False,True
2026-01-29,Q5,331.86,331.8,320.18,0.0180831826401401,3.647948029233561,data/raw/spi_weekly/pbs_live/summary/2026-01-29_summary_live.xlsx,2026-01-29,False,False,278.35935668945314,0.0,0.0,False,0,0,0,2.9,10.5,True,5.804713193234642,0.018083182640138418,3.647948029233561,-0.29978883790146016,-0.5395683453237488,0.25846005890486357,-0.7287280112295735,-0.038611312640413065,0.08738624721267296,False,False,False,False,False,True
2026-02-05,Q5,332.15,331.86,319.57,0.0873862472126774,3.936539725255813,data/raw/spi_weekly/pbs_live/summary/2026-02-04_summary_live.xlsx,2026-02-04,False,False,278.97703857421874,4.35,0.0,True,0,0,0,1.9,10.5,False,5.80558667411125,0.08738624721267296,3.9365397252558054,0.22190088815829956,0.018083182640138418,-0.5395683453237488,0.10529799332110734,-0.29978883790146016,-0.5780520849013926,False,False,False,False,False,True
2026-02-12,Q5,330.23,332.15,319.63,-0.5780520849013868,3.31633451177926,data/raw/spi_weekly/pbs_live/summary/2026-02-12_summary_live.xlsx,2026-02-12,False,False,279.0117980957031,0.0,0.0,False,0,0,0,0.9,10.5,False,5.799789381386913,-0.5780520849013926,3.316334511779262,0.012459635266770519,0.08738624721267296,0.018083182640138418,0.25846005890486357,0.22190088815829956,0.7782454652817794,False,False,False,False,False,True
2026-02-19,Q5,332.8,330.23,320.54,0.7782454652817847,3.824795657328252,data/raw/spi_weekly/pbs_live/summary/2026-02-19_summary_live.xlsx,2026-02-19,False,False,278.56842041015625,2.69,1.93,True,2,0,0,50.6,10.5,False,5.807541708947054,0.7782454652817794,3.8247956573282504,-0.158910013330249,-0.5780520849013926,0.08738624721267296,-0.5395683453237488,0.012459635266770519,-0.47175480769230393,False,False,False,False,False,True
2026-02-26,Q5,331.23,332.8,321.59,-0.4717548076923066,2.9976056469417784,data/raw/spi_weekly/pbs_live/summary/2026-02-26_summary_live.xlsx,2026-02-26,False,False,277.984814453125,0.0,0.0,False,7,0,0,49.6,10.5,False,5.802812998119156,-0.47175480769230393,2.997605646941781,-0.209501836630277,0.7782454652817794,-0.5780520849013926,0.018083182640138418,-0.158910013330249,0.5343718866044789,False,False,False,False,False,True
2026-03-05,Q5,333.0,331.23,321.48,0.5343718866044753,3.5834266517357207,data/raw/spi_weekly/pbs_live/summary/2026-03-05_summary_live.xlsx,2026-03-05,False,False,278.8382202148438,1.84,3.06,True,7,0,0,48.6,10.5,False,5.808142489980444,0.5343718866044789,3.5834266517357216,0.30699725932787914,-0.47175480769230393,0.7782454652817794,0.08738624721267296,-0.209501836630277,2.4864864864864833,False,False,False,False,False,True
2026-03-12,Q5,341.28,333.0,322.28,2.486486486486484,5.895494600968092,data/raw/spi_weekly/pbs_live/summary/2026-03-11_summary_live.xlsx,2026-03-11,False,False,278.3218566894531,19.54,20.6,True,7,0,0,47.6,10.5,True,5.83270325472304,2.4864864864864833,5.895494600968099,-0.18518391237499765,0.5343718866044789,-0.47175480769230393,-0.5780520849013926,0.30699725932787914,0.20218002812941727,False,False,False,False,False,True
2026-03-19,Q5,341.97,341.28,321.12,0.202180028129419,6.492899850523173,data/raw/spi_weekly/pbs_live/summary/2026-03-18_summary_live.xlsx,2026-03-18,False,False,278.7607177734375,0.0,0.0,False,7,0,0,46.6,10.5,False,5.834723013916797,0.20218002812941727,6.4928998505231705,0.157681142690147,2.4864864864864833,0.5343718866044789,0.7782454652817794,-0.18518391237499765,0.944527297716169,False,False,False,False,False,True
2026-03-26,Q5,345.2,341.97,320.69,0.9445272977161636,7.642895007639765,data/raw/spi_weekly/pbs_live/summary/2026-03-26_summary_live.xlsx,2026-03-26,False,False,278.281982421875,0.0,0.0,False,0,3,0,45.6,10.5,False,5.844123959209273,0.944527297716169,7.642895007639772,-0.1717370206915536,0.20218002812941727,2.4864864864864833,-0.47175480769230393,0.157681142690147,1.1529548088064834,False,False,False,False,False,True
2026-04-02,Q5,349.18,345.2,321.24,1.1529548088064845,8.697547005354252,data/raw/spi_weekly/pbs_live/summary/2026-04-02_summary_live.xlsx,2026-04-02,False,False,278.03447265625,0.0,0.0,False,0,0,0,44.6,10.5,False,5.855587548556628,1.1529548088064834,8.697547005354256,-0.0889420736013724,0.944527297716169,0.20218002812941727,0.5343718866044789,-0.1717370206915536,2.49727934016839,False,False,False,False,False,True
2026-04-09,Q5,357.9,349.18,318.84,2.49727934016839,12.25065863756116,data/raw/spi_weekly/pbs_live/summary/2026-04-09_summary_live.xlsx,2026-04-09,False,False,278.40264282226565,54.71,17.86,True,0,0,0,43.6,10.5,False,5.88025361777198,2.49727934016839,12.250658637561163,0.13241889126132111,1.1529548088064834,0.944527297716169,2.4864864864864833,-0.0889420736013724,-0.8410170438669984,False,False,False,False,False,True
2026-04-16,Q5,354.89,357.9,316.79,-0.8410170438669979,12.026894788345572,data/raw/spi_weekly/pbs_live/summary/2026-04-16_summary_live.xlsx,2026-04-16,False,False,278.3883972167969,-25.77,-3.1,True,0,0,0,42.6,10.5,False,5.8718078823042195,-0.8410170438669984,12.026894788345576,-0.005116907413071914,2.49727934016839,1.1529548088064834,0.20218002812941727,0.13241889126132111,-0.343768491645291,False,False,False,False,False,True
2026-04-23,Q5,353.67,354.89,311.74,-0.3437684916452923,13.450311156733193,data/raw/spi_weekly/pbs_live/summary/2026-04-23_summary_live.xlsx,2026-04-23,False,False,278.58518676757814,-8.35,0.0,True,0,0,0,41.6,10.5,False,5.868364274972146,-0.343768491645291,13.450311156733186,0.07068884793643981,-0.8410170438669984,2.49727934016839,0.944527297716169,-0.005116907413071914,0.8312833997794478,False,False,False,False,False,True
2026-04-30,Q5,356.61,353.67,312.26,0.83,14.2,data/raw/spi_weekly/pbs_live/summary/2026-04-30_summary_live.pdf,2026-04-30,False,False,278.18047485351565,7.53,7.18,True,0,0,0,40.6,11.5,True,5.876642747660643,0.8312833997794478,14.202907833215917,-0.14527402506873122,-0.343768491645291,-0.8410170438669984,1.1529548088064834,0.07068884793643981,0.8019965788957251,False,False,False,False,False,True
2026-05-07,Q5,359.47,356.61,313.08,0.8019965788957251,14.81729909288363,data/raw/spi_weekly/pbs_live/summary/2026-05-07_summary_live.xlsx,2026-05-07,False,False,278.0315246582031,5.1,1.66,True,0,0,0,39.6,11.5,False,5.884630724443972,0.8019965788957251,14.81729909288363,-0.053544446421327496,0.8312833997794478,-0.343768491645291,2.49727934016839,-0.14527402506873122,0.5174284363089976,False,False,False,False,False,True
2026-05-14,Q5,361.33,359.47,316.3,0.5174284363090038,14.236484350300344,data/raw/spi_weekly/pbs_live/summary/2026-05-14_summary_live.xlsx,2026-05-14,False,False,277.6396850585937,3.76,3.73,True,0,0,0,38.6,11.5,False,5.889791668196679,0.5174284363089976,14.236484350300337,-0.14093351467647786,0.8019965788957251,0.8312833997794478,-0.8410170438669984,-0.053544446421327496,-0.3570143636011269,False,False,False,False,False,True
2026-05-21,Q5,360.04,361.33,315.35,-0.3570143636011238,14.17155541461868,data/raw/spi_weekly/pbs_live/summary/2026-05-21_summary_live.xlsx,2026-05-21,False,False,277.92547607421875,-1.21,-1.21,True,0,0,0,37.6,11.5,False,5.886215136388884,-0.3570143636011269,14.171555414618675,0.10293593855816852,0.5174284363089976,0.8019965788957251,-0.343768491645291,-0.14093351467647786,0.0,False,False,False,False,False,True
2026-05-28,Q5,360.04,,,,,,,True,False,277.33640747070314,,,,0,0,2,36.6,11.5,False,5.886215136388884,0.0,,-0.21195199944833432,-0.3570143636011269,0.5174284363089976,0.8312833997794478,0.10293593855816852,-0.8776802577491472,False,False,False,False,False,True
2026-06-04,Q5,356.88,360.04,312.84,-0.877680257749148,14.077483697736866,data/raw/spi_weekly/pbs_live/summary/2026-06-04_summary_live.xlsx,2026-06-04,False,False,277.9414489746094,-7.01,-6.8,True,0,0,1,35.6,11.5,False,5.877399590820009,-0.8776802577491472,14.07748369773687,0.21816158557190768,0.0,-0.3570143636011269,0.8019965788957251,-0.21195199944833432,0.20174848688636615,False,False,False,False,False,True
2026-06-11,Q5,357.6,356.88,312.29,0.2017484868863732,14.508950014409676,data/raw/spi_weekly/pbs_live/summary/2026-06-11_summary_live.xlsx,2026-06-11,False,False,277.6693481445312,0.0,-1.04,True,0,0,0,34.6,11.5,False,5.8794150432993595,0.20174848688636615,14.508950014409683,-0.09789861536737554,-0.8776802577491472,0.0,0.5174284363089976,0.21816158557190768,0.39429530201340324,False,False,False,False,False,True
2026-06-18,Q5,359.01,357.6,313.6,0.3942953020134041,14.480229591836718,data/raw/spi_weekly/pbs_live/summary/2026-06-18_summary_live.xlsx,2026-06-18,False,False,277.0531982421875,-0.51,-1.06,True,0,0,0,33.6,11.5,True,5.883350243253535,0.39429530201340324,14.480229591836725,-0.22190058299954574,0.20174848688636615,-0.8776802577491472,-0.3570143636011269,-0.09789861536737554,0.0,False,False,False,False,False,True
2026-06-25,Q5,359.01,,,,,,,True,False,277.091162109375,,,,0,0,0,32.6,11.5,False,5.883350243253535,0.0,,0.013702735585940928,0.39429530201340324,0.20174848688636615,0.0,-0.22190058299954574,-2.002729728976904,False,False,False,False,False,True
2026-07-02,Q5,351.82,359.01,315.02,-2.0027297289769024,11.681797981080578,data/raw/spi_weekly/pbs_live/summary/2026-07-02_summary_live.xlsx,2026-07-02,False,False,276.75453491210936,-17.73,-19.77,True,0,0,0,31.6,11.5,False,5.863119681170759,-2.002729728976904,11.681797981080578,-0.12148608230699853,0.0,0.39429530201340324,-0.8776802577491472,0.013702735585940928,-0.5514183389233152,False,False,False,False,False,True
2026-07-09,Q5,349.88,351.82,317.79,-0.5514183389233125,10.097863368891396,data/raw/spi_weekly/pbs_live/summary/2026-07-09_summary_live.xlsx,2026-07-09,False,False,277.21002807617185,-0.63,-0.69,False,0,0,0,30.6,11.5,False,5.857590238551654,-0.5514183389233152,10.097863368891403,0.1645838122244836,-2.002729728976904,0.0,0.20174848688636615,-0.12148608230699853,1.577683777295058,False,False,False,False,False,True
2026-07-16,Q5,355.4,349.88,319.26,1.5776837772950645,11.319927331955142,data/raw/spi_weekly/pbs_live/summary/2026-07-16_summary_live.xlsx,2026-07-16,False,False,277.0631408691406,4.41,4.4,True,0,0,0,29.6,11.5,False,5.8732439157205505,1.577683777295058,11.31992733195515,-0.05298769602622988,-0.5514183389233152,-2.002729728976904,0.39429530201340324,0.1645838122244836,0.9819921215531879,False,False,False,False,False,True
2026-07-23,Q5,358.89,355.4,328.92,0.9819921215531906,9.111638088288942,data/raw/spi_weekly/pbs_live/summary/2026-07-23_summary_live.xlsx,2026-07-23,False,False,277.11009521484374,15.87,5.23,True,0,0,0,28.6,11.5,False,5.883015934850922,0.9819921215531879,9.111638088288942,0.0169471643018948,1.577683777295058,-0.5514183389233152,0.0,-0.05298769602622988,-0.6826604251999213,False,False,False,False,False,True
2026-07-30,Q5,356.44,358.89,327.85,-0.6826604251999271,8.72045142595698,data/raw/spi_weekly/pbs_live/summary/2026-07-30_summary_live.xlsx,2026-07-30,False,False,277.20325927734376,4.17,2.46,True,0,0,0,27.6,11.5,True,5.876165922744519,-0.6826604251999213,8.720451425956988,0.03361987315106951,0.9819921215531879,1.577683777295058,-2.002729728976904,0.0169471643018948,0.20199753114129582,False,False,False,False,False,True
2026-08-06,Q5,357.16,356.44,327.66,0.201997531141302,9.003235060733687,data/raw/spi_weekly/pbs_live/summary/2026-08-06_summary_live.xlsx,2026-08-06,False,False,276.63751831054685,-1.66,-0.63,True,0,0,0,26.6,11.5,False,5.878183860649016,0.20199753114129582,9.003235060733683,-0.20408885821608935,-0.6826604251999213,0.9819921215531879,-0.5514183389233152,0.03361987315106951,0.04199798409676436,False,False,False,False,False,True
2026-08-13,Q5,357.31,357.16,328.66,0.041997984096767,8.717215359337914,data/raw/spi_weekly/pbs_live/summary/2026-08-13_summary_live.xlsx,2026-08-13,False,False,276.48651733398435,-0.29,-2.35,True,0,0,0,25.6,11.5,False,5.8786037523231345,0.04199798409676436,8.717215359337915,-0.05458441699617289,0.20199753114129582,-0.6826604251999213,1.577683777295058,-0.20408885821608935,0.545744591531161,False,False,False,False,False,True
2026-08-20,Q5,359.26,357.31,328.61,0.545744591531161,9.327165941389495,data/raw/spi_weekly/pbs_live/summary/2026-08-20_summary_live.xlsx,2026-08-20,False,False,276.41481323242186,-5.15,3.77,True,0,0,0,24.6,11.5,False,5.884046360340689,0.545744591531161,9.327165941389492,-0.02593403188476673,0.04199798409676436,0.20199753114129582,0.9819921215531879,-0.05458441699617289,0.12525747369591667,False,False,False,False,False,True
2026-08-27,Q5,359.71,359.26,330.28,0.1252574736959104,8.910621291025805,data/raw/spi_weekly/pbs_live/summary/2026-08-27_summary_live.xlsx,2026-08-27,False,False,276.7794189453125,2.44,1.71,True,0,0,0,23.6,11.5,False,5.885298151260371,0.12525747369591667,8.9106212910258,0.1319052725962555,0.545744591531161,0.04199798409676436,-0.6826604251999213,-0.02593403188476673,0.583803619582457,False,False,False,False,False,True
2026-09-03,Q5,361.81,359.71,333.56,0.5838036195824543,8.469240916177,data/raw/spi_weekly/pbs_live/summary/2026-09-03_summary_live.xlsx,2026-09-03,False,False,276.7824951171875,0.09,0.9,False,0,0,0,22.6,11.5,False,5.891119212159107,0.583803619582457,8.469240916177,0.001111416407595378,0.12525747369591667,0.545744591531161,0.20199753114129582,0.1319052725962555,0.46985987120311545,False,False,False,False,False,True
2026-09-10,Q5,363.51,361.81,333.75,0.4698598712031128,8.91685393258426,data/raw/spi_weekly/pbs_live/summary/2026-09-10_summary_live.xlsx,2026-09-10,False,False,273.6826477050781,5.49,6.18,True,0,0,0,21.6,11.5,False,5.895806806911541,0.46985987120311545,8.916853932584257,-1.1199578971917812,0.583803619582457,0.12525747369591667,0.04199798409676436,0.001111416407595378,0.7730186239718329,False,False,False,False,False,True
2026-09-17,Q5,366.32,363.51,329.64,0.7730186239718364,11.127290377381383,data/raw/spi_weekly/pbs_live/summary/2026-09-17_summary_live.xlsx,2026-09-17,False,False,273.71156005859376,7.29,6.4,True,0,0,0,20.6,11.5,True,5.90350726834884,0.7730186239718329,11.127290377381382,0.010564189493944554,0.46985987120311545,0.583803619582457,0.545744591531161,-1.1199578971917812,0.8544442017907938,False,False,False,False,False,True
2026-09-24,Q5,369.45,366.32,328.96,0.8544442017907983,12.3084873540856,data/raw/spi_weekly/pbs_live/summary/2026-09-24_summary_live.xlsx,2026-09-24,False,False,270.28033447265625,-1.57,-0.34,True,0,0,0,19.6,11.5,False,5.9120154132346565,0.8544442017907938,12.308487354085607,-1.2535917683575315,0.7730186239718329,0.46985987120311545,0.12525747369591667,0.010564189493944554,0.2084179185275481,False,False,False,False,False,True
2026-10-01,Q5,370.22,369.45,330.57,0.2084179185275445,11.994433856671831,data/raw/spi_weekly/pbs_live/summary/2026-10-01_summary_live.xlsx,2026-10-01,False,False,270.23224487304685,-3.43,-0.65,True,0,0,0,18.6,11.5,False,5.9140974235315396,0.2084179185275481,11.994433856671826,-0.01779248930678934,0.8544442017907938,0.7730186239718329,0.583803619582457,-1.2535917683575315,,False,False,False,False,False,True
