week_date,kind,ext,source,folder,url,fetch_url,wayback_ts
2013-01-03,annex,pdf,wayback,weekly_spi,http://pbs.gov.pk/sites/default/files/price_statistics/weekly_spi/spi_annex_03-01-2013.pdf,https://web.archive.org/web/20140823161241id_/http://pbs.gov.pk/sites/default/files/price_statistics/weekly_spi/spi_annex_03-01-2013.pdf,20140823161241
2013-01-03,summary,pdf,wayback,weekly_spi,http://pbs.gov.pk/sites/default/files/price_statistics/weekly_spi/spi_report_03-01-2013_0.pdf,https://web.archive.org/web/20140823161230id_/http://pbs.gov.pk/sites/default/files/price_statistics/weekly_spi/spi_report_03-01-2013_0.pdf,20140823161230
2013-01-10,annex,pdf,wayback,weekly_spi,http://pbs.gov.pk/sites/default/files/price_statistics/weekly_spi/spi_annex_10-01-2013.pdf,https://web.archive.org/web/20140823143017id_/http://pbs.gov.pk/sites/default/files/price_statistics/weekly_spi/spi_annex_10-01-2013.pdf,20140823143017
2013-01-10,summary,pdf,wayback,weekly_spi,http://pbs.gov.pk/sites/default/files/price_statistics/weekly_spi/spi_report_10-01-2013.pdf,https://web.archive.org/web/20140823161311id_/http://pbs.gov.pk/sites/default/files/price_statistics/weekly_spi/spi_report_10-01-2013.pdf,20140823161311
2013-01-17,annex,pdf,wayback,weekly_spi,http://pbs.gov.pk/sites/default/files/price_statistics/weekly_spi/spi_annex_17-01-2013.pdf,https://web.archive.org/web/20140823161947id_/http://pbs.gov.pk/sites/default/files/price_statistics/weekly_spi/spi_annex_17-01-2013.pdf,20140823161947
2013-01-17,summary,pdf,wayback,weekly_spi,http://pbs.gov.pk/sites/default/files/price_statistics/weekly_spi/spi_report_17-01-2013_0.pdf,https://web.archive.org/web/20140823142838id_/http://pbs.gov.pk/sites/default/files/price_statistics/weekly_spi/spi_report_17-01-2013_0.pdf,20140823142838
2013-01-24,annex,pdf,wayback,weekly_spi,http://pbs.gov.pk/sites/default/files/price_statistics/weekly_spi/spi_annex_24-01-2013_1.pdf,https://web.archive.org/web/20140823144353id_/http://pbs.gov.pk/sites/default/files/price_statistics/weekly_spi/spi_annex_24-01-2013_1.pdf,20140823144353
2013-01-31,annex,pdf,wayback,weekly_spi,http://pbs.gov.pk/sites/default/files/price_statistics/weekly_spi/spi_annex_31-01-2013.pdf,https://web.archive.org/web/20140823222734id_/http://pbs.gov.pk/sites/default/files/price_statistics/weekly_spi/spi_annex_31-01-2013.pdf,20140823222734
2013-01-31,summary,pdf,wayback,weekly_spi,http://pbs.gov.pk/sites/default/files/price_statistics/weekly_spi/spi_report_31-01-2013.pdf,https://web.archive.org/web/20140823222628id_/http://pbs.gov.pk/sites/default/files/price_statistics/weekly_spi/spi_report_31-01-2013.pdf,20140823222628
2013-02-07,annex,pdf,wayback,weekly_spi,http://pbs.gov.pk/sites/default/files/price_statistics/weekly_spi/spi_annex_07-02-2013.pdf,https://web.archive.org/web/20140823205538id_/http://pbs.gov.pk/sites/default/files/price_statistics/weekly_spi/spi_annex_07-02-2013.pdf,20140823205538
2013-02-07,summary,pdf,wayback,weekly_spi,http://pbs.gov.pk/sites/default/files/price_statistics/weekly_spi/spi_report_07-02-2013.pdf,https://web.archive.org/web/20140823161253id_/http://pbs.gov.pk/sites/default/files/price_statistics/weekly_spi/spi_report_07-02-2013.pdf,20140823161253
2013-02-07,summary,pdf,wayback,weekly_spi,http://pbs.gov.pk/sites/default/files/price_statistics/weekly_spi/spi_report_07-02-2013_0.pdf,https://web.archive.org/web/20140823213201id_/http://pbs.gov.pk/sites/default/files/price_statistics/weekly_spi/spi_report_07-02-2013_0.pdf,20140823213201
2013-02-14,annex,pdf,wayback,weekly_spi,http://pbs.gov.pk/sites/default/files/price_statistics/weekly_spi/spi_annex_14-02-2013.pdf,https://web.archive.org/web/20140823222710id_/http://pbs.gov.pk/sites/default/files/price_statistics/weekly_spi/spi_annex_14-02-2013.pdf,20140823222710
2013-02-14,summary,pdf,wayback,weekly_spi,http://pbs.gov.pk/sites/default/files/price_statistics/weekly_spi/spi_report_14-02-2013.pdf,https://web.archive.org/web/20140823205223id_/http://pbs.gov.pk/sites/default/files/price_statistics/weekly_spi/spi_report_14-02-2013.pdf,20140823205223
2013-02-21,annex,pdf,wayback,weekly_spi,http://pbs.gov.pk/sites/default/files/price_statistics/weekly_spi/spi_annex_21-02-2013.pdf,https://web.archive.org/web/20140823222641id_/http://pbs.gov.pk/sites/default/files/price_statistics/weekly_spi/spi_annex_21-02-2013.pdf,20140823222641
2013-02-21,summary,pdf,wayback,weekly_spi,http://pbs.gov.pk/sites/default/files/price_statistics/weekly_spi/spi_report_21-02-2013.pdf,https://web.archive.org/web/20140823222317id_/http://pbs.gov.pk/sites/default/files/price_statistics/weekly_spi/spi_report_21-02-2013.pdf,20140823222317
2013-02-28,annex,pdf,wayback,weekly_spi,http://pbs.gov.pk/sites/default/files/price_statistics/weekly_spi/spi_annex_28-02-2013.pdf,https://web.archive.org/web/20140823204938id_/http://pbs.gov.pk/sites/default/files/price_statistics/weekly_spi/spi_annex_28-02-2013.pdf,20140823204938
2013-02-28,summary,pdf,wayback,weekly_spi,http://pbs.gov.pk/sites/default/files/price_statistics/weekly_spi/spi_report_28-02-2013.pdf,https://web.archive.org/web/20140823222722id_/http://pbs.gov.pk/sites/default/files/price_statistics/weekly_spi/spi_report_28-02-2013.pdf,20140823222722
2013-03-07,annex,pdf,wayback,weekly_spi,http://pbs.gov.pk/sites/default/files/price_statistics/weekly_spi/spi_annex_07-03-2013.pdf,https://web.archive.org/web/20140823211045id_/http://pbs.gov.pk/sites/default/files/price_statistics/weekly_spi/spi_annex_07-03-2013.pdf,20140823211045
2013-03-07,summary,pdf,wayback,weekly_spi,http://pbs.gov.pk/sites/default/files/price_statistics/weekly_spi/spi_report_07-03-2013.pdf,https://web.archive.org/web/20140823212609id_/http://pbs.gov.pk/sites/default/files/price_statistics/weekly_spi/spi_report_07-03-2013.pdf,20140823212609
2013-03-14,annex,pdf,wayback,weekly_spi,http://pbs.gov.pk/sites/default/files/price_statistics/weekly_spi/spi_annex_14-03-2013.pdf,https://web.archive.org/web/20140823213537id_/http://pbs.gov.pk/sites/default/files/price_statistics/weekly_spi/spi_annex_14-03-2013.pdf,20140823213537
2013-03-14,summary,pdf,wayback,weekly_spi,http://pbs.gov.pk/sites/default/files/price_statistics/weekly_spi/spi_report_14-03-2013.pdf,https://web.archive.org/web/20140823222551id_/http://pbs.gov.pk/sites/default/files/price_statistics/weekly_spi/spi_report_14-03-2013.pdf,20140823222551
2013-03-21,annex,pdf,wayback,weekly_spi,http://pbs.gov.pk/sites/default/files/price_statistics/weekly_spi/spi_annex_21-03-2013.pdf,https://web.archive.org/web/20140823222754id_/http://pbs.gov.pk/sites/default/files/price_statistics/weekly_spi/spi_annex_21-03-2013.pdf,20140823222754
2013-03-21,summary,pdf,wayback,weekly_spi,http://pbs.gov.pk/sites/default/files/price_statistics/weekly_spi/spi_report_21-03-2013.pdf,https://web.archive.org/web/20140823222603id_/http://pbs.gov.pk/sites/default/files/price_statistics/weekly_spi/spi_report_21-03-2013.pdf,20140823222603
2013-03-25,annex,pdf,wayback,weekly_spi,http://pbs.gov.pk/sites/default/files/price_statistics/weekly_spi/spi_annex_25-03-2013.pdf,https://web.archive.org/web/20140823104210id_/http://pbs.gov.pk/sites/default/files/price_statistics/weekly_spi/spi_annex_25-03-2013.pdf,20140823104210
2013-03-25,summary,pdf,wayback,weekly_spi,http://pbs.gov.pk/sites/default/files/price_statistics/weekly_spi/spi_report_25-03-2013.pdf,https://web.archive.org/web/20140823101420id_/http://pbs.gov.pk/sites/default/files/price_statistics/weekly_spi/spi_report_25-03-2013.pdf,20140823101420
2013-03-28,annex,pdf,wayback,weekly_spi,http://pbs.gov.pk/sites/default/files/price_statistics/weekly_spi/spi_annex_28-03-2013_0.pdf,https://web.archive.org/web/20140823213321id_/http://pbs.gov.pk/sites/default/files/price_statistics/weekly_spi/spi_annex_28-03-2013_0.pdf,20140823213321
2013-03-28,summary,pdf,wayback,weekly_spi,http://pbs.gov.pk/sites/default/files/price_statistics/weekly_spi/spi_report_28-03-2013_0.pdf,https://web.archive.org/web/20140823222616id_/http://pbs.gov.pk/sites/default/files/price_statistics/weekly_spi/spi_report_28-03-2013_0.pdf,20140823222616
2013-04-04,annex,pdf,wayback,weekly_spi,http://pbs.gov.pk/sites/default/files/price_statistics/weekly_spi/spi_annex_04-04-2013.pdf,https://web.archive.org/web/20140823222330id_/http://pbs.gov.pk/sites/default/files/price_statistics/weekly_spi/spi_annex_04-04-2013.pdf,20140823222330
2013-04-04,summary,pdf,wayback,weekly_spi,http://pbs.gov.pk/sites/default/files/price_statistics/weekly_spi/spi_report_04-04-2013.pdf,https://web.archive.org/web/20140823213444id_/http://pbs.gov.pk/sites/default/files/price_statistics/weekly_spi/spi_report_04-04-2013.pdf,20140823213444
2013-04-11,annex,pdf,wayback,weekly_spi,http://pbs.gov.pk/sites/default/files/price_statistics/weekly_spi/spi_annex_11-04-2013_0.pdf,https://web.archive.org/web/20140823212326id_/http://pbs.gov.pk/sites/default/files/price_statistics/weekly_spi/spi_annex_11-04-2013_0.pdf,20140823212326
2013-04-11,summary,pdf,wayback,weekly_spi,http://pbs.gov.pk/sites/default/files/price_statistics/weekly_spi/spi_report_11-04-2013_0.pdf,https://web.archive.org/web/20140823222539id_/http://pbs.gov.pk/sites/default/files/price_statistics/weekly_spi/spi_report_11-04-2013_0.pdf,20140823222539
2013-04-18,annex,pdf,wayback,weekly_spi,http://pbs.gov.pk/sites/default/files/price_statistics/weekly_spi/spi_annex_18-04-2013.pdf,https://web.archive.org/web/20140823205612id_/http://pbs.gov.pk/sites/default/files/price_statistics/weekly_spi/spi_annex_18-04-2013.pdf,20140823205612
2013-04-18,summary,pdf,wayback,weekly_spi,http://pbs.gov.pk/sites/default/files/price_statistics/weekly_spi/spi_report_18-04-2013.pdf,https://web.archive.org/web/20140823222652id_/http://pbs.gov.pk/sites/default/files/price_statistics/weekly_spi/spi_report_18-04-2013.pdf,20140823222652
2013-05-02,annex,pdf,wayback,weekly_spi,http://pbs.gov.pk/sites/default/files/price_statistics/weekly_spi/spi_annex_02-05-2013_0.pdf,https://web.archive.org/web/20140823104732id_/http://pbs.gov.pk/sites/default/files/price_statistics/weekly_spi/spi_annex_02-05-2013_0.pdf,20140823104732
2013-05-02,summary,pdf,wayback,weekly_spi,http://pbs.gov.pk/sites/default/files/price_statistics/weekly_spi/spi_report_02-05-2013_0.pdf,https://web.archive.org/web/20140823101704id_/http://pbs.gov.pk/sites/default/files/price_statistics/weekly_spi/spi_report_02-05-2013_0.pdf,20140823101704
2013-05-09,annex,pdf,wayback,weekly_spi,http://pbs.gov.pk/sites/default/files/price_statistics/weekly_spi/spi_annex_09-05-2013.pdf,https://web.archive.org/web/20140823105659id_/http://pbs.gov.pk/sites/default/files/price_statistics/weekly_spi/spi_annex_09-05-2013.pdf,20140823105659
2013-05-09,summary,pdf,wayback,weekly_spi,http://pbs.gov.pk/sites/default/files/price_statistics/weekly_spi/spi_report_09-05-2013_0.pdf,https://web.archive.org/web/20140823101206id_/http://pbs.gov.pk/sites/default/files/price_statistics/weekly_spi/spi_report_09-05-2013_0.pdf,20140823101206
2013-05-16,annex,pdf,wayback,weekly_spi,http://pbs.gov.pk/sites/default/files/price_statistics/weekly_spi/spi_annex_16-05-2013.pdf,https://web.archive.org/web/20140823103953id_/http://pbs.gov.pk/sites/default/files/price_statistics/weekly_spi/spi_annex_16-05-2013.pdf,20140823103953
2013-05-16,summary,pdf,wayback,weekly_spi,http://pbs.gov.pk/sites/default/files/price_statistics/weekly_spi/spi_report_16-05-2013.pdf,https://web.archive.org/web/20140823101919id_/http://pbs.gov.pk/sites/default/files/price_statistics/weekly_spi/spi_report_16-05-2013.pdf,20140823101919
2013-05-23,annex,pdf,wayback,weekly_spi,http://pbs.gov.pk/sites/default/files/price_statistics/weekly_spi/spi_annex_23-05-2013.pdf,https://web.archive.org/web/20140823104544id_/http://pbs.gov.pk/sites/default/files/price_statistics/weekly_spi/spi_annex_23-05-2013.pdf,20140823104544
2013-05-23,summary,pdf,wayback,weekly_spi,http://pbs.gov.pk/sites/default/files/price_statistics/weekly_spi/spi_report_23-05-2013.pdf,https://web.archive.org/web/20140823101037id_/http://pbs.gov.pk/sites/default/files/price_statistics/weekly_spi/spi_report_23-05-2013.pdf,20140823101037
2013-05-30,annex,pdf,wayback,weekly_spi,http://pbs.gov.pk/sites/default/files/price_statistics/weekly_spi/spi_annex_30-05-2013.pdf,https://web.archive.org/web/20140823101547id_/http://pbs.gov.pk/sites/default/files/price_statistics/weekly_spi/spi_annex_30-05-2013.pdf,20140823101547
2013-05-31,summary,pdf,wayback,weekly_spi,http://pbs.gov.pk/sites/default/files/price_statistics/weekly_spi/spi_report_31-05-2013.pdf,https://web.archive.org/web/20140823103955id_/http://pbs.gov.pk/sites/default/files/price_statistics/weekly_spi/spi_report_31-05-2013.pdf,20140823103955
2013-06-03,summary,pdf,wayback,weekly_spi,http://pbs.gov.pk/sites/default/files/price_statistics/weekly_spi/spi_report_03-06-2013.pdf,https://web.archive.org/web/20140823101557id_/http://pbs.gov.pk/sites/default/files/price_statistics/weekly_spi/spi_report_03-06-2013.pdf,20140823101557
2013-06-06,annex,pdf,wayback,weekly_spi,http://pbs.gov.pk/sites/default/files/price_statistics/weekly_spi/spi_annex_06-06-2013.pdf,https://web.archive.org/web/20140823105420id_/http://pbs.gov.pk/sites/default/files/price_statistics/weekly_spi/spi_annex_06-06-2013.pdf,20140823105420
2013-06-06,summary,pdf,wayback,weekly_spi,http://pbs.gov.pk/sites/default/files/price_statistics/weekly_spi/spi_report_06-06-2013.pdf,https://web.archive.org/web/20140823103826id_/http://pbs.gov.pk/sites/default/files/price_statistics/weekly_spi/spi_report_06-06-2013.pdf,20140823103826
2013-06-13,annex,pdf,wayback,weekly_spi,http://pbs.gov.pk/sites/default/files/price_statistics/weekly_spi/spi_annex_13-06-2013.pdf,https://web.archive.org/web/20140823101606id_/http://pbs.gov.pk/sites/default/files/price_statistics/weekly_spi/spi_annex_13-06-2013.pdf,20140823101606
2013-06-20,annex,pdf,wayback,weekly_spi,http://pbs.gov.pk/sites/default/files/price_statistics/weekly_spi/Annex%20_%2020_06_13.pdf,https://web.archive.org/web/20140823161927id_/http://pbs.gov.pk/sites/default/files/price_statistics/weekly_spi/Annex%20_%2020_06_13.pdf,20140823161927
2013-06-20,summary,pdf,wayback,weekly_spi,http://pbs.gov.pk/sites/default/files/price_statistics/weekly_spi/SPI%20Report_20_06_2013.pdf,https://web.archive.org/web/20140823105528id_/http://pbs.gov.pk/sites/default/files/price_statistics/weekly_spi/SPI%20Report_20_06_2013.pdf,20140823105528
2013-06-27,annex,pdf,wayback,weekly_spi,http://pbs.gov.pk/sites/default/files/price_statistics/weekly_spi/spi_annex_27-06-2013.pdf,https://web.archive.org/web/20140823101052id_/http://pbs.gov.pk/sites/default/files/price_statistics/weekly_spi/spi_annex_27-06-2013.pdf,20140823101052
2013-06-27,summary,pdf,wayback,weekly_spi,http://pbs.gov.pk/sites/default/files/price_statistics/weekly_spi/spi_report_27-06-2013.pdf,https://web.archive.org/web/20140823104552id_/http://pbs.gov.pk/sites/default/files/price_statistics/weekly_spi/spi_report_27-06-2013.pdf,20140823104552
2013-07-04,annex,pdf,wayback,weekly_spi,http://pbs.gov.pk/sites/default/files/price_statistics/weekly_spi/spi_annex_04-07-2013.pdf,https://web.archive.org/web/20140823105127id_/http://pbs.gov.pk/sites/default/files/price_statistics/weekly_spi/spi_annex_04-07-2013.pdf,20140823105127
2013-07-04,summary,pdf,wayback,weekly_spi,http://pbs.gov.pk/sites/default/files/price_statistics/weekly_spi/spi_report_04-07-2013.pdf,https://web.archive.org/web/20140823100956id_/http://pbs.gov.pk/sites/default/files/price_statistics/weekly_spi/spi_report_04-07-2013.pdf,20140823100956
2013-07-11,annex,pdf,wayback,weekly_spi,http://pbs.gov.pk/sites/default/files/price_statistics/weekly_spi/spi_annex_11-07-2013.pdf,https://web.archive.org/web/20140823102838id_/http://pbs.gov.pk/sites/default/files/price_statistics/weekly_spi/spi_annex_11-07-2013.pdf,20140823102838
2013-07-11,summary,pdf,wayback,weekly_spi,http://pbs.gov.pk/sites/default/files/price_statistics/weekly_spi/spi_report_11-07-2013.pdf,https://web.archive.org/web/20140823105850id_/http://pbs.gov.pk/sites/default/files/price_statistics/weekly_spi/spi_report_11-07-2013.pdf,20140823105850
2013-07-18,annex,pdf,wayback,weekly_spi,http://pbs.gov.pk/sites/default/files/price_statistics/weekly_spi/spi_annex_18-07-2013.pdf,https://web.archive.org/web/20140824022152id_/http://pbs.gov.pk/sites/default/files/price_statistics/weekly_spi/spi_annex_18-07-2013.pdf,20140824022152
2013-07-18,summary,pdf,wayback,weekly_spi,http://pbs.gov.pk/sites/default/files/price_statistics/weekly_spi/spi_report_18-07-2013_0.pdf,https://web.archive.org/web/20140824043247id_/http://pbs.gov.pk/sites/default/files/price_statistics/weekly_spi/spi_report_18-07-2013_0.pdf,20140824043247
2013-07-25,annex,pdf,wayback,weekly_spi,http://pbs.gov.pk/sites/default/files/price_statistics/weekly_spi/spi_annex_25-07-2013.pdf,https://web.archive.org/web/20140824021545id_/http://pbs.gov.pk/sites/default/files/price_statistics/weekly_spi/spi_annex_25-07-2013.pdf,20140824021545
2013-07-25,summary,pdf,wayback,weekly_spi,http://pbs.gov.pk/sites/default/files/price_statistics/weekly_spi/spi_report_25-07-2013.pdf,https://web.archive.org/web/20140824022128id_/http://pbs.gov.pk/sites/default/files/price_statistics/weekly_spi/spi_report_25-07-2013.pdf,20140824022128
2013-08-07,annex,pdf,wayback,weekly_spi,http://pbs.gov.pk/sites/default/files/price_statistics/weekly_spi/spi_annex_07-08-2013.pdf,https://web.archive.org/web/20140824022054id_/http://pbs.gov.pk/sites/default/files/price_statistics/weekly_spi/spi_annex_07-08-2013.pdf,20140824022054
2013-08-07,summary,pdf,wayback,weekly_spi,http://pbs.gov.pk/sites/default/files/price_statistics/weekly_spi/spi_report_07-08-2013.pdf,https://web.archive.org/web/20140824043737id_/http://pbs.gov.pk/sites/default/files/price_statistics/weekly_spi/spi_report_07-08-2013.pdf,20140824043737
2013-08-15,annex,pdf,wayback,weekly_spi,http://pbs.gov.pk/sites/default/files/price_statistics/weekly_spi/spi_annex_15-08-2013.pdf,https://web.archive.org/web/20140824021524id_/http://pbs.gov.pk/sites/default/files/price_statistics/weekly_spi/spi_annex_15-08-2013.pdf,20140824021524
2013-08-15,summary,pdf,wayback,weekly_spi,http://pbs.gov.pk/sites/default/files/price_statistics/weekly_spi/spi_report_15-08-2013.pdf,https://web.archive.org/web/20140824022252id_/http://pbs.gov.pk/sites/default/files/price_statistics/weekly_spi/spi_report_15-08-2013.pdf,20140824022252
2013-08-22,annex,pdf,wayback,weekly_spi,http://pbs.gov.pk/sites/default/files/price_statistics/weekly_spi/spi_annex_22-08-2013.pdf,https://web.archive.org/web/20140824021524id_/http://pbs.gov.pk/sites/default/files/price_statistics/weekly_spi/spi_annex_22-08-2013.pdf,20140824021524
2013-08-22,summary,pdf,wayback,weekly_spi,http://pbs.gov.pk/sites/default/files/price_statistics/weekly_spi/spi_report_22-08-2013.pdf,https://web.archive.org/web/20140824022250id_/http://pbs.gov.pk/sites/default/files/price_statistics/weekly_spi/spi_report_22-08-2013.pdf,20140824022250
2013-08-29,annex,pdf,wayback,weekly_spi,http://www.pbs.gov.pk:80/sites/default/files/price_statistics/weekly_spi/spi_annex_29-08-2013.pdf,https://web.archive.org/web/20130903105351id_/http://www.pbs.gov.pk:80/sites/default/files/price_statistics/weekly_spi/spi_annex_29-08-2013.pdf,20130903105351
2013-08-29,summary,pdf,wayback,weekly_spi,http://pbs.gov.pk/sites/default/files/price_statistics/weekly_spi/spi_report_29-08-2013.pdf,https://web.archive.org/web/20140824043725id_/http://pbs.gov.pk/sites/default/files/price_statistics/weekly_spi/spi_report_29-08-2013.pdf,20140824043725
2013-09-05,annex,pdf,wayback,weekly_spi,http://pbs.gov.pk/sites/default/files/price_statistics/weekly_spi/spi_annex_05-09-2013.pdf,https://web.archive.org/web/20140824043801id_/http://pbs.gov.pk/sites/default/files/price_statistics/weekly_spi/spi_annex_05-09-2013.pdf,20140824043801
2013-09-05,summary,pdf,wayback,weekly_spi,http://pbs.gov.pk/sites/default/files/price_statistics/weekly_spi/spi_report_05-09-2013.pdf,https://web.archive.org/web/20140824021122id_/http://pbs.gov.pk/sites/default/files/price_statistics/weekly_spi/spi_report_05-09-2013.pdf,20140824021122
2013-09-12,annex,pdf,wayback,weekly_spi,http://pbs.gov.pk/sites/default/files/price_statistics/weekly_spi/spi_annex_12-09-2013.pdf,https://web.archive.org/web/20140824021646id_/http://pbs.gov.pk/sites/default/files/price_statistics/weekly_spi/spi_annex_12-09-2013.pdf,20140824021646
2013-09-12,summary,pdf,wayback,weekly_spi,http://pbs.gov.pk/sites/default/files/price_statistics/weekly_spi/spi_report_12-09-2013.pdf,https://web.archive.org/web/20140824022046id_/http://pbs.gov.pk/sites/default/files/price_statistics/weekly_spi/spi_report_12-09-2013.pdf,20140824022046
2013-09-19,annex,pdf,wayback,weekly_spi,http://pbs.gov.pk/sites/default/files/price_statistics/weekly_spi/spi_annex_19-09-2013.pdf,https://web.archive.org/web/20140824022130id_/http://pbs.gov.pk/sites/default/files/price_statistics/weekly_spi/spi_annex_19-09-2013.pdf,20140824022130
2013-09-19,summary,pdf,wayback,weekly_spi,http://pbs.gov.pk/sites/default/files/price_statistics/weekly_spi/spi_report_19-09-2013.pdf,https://web.archive.org/web/20140824021606id_/http://pbs.gov.pk/sites/default/files/price_statistics/weekly_spi/spi_report_19-09-2013.pdf,20140824021606
2013-09-26,annex,pdf,wayback,weekly_spi,http://pbs.gov.pk/sites/default/files/price_statistics/weekly_spi/spi_annex_26-09-2013.pdf,https://web.archive.org/web/20140824043704id_/http://pbs.gov.pk/sites/default/files/price_statistics/weekly_spi/spi_annex_26-09-2013.pdf,20140824043704
2013-09-26,summary,pdf,wayback,weekly_spi,http://pbs.gov.pk/sites/default/files/price_statistics/weekly_spi/spi_report_26-09-2013.pdf,https://web.archive.org/web/20140824043819id_/http://pbs.gov.pk/sites/default/files/price_statistics/weekly_spi/spi_report_26-09-2013.pdf,20140824043819
2013-10-03,annex,pdf,wayback,weekly_spi,http://pbs.gov.pk/sites/default/files/price_statistics/weekly_spi/spi_annex_03-10_2013.pdf,https://web.archive.org/web/20140824021835id_/http://pbs.gov.pk/sites/default/files/price_statistics/weekly_spi/spi_annex_03-10_2013.pdf,20140824021835
2013-10-03,summary,pdf,wayback,weekly_spi,http://pbs.gov.pk/sites/default/files/price_statistics/weekly_spi/spi_report_03-10_2013.pdf,https://web.archive.org/web/20140824021252id_/http://pbs.gov.pk/sites/default/files/price_statistics/weekly_spi/spi_report_03-10_2013.pdf,20140824021252
2013-10-10,annex,pdf,wayback,weekly_spi,http://pbs.gov.pk/sites/default/files/price_statistics/weekly_spi/spi_annex_10-10_2013.pdf,https://web.archive.org/web/20140824021211id_/http://pbs.gov.pk/sites/default/files/price_statistics/weekly_spi/spi_annex_10-10_2013.pdf,20140824021211
2013-10-10,summary,pdf,wayback,weekly_spi,http://pbs.gov.pk/sites/default/files/price_statistics/weekly_spi/spi_report_10-10_2013.pdf,https://web.archive.org/web/20140824043749id_/http://pbs.gov.pk/sites/default/files/price_statistics/weekly_spi/spi_report_10-10_2013.pdf,20140824043749
2013-10-14,annex,pdf,wayback,weekly_spi,http://pbs.gov.pk/sites/default/files/price_statistics/weekly_spi/spi_annex_14-10_2013_0.pdf,https://web.archive.org/web/20140823164937id_/http://pbs.gov.pk/sites/default/files/price_statistics/weekly_spi/spi_annex_14-10_2013_0.pdf,20140823164937
2013-10-14,summary,pdf,wayback,weekly_spi,http://pbs.gov.pk/sites/default/files/price_statistics/weekly_spi/spi_report_14-10_2013.pdf,https://web.archive.org/web/20140823170848id_/http://pbs.gov.pk/sites/default/files/price_statistics/weekly_spi/spi_report_14-10_2013.pdf,20140823170848
2013-10-24,annex,pdf,wayback,weekly_spi,http://pbs.gov.pk/sites/default/files/price_statistics/weekly_spi/spi_annex_24-10_2013.pdf,https://web.archive.org/web/20140823164112id_/http://pbs.gov.pk/sites/default/files/price_statistics/weekly_spi/spi_annex_24-10_2013.pdf,20140823164112
2013-10-24,summary,pdf,wayback,weekly_spi,http://pbs.gov.pk/sites/default/files/price_statistics/weekly_spi/spi_report_24-10_2013.pdf,https://web.archive.org/web/20140823222154id_/http://pbs.gov.pk/sites/default/files/price_statistics/weekly_spi/spi_report_24-10_2013.pdf,20140823222154
2013-10-31,annex,pdf,wayback,weekly_spi,http://pbs.gov.pk/sites/default/files/price_statistics/weekly_spi/spi_annex_31-10_2013.pdf,https://web.archive.org/web/20140823222313id_/http://pbs.gov.pk/sites/default/files/price_statistics/weekly_spi/spi_annex_31-10_2013.pdf,20140823222313
2013-10-31,summary,pdf,wayback,weekly_spi,http://pbs.gov.pk/sites/default/files/price_statistics/weekly_spi/spi_report_31-10_2013.pdf,https://web.archive.org/web/20140823222142id_/http://pbs.gov.pk/sites/default/files/price_statistics/weekly_spi/spi_report_31-10_2013.pdf,20140823222142
2013-11-07,annex,pdf,wayback,weekly_spi,http://pbs.gov.pk/sites/default/files/price_statistics/weekly_spi/spi_annex_07-11_2013.pdf,https://web.archive.org/web/20140823165502id_/http://pbs.gov.pk/sites/default/files/price_statistics/weekly_spi/spi_annex_07-11_2013.pdf,20140823165502
2013-11-07,summary,pdf,wayback,weekly_spi,http://pbs.gov.pk/sites/default/files/price_statistics/weekly_spi/spi_report_07-11_2013.pdf,https://web.archive.org/web/20140823164250id_/http://pbs.gov.pk/sites/default/files/price_statistics/weekly_spi/spi_report_07-11_2013.pdf,20140823164250
2013-11-13,annex,pdf,wayback,weekly_spi,http://pbs.gov.pk/sites/default/files/price_statistics/weekly_spi/spi_annex_13-11-2013.pdf,https://web.archive.org/web/20140330233103id_/http://pbs.gov.pk/sites/default/files/price_statistics/weekly_spi/spi_annex_13-11-2013.pdf,20140330233103
2013-11-13,summary,pdf,wayback,weekly_spi,http://pbs.gov.pk/sites/default/files/price_statistics/weekly_spi/spi_report_13-11-2013.pdf,https://web.archive.org/web/20140331004034id_/http://pbs.gov.pk/sites/default/files/price_statistics/weekly_spi/spi_report_13-11-2013.pdf,20140331004034
2013-11-21,annex,pdf,wayback,weekly_spi,http://pbs.gov.pk/sites/default/files/price_statistics/weekly_spi/spi_annex_21-11-2013.pdf,https://web.archive.org/web/20140331001423id_/http://pbs.gov.pk/sites/default/files/price_statistics/weekly_spi/spi_annex_21-11-2013.pdf,20140331001423
2013-11-21,summary,pdf,wayback,weekly_spi,http://pbs.gov.pk/sites/default/files/price_statistics/weekly_spi/spi_report_21-11-2013.pdf,https://web.archive.org/web/20140331004943id_/http://pbs.gov.pk/sites/default/files/price_statistics/weekly_spi/spi_report_21-11-2013.pdf,20140331004943
2013-11-28,annex,pdf,wayback,weekly_spi,http://pbs.gov.pk/sites/default/files/price_statistics/weekly_spi/spi_annex_28-11-2013.pdf,https://web.archive.org/web/20140331004711id_/http://pbs.gov.pk/sites/default/files/price_statistics/weekly_spi/spi_annex_28-11-2013.pdf,20140331004711
2013-11-28,summary,pdf,wayback,weekly_spi,http://pbs.gov.pk/sites/default/files/price_statistics/weekly_spi/spi_report_28-11-2013.pdf,https://web.archive.org/web/20140331001905id_/http://pbs.gov.pk/sites/default/files/price_statistics/weekly_spi/spi_report_28-11-2013.pdf,20140331001905
2013-12-12,annex,pdf,wayback,weekly_spi,http://pbs.gov.pk/sites/default/files/price_statistics/weekly_spi/Annex%2012.12.13.pdf,https://web.archive.org/web/20140331002552id_/http://pbs.gov.pk/sites/default/files/price_statistics/weekly_spi/Annex%2012.12.13.pdf,20140331002552
2013-12-12,summary,pdf,wayback,weekly_spi,http://pbs.gov.pk/sites/default/files/price_statistics/weekly_spi/SPI%20Report%20%2012.12..2013.pdf,https://web.archive.org/web/20140331020729id_/http://pbs.gov.pk/sites/default/files/price_statistics/weekly_spi/SPI%20Report%20%2012.12..2013.pdf,20140331020729
2013-12-19,annex,pdf,wayback,weekly_spi,http://pbs.gov.pk/sites/default/files/price_statistics/weekly_spi/SPI_Annex_19_12_13.pdf,https://web.archive.org/web/20140331004614id_/http://pbs.gov.pk/sites/default/files/price_statistics/weekly_spi/SPI_Annex_19_12_13.pdf,20140331004614
2013-12-19,summary,pdf,wayback,weekly_spi,http://www.pbs.gov.pk:80/sites/default/files/price_statistics/weekly_spi/SPI_Report_%2019_12_2013.pdf,https://web.archive.org/web/20131228212810id_/http://www.pbs.gov.pk:80/sites/default/files/price_statistics/weekly_spi/SPI_Report_%2019_12_2013.pdf,20131228212810
2013-12-26,annex,pdf,wayback,weekly_spi,http://pbs.gov.pk/sites/default/files/price_statistics/weekly_spi/spi_annex_26-12-2013.pdf,https://web.archive.org/web/20140331004738id_/http://pbs.gov.pk/sites/default/files/price_statistics/weekly_spi/spi_annex_26-12-2013.pdf,20140331004738
2013-12-26,summary,pdf,wayback,weekly_spi,http://pbs.gov.pk/sites/default/files/price_statistics/weekly_spi/spi_report_26-12_2013.pdf,https://web.archive.org/web/20140330234002id_/http://pbs.gov.pk/sites/default/files/price_statistics/weekly_spi/spi_report_26-12_2013.pdf,20140330234002
2014-01-02,annex,pdf,wayback,weekly_spi,http://pbs.gov.pk/sites/default/files/price_statistics/weekly_spi/Annex_Report_02_01_2014.pdf,https://web.archive.org/web/20140331063132id_/http://pbs.gov.pk/sites/default/files/price_statistics/weekly_spi/Annex_Report_02_01_2014.pdf,20140331063132
2014-01-02,summary,pdf,wayback,weekly_spi,http://pbs.gov.pk/sites/default/files/price_statistics/weekly_spi/SPI_Report_02_01_2014.pdf,https://web.archive.org/web/20140331002826id_/http://pbs.gov.pk/sites/default/files/price_statistics/weekly_spi/SPI_Report_02_01_2014.pdf,20140331002826
2014-01-09,annex,pdf,wayback,weekly_spi,http://pbs.gov.pk/sites/default/files/price_statistics/weekly_spi/SPI_Annex_09_01_2014_0.pdf,https://web.archive.org/web/20140331001524id_/http://pbs.gov.pk/sites/default/files/price_statistics/weekly_spi/SPI_Annex_09_01_2014_0.pdf,20140331001524
2014-01-09,summary,pdf,wayback,weekly_spi,http://pbs.gov.pk/sites/default/files/price_statistics/weekly_spi/SPI_Report_09_01_2014.pdf,https://web.archive.org/web/20140331003543id_/http://pbs.gov.pk/sites/default/files/price_statistics/weekly_spi/SPI_Report_09_01_2014.pdf,20140331003543
2014-01-16,annex,pdf,wayback,weekly_spi,http://pbs.gov.pk/sites/default/files/price_statistics/weekly_spi/SPI_Annex%20_16_01_14.pdf,https://web.archive.org/web/20140331020611id_/http://pbs.gov.pk/sites/default/files/price_statistics/weekly_spi/SPI_Annex%20_16_01_14.pdf,20140331020611
2014-01-16,summary,pdf,wayback,weekly_spi,http://pbs.gov.pk/sites/default/files/price_statistics/weekly_spi/SPI_Report_16_01_2014.pdf,https://web.archive.org/web/20140331004313id_/http://pbs.gov.pk/sites/default/files/price_statistics/weekly_spi/SPI_Report_16_01_2014.pdf,20140331004313
2014-01-23,annex,pdf,wayback,weekly_spi,http://pbs.gov.pk/sites/default/files/price_statistics/weekly_spi/Annex%20%2023.01.14_0.pdf,https://web.archive.org/web/20140331004531id_/http://pbs.gov.pk/sites/default/files/price_statistics/weekly_spi/Annex%20%2023.01.14_0.pdf,20140331004531
2014-01-23,summary,pdf,wayback,weekly_spi,http://pbs.gov.pk/sites/default/files/price_statistics/weekly_spi/SPI%20Report%20%2023.01.2014%20%283%29.pdf,https://web.archive.org/web/20140331004339id_/http://pbs.gov.pk/sites/default/files/price_statistics/weekly_spi/SPI%20Report%20%2023.01.2014%20%283%29.pdf,20140331004339
2014-01-30,annex,pdf,wayback,weekly_spi,http://pbs.gov.pk/sites/default/files/price_statistics/weekly_spi/Annex%20%2030.01.14.pdf,https://web.archive.org/web/20140331004006id_/http://pbs.gov.pk/sites/default/files/price_statistics/weekly_spi/Annex%20%2030.01.14.pdf,20140331004006
2014-01-30,summary,pdf,wayback,weekly_spi,http://pbs.gov.pk/sites/default/files/price_statistics/weekly_spi/SPI%20Report%20%2030.01.2014.pdf,https://web.archive.org/web/20140331002838id_/http://pbs.gov.pk/sites/default/files/price_statistics/weekly_spi/SPI%20Report%20%2030.01.2014.pdf,20140331002838
2014-02-06,annex,pdf,wayback,weekly_spi,http://pbs.gov.pk/sites/default/files/price_statistics/weekly_spi/Annex%20SPI%20%2006.02.14_1.pdf,https://web.archive.org/web/20140331020633id_/http://pbs.gov.pk/sites/default/files/price_statistics/weekly_spi/Annex%20SPI%20%2006.02.14_1.pdf,20140331020633
2014-02-06,summary,pdf,wayback,weekly_spi,http://pbs.gov.pk/sites/default/files/price_statistics/weekly_spi/SPI%20Report%20%2006.02.2014_.pdf,https://web.archive.org/web/20140331020809id_/http://pbs.gov.pk/sites/default/files/price_statistics/weekly_spi/SPI%20Report%20%2006.02.2014_.pdf,20140331020809
2014-02-13,annex,pdf,wayback,weekly_spi,http://pbs.gov.pk/sites/default/files/price_statistics/weekly_spi/SPI_Annex_13_02_2014.pdf,https://web.archive.org/web/20140823161905id_/http://pbs.gov.pk/sites/default/files/price_statistics/weekly_spi/SPI_Annex_13_02_2014.pdf,20140823161905
2014-02-13,summary,pdf,wayback,weekly_spi,http://pbs.gov.pk/sites/default/files/price_statistics/weekly_spi/SPI_Report%20_13_02_2014.pdf,https://web.archive.org/web/20140823110453id_/http://pbs.gov.pk/sites/default/files/price_statistics/weekly_spi/SPI_Report%20_13_02_2014.pdf,20140823110453
2014-02-20,annex,pdf,wayback,weekly_spi,http://pbs.gov.pk/sites/default/files/price_statistics/weekly_spi/SPI_Annex%20_20_02_2014.pdf,https://web.archive.org/web/20140823101027id_/http://pbs.gov.pk/sites/default/files/price_statistics/weekly_spi/SPI_Annex%20_20_02_2014.pdf,20140823101027
2014-02-20,summary,pdf,wayback,weekly_spi,http://pbs.gov.pk/sites/default/files/price_statistics/weekly_spi/SPI_Report_%2020_02_2014.pdf,https://web.archive.org/web/20140823110438id_/http://pbs.gov.pk/sites/default/files/price_statistics/weekly_spi/SPI_Report_%2020_02_2014.pdf,20140823110438
2014-02-27,annex,pdf,wayback,weekly_spi,http://pbs.gov.pk/sites/default/files/price_statistics/weekly_spi/SPI%20Annex%2027.02.14.pdf,https://web.archive.org/web/20140823103910id_/http://pbs.gov.pk/sites/default/files/price_statistics/weekly_spi/SPI%20Annex%2027.02.14.pdf,20140823103910
2014-02-27,summary,pdf,wayback,weekly_spi,http://pbs.gov.pk/sites/default/files/price_statistics/weekly_spi/SPI%20Report%20%2027.02.2014.pdf,https://web.archive.org/web/20140823102828id_/http://pbs.gov.pk/sites/default/files/price_statistics/weekly_spi/SPI%20Report%20%2027.02.2014.pdf,20140823102828
2014-03-06,annex,pdf,wayback,weekly_spi,http://pbs.gov.pk/sites/default/files/price_statistics/weekly_spi/SPI%20Annex_06_03_2014_0.pdf,https://web.archive.org/web/20140823102003id_/http://pbs.gov.pk/sites/default/files/price_statistics/weekly_spi/SPI%20Annex_06_03_2014_0.pdf,20140823102003
2014-03-06,summary,pdf,wayback,weekly_spi,http://pbs.gov.pk/sites/default/files/price_statistics/weekly_spi/SPI%20Report_06_03_2014_0.pdf,https://web.archive.org/web/20140823104803id_/http://pbs.gov.pk/sites/default/files/price_statistics/weekly_spi/SPI%20Report_06_03_2014_0.pdf,20140823104803
2014-03-13,annex,pdf,wayback,weekly_spi,http://pbs.gov.pk/sites/default/files/price_statistics/weekly_spi/SPI%20Annex%2013.03.14.pdf,https://web.archive.org/web/20140823105029id_/http://pbs.gov.pk/sites/default/files/price_statistics/weekly_spi/SPI%20Annex%2013.03.14.pdf,20140823105029
2014-03-13,summary,pdf,wayback,weekly_spi,http://pbs.gov.pk/sites/default/files/price_statistics/weekly_spi/SPI%20Report%20%2013.03.2014.pdf,https://web.archive.org/web/20140823101848id_/http://pbs.gov.pk/sites/default/files/price_statistics/weekly_spi/SPI%20Report%20%2013.03.2014.pdf,20140823101848
2014-03-20,annex,pdf,wayback,weekly_spi,http://pbs.gov.pk/sites/default/files/price_statistics/weekly_spi/SPI_Annex_20_03_14.pdf,https://web.archive.org/web/20140823105248id_/http://pbs.gov.pk/sites/default/files/price_statistics/weekly_spi/SPI_Annex_20_03_14.pdf,20140823105248
2014-03-20,summary,pdf,wayback,weekly_spi,http://pbs.gov.pk/sites/default/files/price_statistics/weekly_spi/SPI_Report_%2020_03_14.pdf,https://web.archive.org/web/20140823101509id_/http://pbs.gov.pk/sites/default/files/price_statistics/weekly_spi/SPI_Report_%2020_03_14.pdf,20140823101509
2014-03-27,annex,pdf,wayback,weekly_spi,http://pbs.gov.pk/sites/default/files/price_statistics/weekly_spi/Annex%20%2027.03.14.pdf,https://web.archive.org/web/20140823100758id_/http://pbs.gov.pk/sites/default/files/price_statistics/weekly_spi/Annex%20%2027.03.14.pdf,20140823100758
2014-03-27,summary,pdf,wayback,weekly_spi,http://pbs.gov.pk/sites/default/files/price_statistics/weekly_spi/SPI%20Report%20%2027.03.2014%20%281%29.pdf,https://web.archive.org/web/20140823104112id_/http://pbs.gov.pk/sites/default/files/price_statistics/weekly_spi/SPI%20Report%20%2027.03.2014%20%281%29.pdf,20140823104112
2014-04-03,annex,pdf,wayback,weekly_spi,http://pbs.gov.pk/sites/default/files/price_statistics/weekly_spi/SPI%20Annex%20%2003.04.14R%20.pdf,https://web.archive.org/web/20140702042423id_/http://pbs.gov.pk/sites/default/files/price_statistics/weekly_spi/SPI%20Annex%20%2003.04.14R%20.pdf,20140702042423
2014-04-03,summary,pdf,wayback,weekly_spi,http://pbs.gov.pk/sites/default/files/price_statistics/weekly_spi/SPI%20Report%20%2003.04.2014.pdf,https://web.archive.org/web/20140702055340id_/http://pbs.gov.pk/sites/default/files/price_statistics/weekly_spi/SPI%20Report%20%2003.04.2014.pdf,20140702055340
2014-04-10,annex,pdf,wayback,weekly_spi,http://pbs.gov.pk/sites/default/files/price_statistics/weekly_spi/Annex%2010.04.2014.pdf,https://web.archive.org/web/20140702072949id_/http://pbs.gov.pk/sites/default/files/price_statistics/weekly_spi/Annex%2010.04.2014.pdf,20140702072949
2014-04-10,summary,pdf,wayback,weekly_spi,http://pbs.gov.pk/sites/default/files/price_statistics/weekly_spi/SPI%20Report%20%2010.04.2014.pdf,https://web.archive.org/web/20140702035925id_/http://pbs.gov.pk/sites/default/files/price_statistics/weekly_spi/SPI%20Report%20%2010.04.2014.pdf,20140702035925
2014-04-17,annex,pdf,wayback,weekly_spi,http://pbs.gov.pk/sites/default/files/price_statistics/weekly_spi/Annex%2017.04.14.pdf,https://web.archive.org/web/20140702062349id_/http://pbs.gov.pk/sites/default/files/price_statistics/weekly_spi/Annex%2017.04.14.pdf,20140702062349
2014-04-17,summary,pdf,wayback,weekly_spi,http://pbs.gov.pk/sites/default/files/price_statistics/weekly_spi/SPI%20Report%20%2017.04.2014%20%281%29.pdf,https://web.archive.org/web/20140702071609id_/http://pbs.gov.pk/sites/default/files/price_statistics/weekly_spi/SPI%20Report%20%2017.04.2014%20%281%29.pdf,20140702071609
2014-04-24,annex,pdf,wayback,weekly_spi,http://pbs.gov.pk/sites/default/files/price_statistics/weekly_spi/SPI%20Annex%2024.04.14_1.pdf,https://web.archive.org/web/20140702063339id_/http://pbs.gov.pk/sites/default/files/price_statistics/weekly_spi/SPI%20Annex%2024.04.14_1.pdf,20140702063339
2014-04-24,summary,pdf,wayback,weekly_spi,http://pbs.gov.pk/sites/default/files/price_statistics/weekly_spi/SPI%20Report%2024.04.2014_1.pdf,https://web.archive.org/web/20140702071350id_/http://pbs.gov.pk/sites/default/files/price_statistics/weekly_spi/SPI%20Report%2024.04.2014_1.pdf,20140702071350
2014-04-30,annex,pdf,wayback,weekly_spi,http://pbs.gov.pk/sites/default/files/price_statistics/weekly_spi/SPI%20Annex%20%2030.04.14.pdf,https://web.archive.org/web/20140702035944id_/http://pbs.gov.pk/sites/default/files/price_statistics/weekly_spi/SPI%20Annex%20%2030.04.14.pdf,20140702035944
2014-04-30,summary,pdf,wayback,weekly_spi,http://pbs.gov.pk/sites/default/files/price_statistics/weekly_spi/SPI%20Report%20%2030.04.2014.pdf,https://web.archive.org/web/20140702064401id_/http://pbs.gov.pk/sites/default/files/price_statistics/weekly_spi/SPI%20Report%20%2030.04.2014.pdf,20140702064401
2014-05-08,annex,pdf,wayback,weekly_spi,http://pbs.gov.pk/sites/default/files/price_statistics/weekly_spi/Annex%20%2008.05.14.pdf,https://web.archive.org/web/20140702064743id_/http://pbs.gov.pk/sites/default/files/price_statistics/weekly_spi/Annex%20%2008.05.14.pdf,20140702064743
2014-05-08,summary,pdf,wayback,weekly_spi,http://pbs.gov.pk/sites/default/files/price_statistics/weekly_spi/SPI%20Report%20%2008.05.2014.pdf,https://web.archive.org/web/20140702053608id_/http://pbs.gov.pk/sites/default/files/price_statistics/weekly_spi/SPI%20Report%20%2008.05.2014.pdf,20140702053608
2014-05-15,annex,pdf,wayback,weekly_spi,http://pbs.gov.pk/sites/default/files/price_statistics/weekly_spi/Annex%20%2015.05.14.pdf,https://web.archive.org/web/20140702071056id_/http://pbs.gov.pk/sites/default/files/price_statistics/weekly_spi/Annex%20%2015.05.14.pdf,20140702071056
2014-05-15,summary,pdf,wayback,weekly_spi,http://pbs.gov.pk/sites/default/files/price_statistics/weekly_spi/SPI%20Report%20%2015.05.2014.pdf,https://web.archive.org/web/20140702034748id_/http://pbs.gov.pk/sites/default/files/price_statistics/weekly_spi/SPI%20Report%20%2015.05.2014.pdf,20140702034748
2014-05-22,annex,pdf,wayback,weekly_spi,http://pbs.gov.pk/sites/default/files/price_statistics/weekly_spi/Annex%2022.05.14.pdf,https://web.archive.org/web/20140702064130id_/http://pbs.gov.pk/sites/default/files/price_statistics/weekly_spi/Annex%2022.05.14.pdf,20140702064130
2014-05-22,summary,pdf,wayback,weekly_spi,http://pbs.gov.pk/sites/default/files/price_statistics/weekly_spi/SPI%20Report%2022.05.2014.pdf,https://web.archive.org/web/20140702071453id_/http://pbs.gov.pk/sites/default/files/price_statistics/weekly_spi/SPI%20Report%2022.05.2014.pdf,20140702071453
2014-05-29,annex,pdf,wayback,weekly_spi,http://pbs.gov.pk/sites/default/files/price_statistics/weekly_spi/SPI%20Annex%2029.05.14.pdf,https://web.archive.org/web/20140702061311id_/http://pbs.gov.pk/sites/default/files/price_statistics/weekly_spi/SPI%20Annex%2029.05.14.pdf,20140702061311
2014-05-29,summary,pdf,wayback,weekly_spi,http://pbs.gov.pk/sites/default/files/price_statistics/weekly_spi/SPI%20Report%2029.05.2014_0.pdf,https://web.archive.org/web/20140702071700id_/http://pbs.gov.pk/sites/default/files/price_statistics/weekly_spi/SPI%20Report%2029.05.2014_0.pdf,20140702071700
2014-06-05,annex,pdf,wayback,weekly_spi,http://pbs.gov.pk/sites/default/files/price_statistics/weekly_spi/SPI%20Annex%2005.06.14.pdf,https://web.archive.org/web/20140702035929id_/http://pbs.gov.pk/sites/default/files/price_statistics/weekly_spi/SPI%20Annex%2005.06.14.pdf,20140702035929
2014-06-05,summary,pdf,wayback,weekly_spi,http://pbs.gov.pk/sites/default/files/price_statistics/weekly_spi/SPI%20Report%2005.06.2014.pdf,https://web.archive.org/web/20140702062517id_/http://pbs.gov.pk/sites/default/files/price_statistics/weekly_spi/SPI%20Report%2005.06.2014.pdf,20140702062517
2014-06-12,annex,pdf,wayback,weekly_spi,http://pbs.gov.pk/sites/default/files/price_statistics/weekly_spi/SPI%20Annex%2012.06.14.pdf,https://web.archive.org/web/20140702101919id_/http://pbs.gov.pk/sites/default/files/price_statistics/weekly_spi/SPI%20Annex%2012.06.14.pdf,20140702101919
2014-06-12,summary,pdf,wayback,weekly_spi,http://pbs.gov.pk/sites/default/files/price_statistics/weekly_spi/SPI%20Report%2012.06.2014.pdf,https://web.archive.org/web/20140702051517id_/http://pbs.gov.pk/sites/default/files/price_statistics/weekly_spi/SPI%20Report%2012.06.2014.pdf,20140702051517
2014-06-19,annex,pdf,wayback,weekly_spi,http://pbs.gov.pk/sites/default/files/price_statistics/weekly_spi/SPI%20Annex%20%2019.06.14.pdf,https://web.archive.org/web/20140702035816id_/http://pbs.gov.pk/sites/default/files/price_statistics/weekly_spi/SPI%20Annex%20%2019.06.14.pdf,20140702035816
2014-06-19,summary,pdf,wayback,weekly_spi,http://pbs.gov.pk/sites/default/files/price_statistics/weekly_spi/SPI%20Report%20%2019.06.2014.pdf,https://web.archive.org/web/20140702041719id_/http://pbs.gov.pk/sites/default/files/price_statistics/weekly_spi/SPI%20Report%20%2019.06.2014.pdf,20140702041719
2014-06-26,annex,pdf,wayback,weekly_spi,http://pbs.gov.pk/sites/default/files//price_statistics/weekly_spi/SPI%20Annex%2026.06.14.pdf,https://web.archive.org/web/20150420121811id_/http://pbs.gov.pk/sites/default/files//price_statistics/weekly_spi/SPI%20Annex%2026.06.14.pdf,20150420121811
2014-06-26,summary,pdf,wayback,weekly_spi,http://pbs.gov.pk/sites/default/files//price_statistics/weekly_spi/SPI%20Report%2026.06.2014.pdf,https://web.archive.org/web/20150420172244id_/http://pbs.gov.pk/sites/default/files//price_statistics/weekly_spi/SPI%20Report%2026.06.2014.pdf,20150420172244
2014-07-03,annex,pdf,wayback,weekly_spi,http://pbs.gov.pk/sites/default/files//price_statistics/weekly_spi/SPI%20Annex%2003.07.2014.pdf,https://web.archive.org/web/20150420125944id_/http://pbs.gov.pk/sites/default/files//price_statistics/weekly_spi/SPI%20Annex%2003.07.2014.pdf,20150420125944
2014-07-03,summary,pdf,wayback,weekly_spi,http://pbs.gov.pk/sites/default/files//price_statistics/weekly_spi/SPI%20Report%2003.07.2014.pdf,https://web.archive.org/web/20150420114120id_/http://pbs.gov.pk/sites/default/files//price_statistics/weekly_spi/SPI%20Report%2003.07.2014.pdf,20150420114120
2014-07-10,annex,pdf,wayback,weekly_spi,http://pbs.gov.pk/sites/default/files//price_statistics/weekly_spi/SPI%20Annex%2010.07.14_0.pdf,https://web.archive.org/web/20150421123810id_/http://pbs.gov.pk/sites/default/files//price_statistics/weekly_spi/SPI%20Annex%2010.07.14_0.pdf,20150421123810
2014-07-10,summary,pdf,wayback,weekly_spi,http://pbs.gov.pk/sites/default/files//price_statistics/weekly_spi/SPI%20Report%2010.07.2014.pdf,https://web.archive.org/web/20150421085212id_/http://pbs.gov.pk/sites/default/files//price_statistics/weekly_spi/SPI%20Report%2010.07.2014.pdf,20150421085212
2014-07-17,annex,pdf,wayback,weekly_spi,http://pbs.gov.pk/sites/default/files//price_statistics/weekly_spi/SPI%20%20Annex%2017.07.2014.pdf,https://web.archive.org/web/20150421065339id_/http://pbs.gov.pk/sites/default/files//price_statistics/weekly_spi/SPI%20%20Annex%2017.07.2014.pdf,20150421065339
2014-07-17,summary,pdf,wayback,weekly_spi,http://pbs.gov.pk/sites/default/files//price_statistics/weekly_spi/SPI%20Report%20%2017.07.2014.pdf,https://web.archive.org/web/20150421072241id_/http://pbs.gov.pk/sites/default/files//price_statistics/weekly_spi/SPI%20Report%20%2017.07.2014.pdf,20150421072241
2014-07-24,annex,pdf,wayback,weekly_spi,http://pbs.gov.pk/sites/default/files//price_statistics/weekly_spi/SPI%20Annex%2024.07.2014.pdf,https://web.archive.org/web/20150421072633id_/http://pbs.gov.pk/sites/default/files//price_statistics/weekly_spi/SPI%20Annex%2024.07.2014.pdf,20150421072633
2014-07-24,summary,pdf,wayback,weekly_spi,http://pbs.gov.pk/sites/default/files//price_statistics/weekly_spi/SPI%20Report%2024.07.2014.pdf,https://web.archive.org/web/20150421112130id_/http://pbs.gov.pk/sites/default/files//price_statistics/weekly_spi/SPI%20Report%2024.07.2014.pdf,20150421112130
2014-07-28,annex,pdf,wayback,weekly_spi,http://pbs.gov.pk/sites/default/files//price_statistics/weekly_spi/Annexure%2028-07-2014_0.pdf,https://web.archive.org/web/20150421111941id_/http://pbs.gov.pk/sites/default/files//price_statistics/weekly_spi/Annexure%2028-07-2014_0.pdf,20150421111941
2014-07-28,summary,pdf,wayback,weekly_spi,http://pbs.gov.pk/sites/default/files//price_statistics/weekly_spi/SPI%20Report%2028.07.2014.pdf,https://web.archive.org/web/20150421123605id_/http://pbs.gov.pk/sites/default/files//price_statistics/weekly_spi/SPI%20Report%2028.07.2014.pdf,20150421123605
2014-08-07,summary,pdf,wayback,weekly_spi,http://pbs.gov.pk/sites/default/files//price_statistics/weekly_spi/SPI%20Report%2007.08.2014.pdf,https://web.archive.org/web/20150421123652id_/http://pbs.gov.pk/sites/default/files//price_statistics/weekly_spi/SPI%20Report%2007.08.2014.pdf,20150421123652
2014-08-13,summary,pdf,wayback,weekly_spi,http://pbs.gov.pk/sites/default/files//price_statistics/weekly_spi/SPI%20Report%20%2013.08.2014.pdf,https://web.archive.org/web/20150421111853id_/http://pbs.gov.pk/sites/default/files//price_statistics/weekly_spi/SPI%20Report%20%2013.08.2014.pdf,20150421111853
2014-08-21,annex,pdf,wayback,weekly_spi,http://pbs.gov.pk/sites/default/files//price_statistics/weekly_spi/Annexure-21-08-2014.pdf,https://web.archive.org/web/20150421123743id_/http://pbs.gov.pk/sites/default/files//price_statistics/weekly_spi/Annexure-21-08-2014.pdf,20150421123743
2014-08-21,summary,pdf,wayback,weekly_spi,http://pbs.gov.pk/sites/default/files//price_statistics/weekly_spi/SPI%20Report-%2021-08-2014.pdf,https://web.archive.org/web/20150421072359id_/http://pbs.gov.pk/sites/default/files//price_statistics/weekly_spi/SPI%20Report-%2021-08-2014.pdf,20150421072359
2014-08-28,annex,pdf,wayback,weekly_spi,http://pbs.gov.pk/sites/default/files//price_statistics/weekly_spi/SPI%20Annex%2028.08.2014.pdf,https://web.archive.org/web/20150421084013id_/http://pbs.gov.pk/sites/default/files//price_statistics/weekly_spi/SPI%20Annex%2028.08.2014.pdf,20150421084013
2014-08-28,summary,pdf,wayback,weekly_spi,http://pbs.gov.pk/sites/default/files//price_statistics/weekly_spi/SPI%20Report%20%2028.08.2014.pdf,https://web.archive.org/web/20150421090333id_/http://pbs.gov.pk/sites/default/files//price_statistics/weekly_spi/SPI%20Report%20%2028.08.2014.pdf,20150421090333
2014-09-04,annex,pdf,wayback,weekly_spi,http://pbs.gov.pk/sites/default/files//price_statistics/weekly_spi/spi_annex_04-09-2014.pdf,https://web.archive.org/web/20150421112010id_/http://pbs.gov.pk/sites/default/files//price_statistics/weekly_spi/spi_annex_04-09-2014.pdf,20150421112010
2014-09-04,summary,pdf,wayback,weekly_spi,http://pbs.gov.pk/sites/default/files//price_statistics/weekly_spi/spi_report_04-09-2014.pdf,https://web.archive.org/web/20150421085040id_/http://pbs.gov.pk/sites/default/files//price_statistics/weekly_spi/spi_report_04-09-2014.pdf,20150421085040
2014-09-11,annex,pdf,wayback,weekly_spi,http://pbs.gov.pk/sites/default/files//price_statistics/weekly_spi/SPI%20Annex%2011.09.14_0.pdf,https://web.archive.org/web/20150421083516id_/http://pbs.gov.pk/sites/default/files//price_statistics/weekly_spi/SPI%20Annex%2011.09.14_0.pdf,20150421083516
2014-09-11,summary,pdf,wayback,weekly_spi,http://pbs.gov.pk/sites/default/files//price_statistics/weekly_spi/SPI%20Report%20%2011.09.2014_0.pdf,https://web.archive.org/web/20150421123907id_/http://pbs.gov.pk/sites/default/files//price_statistics/weekly_spi/SPI%20Report%20%2011.09.2014_0.pdf,20150421123907
2014-09-18,annex,pdf,wayback,weekly_spi,http://pbs.gov.pk/sites/default/files//price_statistics/weekly_spi/SPI%20Annex%2018.09.14_0.pdf,https://web.archive.org/web/20150421072742id_/http://pbs.gov.pk/sites/default/files//price_statistics/weekly_spi/SPI%20Annex%2018.09.14_0.pdf,20150421072742
2014-09-18,summary,pdf,wayback,weekly_spi,http://pbs.gov.pk/sites/default/files//price_statistics/weekly_spi/SPI%20Report%20%2018.09.2014_0.pdf,https://web.archive.org/web/20150421123756id_/http://pbs.gov.pk/sites/default/files//price_statistics/weekly_spi/SPI%20Report%20%2018.09.2014_0.pdf,20150421123756
2014-09-25,annex,pdf,wayback,weekly_spi,http://pbs.gov.pk/sites/default/files//price_statistics/weekly_spi/SPI%20Annex%2025.09.2014_0.pdf,https://web.archive.org/web/20150421084514id_/http://pbs.gov.pk/sites/default/files//price_statistics/weekly_spi/SPI%20Annex%2025.09.2014_0.pdf,20150421084514
2014-09-25,summary,pdf,wayback,weekly_spi,http://pbs.gov.pk/sites/default/files//price_statistics/weekly_spi/SPI%20Report%2025.09.2014.pdf,https://web.archive.org/web/20150421083959id_/http://pbs.gov.pk/sites/default/files//price_statistics/weekly_spi/SPI%20Report%2025.09.2014.pdf,20150421083959
2014-10-02,annex,pdf,wayback,weekly_spi,http://pbs.gov.pk/sites/default/files//price_statistics/weekly_spi/SPI%20Annex%20%2002.10.14_0.pdf,https://web.archive.org/web/20150420054130id_/http://pbs.gov.pk/sites/default/files//price_statistics/weekly_spi/SPI%20Annex%20%2002.10.14_0.pdf,20150420054130
2014-10-02,summary,pdf,wayback,weekly_spi,http://pbs.gov.pk/sites/default/files//price_statistics/weekly_spi/SPI%20Report%20%2002.10.2014_0.pdf,https://web.archive.org/web/20150420051718id_/http://pbs.gov.pk/sites/default/files//price_statistics/weekly_spi/SPI%20Report%20%2002.10.2014_0.pdf,20150420051718
2014-10-09,annex,pdf,wayback,weekly_spi,http://pbs.gov.pk/sites/default/files//price_statistics/weekly_spi/Annex_SPI_09-10-2014_1.pdf,https://web.archive.org/web/20150420062438id_/http://pbs.gov.pk/sites/default/files//price_statistics/weekly_spi/Annex_SPI_09-10-2014_1.pdf,20150420062438
2014-10-09,summary,pdf,wayback,weekly_spi,http://pbs.gov.pk/sites/default/files//price_statistics/weekly_spi/SPI%20Report_09-10-2014.pdf,https://web.archive.org/web/20150420045203id_/http://pbs.gov.pk/sites/default/files//price_statistics/weekly_spi/SPI%20Report_09-10-2014.pdf,20150420045203
2014-10-16,summary,pdf,wayback,weekly_spi,http://pbs.gov.pk/sites/default/files//price_statistics/weekly_spi/SPI%20Report%20%2016.10.2014.pdf,https://web.archive.org/web/20150420050143id_/http://pbs.gov.pk/sites/default/files//price_statistics/weekly_spi/SPI%20Report%20%2016.10.2014.pdf,20150420050143
2014-10-23,annex,pdf,wayback,weekly_spi,http://pbs.gov.pk/sites/default/files//price_statistics/weekly_spi/SPI%20Annex%2023.10.2014_0.pdf,https://web.archive.org/web/20150420050053id_/http://pbs.gov.pk/sites/default/files//price_statistics/weekly_spi/SPI%20Annex%2023.10.2014_0.pdf,20150420050053
2014-10-23,summary,pdf,wayback,weekly_spi,http://pbs.gov.pk/sites/default/files//price_statistics/weekly_spi/SPI%20Report%20%2023.10.2014_0.pdf,https://web.archive.org/web/20150420054701id_/http://pbs.gov.pk/sites/default/files//price_statistics/weekly_spi/SPI%20Report%20%2023.10.2014_0.pdf,20150420054701
2014-10-30,annex,pdf,wayback,weekly_spi,http://pbs.gov.pk/sites/default/files//price_statistics/weekly_spi/SPI%20Annexure%2030.10.2014_0.pdf,https://web.archive.org/web/20150420055012id_/http://pbs.gov.pk/sites/default/files//price_statistics/weekly_spi/SPI%20Annexure%2030.10.2014_0.pdf,20150420055012
2014-10-30,summary,pdf,wayback,weekly_spi,http://pbs.gov.pk/sites/default/files//price_statistics/weekly_spi/SPI%20Report%20%2030.10.2014_0.pdf,https://web.archive.org/web/20150420110205id_/http://pbs.gov.pk/sites/default/files//price_statistics/weekly_spi/SPI%20Report%20%2030.10.2014_0.pdf,20150420110205
2014-11-06,annex,pdf,wayback,weekly_spi,http://pbs.gov.pk/sites/default/files//price_statistics/weekly_spi/Annexure%2006.11.2014_1.pdf,https://web.archive.org/web/20150420055555id_/http://pbs.gov.pk/sites/default/files//price_statistics/weekly_spi/Annexure%2006.11.2014_1.pdf,20150420055555
2014-11-06,summary,pdf,wayback,weekly_spi,http://pbs.gov.pk/sites/default/files//price_statistics/weekly_spi/SPI%20Report%2006.11.2014_1.pdf,https://web.archive.org/web/20150420121629id_/http://pbs.gov.pk/sites/default/files//price_statistics/weekly_spi/SPI%20Report%2006.11.2014_1.pdf,20150420121629
2014-11-13,annex,pdf,wayback,weekly_spi,http://pbs.gov.pk/sites/default/files//price_statistics/weekly_spi/SPI%20Annex%2013.11.2014.pdf,https://web.archive.org/web/20150420110128id_/http://pbs.gov.pk/sites/default/files//price_statistics/weekly_spi/SPI%20Annex%2013.11.2014.pdf,20150420110128
2014-11-13,summary,pdf,wayback,weekly_spi,http://pbs.gov.pk/sites/default/files//price_statistics/weekly_spi/SPI%20Report%20%2013.11.2014.pdf,https://web.archive.org/web/20150420045614id_/http://pbs.gov.pk/sites/default/files//price_statistics/weekly_spi/SPI%20Report%20%2013.11.2014.pdf,20150420045614
2014-11-20,annex,pdf,wayback,weekly_spi,http://pbs.gov.pk/sites/default/files//price_statistics/weekly_spi/SPI%20Annex%2020.11.2014.pdf,https://web.archive.org/web/20150420110140id_/http://pbs.gov.pk/sites/default/files//price_statistics/weekly_spi/SPI%20Annex%2020.11.2014.pdf,20150420110140
2014-11-20,summary,pdf,wayback,weekly_spi,http://pbs.gov.pk/sites/default/files//price_statistics/weekly_spi/SPI%20Report%20%2020.11.2014.pdf,https://web.archive.org/web/20150420054112id_/http://pbs.gov.pk/sites/default/files//price_statistics/weekly_spi/SPI%20Report%20%2020.11.2014.pdf,20150420054112
2014-11-27,annex,pdf,wayback,weekly_spi,http://pbs.gov.pk/sites/default/files//price_statistics/weekly_spi/spi_annexure_27_11_2014.pdf,https://web.archive.org/web/20150420061206id_/http://pbs.gov.pk/sites/default/files//price_statistics/weekly_spi/spi_annexure_27_11_2014.pdf,20150420061206
2014-11-27,summary,pdf,wayback,weekly_spi,http://pbs.gov.pk/sites/default/files//price_statistics/weekly_spi/spi_report_27_11_2014.pdf,https://web.archive.org/web/20150420051855id_/http://pbs.gov.pk/sites/default/files//price_statistics/weekly_spi/spi_report_27_11_2014.pdf,20150420051855
2014-12-04,annex,pdf,wayback,weekly_spi,http://pbs.gov.pk/sites/default/files//price_statistics/weekly_spi/SPI%20Annexure%2004.12.2014.pdf,https://web.archive.org/web/20150420121616id_/http://pbs.gov.pk/sites/default/files//price_statistics/weekly_spi/SPI%20Annexure%2004.12.2014.pdf,20150420121616
2014-12-04,summary,pdf,wayback,weekly_spi,http://pbs.gov.pk/sites/default/files//price_statistics/weekly_spi/SPI%20Report%20%2004.12.2014.pdf,https://web.archive.org/web/20150420051921id_/http://pbs.gov.pk/sites/default/files//price_statistics/weekly_spi/SPI%20Report%20%2004.12.2014.pdf,20150420051921
2014-12-11,annex,pdf,wayback,weekly_spi,http://pbs.gov.pk/sites/default/files//price_statistics/weekly_spi/SPI%20Annexure%2011.12.14.pdf,https://web.archive.org/web/20150420061350id_/http://pbs.gov.pk/sites/default/files//price_statistics/weekly_spi/SPI%20Annexure%2011.12.14.pdf,20150420061350
2014-12-11,summary,pdf,wayback,weekly_spi,http://pbs.gov.pk/sites/default/files//price_statistics/weekly_spi/SPI%20Report%2011.12.2014.pdf,https://web.archive.org/web/20150420054256id_/http://pbs.gov.pk/sites/default/files//price_statistics/weekly_spi/SPI%20Report%2011.12.2014.pdf,20150420054256
2014-12-18,annex,pdf,wayback,weekly_spi,http://pbs.gov.pk/sites/default/files//price_statistics/weekly_spi/SPI%20Annexure%2018.12.2014.pdf,https://web.archive.org/web/20150420110153id_/http://pbs.gov.pk/sites/default/files//price_statistics/weekly_spi/SPI%20Annexure%2018.12.2014.pdf,20150420110153
2014-12-18,summary,pdf,wayback,weekly_spi,http://pbs.gov.pk/sites/default/files//price_statistics/weekly_spi/SPI%20Report%2018.12.2014.pdf,https://web.archive.org/web/20150420110217id_/http://pbs.gov.pk/sites/default/files//price_statistics/weekly_spi/SPI%20Report%2018.12.2014.pdf,20150420110217
2014-12-24,annex,pdf,wayback,weekly_spi,http://pbs.gov.pk/sites/default/files//price_statistics/weekly_spi/SPI%20Annexure%2024.12.14.pdf,https://web.archive.org/web/20150317153626id_/http://pbs.gov.pk/sites/default/files//price_statistics/weekly_spi/SPI%20Annexure%2024.12.14.pdf,20150317153626
2014-12-24,summary,pdf,wayback,weekly_spi,http://pbs.gov.pk/sites/default/files//price_statistics/weekly_spi/SPI%20Report%2024.12.2014.pdf,https://web.archive.org/web/20150317141355id_/http://pbs.gov.pk/sites/default/files//price_statistics/weekly_spi/SPI%20Report%2024.12.2014.pdf,20150317141355
2015-01-01,annex,pdf,wayback,weekly_spi,http://pbs.gov.pk/sites/default/files//price_statistics/weekly_spi/spi_annex_01-01-2015.pdf,https://web.archive.org/web/20150317164218id_/http://pbs.gov.pk/sites/default/files//price_statistics/weekly_spi/spi_annex_01-01-2015.pdf,20150317164218
2015-01-01,summary,pdf,wayback,weekly_spi,http://pbs.gov.pk/sites/default/files//price_statistics/weekly_spi/spi_report_01-01-2015.pdf,https://web.archive.org/web/20150317150609id_/http://pbs.gov.pk/sites/default/files//price_statistics/weekly_spi/spi_report_01-01-2015.pdf,20150317150609
2015-01-08,annex,pdf,wayback,weekly_spi,http://pbs.gov.pk/sites/default/files//price_statistics/weekly_spi/Spi%20annex%2008-01-15.pdf,https://web.archive.org/web/20150317134725id_/http://pbs.gov.pk/sites/default/files//price_statistics/weekly_spi/Spi%20annex%2008-01-15.pdf,20150317134725
2015-01-08,summary,pdf,wayback,weekly_spi,http://pbs.gov.pk/sites/default/files//price_statistics/weekly_spi/SPI%20Report%2008.01.2015.pdf,https://web.archive.org/web/20150317152231id_/http://pbs.gov.pk/sites/default/files//price_statistics/weekly_spi/SPI%20Report%2008.01.2015.pdf,20150317152231
2015-01-15,other,pdf,wayback,weekly_spi,http://pbs.gov.pk/sites/default/files//price_statistics/weekly_spi/SPI%20Anex%2015-01-2015.pdf,https://web.archive.org/web/20150317134205id_/http://pbs.gov.pk/sites/default/files//price_statistics/weekly_spi/SPI%20Anex%2015-01-2015.pdf,20150317134205
2015-01-15,summary,pdf,wayback,weekly_spi,http://pbs.gov.pk/sites/default/files//price_statistics/weekly_spi/SPI%20Report%2015.01.2015.pdf,https://web.archive.org/web/20150317164252id_/http://pbs.gov.pk/sites/default/files//price_statistics/weekly_spi/SPI%20Report%2015.01.2015.pdf,20150317164252
2015-01-22,annex,pdf,wayback,weekly_spi,http://pbs.gov.pk/sites/default/files//price_statistics/weekly_spi/SPI_Annex%2022_01_2015.pdf,https://web.archive.org/web/20150317143526id_/http://pbs.gov.pk/sites/default/files//price_statistics/weekly_spi/SPI_Annex%2022_01_2015.pdf,20150317143526
2015-01-22,summary,pdf,wayback,weekly_spi,http://pbs.gov.pk/sites/default/files//price_statistics/weekly_spi/SPI%20Report%2022.01.2015.pdf,https://web.archive.org/web/20150317151619id_/http://pbs.gov.pk/sites/default/files//price_statistics/weekly_spi/SPI%20Report%2022.01.2015.pdf,20150317151619
2015-01-29,annex,pdf,wayback,weekly_spi,http://pbs.gov.pk/sites/default/files//price_statistics/weekly_spi/SPI%20Annex%2029.01.2015.pdf,https://web.archive.org/web/20150317144206id_/http://pbs.gov.pk/sites/default/files//price_statistics/weekly_spi/SPI%20Annex%2029.01.2015.pdf,20150317144206
2015-01-29,summary,pdf,wayback,weekly_spi,http://pbs.gov.pk/sites/default/files//price_statistics/weekly_spi/SPI%20Report%20%2029.01.2015.pdf,https://web.archive.org/web/20150317150349id_/http://pbs.gov.pk/sites/default/files//price_statistics/weekly_spi/SPI%20Report%20%2029.01.2015.pdf,20150317150349
2015-02-04,annex,pdf,wayback,weekly_spi,http://pbs.gov.pk/sites/default/files//price_statistics/weekly_spi/spi_annex_04_02_2015.pdf,https://web.archive.org/web/20150317143439id_/http://pbs.gov.pk/sites/default/files//price_statistics/weekly_spi/spi_annex_04_02_2015.pdf,20150317143439
2015-02-04,summary,pdf,wayback,weekly_spi,http://www.pbs.gov.pk:80/sites/default/files/price_statistics/weekly_spi/spi_report_04_02_2015.pdf,https://web.archive.org/web/20150213080117id_/http://www.pbs.gov.pk:80/sites/default/files/price_statistics/weekly_spi/spi_report_04_02_2015.pdf,20150213080117
2015-02-12,annex,pdf,wayback,weekly_spi,http://pbs.gov.pk/sites/default/files//price_statistics/weekly_spi/spi_annex_12_02_2015.pdf,https://web.archive.org/web/20150317150213id_/http://pbs.gov.pk/sites/default/files//price_statistics/weekly_spi/spi_annex_12_02_2015.pdf,20150317150213
2015-02-12,summary,pdf,wayback,weekly_spi,http://pbs.gov.pk/sites/default/files//price_statistics/weekly_spi/spi_report_12_02_2015.pdf,https://web.archive.org/web/20150317144545id_/http://pbs.gov.pk/sites/default/files//price_statistics/weekly_spi/spi_report_12_02_2015.pdf,20150317144545
2015-02-19,annex,pdf,wayback,weekly_spi,http://pbs.gov.pk/sites/default/files//price_statistics/weekly_spi/SPI-Annex-19.02.2015.pdf,https://web.archive.org/web/20150317152649id_/http://pbs.gov.pk/sites/default/files//price_statistics/weekly_spi/SPI-Annex-19.02.2015.pdf,20150317152649
2015-02-19,summary,pdf,wayback,weekly_spi,http://pbs.gov.pk/sites/default/files//price_statistics/weekly_spi/SPI-Report-19.02.2015.pdf,https://web.archive.org/web/20150317143541id_/http://pbs.gov.pk/sites/default/files//price_statistics/weekly_spi/SPI-Report-19.02.2015.pdf,20150317143541
2015-03-05,annex,pdf,wayback,weekly_spi,http://pbs.gov.pk/sites/default/files//price_statistics/weekly_spi/spi_annex_05_03_2015.pdf,https://web.archive.org/web/20150317135651id_/http://pbs.gov.pk/sites/default/files//price_statistics/weekly_spi/spi_annex_05_03_2015.pdf,20150317135651
2015-03-05,summary,pdf,wayback,weekly_spi,http://pbs.gov.pk/sites/default/files//price_statistics/weekly_spi/spi_report_05_03_2015.pdf,https://web.archive.org/web/20150317132754id_/http://pbs.gov.pk/sites/default/files//price_statistics/weekly_spi/spi_report_05_03_2015.pdf,20150317132754
2015-03-12,annex,pdf,wayback,weekly_spi,http://pbs.gov.pk/sites/default/files//price_statistics/weekly_spi/spi_annex%2012_03_2015.pdf,https://web.archive.org/web/20150317200100id_/http://pbs.gov.pk/sites/default/files//price_statistics/weekly_spi/spi_annex%2012_03_2015.pdf,20150317200100
2015-03-12,summary,pdf,wayback,weekly_spi,http://pbs.gov.pk/sites/default/files//price_statistics/weekly_spi/spi_report_12_03_2015.pdf,https://web.archive.org/web/20150317164305id_/http://pbs.gov.pk/sites/default/files//price_statistics/weekly_spi/spi_report_12_03_2015.pdf,20150317164305
2015-03-19,annex,pdf,wayback,weekly_spi,http://www.pbs.gov.pk/sites/default/files//price_statistics/weekly_spi/spi_annex_19_03_2015.pdf,https://web.archive.org/web/20170205061052id_/http://www.pbs.gov.pk/sites/default/files//price_statistics/weekly_spi/spi_annex_19_03_2015.pdf,20170205061052
2015-03-19,summary,pdf,wayback,weekly_spi,http://www.pbs.gov.pk/sites/default/files//price_statistics/weekly_spi/spi_report_19_03_2015.pdf,https://web.archive.org/web/20170205061038id_/http://www.pbs.gov.pk/sites/default/files//price_statistics/weekly_spi/spi_report_19_03_2015.pdf,20170205061038
2015-03-26,annex,pdf,wayback,weekly_spi,http://www.pbs.gov.pk/sites/default/files//price_statistics/weekly_spi/spi_annex_26_03_2015.pdf,https://web.archive.org/web/20170205061024id_/http://www.pbs.gov.pk/sites/default/files//price_statistics/weekly_spi/spi_annex_26_03_2015.pdf,20170205061024
2015-03-26,summary,pdf,wayback,weekly_spi,http://www.pbs.gov.pk/sites/default/files//price_statistics/weekly_spi/spi_report%20_26_03_2015.pdf,https://web.archive.org/web/20170205061011id_/http://www.pbs.gov.pk/sites/default/files//price_statistics/weekly_spi/spi_report%20_26_03_2015.pdf,20170205061011
2015-04-02,annex,pdf,wayback,weekly_spi,http://www.pbs.gov.pk/sites/default/files//price_statistics/weekly_spi/spi_annex_02_04_2015.pdf,https://web.archive.org/web/20170205060941id_/http://www.pbs.gov.pk/sites/default/files//price_statistics/weekly_spi/spi_annex_02_04_2015.pdf,20170205060941
2015-04-02,summary,pdf,wayback,weekly_spi,http://www.pbs.gov.pk/sites/default/files//price_statistics/weekly_spi/spi_report_02_04_2015.pdf,https://web.archive.org/web/20170205060929id_/http://www.pbs.gov.pk/sites/default/files//price_statistics/weekly_spi/spi_report_02_04_2015.pdf,20170205060929
2015-04-09,annex,pdf,wayback,weekly_spi,http://www.pbs.gov.pk/sites/default/files//price_statistics/weekly_spi/SPI%20Annex%2009.04.2015.pdf,https://web.archive.org/web/20170205060914id_/http://www.pbs.gov.pk/sites/default/files//price_statistics/weekly_spi/SPI%20Annex%2009.04.2015.pdf,20170205060914
2015-04-09,summary,pdf,wayback,weekly_spi,http://www.pbs.gov.pk/sites/default/files//price_statistics/weekly_spi/SPI%20Report%20%2009.04.2015.pdf,https://web.archive.org/web/20170205060859id_/http://www.pbs.gov.pk/sites/default/files//price_statistics/weekly_spi/SPI%20Report%20%2009.04.2015.pdf,20170205060859
2015-04-16,annex,pdf,wayback,weekly_spi,http://www.pbs.gov.pk/sites/default/files//price_statistics/weekly_spi/spi_annex_16_04_2015.pdf,https://web.archive.org/web/20170205060846id_/http://www.pbs.gov.pk/sites/default/files//price_statistics/weekly_spi/spi_annex_16_04_2015.pdf,20170205060846
2015-04-16,summary,pdf,wayback,weekly_spi,http://www.pbs.gov.pk/sites/default/files//price_statistics/weekly_spi/spi_report_16_04_2015.pdf,https://web.archive.org/web/20170205060835id_/http://www.pbs.gov.pk/sites/default/files//price_statistics/weekly_spi/spi_report_16_04_2015.pdf,20170205060835
2015-04-23,annex,pdf,wayback,weekly_spi,http://www.pbs.gov.pk/sites/default/files//price_statistics/weekly_spi/spi_annex_23_04_2015_0.pdf,https://web.archive.org/web/20170205060822id_/http://www.pbs.gov.pk/sites/default/files//price_statistics/weekly_spi/spi_annex_23_04_2015_0.pdf,20170205060822
2015-04-23,summary,pdf,wayback,weekly_spi,http://www.pbs.gov.pk/sites/default/files//price_statistics/weekly_spi/spi_report%20_23_04_2015.pdf,https://web.archive.org/web/20170205060811id_/http://www.pbs.gov.pk/sites/default/files//price_statistics/weekly_spi/spi_report%20_23_04_2015.pdf,20170205060811
2015-04-30,annex,pdf,wayback,weekly_spi,http://www.pbs.gov.pk/sites/default/files//price_statistics/weekly_spi/spi_annex_30_04_2015_0.pdf,https://web.archive.org/web/20170205060754id_/http://www.pbs.gov.pk/sites/default/files//price_statistics/weekly_spi/spi_annex_30_04_2015_0.pdf,20170205060754
2015-04-30,summary,pdf,wayback,weekly_spi,http://www.pbs.gov.pk:80/sites/default/files/price_statistics/weekly_spi/spi_report_30_04_2015.pdf,https://web.archive.org/web/20150513203437id_/http://www.pbs.gov.pk:80/sites/default/files/price_statistics/weekly_spi/spi_report_30_04_2015.pdf,20150513203437
2015-05-07,annex,pdf,wayback,weekly_spi,http://www.pbs.gov.pk/sites/default/files//price_statistics/weekly_spi/spi_annex_07_05_2015.pdf,https://web.archive.org/web/20170205060723id_/http://www.pbs.gov.pk/sites/default/files//price_statistics/weekly_spi/spi_annex_07_05_2015.pdf,20170205060723
2015-05-07,summary,pdf,wayback,weekly_spi,http://www.pbs.gov.pk:80/sites/default/files/price_statistics/weekly_spi/spi_report_07_05_2015.pdf,https://web.archive.org/web/20150528165324id_/http://www.pbs.gov.pk:80/sites/default/files/price_statistics/weekly_spi/spi_report_07_05_2015.pdf,20150528165324
2015-05-14,annex,pdf,wayback,weekly_spi,http://www.pbs.gov.pk:80/sites/default/files/price_statistics/weekly_spi/spi_annex_14_05_2015.pdf,https://web.archive.org/web/20150528165319id_/http://www.pbs.gov.pk:80/sites/default/files/price_statistics/weekly_spi/spi_annex_14_05_2015.pdf,20150528165319
2015-05-14,summary,pdf,wayback,weekly_spi,http://www.pbs.gov.pk:80/sites/default/files/price_statistics/weekly_spi/spi_report_14_05_2015_0.pdf,https://web.archive.org/web/20150528165329id_/http://www.pbs.gov.pk:80/sites/default/files/price_statistics/weekly_spi/spi_report_14_05_2015_0.pdf,20150528165329
2015-05-21,annex,pdf,wayback,weekly_spi,http://www.pbs.gov.pk/sites/default/files//price_statistics/weekly_spi/spi_annex_21_05_2015.pdf,https://web.archive.org/web/20170205053647id_/http://www.pbs.gov.pk/sites/default/files//price_statistics/weekly_spi/spi_annex_21_05_2015.pdf,20170205053647
2015-05-21,summary,pdf,wayback,weekly_spi,http://www.pbs.gov.pk/sites/default/files//price_statistics/weekly_spi/spi_report_21_05_2015.pdf,https://web.archive.org/web/20170205050957id_/http://www.pbs.gov.pk/sites/default/files//price_statistics/weekly_spi/spi_report_21_05_2015.pdf,20170205050957
2015-05-28,annex,pdf,wayback,weekly_spi,http://www.pbs.gov.pk/sites/default/files//price_statistics/weekly_spi/spi_annex_28_05_2015.pdf,https://web.archive.org/web/20170205050945id_/http://www.pbs.gov.pk/sites/default/files//price_statistics/weekly_spi/spi_annex_28_05_2015.pdf,20170205050945
2015-05-28,summary,pdf,wayback,weekly_spi,http://www.pbs.gov.pk:80/sites/default/files/price_statistics/weekly_spi/spi_report_28_05_2015_0.pdf,https://web.archive.org/web/20150616023237id_/http://www.pbs.gov.pk:80/sites/default/files/price_statistics/weekly_spi/spi_report_28_05_2015_0.pdf,20150616023237
2015-06-04,annex,pdf,wayback,weekly_spi,http://www.pbs.gov.pk/sites/default/files//price_statistics/weekly_spi/spi_annex_04_06_2015.pdf,https://web.archive.org/web/20170205050922id_/http://www.pbs.gov.pk/sites/default/files//price_statistics/weekly_spi/spi_annex_04_06_2015.pdf,20170205050922
2015-06-04,summary,pdf,wayback,weekly_spi,http://www.pbs.gov.pk:80/sites/default/files/price_statistics/weekly_spi/spi_report_04_06_2015.pdf,https://web.archive.org/web/20150616081747id_/http://www.pbs.gov.pk:80/sites/default/files/price_statistics/weekly_spi/spi_report_04_06_2015.pdf,20150616081747
2015-06-05,annex,pdf,wayback,weekly_spi,http://www.pbs.gov.pk/sites/default/files//price_statistics/weekly_spi/spi_annex_05_06_2015.pdf,https://web.archive.org/web/20170205041910id_/http://www.pbs.gov.pk/sites/default/files//price_statistics/weekly_spi/spi_annex_05_06_2015.pdf,20170205041910
2015-06-11,annex,pdf,wayback,weekly_spi,http://www.pbs.gov.pk/sites/default/files//price_statistics/weekly_spi/spi_annex_11_06_2015.pdf,https://web.archive.org/web/20170205044307id_/http://www.pbs.gov.pk/sites/default/files//price_statistics/weekly_spi/spi_annex_11_06_2015.pdf,20170205044307
2015-06-11,summary,pdf,wayback,weekly_spi,http://www.pbs.gov.pk/sites/default/files//price_statistics/weekly_spi/spi_report_11_06_2015.pdf,https://web.archive.org/web/20170205044256id_/http://www.pbs.gov.pk/sites/default/files//price_statistics/weekly_spi/spi_report_11_06_2015.pdf,20170205044256
2015-06-18,annex,pdf,wayback,weekly_spi,http://www.pbs.gov.pk/sites/default/files//price_statistics/weekly_spi/SPI%20Annex%2018.06.2015.pdf,https://web.archive.org/web/20170205041941id_/http://www.pbs.gov.pk/sites/default/files//price_statistics/weekly_spi/SPI%20Annex%2018.06.2015.pdf,20170205041941
2015-06-18,annex,pdf,wayback,weekly_spi,http://www.pbs.gov.pk/sites/default/files//price_statistics/weekly_spi/spi_annex_18_06_2015.pdf,https://web.archive.org/web/20170205042029id_/http://www.pbs.gov.pk/sites/default/files//price_statistics/weekly_spi/spi_annex_18_06_2015.pdf,20170205042029
2015-06-18,summary,pdf,wayback,weekly_spi,http://www.pbs.gov.pk/sites/default/files//price_statistics/weekly_spi/SPI%20Report%2018.06.2015_0.pdf,https://web.archive.org/web/20170205041929id_/http://www.pbs.gov.pk/sites/default/files//price_statistics/weekly_spi/SPI%20Report%2018.06.2015_0.pdf,20170205041929
2015-06-18,summary,pdf,wayback,weekly_spi,http://www.pbs.gov.pk/sites/default/files//price_statistics/weekly_spi/spi_report_18_06_2015.pdf,https://web.archive.org/web/20170205042013id_/http://www.pbs.gov.pk/sites/default/files//price_statistics/weekly_spi/spi_report_18_06_2015.pdf,20170205042013
2015-06-25,summary,pdf,wayback,weekly_spi,http://www.pbs.gov.pk/sites/default/files//price_statistics/weekly_spi/spi_report_25_06_2015.pdf,https://web.archive.org/web/20170205041850id_/http://www.pbs.gov.pk/sites/default/files//price_statistics/weekly_spi/spi_report_25_06_2015.pdf,20170205041850
2015-07-02,annex,pdf,wayback,weekly_spi,http://www.pbs.gov.pk/sites/default/files//price_statistics/weekly_spi/spi_annex_02_07_2015.pdf,https://web.archive.org/web/20170205041832id_/http://www.pbs.gov.pk/sites/default/files//price_statistics/weekly_spi/spi_annex_02_07_2015.pdf,20170205041832
2015-07-02,summary,pdf,wayback,weekly_spi,http://www.pbs.gov.pk/sites/default/files//price_statistics/weekly_spi/spi_report_02_07_2015.pdf,https://web.archive.org/web/20170205041811id_/http://www.pbs.gov.pk/sites/default/files//price_statistics/weekly_spi/spi_report_02_07_2015.pdf,20170205041811
2015-07-09,annex,pdf,wayback,weekly_spi,http://www.pbs.gov.pk/sites/default/files//price_statistics/weekly_spi/SPI%20Annex%2009.07.2015_1.pdf,https://web.archive.org/web/20170205041757id_/http://www.pbs.gov.pk/sites/default/files//price_statistics/weekly_spi/SPI%20Annex%2009.07.2015_1.pdf,20170205041757
2015-07-09,summary,pdf,wayback,weekly_spi,http://www.pbs.gov.pk/sites/default/files//price_statistics/weekly_spi/SPI%20Report%2009.07.2015.pdf,https://web.archive.org/web/20170205041738id_/http://www.pbs.gov.pk/sites/default/files//price_statistics/weekly_spi/SPI%20Report%2009.07.2015.pdf,20170205041738
2015-07-16,annex,pdf,wayback,weekly_spi,http://www.pbs.gov.pk/sites/default/files//price_statistics/weekly_spi/SPI%20Annex%2016.07.2015.pdf,https://web.archive.org/web/20170205041717id_/http://www.pbs.gov.pk/sites/default/files//price_statistics/weekly_spi/SPI%20Annex%2016.07.2015.pdf,20170205041717
2015-07-16,summary,pdf,wayback,weekly_spi,http://www.pbs.gov.pk/sites/default/files//price_statistics/weekly_spi/SPI%20Report%2016.07.2015.pdf,https://web.archive.org/web/20170205041703id_/http://www.pbs.gov.pk/sites/default/files//price_statistics/weekly_spi/SPI%20Report%2016.07.2015.pdf,20170205041703
2015-07-23,annex,pdf,wayback,weekly_spi,http://www.pbs.gov.pk/sites/default/files//price_statistics/weekly_spi/spi_annex_23_07_2015.pdf,https://web.archive.org/web/20170205041644id_/http://www.pbs.gov.pk/sites/default/files//price_statistics/weekly_spi/spi_annex_23_07_2015.pdf,20170205041644
2015-07-23,summary,pdf,wayback,weekly_spi,http://www.pbs.gov.pk/sites/default/files//price_statistics/weekly_spi/spi_report_23_07_2015.pdf,https://web.archive.org/web/20170205041623id_/http://www.pbs.gov.pk/sites/default/files//price_statistics/weekly_spi/spi_report_23_07_2015.pdf,20170205041623
2015-07-30,annex,pdf,wayback,weekly_spi,http://www.pbs.gov.pk/sites/default/files//price_statistics/weekly_spi/spi_annex_30_07_2015.pdf,https://web.archive.org/web/20170205041602id_/http://www.pbs.gov.pk/sites/default/files//price_statistics/weekly_spi/spi_annex_30_07_2015.pdf,20170205041602
2015-07-30,summary,pdf,wayback,weekly_spi,http://www.pbs.gov.pk/sites/default/files//price_statistics/weekly_spi/spi_report_30_07_2015.pdf,https://web.archive.org/web/20170205041545id_/http://www.pbs.gov.pk/sites/default/files//price_statistics/weekly_spi/spi_report_30_07_2015.pdf,20170205041545
2015-08-06,annex,pdf,wayback,weekly_spi,http://www.pbs.gov.pk/sites/default/files//price_statistics/weekly_spi/spi_annex_06_08_2015.pdf,https://web.archive.org/web/20170205041528id_/http://www.pbs.gov.pk/sites/default/files//price_statistics/weekly_spi/spi_annex_06_08_2015.pdf,20170205041528
2015-08-06,summary,pdf,wayback,weekly_spi,http://www.pbs.gov.pk/sites/default/files//price_statistics/weekly_spi/spi_report_06_08_2015_0.pdf,https://web.archive.org/web/20170205041508id_/http://www.pbs.gov.pk/sites/default/files//price_statistics/weekly_spi/spi_report_06_08_2015_0.pdf,20170205041508
2015-08-13,annex,pdf,wayback,weekly_spi,http://www.pbs.gov.pk/sites/default/files//price_statistics/weekly_spi/spi_annex_13_08_2015.pdf,https://web.archive.org/web/20170205041452id_/http://www.pbs.gov.pk/sites/default/files//price_statistics/weekly_spi/spi_annex_13_08_2015.pdf,20170205041452
2015-08-13,summary,pdf,wayback,weekly_spi,http://www.pbs.gov.pk/sites/default/files//price_statistics/weekly_spi/spi_report_13_08_2015.pdf,https://web.archive.org/web/20170205041435id_/http://www.pbs.gov.pk/sites/default/files//price_statistics/weekly_spi/spi_report_13_08_2015.pdf,20170205041435
2015-08-20,annex,pdf,wayback,weekly_spi,http://www.pbs.gov.pk/sites/default/files//price_statistics/weekly_spi/spi_annexture_20_08_2015.pdf,https://web.archive.org/web/20170205041418id_/http://www.pbs.gov.pk/sites/default/files//price_statistics/weekly_spi/spi_annexture_20_08_2015.pdf,20170205041418
2015-08-20,summary,pdf,wayback,weekly_spi,http://www.pbs.gov.pk/sites/default/files//price_statistics/weekly_spi/spi_report_20_08_2015.pdf,https://web.archive.org/web/20170205041402id_/http://www.pbs.gov.pk/sites/default/files//price_statistics/weekly_spi/spi_report_20_08_2015.pdf,20170205041402
2015-08-27,annex,pdf,wayback,weekly_spi,http://www.pbs.gov.pk/sites/default/files//price_statistics/weekly_spi/spi_annex_27_08_2015.pdf,https://web.archive.org/web/20170205041345id_/http://www.pbs.gov.pk/sites/default/files//price_statistics/weekly_spi/spi_annex_27_08_2015.pdf,20170205041345
2015-08-27,summary,pdf,wayback,weekly_spi,http://www.pbs.gov.pk/sites/default/files//price_statistics/weekly_spi/spi_report_27_08_2015.pdf,https://web.archive.org/web/20170205041328id_/http://www.pbs.gov.pk/sites/default/files//price_statistics/weekly_spi/spi_report_27_08_2015.pdf,20170205041328
2015-09-03,annex,pdf,wayback,weekly_spi,http://www.pbs.gov.pk/sites/default/files//price_statistics/weekly_spi/spi_annex_03_09_2015.pdf,https://web.archive.org/web/20170205041311id_/http://www.pbs.gov.pk/sites/default/files//price_statistics/weekly_spi/spi_annex_03_09_2015.pdf,20170205041311
2015-09-03,summary,pdf,wayback,weekly_spi,http://www.pbs.gov.pk/sites/default/files//price_statistics/weekly_spi/spi_report_03_09_2015.pdf,https://web.archive.org/web/20170205041254id_/http://www.pbs.gov.pk/sites/default/files//price_statistics/weekly_spi/spi_report_03_09_2015.pdf,20170205041254
2015-09-10,annex,pdf,wayback,weekly_spi,http://www.pbs.gov.pk/sites/default/files//price_statistics/weekly_spi/spi_annex_10_09_2015.pdf,https://web.archive.org/web/20170205041222id_/http://www.pbs.gov.pk/sites/default/files//price_statistics/weekly_spi/spi_annex_10_09_2015.pdf,20170205041222
2015-09-10,summary,pdf,wayback,weekly_spi,http://www.pbs.gov.pk/sites/default/files//price_statistics/weekly_spi/spi_report_10_09_2015.pdf,https://web.archive.org/web/20170205041205id_/http://www.pbs.gov.pk/sites/default/files//price_statistics/weekly_spi/spi_report_10_09_2015.pdf,20170205041205
2015-09-17,annex,pdf,wayback,weekly_spi,http://www.pbs.gov.pk/sites/default/files//price_statistics/weekly_spi/spi_annex_17_09_2015.pdf,https://web.archive.org/web/20170205041146id_/http://www.pbs.gov.pk/sites/default/files//price_statistics/weekly_spi/spi_annex_17_09_2015.pdf,20170205041146
2015-09-17,summary,pdf,wayback,weekly_spi,http://www.pbs.gov.pk/sites/default/files//price_statistics/weekly_spi/spi_report_17_09_2015.pdf,https://web.archive.org/web/20170205041133id_/http://www.pbs.gov.pk/sites/default/files//price_statistics/weekly_spi/spi_report_17_09_2015.pdf,20170205041133
2015-09-23,annex,pdf,wayback,weekly_spi,http://www.pbs.gov.pk/sites/default/files//price_statistics/weekly_spi/SPI%20Annex%2023.09.2015.pdf,https://web.archive.org/web/20170205041114id_/http://www.pbs.gov.pk/sites/default/files//price_statistics/weekly_spi/SPI%20Annex%2023.09.2015.pdf,20170205041114
2015-09-23,summary,pdf,wayback,weekly_spi,http://www.pbs.gov.pk/sites/default/files//price_statistics/weekly_spi/SPI%20Report%2023.09.2015.pdf,https://web.archive.org/web/20170205041057id_/http://www.pbs.gov.pk/sites/default/files//price_statistics/weekly_spi/SPI%20Report%2023.09.2015.pdf,20170205041057
2015-10-01,annex,pdf,wayback,weekly_spi,http://www.pbs.gov.pk/sites/default/files//price_statistics/weekly_spi/SPI%20Annex%2001.10.2015_0.pdf,https://web.archive.org/web/20170205041043id_/http://www.pbs.gov.pk/sites/default/files//price_statistics/weekly_spi/SPI%20Annex%2001.10.2015_0.pdf,20170205041043
2015-10-01,summary,pdf,wayback,weekly_spi,http://www.pbs.gov.pk/sites/default/files//price_statistics/weekly_spi/SPI%20Report%2001.10.2015_0.pdf,https://web.archive.org/web/20170205041029id_/http://www.pbs.gov.pk/sites/default/files//price_statistics/weekly_spi/SPI%20Report%2001.10.2015_0.pdf,20170205041029
2015-10-08,annex,pdf,wayback,weekly_spi,http://www.pbs.gov.pk/sites/default/files//price_statistics/weekly_spi/SPI%20Annex%2008.10.2015.pdf,https://web.archive.org/web/20170205041016id_/http://www.pbs.gov.pk/sites/default/files//price_statistics/weekly_spi/SPI%20Annex%2008.10.2015.pdf,20170205041016
2015-10-08,summary,pdf,wayback,weekly_spi,http://www.pbs.gov.pk/sites/default/files//price_statistics/weekly_spi/SPI%20Report%2008.10.2015.pdf,https://web.archive.org/web/20170205041005id_/http://www.pbs.gov.pk/sites/default/files//price_statistics/weekly_spi/SPI%20Report%2008.10.2015.pdf,20170205041005
2015-10-15,annex,pdf,wayback,weekly_spi,http://www.pbs.gov.pk/sites/default/files//price_statistics/weekly_spi/SPI%20Annex%2015.10.2015.pdf,https://web.archive.org/web/20170205040951id_/http://www.pbs.gov.pk/sites/default/files//price_statistics/weekly_spi/SPI%20Annex%2015.10.2015.pdf,20170205040951
2015-10-15,summary,pdf,wayback,weekly_spi,http://www.pbs.gov.pk/sites/default/files//price_statistics/weekly_spi/SPI%20Report%2015.10.2015.pdf,https://web.archive.org/web/20170205040940id_/http://www.pbs.gov.pk/sites/default/files//price_statistics/weekly_spi/SPI%20Report%2015.10.2015.pdf,20170205040940
2015-10-22,annex,pdf,wayback,weekly_spi,http://www.pbs.gov.pk/sites/default/files//price_statistics/weekly_spi/spi_annex_22_10_2015.pdf,https://web.archive.org/web/20170205040921id_/http://www.pbs.gov.pk/sites/default/files//price_statistics/weekly_spi/spi_annex_22_10_2015.pdf,20170205040921
2015-10-22,summary,pdf,wayback,weekly_spi,http://www.pbs.gov.pk/sites/default/files//price_statistics/weekly_spi/spi_report_22_10_2015.pdf,https://web.archive.org/web/20170205040908id_/http://www.pbs.gov.pk/sites/default/files//price_statistics/weekly_spi/spi_report_22_10_2015.pdf,20170205040908
2015-10-29,annex,pdf,wayback,weekly_spi,http://www.pbs.gov.pk/sites/default/files//price_statistics/weekly_spi/spi_annex_29_10_2015.pdf,https://web.archive.org/web/20170205040854id_/http://www.pbs.gov.pk/sites/default/files//price_statistics/weekly_spi/spi_annex_29_10_2015.pdf,20170205040854
2015-10-29,summary,pdf,wayback,weekly_spi,http://www.pbs.gov.pk/sites/default/files//price_statistics/weekly_spi/spi_report_29_10_2015.pdf,https://web.archive.org/web/20170205040843id_/http://www.pbs.gov.pk/sites/default/files//price_statistics/weekly_spi/spi_report_29_10_2015.pdf,20170205040843
2015-11-05,annex,pdf,wayback,weekly_spi,http://www.pbs.gov.pk/sites/default/files//price_statistics/weekly_spi/SPI%20Annex%2005.11.2015.pdf,https://web.archive.org/web/20170205040829id_/http://www.pbs.gov.pk/sites/default/files//price_statistics/weekly_spi/SPI%20Annex%2005.11.2015.pdf,20170205040829
2015-11-05,summary,pdf,wayback,weekly_spi,http://www.pbs.gov.pk/sites/default/files//price_statistics/weekly_spi/SPI%20Report%2005.11.2015.pdf,https://web.archive.org/web/20170205034541id_/http://www.pbs.gov.pk/sites/default/files//price_statistics/weekly_spi/SPI%20Report%2005.11.2015.pdf,20170205034541
2015-11-12,annex,pdf,wayback,weekly_spi,http://www.pbs.gov.pk/sites/default/files//price_statistics/weekly_spi/spi_annex_12_11_2015.pdf,https://web.archive.org/web/20170205034421id_/http://www.pbs.gov.pk/sites/default/files//price_statistics/weekly_spi/spi_annex_12_11_2015.pdf,20170205034421
2015-11-12,summary,pdf,wayback,weekly_spi,http://www.pbs.gov.pk/sites/default/files//price_statistics/weekly_spi/spi_report_12_11_2015.pdf,https://web.archive.org/web/20170205034410id_/http://www.pbs.gov.pk/sites/default/files//price_statistics/weekly_spi/spi_report_12_11_2015.pdf,20170205034410
2015-11-19,annex,pdf,wayback,weekly_spi,http://www.pbs.gov.pk/sites/default/files//price_statistics/weekly_spi/SPI%20Annex%2019.11.2015.pdf,https://web.archive.org/web/20170205034356id_/http://www.pbs.gov.pk/sites/default/files//price_statistics/weekly_spi/SPI%20Annex%2019.11.2015.pdf,20170205034356
2015-11-19,summary,pdf,wayback,weekly_spi,http://www.pbs.gov.pk/sites/default/files//price_statistics/weekly_spi/SPI%20Report%2019.11.2015.pdf,https://web.archive.org/web/20170205034342id_/http://www.pbs.gov.pk/sites/default/files//price_statistics/weekly_spi/SPI%20Report%2019.11.2015.pdf,20170205034342
2015-11-25,annex,pdf,wayback,weekly_spi,http://www.pbs.gov.pk/sites/default/files//price_statistics/weekly_spi/spi_annex_25_11_2015.pdf,https://web.archive.org/web/20170205034307id_/http://www.pbs.gov.pk/sites/default/files//price_statistics/weekly_spi/spi_annex_25_11_2015.pdf,20170205034307
2015-11-26,summary,pdf,wayback,weekly_spi,http://www.pbs.gov.pk/sites/default/files//price_statistics/weekly_spi/SPI%20Report%2026.11.2015.pdf,https://web.archive.org/web/20170205034252id_/http://www.pbs.gov.pk/sites/default/files//price_statistics/weekly_spi/SPI%20Report%2026.11.2015.pdf,20170205034252
2015-12-03,annex,pdf,wayback,weekly_spi,http://www.pbs.gov.pk/sites/default/files//price_statistics/weekly_spi/SPI%20Annex%2003.12.2015.pdf,https://web.archive.org/web/20170205034232id_/http://www.pbs.gov.pk/sites/default/files//price_statistics/weekly_spi/SPI%20Annex%2003.12.2015.pdf,20170205034232
2015-12-03,summary,pdf,wayback,weekly_spi,http://www.pbs.gov.pk/sites/default/files//price_statistics/weekly_spi/SPI%20Report%2003.12.2015_0.pdf,https://web.archive.org/web/20170205034207id_/http://www.pbs.gov.pk/sites/default/files//price_statistics/weekly_spi/SPI%20Report%2003.12.2015_0.pdf,20170205034207
2015-12-10,annex,pdf,wayback,weekly_spi,http://www.pbs.gov.pk/sites/default/files//price_statistics/weekly_spi/SPI%20Annex%2010.12.2015.pdf,https://web.archive.org/web/20170205034147id_/http://www.pbs.gov.pk/sites/default/files//price_statistics/weekly_spi/SPI%20Annex%2010.12.2015.pdf,20170205034147
2015-12-10,summary,pdf,wayback,weekly_spi,http://www.pbs.gov.pk/sites/default/files//price_statistics/weekly_spi/SPI%20Report%2010.12.2015.pdf,https://web.archive.org/web/20170205034133id_/http://www.pbs.gov.pk/sites/default/files//price_statistics/weekly_spi/SPI%20Report%2010.12.2015.pdf,20170205034133
2015-12-17,annex,pdf,wayback,weekly_spi,http://www.pbs.gov.pk/sites/default/files//price_statistics/weekly_spi/SPI%20Annex%2017%2012%2015_1.pdf,https://web.archive.org/web/20170205034115id_/http://www.pbs.gov.pk/sites/default/files//price_statistics/weekly_spi/SPI%20Annex%2017%2012%2015_1.pdf,20170205034115
2015-12-17,summary,pdf,wayback,weekly_spi,http://www.pbs.gov.pk/sites/default/files//price_statistics/weekly_spi/SPI%20Report%2017.12.2015.pdf,https://web.archive.org/web/20170205034101id_/http://www.pbs.gov.pk/sites/default/files//price_statistics/weekly_spi/SPI%20Report%2017.12.2015.pdf,20170205034101
2015-12-23,annex,pdf,wayback,weekly_spi,http://www.pbs.gov.pk/sites/default/files//price_statistics/weekly_spi/spi_annex_231215.pdf,https://web.archive.org/web/20170205034042id_/http://www.pbs.gov.pk/sites/default/files//price_statistics/weekly_spi/spi_annex_231215.pdf,20170205034042
2015-12-23,summary,pdf,wayback,weekly_spi,http://www.pbs.gov.pk/sites/default/files//price_statistics/weekly_spi/spi_report_231215.pdf,https://web.archive.org/web/20170205034029id_/http://www.pbs.gov.pk/sites/default/files//price_statistics/weekly_spi/spi_report_231215.pdf,20170205034029
2015-12-31,annex,pdf,wayback,weekly_spi,http://www.pbs.gov.pk/sites/default/files//price_statistics/weekly_spi/SPI%20Annexure%2031%2012%202015.pdf,https://web.archive.org/web/20160701202222id_/http://www.pbs.gov.pk/sites/default/files//price_statistics/weekly_spi/SPI%20Annexure%2031%2012%202015.pdf,20160701202222
2015-12-31,summary,pdf,wayback,weekly_spi,http://www.pbs.gov.pk/sites/default/files//price_statistics/weekly_spi/SPI%20Report%2031.12.2015.pdf,https://web.archive.org/web/20160701161754id_/http://www.pbs.gov.pk/sites/default/files//price_statistics/weekly_spi/SPI%20Report%2031.12.2015.pdf,20160701161754
2016-01-07,annex,pdf,wayback,weekly_spi,http://www.pbs.gov.pk/sites/default/files//price_statistics/weekly_spi/spi_annexures_07_01_2016.pdf,https://web.archive.org/web/20160701202234id_/http://www.pbs.gov.pk/sites/default/files//price_statistics/weekly_spi/spi_annexures_07_01_2016.pdf,20160701202234
2016-01-07,summary,pdf,wayback,weekly_spi,http://www.pbs.gov.pk/sites/default/files//price_statistics/weekly_spi/spi_report_07_01_2016.pdf,https://web.archive.org/web/20160702020536id_/http://www.pbs.gov.pk/sites/default/files//price_statistics/weekly_spi/spi_report_07_01_2016.pdf,20160702020536
2016-01-14,annex,pdf,wayback,weekly_spi,http://www.pbs.gov.pk/sites/default/files//price_statistics/weekly_spi/SPI%20Annexures%2014.01.2016.pdf,https://web.archive.org/web/20160701135846id_/http://www.pbs.gov.pk/sites/default/files//price_statistics/weekly_spi/SPI%20Annexures%2014.01.2016.pdf,20160701135846
2016-01-14,summary,pdf,wayback,weekly_spi,http://www.pbs.gov.pk/sites/default/files//price_statistics/weekly_spi/SPI%20Report%2014.01.2016.pdf,https://web.archive.org/web/20160702020206id_/http://www.pbs.gov.pk/sites/default/files//price_statistics/weekly_spi/SPI%20Report%2014.01.2016.pdf,20160702020206
2016-01-21,annex,pdf,wayback,weekly_spi,http://www.pbs.gov.pk/sites/default/files//price_statistics/weekly_spi/SPI%20Annexures%2021.01.2016.pdf,https://web.archive.org/web/20160701202017id_/http://www.pbs.gov.pk/sites/default/files//price_statistics/weekly_spi/SPI%20Annexures%2021.01.2016.pdf,20160701202017
2016-01-21,summary,pdf,wayback,weekly_spi,http://www.pbs.gov.pk/sites/default/files//price_statistics/weekly_spi/SPI%20Report%2021.01.2016.pdf,https://web.archive.org/web/20160702020509id_/http://www.pbs.gov.pk/sites/default/files//price_statistics/weekly_spi/SPI%20Report%2021.01.2016.pdf,20160702020509
2016-01-28,annex,pdf,wayback,weekly_spi,http://www.pbs.gov.pk/sites/default/files//price_statistics/weekly_spi/spi_annexures_28_01_2016.pdf,https://web.archive.org/web/20160702022627id_/http://www.pbs.gov.pk/sites/default/files//price_statistics/weekly_spi/spi_annexures_28_01_2016.pdf,20160702022627
2016-01-28,summary,pdf,wayback,weekly_spi,http://www.pbs.gov.pk/sites/default/files//price_statistics/weekly_spi/spi_report_28_01_2016.pdf,https://web.archive.org/web/20160702020550id_/http://www.pbs.gov.pk/sites/default/files//price_statistics/weekly_spi/spi_report_28_01_2016.pdf,20160702020550
2016-02-04,annex,pdf,wayback,weekly_spi,http://www.pbs.gov.pk/sites/default/files//price_statistics/weekly_spi/SPI%20Annexures%2004-02-2016.pdf,https://web.archive.org/web/20160701134424id_/http://www.pbs.gov.pk/sites/default/files//price_statistics/weekly_spi/SPI%20Annexures%2004-02-2016.pdf,20160701134424
2016-02-04,summary,pdf,wayback,weekly_spi,http://www.pbs.gov.pk/sites/default/files//price_statistics/weekly_spi/SPI%20Report%2004.02.2016.pdf,https://web.archive.org/web/20160701202902id_/http://www.pbs.gov.pk/sites/default/files//price_statistics/weekly_spi/SPI%20Report%2004.02.2016.pdf,20160701202902
2016-02-11,annex,pdf,wayback,weekly_spi,http://www.pbs.gov.pk/sites/default/files//price_statistics/weekly_spi/spi_annexures_11-02-2016.pdf,https://web.archive.org/web/20160702022810id_/http://www.pbs.gov.pk/sites/default/files//price_statistics/weekly_spi/spi_annexures_11-02-2016.pdf,20160702022810
2016-02-11,summary,pdf,wayback,weekly_spi,http://www.pbs.gov.pk/sites/default/files//price_statistics/weekly_spi/spi_report_11-02-2016.pdf,https://web.archive.org/web/20160701222734id_/http://www.pbs.gov.pk/sites/default/files//price_statistics/weekly_spi/spi_report_11-02-2016.pdf,20160701222734
2016-02-18,annex,pdf,wayback,weekly_spi,http://www.pbs.gov.pk/sites/default/files//price_statistics/weekly_spi/SPI%20Annexures%2018-02-2016.pdf,https://web.archive.org/web/20160701200041id_/http://www.pbs.gov.pk/sites/default/files//price_statistics/weekly_spi/SPI%20Annexures%2018-02-2016.pdf,20160701200041
2016-02-18,summary,pdf,wayback,weekly_spi,http://www.pbs.gov.pk/sites/default/files//price_statistics/weekly_spi/SPI%20Report%2018.02.2016.pdf,https://web.archive.org/web/20160701213300id_/http://www.pbs.gov.pk/sites/default/files//price_statistics/weekly_spi/SPI%20Report%2018.02.2016.pdf,20160701213300
2016-02-25,annex,pdf,wayback,weekly_spi,http://www.pbs.gov.pk/sites/default/files//price_statistics/weekly_spi/SPI%20Annexures%2025-02-2016.pdf,https://web.archive.org/web/20160702022758id_/http://www.pbs.gov.pk/sites/default/files//price_statistics/weekly_spi/SPI%20Annexures%2025-02-2016.pdf,20160702022758
2016-02-25,summary,pdf,wayback,weekly_spi,http://www.pbs.gov.pk/sites/default/files//price_statistics/weekly_spi/SPI%20Report%2025.02.2016.pdf,https://web.archive.org/web/20160701222711id_/http://www.pbs.gov.pk/sites/default/files//price_statistics/weekly_spi/SPI%20Report%2025.02.2016.pdf,20160701222711
2016-03-03,annex,pdf,wayback,weekly_spi,http://www.pbs.gov.pk/sites/default/files//price_statistics/weekly_spi/spi_annexures_03_03_2016.pdf,https://web.archive.org/web/20160701202131id_/http://www.pbs.gov.pk/sites/default/files//price_statistics/weekly_spi/spi_annexures_03_03_2016.pdf,20160701202131
2016-03-03,summary,pdf,wayback,weekly_spi,http://www.pbs.gov.pk/sites/default/files//price_statistics/weekly_spi/spi_report-03-03-2016.pdf,https://web.archive.org/web/20160701231446id_/http://www.pbs.gov.pk/sites/default/files//price_statistics/weekly_spi/spi_report-03-03-2016.pdf,20160701231446
2016-03-10,annex,pdf,wayback,weekly_spi,http://www.pbs.gov.pk/sites/default/files//price_statistics/weekly_spi/spi_annexures_10_03_2016.pdf,https://web.archive.org/web/20160702020614id_/http://www.pbs.gov.pk/sites/default/files//price_statistics/weekly_spi/spi_annexures_10_03_2016.pdf,20160702020614
2016-03-10,summary,pdf,wayback,weekly_spi,http://www.pbs.gov.pk/sites/default/files//price_statistics/weekly_spi/spi_report_10_03_2016.pdf,https://web.archive.org/web/20160701204650id_/http://www.pbs.gov.pk/sites/default/files//price_statistics/weekly_spi/spi_report_10_03_2016.pdf,20160701204650
2016-03-17,annex,pdf,wayback,weekly_spi,http://www.pbs.gov.pk/sites/default/files//price_statistics/weekly_spi/annexures_17_03_2016.pdf,https://web.archive.org/web/20160701141104id_/http://www.pbs.gov.pk/sites/default/files//price_statistics/weekly_spi/annexures_17_03_2016.pdf,20160701141104
2016-03-17,summary,pdf,wayback,weekly_spi,http://www.pbs.gov.pk/sites/default/files//price_statistics/weekly_spi/spi_report_17_03_2016.pdf,https://web.archive.org/web/20160702022717id_/http://www.pbs.gov.pk/sites/default/files//price_statistics/weekly_spi/spi_report_17_03_2016.pdf,20160702022717
2016-03-24,annex,pdf,wayback,weekly_spi,http://www.pbs.gov.pk/sites/default/files//price_statistics/weekly_spi/spi_annexures_24_03_2016.pdf,https://web.archive.org/web/20170205023437id_/http://www.pbs.gov.pk/sites/default/files//price_statistics/weekly_spi/spi_annexures_24_03_2016.pdf,20170205023437
2016-03-24,summary,pdf,wayback,weekly_spi,http://www.pbs.gov.pk/sites/default/files//price_statistics/weekly_spi/spi_report_24_03_2016.pdf,https://web.archive.org/web/20170205023426id_/http://www.pbs.gov.pk/sites/default/files//price_statistics/weekly_spi/spi_report_24_03_2016.pdf,20170205023426
2016-03-31,annex,pdf,wayback,weekly_spi,http://www.pbs.gov.pk/sites/default/files//price_statistics/weekly_spi/spi_annexures_31_03_2016.pdf,https://web.archive.org/web/20170205023407id_/http://www.pbs.gov.pk/sites/default/files//price_statistics/weekly_spi/spi_annexures_31_03_2016.pdf,20170205023407
2016-03-31,summary,pdf,wayback,weekly_spi,http://www.pbs.gov.pk/sites/default/files//price_statistics/weekly_spi/spi_report_31_03_2016.pdf,https://web.archive.org/web/20170205023323id_/http://www.pbs.gov.pk/sites/default/files//price_statistics/weekly_spi/spi_report_31_03_2016.pdf,20170205023323
2016-04-07,annex,pdf,wayback,weekly_spi,http://www.pbs.gov.pk/sites/default/files//price_statistics/weekly_spi/SPI%20Annexures%2007.04.2016.pdf,https://web.archive.org/web/20170205023309id_/http://www.pbs.gov.pk/sites/default/files//price_statistics/weekly_spi/SPI%20Annexures%2007.04.2016.pdf,20170205023309
2016-04-07,summary,pdf,wayback,weekly_spi,http://www.pbs.gov.pk/sites/default/files//price_statistics/weekly_spi/SPI%20Report%2007.04.2016.pdf,https://web.archive.org/web/20170205023257id_/http://www.pbs.gov.pk/sites/default/files//price_statistics/weekly_spi/SPI%20Report%2007.04.2016.pdf,20170205023257
2016-04-14,annex,pdf,wayback,weekly_spi,http://www.pbs.gov.pk/sites/default/files//price_statistics/weekly_spi/spi_annex_14-04-2016.pdf,https://web.archive.org/web/20170205023244id_/http://www.pbs.gov.pk/sites/default/files//price_statistics/weekly_spi/spi_annex_14-04-2016.pdf,20170205023244
2016-04-14,summary,pdf,wayback,weekly_spi,http://www.pbs.gov.pk/sites/default/files//price_statistics/weekly_spi/SPI%20Report%2014.04.2016.pdf,https://web.archive.org/web/20170205023232id_/http://www.pbs.gov.pk/sites/default/files//price_statistics/weekly_spi/SPI%20Report%2014.04.2016.pdf,20170205023232
2016-04-21,annex,pdf,wayback,weekly_spi,http://www.pbs.gov.pk/sites/default/files//price_statistics/weekly_spi/SPI%20Annexures%2021.04.2016.pdf,https://web.archive.org/web/20170205023218id_/http://www.pbs.gov.pk/sites/default/files//price_statistics/weekly_spi/SPI%20Annexures%2021.04.2016.pdf,20170205023218
2016-04-21,summary,pdf,wayback,weekly_spi,http://www.pbs.gov.pk:80/sites/default/files/price_statistics/weekly_spi/SPI%20Report%2021.04.2016.pdf,https://web.archive.org/web/20160508151711id_/http://www.pbs.gov.pk:80/sites/default/files/price_statistics/weekly_spi/SPI%20Report%2021.04.2016.pdf,20160508151711
2016-04-28,annex,pdf,wayback,weekly_spi,http://www.pbs.gov.pk:80/sites/default/files/price_statistics/weekly_spi/SPI%20Annexures%2028.04.2016.pdf,https://web.archive.org/web/20160806154833id_/http://www.pbs.gov.pk:80/sites/default/files/price_statistics/weekly_spi/SPI%20Annexures%2028.04.2016.pdf,20160806154833
2016-04-28,summary,pdf,wayback,weekly_spi,http://www.pbs.gov.pk:80/sites/default/files/price_statistics/weekly_spi/SPI%20Report%2028.04.2016.pdf,https://web.archive.org/web/20160806164733id_/http://www.pbs.gov.pk:80/sites/default/files/price_statistics/weekly_spi/SPI%20Report%2028.04.2016.pdf,20160806164733
2016-05-05,annex,pdf,wayback,weekly_spi,http://www.pbs.gov.pk:80/sites/default/files/price_statistics/weekly_spi/spi_annexure_05-05_2016.pdf,https://web.archive.org/web/20160806152450id_/http://www.pbs.gov.pk:80/sites/default/files/price_statistics/weekly_spi/spi_annexure_05-05_2016.pdf,20160806152450
2016-05-05,summary,pdf,wayback,weekly_spi,http://www.pbs.gov.pk:80/sites/default/files/price_statistics/weekly_spi/spi_report_05_05_2016.pdf,https://web.archive.org/web/20160806164743id_/http://www.pbs.gov.pk:80/sites/default/files/price_statistics/weekly_spi/spi_report_05_05_2016.pdf,20160806164743
2016-05-12,annex,pdf,wayback,weekly_spi,http://www.pbs.gov.pk:80/sites/default/files/price_statistics/weekly_spi/spi_annexures_12_05_2016.pdf,https://web.archive.org/web/20160806155944id_/http://www.pbs.gov.pk:80/sites/default/files/price_statistics/weekly_spi/spi_annexures_12_05_2016.pdf,20160806155944
2016-05-12,summary,pdf,wayback,weekly_spi,http://www.pbs.gov.pk:80/sites/default/files/price_statistics/weekly_spi/spi_report_12_05_2016.pdf,https://web.archive.org/web/20160806152606id_/http://www.pbs.gov.pk:80/sites/default/files/price_statistics/weekly_spi/spi_report_12_05_2016.pdf,20160806152606
2016-05-19,annex,pdf,wayback,weekly_spi,http://www.pbs.gov.pk:80/sites/default/files/price_statistics/weekly_spi/SPI%20Annexures%2019.05.2016.pdf,https://web.archive.org/web/20160804081152id_/http://www.pbs.gov.pk:80/sites/default/files/price_statistics/weekly_spi/SPI%20Annexures%2019.05.2016.pdf,20160804081152
2016-05-19,summary,pdf,wayback,weekly_spi,http://www.pbs.gov.pk:80/sites/default/files/price_statistics/weekly_spi/SPI%20Report%2019.05.2016.pdf,https://web.archive.org/web/20160806152344id_/http://www.pbs.gov.pk:80/sites/default/files/price_statistics/weekly_spi/SPI%20Report%2019.05.2016.pdf,20160806152344
2016-05-26,annex,pdf,wayback,weekly_spi,http://www.pbs.gov.pk:80/sites/default/files/price_statistics/weekly_spi/spi_annexures_26_05_2016.pdf,https://web.archive.org/web/20160806162207id_/http://www.pbs.gov.pk:80/sites/default/files/price_statistics/weekly_spi/spi_annexures_26_05_2016.pdf,20160806162207
2016-05-26,summary,pdf,wayback,weekly_spi,http://www.pbs.gov.pk:80/sites/default/files/price_statistics/weekly_spi/spi_report_26_05_2016.pdf,https://web.archive.org/web/20160806152349id_/http://www.pbs.gov.pk:80/sites/default/files/price_statistics/weekly_spi/spi_report_26_05_2016.pdf,20160806152349
2016-06-02,annex,pdf,wayback,weekly_spi,http://www.pbs.gov.pk:80/sites/default/files/price_statistics/weekly_spi/SPI%20Annexure%2002.06.2016.pdf,https://web.archive.org/web/20160804081126id_/http://www.pbs.gov.pk:80/sites/default/files/price_statistics/weekly_spi/SPI%20Annexure%2002.06.2016.pdf,20160804081126
2016-06-02,summary,pdf,wayback,weekly_spi,http://www.pbs.gov.pk:80/sites/default/files/price_statistics/weekly_spi/SPI%20Report%2002.06.2016.pdf,https://web.archive.org/web/20160806154836id_/http://www.pbs.gov.pk:80/sites/default/files/price_statistics/weekly_spi/SPI%20Report%2002.06.2016.pdf,20160806154836
2016-06-09,annex,pdf,wayback,weekly_spi,http://www.pbs.gov.pk:80/sites/default/files/price_statistics/weekly_spi/spi_annexures_09_06_2016.pdf,https://web.archive.org/web/20160804082242id_/http://www.pbs.gov.pk:80/sites/default/files/price_statistics/weekly_spi/spi_annexures_09_06_2016.pdf,20160804082242
2016-06-09,summary,pdf,wayback,weekly_spi,http://www.pbs.gov.pk:80/sites/default/files/price_statistics/weekly_spi/spi_report_09_06_2016.pdf,https://web.archive.org/web/20160806164806id_/http://www.pbs.gov.pk:80/sites/default/files/price_statistics/weekly_spi/spi_report_09_06_2016.pdf,20160806164806
2016-06-16,annex,pdf,wayback,weekly_spi,http://www.pbs.gov.pk:80/sites/default/files/price_statistics/weekly_spi/spi_annexures_16_06_2016.pdf,https://web.archive.org/web/20160804072403id_/http://www.pbs.gov.pk:80/sites/default/files/price_statistics/weekly_spi/spi_annexures_16_06_2016.pdf,20160804072403
2016-06-16,summary,pdf,wayback,weekly_spi,http://www.pbs.gov.pk:80/sites/default/files/price_statistics/weekly_spi/spi_report_16_06_2016.pdf,https://web.archive.org/web/20160806154851id_/http://www.pbs.gov.pk:80/sites/default/files/price_statistics/weekly_spi/spi_report_16_06_2016.pdf,20160806154851
2016-06-23,annex,pdf,wayback,weekly_spi,http://www.pbs.gov.pk:80/sites/default/files/price_statistics/weekly_spi/spi_annexures_23_06_2016.pdf,https://web.archive.org/web/20160804072430id_/http://www.pbs.gov.pk:80/sites/default/files/price_statistics/weekly_spi/spi_annexures_23_06_2016.pdf,20160804072430
2016-06-23,summary,pdf,wayback,weekly_spi,http://www.pbs.gov.pk:80/sites/default/files/price_statistics/weekly_spi/spi_report_23_06_2016.pdf,https://web.archive.org/web/20160806154902id_/http://www.pbs.gov.pk:80/sites/default/files/price_statistics/weekly_spi/spi_report_23_06_2016.pdf,20160806154902
2016-06-30,annex,pdf,wayback,weekly_spi,http://www.pbs.gov.pk:80/sites/default/files/price_statistics/weekly_spi/SPI%20Annexure%2030.06.2016.pdf,https://web.archive.org/web/20160804042716id_/http://www.pbs.gov.pk:80/sites/default/files/price_statistics/weekly_spi/SPI%20Annexure%2030.06.2016.pdf,20160804042716
2016-06-30,summary,pdf,wayback,weekly_spi,http://www.pbs.gov.pk:80/sites/default/files/price_statistics/weekly_spi/SPI%20Report%2030.06.2016.pdf,https://web.archive.org/web/20160806152442id_/http://www.pbs.gov.pk:80/sites/default/files/price_statistics/weekly_spi/SPI%20Report%2030.06.2016.pdf,20160806152442
2016-07-14,annex,pdf,wayback,weekly_spi,http://www.pbs.gov.pk:80/sites/default/files/price_statistics/weekly_spi/spi_annexures_14_07_2016.pdf,https://web.archive.org/web/20160806160501id_/http://www.pbs.gov.pk:80/sites/default/files/price_statistics/weekly_spi/spi_annexures_14_07_2016.pdf,20160806160501
2016-07-14,summary,pdf,wayback,weekly_spi,http://www.pbs.gov.pk:80/sites/default/files/price_statistics/weekly_spi/SPI%20Report%2014.07.2016.pdf,https://web.archive.org/web/20160806163713id_/http://www.pbs.gov.pk:80/sites/default/files/price_statistics/weekly_spi/SPI%20Report%2014.07.2016.pdf,20160806163713
2016-07-21,annex,pdf,wayback,weekly_spi,http://www.pbs.gov.pk:80/sites/default/files/price_statistics/weekly_spi/spi_annexures_21_07_2016.pdf,https://web.archive.org/web/20160806152539id_/http://www.pbs.gov.pk:80/sites/default/files/price_statistics/weekly_spi/spi_annexures_21_07_2016.pdf,20160806152539
2016-07-21,summary,pdf,wayback,weekly_spi,http://www.pbs.gov.pk:80/sites/default/files/price_statistics/weekly_spi/spi_report_21_07_2016.pdf,https://web.archive.org/web/20160806155947id_/http://www.pbs.gov.pk:80/sites/default/files/price_statistics/weekly_spi/spi_report_21_07_2016.pdf,20160806155947
2016-07-28,annex,pdf,wayback,weekly_spi,http://www.pbs.gov.pk:80/sites/default/files/price_statistics/weekly_spi/spi_annexures_28_07_2016.pdf,https://web.archive.org/web/20160910030027id_/http://www.pbs.gov.pk:80/sites/default/files/price_statistics/weekly_spi/spi_annexures_28_07_2016.pdf,20160910030027
2016-07-28,summary,pdf,wayback,weekly_spi,http://www.pbs.gov.pk/sites/default/files//price_statistics/weekly_spi/spi_report_28_07_2016.pdf,https://web.archive.org/web/20170205020238id_/http://www.pbs.gov.pk/sites/default/files//price_statistics/weekly_spi/spi_report_28_07_2016.pdf,20170205020238
2016-08-04,annex,pdf,wayback,weekly_spi,http://www.pbs.gov.pk:80/sites/default/files/price_statistics/weekly_spi/spi_annexures_04_08_2016.pdf,https://web.archive.org/web/20160910014341id_/http://www.pbs.gov.pk:80/sites/default/files/price_statistics/weekly_spi/spi_annexures_04_08_2016.pdf,20160910014341
2016-08-04,summary,pdf,wayback,weekly_spi,http://www.pbs.gov.pk/sites/default/files//price_statistics/weekly_spi/spi_report_04_08_2016.pdf,https://web.archive.org/web/20170205020159id_/http://www.pbs.gov.pk/sites/default/files//price_statistics/weekly_spi/spi_report_04_08_2016.pdf,20170205020159
2016-08-11,annex,pdf,wayback,weekly_spi,http://www.pbs.gov.pk:80/sites/default/files/price_statistics/weekly_spi/spi_annexure_11_08_2016.pdf,https://web.archive.org/web/20160910025958id_/http://www.pbs.gov.pk:80/sites/default/files/price_statistics/weekly_spi/spi_annexure_11_08_2016.pdf,20160910025958
2016-08-11,summary,pdf,wayback,weekly_spi,http://www.pbs.gov.pk/sites/default/files//price_statistics/weekly_spi/spi_report_11_08_2016.pdf,https://web.archive.org/web/20170205020133id_/http://www.pbs.gov.pk/sites/default/files//price_statistics/weekly_spi/spi_report_11_08_2016.pdf,20170205020133
2016-08-18,annex,pdf,wayback,weekly_spi,http://www.pbs.gov.pk:80/sites/default/files/price_statistics/weekly_spi/spi_annexures_18_08_2016.pdf,https://web.archive.org/web/20160910014405id_/http://www.pbs.gov.pk:80/sites/default/files/price_statistics/weekly_spi/spi_annexures_18_08_2016.pdf,20160910014405
2016-08-18,summary,pdf,wayback,weekly_spi,http://www.pbs.gov.pk/sites/default/files//price_statistics/weekly_spi/spi_report_18_08_2016.pdf,https://web.archive.org/web/20170205020103id_/http://www.pbs.gov.pk/sites/default/files//price_statistics/weekly_spi/spi_report_18_08_2016.pdf,20170205020103
2016-08-25,annex,pdf,wayback,weekly_spi,http://www.pbs.gov.pk:80/sites/default/files/price_statistics/weekly_spi/spi_annexures_25_08_2016.pdf,https://web.archive.org/web/20161020114539id_/http://www.pbs.gov.pk:80/sites/default/files/price_statistics/weekly_spi/spi_annexures_25_08_2016.pdf,20161020114539
2016-08-25,summary,pdf,wayback,weekly_spi,http://www.pbs.gov.pk/sites/default/files//price_statistics/weekly_spi/spi_report_25_08_2016.pdf,https://web.archive.org/web/20170205013836id_/http://www.pbs.gov.pk/sites/default/files//price_statistics/weekly_spi/spi_report_25_08_2016.pdf,20170205013836
2016-09-01,annex,pdf,wayback,weekly_spi,http://www.pbs.gov.pk/sites/default/files//price_statistics/weekly_spi/SPI%20Annexure%2001.09.2016.pdf,https://web.archive.org/web/20170205013821id_/http://www.pbs.gov.pk/sites/default/files//price_statistics/weekly_spi/SPI%20Annexure%2001.09.2016.pdf,20170205013821
2016-09-01,summary,pdf,wayback,weekly_spi,http://www.pbs.gov.pk/sites/default/files//price_statistics/weekly_spi/SPI%20Report%2001.09.2016.pdf,https://web.archive.org/web/20170205013808id_/http://www.pbs.gov.pk/sites/default/files//price_statistics/weekly_spi/SPI%20Report%2001.09.2016.pdf,20170205013808
2016-09-08,annex,pdf,wayback,weekly_spi,http://www.pbs.gov.pk/sites/default/files//price_statistics/weekly_spi/SPI%20Annex%2008.09.2016.pdf,https://web.archive.org/web/20170205013750id_/http://www.pbs.gov.pk/sites/default/files//price_statistics/weekly_spi/SPI%20Annex%2008.09.2016.pdf,20170205013750
2016-09-08,summary,pdf,wayback,weekly_spi,http://www.pbs.gov.pk/sites/default/files//price_statistics/weekly_spi/SPI%20Report%2008.09.2016_0.pdf,https://web.archive.org/web/20170205013738id_/http://www.pbs.gov.pk/sites/default/files//price_statistics/weekly_spi/SPI%20Report%2008.09.2016_0.pdf,20170205013738
2016-09-15,annex,pdf,wayback,weekly_spi,http://www.pbs.gov.pk/sites/default/files//price_statistics/weekly_spi/SPI%20Annex%2015.09.2016.pdf,https://web.archive.org/web/20170205011239id_/http://www.pbs.gov.pk/sites/default/files//price_statistics/weekly_spi/SPI%20Annex%2015.09.2016.pdf,20170205011239
2016-09-15,summary,pdf,wayback,weekly_spi,http://www.pbs.gov.pk/sites/default/files//price_statistics/weekly_spi/SPI%20Report%2015.09.2016_1.pdf,https://web.archive.org/web/20170205011227id_/http://www.pbs.gov.pk/sites/default/files//price_statistics/weekly_spi/SPI%20Report%2015.09.2016_1.pdf,20170205011227
2016-09-22,annex,pdf,wayback,weekly_spi,http://www.pbs.gov.pk/sites/default/files//price_statistics/weekly_spi/SPI%20Annex%2022.09.2016.pdf,https://web.archive.org/web/20170205011208id_/http://www.pbs.gov.pk/sites/default/files//price_statistics/weekly_spi/SPI%20Annex%2022.09.2016.pdf,20170205011208
2016-09-22,summary,pdf,wayback,weekly_spi,http://www.pbs.gov.pk/sites/default/files//price_statistics/weekly_spi/SPI%20Report%2022.09.2016.pdf,https://web.archive.org/web/20170205011150id_/http://www.pbs.gov.pk/sites/default/files//price_statistics/weekly_spi/SPI%20Report%2022.09.2016.pdf,20170205011150
2016-09-29,annex,pdf,wayback,weekly_spi,http://www.pbs.gov.pk/sites/default/files//price_statistics/weekly_spi/spi_annex_29_09_2016.pdf,https://web.archive.org/web/20170205011138id_/http://www.pbs.gov.pk/sites/default/files//price_statistics/weekly_spi/spi_annex_29_09_2016.pdf,20170205011138
2016-09-29,summary,pdf,wayback,weekly_spi,http://www.pbs.gov.pk/sites/default/files//price_statistics/weekly_spi/spi_report_29_09_2016.pdf,https://web.archive.org/web/20170205001216id_/http://www.pbs.gov.pk/sites/default/files//price_statistics/weekly_spi/spi_report_29_09_2016.pdf,20170205001216
2016-10-06,annex,pdf,wayback,weekly_spi,http://www.pbs.gov.pk/sites/default/files//price_statistics/weekly_spi/SPI%20Annex%2006.10.2016.pdf,https://web.archive.org/web/20170205001145id_/http://www.pbs.gov.pk/sites/default/files//price_statistics/weekly_spi/SPI%20Annex%2006.10.2016.pdf,20170205001145
2016-10-06,summary,pdf,wayback,weekly_spi,http://www.pbs.gov.pk/sites/default/files//price_statistics/weekly_spi/SPI%20Report%2006.10.2016_0.pdf,https://web.archive.org/web/20170205001126id_/http://www.pbs.gov.pk/sites/default/files//price_statistics/weekly_spi/SPI%20Report%2006.10.2016_0.pdf,20170205001126
2016-10-13,annex,pdf,wayback,weekly_spi,http://www.pbs.gov.pk/sites/default/files//price_statistics/weekly_spi/spi_annex_13_10_2016.pdf,https://web.archive.org/web/20170205001104id_/http://www.pbs.gov.pk/sites/default/files//price_statistics/weekly_spi/spi_annex_13_10_2016.pdf,20170205001104
2016-10-13,summary,pdf,wayback,weekly_spi,http://www.pbs.gov.pk/sites/default/files//price_statistics/weekly_spi/spi_report_13_10_2016.pdf,https://web.archive.org/web/20170204234155id_/http://www.pbs.gov.pk/sites/default/files//price_statistics/weekly_spi/spi_report_13_10_2016.pdf,20170204234155
2016-10-20,annex,pdf,wayback,weekly_spi,http://www.pbs.gov.pk/sites/default/files//price_statistics/weekly_spi/spi_annex_20_10_2016.pdf,https://web.archive.org/web/20170204234143id_/http://www.pbs.gov.pk/sites/default/files//price_statistics/weekly_spi/spi_annex_20_10_2016.pdf,20170204234143
2016-10-20,summary,pdf,wayback,weekly_spi,http://www.pbs.gov.pk/sites/default/files//price_statistics/weekly_spi/spi_report_20_10_2016.pdf,https://web.archive.org/web/20170204230959id_/http://www.pbs.gov.pk/sites/default/files//price_statistics/weekly_spi/spi_report_20_10_2016.pdf,20170204230959
2016-10-27,annex,pdf,wayback,weekly_spi,http://www.pbs.gov.pk/sites/default/files//price_statistics/weekly_spi/spi_annex%20_27_10_2016.pdf,https://web.archive.org/web/20170204230940id_/http://www.pbs.gov.pk/sites/default/files//price_statistics/weekly_spi/spi_annex%20_27_10_2016.pdf,20170204230940
2016-10-27,summary,pdf,wayback,weekly_spi,http://www.pbs.gov.pk/sites/default/files//price_statistics/weekly_spi/spi_report_27_10_2016.pdf,https://web.archive.org/web/20170204224423id_/http://www.pbs.gov.pk/sites/default/files//price_statistics/weekly_spi/spi_report_27_10_2016.pdf,20170204224423
2016-11-03,annex,pdf,wayback,weekly_spi,http://www.pbs.gov.pk/sites/default/files//price_statistics/weekly_spi/spi_annex_03_11_2016_0.pdf,https://web.archive.org/web/20170204224352id_/http://www.pbs.gov.pk/sites/default/files//price_statistics/weekly_spi/spi_annex_03_11_2016_0.pdf,20170204224352
2016-11-03,summary,pdf,wayback,weekly_spi,http://www.pbs.gov.pk/sites/default/files//price_statistics/weekly_spi/spi_report_03_11_2016.pdf,https://web.archive.org/web/20170204224333id_/http://www.pbs.gov.pk/sites/default/files//price_statistics/weekly_spi/spi_report_03_11_2016.pdf,20170204224333
2016-11-10,annex,pdf,wayback,weekly_spi,http://www.pbs.gov.pk/sites/default/files//price_statistics/weekly_spi/spi_annex_10_11_2016.pdf,https://web.archive.org/web/20170907005627id_/http://www.pbs.gov.pk/sites/default/files//price_statistics/weekly_spi/spi_annex_10_11_2016.pdf,20170907005627
2016-11-10,summary,pdf,wayback,weekly_spi,http://www.pbs.gov.pk/sites/default/files//price_statistics/weekly_spi/spi_report_10_11_2016.pdf,https://web.archive.org/web/20170906224225id_/http://www.pbs.gov.pk/sites/default/files//price_statistics/weekly_spi/spi_report_10_11_2016.pdf,20170906224225
2016-11-17,annex,pdf,wayback,weekly_spi,http://www.pbs.gov.pk/sites/default/files//price_statistics/weekly_spi/SPI%20Annex%2017.11.2016.pdf,https://web.archive.org/web/20170509073034id_/http://www.pbs.gov.pk/sites/default/files//price_statistics/weekly_spi/SPI%20Annex%2017.11.2016.pdf,20170509073034
2016-11-17,summary,pdf,wayback,weekly_spi,http://www.pbs.gov.pk/sites/default/files//price_statistics/weekly_spi/SPI%20Report%2017.11.2016.pdf,https://web.archive.org/web/20170907021631id_/http://www.pbs.gov.pk/sites/default/files//price_statistics/weekly_spi/SPI%20Report%2017.11.2016.pdf,20170907021631
2016-11-24,annex,pdf,wayback,weekly_spi,http://www.pbs.gov.pk/sites/default/files//price_statistics/weekly_spi/spi_annex_24_11_2016.pdf,https://web.archive.org/web/20170907001229id_/http://www.pbs.gov.pk/sites/default/files//price_statistics/weekly_spi/spi_annex_24_11_2016.pdf,20170907001229
2016-11-24,summary,pdf,wayback,weekly_spi,http://www.pbs.gov.pk/sites/default/files//price_statistics/weekly_spi/spi_report_24_11_2016.pdf,https://web.archive.org/web/20170906220236id_/http://www.pbs.gov.pk/sites/default/files//price_statistics/weekly_spi/spi_report_24_11_2016.pdf,20170906220236
2016-12-01,annex,pdf,wayback,weekly_spi,http://www.pbs.gov.pk/sites/default/files//price_statistics/weekly_spi/spi_annex_01_12_2016.pdf,https://web.archive.org/web/20170907014432id_/http://www.pbs.gov.pk/sites/default/files//price_statistics/weekly_spi/spi_annex_01_12_2016.pdf,20170907014432
2016-12-01,summary,pdf,wayback,weekly_spi,http://www.pbs.gov.pk/sites/default/files//price_statistics/weekly_spi/spi_report_01_12_2016.pdf,https://web.archive.org/web/20170906233708id_/http://www.pbs.gov.pk/sites/default/files//price_statistics/weekly_spi/spi_report_01_12_2016.pdf,20170906233708
2016-12-08,annex,pdf,wayback,weekly_spi,http://www.pbs.gov.pk/sites/default/files//price_statistics/weekly_spi/spi_annex_08_12_2016.pdf,https://web.archive.org/web/20170906232801id_/http://www.pbs.gov.pk/sites/default/files//price_statistics/weekly_spi/spi_annex_08_12_2016.pdf,20170906232801
2016-12-08,summary,pdf,wayback,weekly_spi,http://www.pbs.gov.pk/sites/default/files//price_statistics/weekly_spi/spi_report_08_12_2016.pdf,https://web.archive.org/web/20170907015141id_/http://www.pbs.gov.pk/sites/default/files//price_statistics/weekly_spi/spi_report_08_12_2016.pdf,20170907015141
2016-12-15,annex,pdf,wayback,weekly_spi,http://www.pbs.gov.pk/sites/default/files//price_statistics/weekly_spi/SPI%20Annex%2015.12.2016.pdf,https://web.archive.org/web/20170906221108id_/http://www.pbs.gov.pk/sites/default/files//price_statistics/weekly_spi/SPI%20Annex%2015.12.2016.pdf,20170906221108
2016-12-15,summary,pdf,wayback,weekly_spi,http://www.pbs.gov.pk/sites/default/files//price_statistics/weekly_spi/SPI%20Report%2015.12.2016.pdf,https://web.archive.org/web/20170906222820id_/http://www.pbs.gov.pk/sites/default/files//price_statistics/weekly_spi/SPI%20Report%2015.12.2016.pdf,20170906222820
2016-12-22,annex,pdf,wayback,weekly_spi,http://www.pbs.gov.pk/sites/default/files//price_statistics/weekly_spi/SPI%20Annex%2022.12.2016.pdf,https://web.archive.org/web/20170906221040id_/http://www.pbs.gov.pk/sites/default/files//price_statistics/weekly_spi/SPI%20Annex%2022.12.2016.pdf,20170906221040
2016-12-22,summary,pdf,wayback,weekly_spi,http://www.pbs.gov.pk/sites/default/files//price_statistics/weekly_spi/SPI%20Report%2022.12.2016.pdf,https://web.archive.org/web/20170906222738id_/http://www.pbs.gov.pk/sites/default/files//price_statistics/weekly_spi/SPI%20Report%2022.12.2016.pdf,20170906222738
2016-12-29,annex,pdf,wayback,weekly_spi,http://www.pbs.gov.pk/sites/default/files//price_statistics/weekly_spi/SPI%20Annex%2029.12.2016.pdf,https://web.archive.org/web/20170905072927id_/http://www.pbs.gov.pk/sites/default/files//price_statistics/weekly_spi/SPI%20Annex%2029.12.2016.pdf,20170905072927
2016-12-29,summary,pdf,wayback,weekly_spi,http://www.pbs.gov.pk/sites/default/files//price_statistics/weekly_spi/SPI%20Report%2029.12.2016_0.pdf,https://web.archive.org/web/20170905053003id_/http://www.pbs.gov.pk/sites/default/files//price_statistics/weekly_spi/SPI%20Report%2029.12.2016_0.pdf,20170905053003
2017-01-05,annex,pdf,wayback,weekly_spi,http://www.pbs.gov.pk/sites/default/files//price_statistics/weekly_spi/spi_annex_05_01_2017.pdf,https://web.archive.org/web/20170905043358id_/http://www.pbs.gov.pk/sites/default/files//price_statistics/weekly_spi/spi_annex_05_01_2017.pdf,20170905043358
2017-01-05,summary,pdf,wayback,weekly_spi,http://www.pbs.gov.pk/sites/default/files//price_statistics/weekly_spi/spi_report_05_01_2017.pdf,https://web.archive.org/web/20170905072940id_/http://www.pbs.gov.pk/sites/default/files//price_statistics/weekly_spi/spi_report_05_01_2017.pdf,20170905072940
2017-01-12,annex,pdf,wayback,weekly_spi,http://www.pbs.gov.pk/sites/default/files//price_statistics/weekly_spi/SPI%20Annex12.01.2017.pdf,https://web.archive.org/web/20170905041836id_/http://www.pbs.gov.pk/sites/default/files//price_statistics/weekly_spi/SPI%20Annex12.01.2017.pdf,20170905041836
2017-01-12,summary,pdf,wayback,weekly_spi,http://www.pbs.gov.pk/sites/default/files//price_statistics/weekly_spi/SPI%20Report%2012.01.2017.pdf,https://web.archive.org/web/20170905082721id_/http://www.pbs.gov.pk/sites/default/files//price_statistics/weekly_spi/SPI%20Report%2012.01.2017.pdf,20170905082721
2017-01-19,annex,pdf,wayback,weekly_spi,http://www.pbs.gov.pk/sites/default/files//price_statistics/weekly_spi/spi_annex_19012017.pdf,https://web.archive.org/web/20170905083904id_/http://www.pbs.gov.pk/sites/default/files//price_statistics/weekly_spi/spi_annex_19012017.pdf,20170905083904
2017-01-19,summary,pdf,wayback,weekly_spi,http://www.pbs.gov.pk/sites/default/files//price_statistics/weekly_spi/spi_report_19012017.pdf,https://web.archive.org/web/20170905040509id_/http://www.pbs.gov.pk/sites/default/files//price_statistics/weekly_spi/spi_report_19012017.pdf,20170905040509
2017-01-19,summary,pdf,wayback,weekly_spi,http://www.pbs.gov.pk/sites/default/files//price_statistics/weekly_spi/spi_report_19_01_2017.pdf,https://web.archive.org/web/20170905080032id_/http://www.pbs.gov.pk/sites/default/files//price_statistics/weekly_spi/spi_report_19_01_2017.pdf,20170905080032
2017-01-26,annex,pdf,wayback,weekly_spi,http://www.pbs.gov.pk/sites/default/files//price_statistics/weekly_spi/spi_annex_26_01_2017.pdf,https://web.archive.org/web/20170905083107id_/http://www.pbs.gov.pk/sites/default/files//price_statistics/weekly_spi/spi_annex_26_01_2017.pdf,20170905083107
2017-02-02,annex,pdf,wayback,weekly_spi,http://www.pbs.gov.pk/sites/default/files//price_statistics/weekly_spi/spi_annex_02_02_2017.pdf,https://web.archive.org/web/20170509034353id_/http://www.pbs.gov.pk/sites/default/files//price_statistics/weekly_spi/spi_annex_02_02_2017.pdf,20170509034353
2017-02-02,summary,pdf,wayback,weekly_spi,http://www.pbs.gov.pk/sites/default/files//price_statistics/weekly_spi/spi_report_02_02_2017.pdf,https://web.archive.org/web/20170509034336id_/http://www.pbs.gov.pk/sites/default/files//price_statistics/weekly_spi/spi_report_02_02_2017.pdf,20170509034336
2017-02-09,annex,pdf,wayback,weekly_spi,http://www.pbs.gov.pk/sites/default/files//price_statistics/weekly_spi/SPI%20Annex%2009.02.2017.pdf,https://web.archive.org/web/20170506012133id_/http://www.pbs.gov.pk/sites/default/files//price_statistics/weekly_spi/SPI%20Annex%2009.02.2017.pdf,20170506012133
2017-02-09,summary,pdf,wayback,weekly_spi,http://www.pbs.gov.pk/sites/default/files//price_statistics/weekly_spi/spi_report_09_02_2017.pdf,https://web.archive.org/web/20170506012116id_/http://www.pbs.gov.pk/sites/default/files//price_statistics/weekly_spi/spi_report_09_02_2017.pdf,20170506012116
2017-02-16,annex,pdf,wayback,weekly_spi,http://www.pbs.gov.pk/sites/default/files//price_statistics/weekly_spi/SPI%20Annex%2016.02.2017.pdf,https://web.archive.org/web/20170506012103id_/http://www.pbs.gov.pk/sites/default/files//price_statistics/weekly_spi/SPI%20Annex%2016.02.2017.pdf,20170506012103
2017-02-16,summary,pdf,wayback,weekly_spi,http://www.pbs.gov.pk/sites/default/files//price_statistics/weekly_spi/SPI%20Report%2016.02.2017_0.pdf,https://web.archive.org/web/20170506012047id_/http://www.pbs.gov.pk/sites/default/files//price_statistics/weekly_spi/SPI%20Report%2016.02.2017_0.pdf,20170506012047
2017-02-23,annex,pdf,wayback,weekly_spi,http://www.pbs.gov.pk/sites/default/files//price_statistics/weekly_spi/SPI%20Annex%2023.02.2017_0.pdf,https://web.archive.org/web/20170506012012id_/http://www.pbs.gov.pk/sites/default/files//price_statistics/weekly_spi/SPI%20Annex%2023.02.2017_0.pdf,20170506012012
2017-02-23,summary,pdf,wayback,weekly_spi,http://www.pbs.gov.pk/sites/default/files//price_statistics/weekly_spi/spi_report_23_02_2017_3.pdf,https://web.archive.org/web/20170506011958id_/http://www.pbs.gov.pk/sites/default/files//price_statistics/weekly_spi/spi_report_23_02_2017_3.pdf,20170506011958
2017-03-02,annex,pdf,wayback,weekly_spi,http://www.pbs.gov.pk:80/sites/default/files/price_statistics/weekly_spi/SPI%20Annex%2002.03.2017.pdf,https://web.archive.org/web/20170329155339id_/http://www.pbs.gov.pk:80/sites/default/files/price_statistics/weekly_spi/SPI%20Annex%2002.03.2017.pdf,20170329155339
2017-03-02,summary,pdf,wayback,weekly_spi,http://www.pbs.gov.pk/sites/default/files//price_statistics/weekly_spi/SPI%20Report%2002.03.2017.pdf,https://web.archive.org/web/20170506011928id_/http://www.pbs.gov.pk/sites/default/files//price_statistics/weekly_spi/SPI%20Report%2002.03.2017.pdf,20170506011928
2017-03-09,annex,pdf,wayback,weekly_spi,http://www.pbs.gov.pk/sites/default/files//price_statistics/weekly_spi/SPI%20Annex%2009.03.2017.pdf,https://web.archive.org/web/20170506011915id_/http://www.pbs.gov.pk/sites/default/files//price_statistics/weekly_spi/SPI%20Annex%2009.03.2017.pdf,20170506011915
2017-03-09,summary,pdf,wayback,weekly_spi,http://www.pbs.gov.pk/sites/default/files//price_statistics/weekly_spi/SPI%20Report%2009.03.2017_0.pdf,https://web.archive.org/web/20170506011902id_/http://www.pbs.gov.pk/sites/default/files//price_statistics/weekly_spi/SPI%20Report%2009.03.2017_0.pdf,20170506011902
2017-03-16,annex,pdf,wayback,weekly_spi,http://www.pbs.gov.pk/sites/default/files//price_statistics/weekly_spi/spi_annex_16_03_2017.pdf,https://web.archive.org/web/20170506011848id_/http://www.pbs.gov.pk/sites/default/files//price_statistics/weekly_spi/spi_annex_16_03_2017.pdf,20170506011848
2017-03-16,summary,pdf,wayback,weekly_spi,http://www.pbs.gov.pk:80/sites/default/files/price_statistics/weekly_spi/spi_report_16_03_2017.pdf,https://web.archive.org/web/20170329155356id_/http://www.pbs.gov.pk:80/sites/default/files/price_statistics/weekly_spi/spi_report_16_03_2017.pdf,20170329155356
2017-03-24,annex,pdf,wayback,weekly_spi,http://www.pbs.gov.pk/sites/default/files//price_statistics/weekly_spi/spi_annex24032017.pdf,https://web.archive.org/web/20170505211523id_/http://www.pbs.gov.pk/sites/default/files//price_statistics/weekly_spi/spi_annex24032017.pdf,20170505211523
2017-03-24,summary,pdf,wayback,weekly_spi,http://www.pbs.gov.pk/sites/default/files//price_statistics/weekly_spi/spi_report_24032017.pdf,https://web.archive.org/web/20170505211510id_/http://www.pbs.gov.pk/sites/default/files//price_statistics/weekly_spi/spi_report_24032017.pdf,20170505211510
2017-03-30,annex,pdf,wayback,weekly_spi,http://www.pbs.gov.pk/sites/default/files//price_statistics/weekly_spi/SPI%20Annex%2030.03.2017.pdf,https://web.archive.org/web/20170505211456id_/http://www.pbs.gov.pk/sites/default/files//price_statistics/weekly_spi/SPI%20Annex%2030.03.2017.pdf,20170505211456
2017-03-30,summary,pdf,wayback,weekly_spi,http://www.pbs.gov.pk/sites/default/files//price_statistics/weekly_spi/SPI%20Report%2030.03.2017.pdf,https://web.archive.org/web/20170505211445id_/http://www.pbs.gov.pk/sites/default/files//price_statistics/weekly_spi/SPI%20Report%2030.03.2017.pdf,20170505211445
2017-04-06,annex,pdf,wayback,weekly_spi,http://www.pbs.gov.pk/sites/default/files//price_statistics/weekly_spi/spi_annex_06_04_2017.pdf,https://web.archive.org/web/20170505211424id_/http://www.pbs.gov.pk/sites/default/files//price_statistics/weekly_spi/spi_annex_06_04_2017.pdf,20170505211424
2017-04-06,summary,pdf,wayback,weekly_spi,http://www.pbs.gov.pk/sites/default/files//price_statistics/weekly_spi/spi_report_06_04_2017.pdf,https://web.archive.org/web/20170505211403id_/http://www.pbs.gov.pk/sites/default/files//price_statistics/weekly_spi/spi_report_06_04_2017.pdf,20170505211403
2017-04-13,annex,pdf,wayback,weekly_spi,http://www.pbs.gov.pk/sites/default/files//price_statistics/weekly_spi/SPI%20Annex%2013.04.2017.pdf,https://web.archive.org/web/20170505211346id_/http://www.pbs.gov.pk/sites/default/files//price_statistics/weekly_spi/SPI%20Annex%2013.04.2017.pdf,20170505211346
2017-04-13,summary,pdf,wayback,weekly_spi,http://www.pbs.gov.pk/sites/default/files//price_statistics/weekly_spi/SPI%20Report%2013.04.2017.pdf,https://web.archive.org/web/20170505211333id_/http://www.pbs.gov.pk/sites/default/files//price_statistics/weekly_spi/SPI%20Report%2013.04.2017.pdf,20170505211333
2017-04-20,annex,pdf,wayback,weekly_spi,http://www.pbs.gov.pk/sites/default/files//price_statistics/weekly_spi/SPI%20Annex%2020-04-2017.pdf,https://web.archive.org/web/20170505202815id_/http://www.pbs.gov.pk/sites/default/files//price_statistics/weekly_spi/SPI%20Annex%2020-04-2017.pdf,20170505202815
2017-04-20,summary,pdf,wayback,weekly_spi,http://www.pbs.gov.pk/sites/default/files//price_statistics/weekly_spi/SPI%20Report%2020.04.2017.pdf,https://web.archive.org/web/20170505202802id_/http://www.pbs.gov.pk/sites/default/files//price_statistics/weekly_spi/SPI%20Report%2020.04.2017.pdf,20170505202802
2017-04-27,annex,pdf,wayback,weekly_spi,http://www.pbs.gov.pk/sites/default/files//price_statistics/weekly_spi/SPI%20Annex%2027-04-2017%20-.pdf,https://web.archive.org/web/20170505202744id_/http://www.pbs.gov.pk/sites/default/files//price_statistics/weekly_spi/SPI%20Annex%2027-04-2017%20-.pdf,20170505202744
2017-04-27,summary,pdf,wayback,weekly_spi,http://www.pbs.gov.pk/sites/default/files//price_statistics/weekly_spi/SPI%20Report%2027.04.2017.pdf,https://web.archive.org/web/20170505202726id_/http://www.pbs.gov.pk/sites/default/files//price_statistics/weekly_spi/SPI%20Report%2027.04.2017.pdf,20170505202726
2017-05-04,annex,pdf,wayback,weekly_spi,http://www.pbs.gov.pk/sites/default/files//price_statistics/weekly_spi/SPI%20Annex%2004-05-2017.pdf,https://web.archive.org/web/20170509034001id_/http://www.pbs.gov.pk/sites/default/files//price_statistics/weekly_spi/SPI%20Annex%2004-05-2017.pdf,20170509034001
2017-05-04,summary,pdf,wayback,weekly_spi,http://www.pbs.gov.pk/sites/default/files//price_statistics/weekly_spi/SPI%20Report%2004.05.2017.pdf,https://web.archive.org/web/20170509033948id_/http://www.pbs.gov.pk/sites/default/files//price_statistics/weekly_spi/SPI%20Report%2004.05.2017.pdf,20170509033948
2017-05-11,annex,pdf,wayback,weekly_spi,http://www.pbs.gov.pk/sites/default/files//price_statistics/weekly_spi/spi_annex_110517.pdf,https://web.archive.org/web/20170613080902id_/http://www.pbs.gov.pk/sites/default/files//price_statistics/weekly_spi/spi_annex_110517.pdf,20170613080902
2017-05-11,summary,pdf,wayback,weekly_spi,http://www.pbs.gov.pk/sites/default/files//price_statistics/weekly_spi/spi_report_110517.pdf,https://web.archive.org/web/20170613133131id_/http://www.pbs.gov.pk/sites/default/files//price_statistics/weekly_spi/spi_report_110517.pdf,20170613133131
2017-05-18,annex,pdf,wayback,weekly_spi,http://www.pbs.gov.pk/sites/default/files//price_statistics/weekly_spi/SPI%20Annex18.05.2017.pdf,https://web.archive.org/web/20170613095922id_/http://www.pbs.gov.pk/sites/default/files//price_statistics/weekly_spi/SPI%20Annex18.05.2017.pdf,20170613095922
2017-05-18,summary,pdf,wayback,weekly_spi,http://www.pbs.gov.pk/sites/default/files//price_statistics/weekly_spi/SPI%20Report%2018.05.2017.pdf,https://web.archive.org/web/20170613123920id_/http://www.pbs.gov.pk/sites/default/files//price_statistics/weekly_spi/SPI%20Report%2018.05.2017.pdf,20170613123920
2017-05-25,annex,pdf,wayback,weekly_spi,http://www.pbs.gov.pk/sites/default/files//price_statistics/weekly_spi/SPI%20annex%2025.05.2017.pdf,https://web.archive.org/web/20170613133429id_/http://www.pbs.gov.pk/sites/default/files//price_statistics/weekly_spi/SPI%20annex%2025.05.2017.pdf,20170613133429
2017-05-25,summary,pdf,wayback,weekly_spi,http://www.pbs.gov.pk/sites/default/files//price_statistics/weekly_spi/SPI%20Report%2025.05.2017.pdf,https://web.archive.org/web/20170613080103id_/http://www.pbs.gov.pk/sites/default/files//price_statistics/weekly_spi/SPI%20Report%2025.05.2017.pdf,20170613080103
2017-06-01,annex,pdf,wayback,weekly_spi,http://www.pbs.gov.pk/sites/default/files//price_statistics/weekly_spi/SPI%20Annex%2001.06.2017.pdf,https://web.archive.org/web/20170613113049id_/http://www.pbs.gov.pk/sites/default/files//price_statistics/weekly_spi/SPI%20Annex%2001.06.2017.pdf,20170613113049
2017-06-01,summary,pdf,wayback,weekly_spi,http://www.pbs.gov.pk/sites/default/files//price_statistics/weekly_spi/SPI%20Report%2001.06.2017.pdf,https://web.archive.org/web/20170613102426id_/http://www.pbs.gov.pk/sites/default/files//price_statistics/weekly_spi/SPI%20Report%2001.06.2017.pdf,20170613102426
2017-06-08,annex,pdf,wayback,weekly_spi,http://www.pbs.gov.pk/sites/default/files//price_statistics/weekly_spi/SPI%20Annex%208.06.2017.pdf,https://web.archive.org/web/20170905165220id_/http://www.pbs.gov.pk/sites/default/files//price_statistics/weekly_spi/SPI%20Annex%208.06.2017.pdf,20170905165220
2017-06-08,summary,pdf,wayback,weekly_spi,http://www.pbs.gov.pk/sites/default/files//price_statistics/weekly_spi/SPI%20Report%2008.06.2017.pdf,https://web.archive.org/web/20170905180249id_/http://www.pbs.gov.pk/sites/default/files//price_statistics/weekly_spi/SPI%20Report%2008.06.2017.pdf,20170905180249
2017-06-15,annex,pdf,wayback,weekly_spi,http://www.pbs.gov.pk/sites/default/files//price_statistics/weekly_spi/SPI%20Annexures%2015.06.2017..pdf,https://web.archive.org/web/20181114054222id_/http://www.pbs.gov.pk/sites/default/files//price_statistics/weekly_spi/SPI%20Annexures%2015.06.2017..pdf,20181114054222
2017-06-15,summary,pdf,wayback,weekly_spi,http://www.pbs.gov.pk/sites/default/files//price_statistics/weekly_spi/SPI%20Report%2015.06.2017.pdf,https://web.archive.org/web/20181114054208id_/http://www.pbs.gov.pk/sites/default/files//price_statistics/weekly_spi/SPI%20Report%2015.06.2017.pdf,20181114054208
2017-06-22,annex,pdf,wayback,weekly_spi,http://www.pbs.gov.pk/sites/default/files//price_statistics/weekly_spi/spi_annex_22062017_0.pdf,https://web.archive.org/web/20181114054153id_/http://www.pbs.gov.pk/sites/default/files//price_statistics/weekly_spi/spi_annex_22062017_0.pdf,20181114054153
2017-06-22,summary,pdf,wayback,weekly_spi,http://www.pbs.gov.pk/sites/default/files//price_statistics/weekly_spi/spi_report_22062017_0.pdf,https://web.archive.org/web/20181114054053id_/http://www.pbs.gov.pk/sites/default/files//price_statistics/weekly_spi/spi_report_22062017_0.pdf,20181114054053
2017-06-29,annex,pdf,wayback,weekly_spi,http://www.pbs.gov.pk:80/sites/default/files/price_statistics/weekly_spi/SPI%20Annex%2029.06.2017.pdf,https://web.archive.org/web/20170713051803id_/http://www.pbs.gov.pk:80/sites/default/files/price_statistics/weekly_spi/SPI%20Annex%2029.06.2017.pdf,20170713051803
2017-06-29,summary,pdf,wayback,weekly_spi,http://www.pbs.gov.pk:80/sites/default/files/price_statistics/weekly_spi/SPI%20Report%2029.06.2017.pdf,https://web.archive.org/web/20170712222023id_/http://www.pbs.gov.pk:80/sites/default/files/price_statistics/weekly_spi/SPI%20Report%2029.06.2017.pdf,20170712222023
2017-07-06,annex,pdf,wayback,weekly_spi,http://www.pbs.gov.pk/sites/default/files//price_statistics/weekly_spi/SPI%20Annex%2006.07.2017_0.pdf,https://web.archive.org/web/20181114053957id_/http://www.pbs.gov.pk/sites/default/files//price_statistics/weekly_spi/SPI%20Annex%2006.07.2017_0.pdf,20181114053957
2017-07-06,summary,pdf,wayback,weekly_spi,http://www.pbs.gov.pk/sites/default/files//price_statistics/weekly_spi/SPI%20Report%2006.07.2017.pdf,https://web.archive.org/web/20181114053941id_/http://www.pbs.gov.pk/sites/default/files//price_statistics/weekly_spi/SPI%20Report%2006.07.2017.pdf,20181114053941
2017-07-13,other,pdf,wayback,weekly_spi,http://www.pbs.gov.pk/sites/default/files//price_statistics/weekly_spi/SPI%20Worksheet%2013.07.2017.pdf,https://web.archive.org/web/20181114053922id_/http://www.pbs.gov.pk/sites/default/files//price_statistics/weekly_spi/SPI%20Worksheet%2013.07.2017.pdf,20181114053922
2017-07-13,summary,pdf,wayback,weekly_spi,http://www.pbs.gov.pk/sites/default/files//price_statistics/weekly_spi/SPI%20Report%2013.07.2017.pdf,https://web.archive.org/web/20181114053906id_/http://www.pbs.gov.pk/sites/default/files//price_statistics/weekly_spi/SPI%20Report%2013.07.2017.pdf,20181114053906
2017-07-20,annex,pdf,wayback,weekly_spi,http://www.pbs.gov.pk/sites/default/files//price_statistics/weekly_spi/SPI%20Annex%2020.07.2017_0.pdf,https://web.archive.org/web/20181114053847id_/http://www.pbs.gov.pk/sites/default/files//price_statistics/weekly_spi/SPI%20Annex%2020.07.2017_0.pdf,20181114053847
2017-07-20,summary,pdf,wayback,weekly_spi,http://www.pbs.gov.pk/sites/default/files//price_statistics/weekly_spi/SPI%20Report%2020.07.2017.pdf,https://web.archive.org/web/20181114053832id_/http://www.pbs.gov.pk/sites/default/files//price_statistics/weekly_spi/SPI%20Report%2020.07.2017.pdf,20181114053832
2017-07-27,annex,pdf,wayback,weekly_spi,http://www.pbs.gov.pk/sites/default/files//price_statistics/weekly_spi/SPI%20Annex%2027.07.2017.pdf,https://web.archive.org/web/20181114053812id_/http://www.pbs.gov.pk/sites/default/files//price_statistics/weekly_spi/SPI%20Annex%2027.07.2017.pdf,20181114053812
2017-07-27,summary,pdf,wayback,weekly_spi,http://www.pbs.gov.pk/sites/default/files//price_statistics/weekly_spi/SPI%20Report%2027.07.2017.pdf,https://web.archive.org/web/20181114053758id_/http://www.pbs.gov.pk/sites/default/files//price_statistics/weekly_spi/SPI%20Report%2027.07.2017.pdf,20181114053758
2017-08-03,annex,pdf,wayback,weekly_spi,http://www.pbs.gov.pk/sites/default/files//price_statistics/weekly_spi/SPI%20Annex%2003.08.2017.pdf,https://web.archive.org/web/20181114053737id_/http://www.pbs.gov.pk/sites/default/files//price_statistics/weekly_spi/SPI%20Annex%2003.08.2017.pdf,20181114053737
2017-08-03,summary,pdf,wayback,weekly_spi,http://www.pbs.gov.pk/sites/default/files//price_statistics/weekly_spi/SPI%20Report%2003.08.2017.pdf,https://web.archive.org/web/20181114053722id_/http://www.pbs.gov.pk/sites/default/files//price_statistics/weekly_spi/SPI%20Report%2003.08.2017.pdf,20181114053722
2017-08-10,annex,pdf,wayback,weekly_spi,http://www.pbs.gov.pk/sites/default/files//price_statistics/weekly_spi/spi_annex_10082017.pdf,https://web.archive.org/web/20181114053101id_/http://www.pbs.gov.pk/sites/default/files//price_statistics/weekly_spi/spi_annex_10082017.pdf,20181114053101
2017-08-10,summary,pdf,wayback,weekly_spi,http://www.pbs.gov.pk/sites/default/files//price_statistics/weekly_spi/spi_report_10082017.pdf,https://web.archive.org/web/20181114053046id_/http://www.pbs.gov.pk/sites/default/files//price_statistics/weekly_spi/spi_report_10082017.pdf,20181114053046
2017-08-17,annex,pdf,wayback,weekly_spi,http://www.pbs.gov.pk/sites/default/files//price_statistics/weekly_spi/spi_annex_17082017_3.pdf,https://web.archive.org/web/20181114053026id_/http://www.pbs.gov.pk/sites/default/files//price_statistics/weekly_spi/spi_annex_17082017_3.pdf,20181114053026
2017-08-17,summary,pdf,wayback,weekly_spi,http://www.pbs.gov.pk/sites/default/files//price_statistics/weekly_spi/spi_report_170817.pdf,https://web.archive.org/web/20181114053007id_/http://www.pbs.gov.pk/sites/default/files//price_statistics/weekly_spi/spi_report_170817.pdf,20181114053007
2017-08-24,annex,pdf,wayback,weekly_spi,http://www.pbs.gov.pk/sites/default/files//price_statistics/weekly_spi/SPI%20Annex%2024.08.2017.pdf,https://web.archive.org/web/20181114052950id_/http://www.pbs.gov.pk/sites/default/files//price_statistics/weekly_spi/SPI%20Annex%2024.08.2017.pdf,20181114052950
2017-08-24,summary,pdf,wayback,weekly_spi,http://www.pbs.gov.pk/sites/default/files//price_statistics/weekly_spi/SPI%20Report%2024.08.2017.pdf,https://web.archive.org/web/20181114052935id_/http://www.pbs.gov.pk/sites/default/files//price_statistics/weekly_spi/SPI%20Report%2024.08.2017.pdf,20181114052935
2017-08-30,annex,pdf,wayback,weekly_spi,http://www.pbs.gov.pk/sites/default/files//price_statistics/weekly_spi/SPI%20Annex%2030.08.2017.pdf,https://web.archive.org/web/20181114052913id_/http://www.pbs.gov.pk/sites/default/files//price_statistics/weekly_spi/SPI%20Annex%2030.08.2017.pdf,20181114052913
2017-08-30,summary,pdf,wayback,weekly_spi,http://www.pbs.gov.pk/sites/default/files//price_statistics/weekly_spi/SPI%20Report%2030.08.2017.pdf,https://web.archive.org/web/20181114052856id_/http://www.pbs.gov.pk/sites/default/files//price_statistics/weekly_spi/SPI%20Report%2030.08.2017.pdf,20181114052856
2017-09-07,annex,pdf,wayback,weekly_spi,http://www.pbs.gov.pk/sites/default/files//price_statistics/weekly_spi/SPI%20Annex%2007.09.2017_0.pdf,https://web.archive.org/web/20181114052834id_/http://www.pbs.gov.pk/sites/default/files//price_statistics/weekly_spi/SPI%20Annex%2007.09.2017_0.pdf,20181114052834
2017-09-07,summary,pdf,wayback,weekly_spi,http://www.pbs.gov.pk/sites/default/files//price_statistics/weekly_spi/SPI%20Report%2007.09.2017_0.pdf,https://web.archive.org/web/20181114052819id_/http://www.pbs.gov.pk/sites/default/files//price_statistics/weekly_spi/SPI%20Report%2007.09.2017_0.pdf,20181114052819
2017-09-14,annex,pdf,wayback,weekly_spi,http://www.pbs.gov.pk/sites/default/files//price_statistics/weekly_spi/SPI%20Annex14.09.2017.pdf,https://web.archive.org/web/20181114052804id_/http://www.pbs.gov.pk/sites/default/files//price_statistics/weekly_spi/SPI%20Annex14.09.2017.pdf,20181114052804
2017-09-14,summary,pdf,wayback,weekly_spi,http://www.pbs.gov.pk/sites/default/files//price_statistics/weekly_spi/SPI%20Report%2014.09.2017.pdf,https://web.archive.org/web/20181114052751id_/http://www.pbs.gov.pk/sites/default/files//price_statistics/weekly_spi/SPI%20Report%2014.09.2017.pdf,20181114052751
2017-09-21,annex,pdf,wayback,weekly_spi,http://www.pbs.gov.pk/sites/default/files//price_statistics/weekly_spi/SPI%20Annex%2021.09.2017_0.pdf,https://web.archive.org/web/20181114052736id_/http://www.pbs.gov.pk/sites/default/files//price_statistics/weekly_spi/SPI%20Annex%2021.09.2017_0.pdf,20181114052736
2017-09-21,summary,pdf,wayback,weekly_spi,http://www.pbs.gov.pk/sites/default/files//price_statistics/weekly_spi/SPI%20Report%2021.09.2017_1.pdf,https://web.archive.org/web/20181114052723id_/http://www.pbs.gov.pk/sites/default/files//price_statistics/weekly_spi/SPI%20Report%2021.09.2017_1.pdf,20181114052723
2017-09-27,annex,pdf,wayback,weekly_spi,http://www.pbs.gov.pk/sites/default/files//price_statistics/weekly_spi/SPI%20Annex%2027.09.2017.pdf,https://web.archive.org/web/20181114052709id_/http://www.pbs.gov.pk/sites/default/files//price_statistics/weekly_spi/SPI%20Annex%2027.09.2017.pdf,20181114052709
2017-09-27,summary,pdf,wayback,weekly_spi,http://www.pbs.gov.pk/sites/default/files//price_statistics/weekly_spi/SPI%20Report%2027.09.2017.pdf,https://web.archive.org/web/20181114052513id_/http://www.pbs.gov.pk/sites/default/files//price_statistics/weekly_spi/SPI%20Report%2027.09.2017.pdf,20181114052513
2017-10-05,annex,pdf,wayback,weekly_spi,http://www.pbs.gov.pk/sites/default/files//price_statistics/weekly_spi/SPI%20Annex%2005.10.2017.pdf,https://web.archive.org/web/20181114052456id_/http://www.pbs.gov.pk/sites/default/files//price_statistics/weekly_spi/SPI%20Annex%2005.10.2017.pdf,20181114052456
2017-10-05,summary,pdf,wayback,weekly_spi,http://www.pbs.gov.pk/sites/default/files//price_statistics/weekly_spi/SPI%20Report%2005.10.2017.pdf,https://web.archive.org/web/20181114052443id_/http://www.pbs.gov.pk/sites/default/files//price_statistics/weekly_spi/SPI%20Report%2005.10.2017.pdf,20181114052443
2017-10-12,annex,pdf,wayback,weekly_spi,http://www.pbs.gov.pk/sites/default/files//price_statistics/weekly_spi/SPI%20Annex%2012.10.2017.pdf,https://web.archive.org/web/20181114052423id_/http://www.pbs.gov.pk/sites/default/files//price_statistics/weekly_spi/SPI%20Annex%2012.10.2017.pdf,20181114052423
2017-10-12,summary,pdf,wayback,weekly_spi,http://www.pbs.gov.pk/sites/default/files//price_statistics/weekly_spi/SPI%20Report%2012.10.2017.pdf,https://web.archive.org/web/20181114052411id_/http://www.pbs.gov.pk/sites/default/files//price_statistics/weekly_spi/SPI%20Report%2012.10.2017.pdf,20181114052411
2017-10-19,annex,pdf,wayback,weekly_spi,http://www.pbs.gov.pk/sites/default/files//price_statistics/weekly_spi/SPI%20Annex%2019.10.2017.pdf,https://web.archive.org/web/20181114052356id_/http://www.pbs.gov.pk/sites/default/files//price_statistics/weekly_spi/SPI%20Annex%2019.10.2017.pdf,20181114052356
2017-10-19,summary,pdf,wayback,weekly_spi,http://www.pbs.gov.pk/sites/default/files//price_statistics/weekly_spi/SPI%20Report%2019.10.2017.pdf,https://web.archive.org/web/20181114052342id_/http://www.pbs.gov.pk/sites/default/files//price_statistics/weekly_spi/SPI%20Report%2019.10.2017.pdf,20181114052342
2017-10-26,annex,pdf,wayback,weekly_spi,http://www.pbs.gov.pk/sites/default/files//price_statistics/weekly_spi/SPI%20Annex%2026.10.2017.pdf,https://web.archive.org/web/20181114052325id_/http://www.pbs.gov.pk/sites/default/files//price_statistics/weekly_spi/SPI%20Annex%2026.10.2017.pdf,20181114052325
2017-10-26,summary,pdf,wayback,weekly_spi,http://www.pbs.gov.pk/sites/default/files//price_statistics/weekly_spi/SPI%20Report%2026.10.2017.pdf,https://web.archive.org/web/20181114052313id_/http://www.pbs.gov.pk/sites/default/files//price_statistics/weekly_spi/SPI%20Report%2026.10.2017.pdf,20181114052313
2017-11-02,annex,pdf,wayback,weekly_spi,http://www.pbs.gov.pk/sites/default/files//price_statistics/weekly_spi/SPI%20Annex%2002.11.2017.pdf,https://web.archive.org/web/20181114052259id_/http://www.pbs.gov.pk/sites/default/files//price_statistics/weekly_spi/SPI%20Annex%2002.11.2017.pdf,20181114052259
2017-11-02,summary,pdf,wayback,weekly_spi,http://www.pbs.gov.pk/sites/default/files//price_statistics/weekly_spi/SPI%20Report%2002.11.2017.pdf,https://web.archive.org/web/20181114052247id_/http://www.pbs.gov.pk/sites/default/files//price_statistics/weekly_spi/SPI%20Report%2002.11.2017.pdf,20181114052247
2017-11-09,annex,pdf,wayback,weekly_spi,http://www.pbs.gov.pk/sites/default/files//price_statistics/weekly_spi/SPI%20Annex%2009.11.2017.pdf,https://web.archive.org/web/20181114052233id_/http://www.pbs.gov.pk/sites/default/files//price_statistics/weekly_spi/SPI%20Annex%2009.11.2017.pdf,20181114052233
2017-11-09,summary,pdf,wayback,weekly_spi,http://www.pbs.gov.pk/sites/default/files//price_statistics/weekly_spi/SPI%20Report%2009.11.2017.pdf,https://web.archive.org/web/20181114052221id_/http://www.pbs.gov.pk/sites/default/files//price_statistics/weekly_spi/SPI%20Report%2009.11.2017.pdf,20181114052221
2017-11-16,annex,pdf,wayback,weekly_spi,http://www.pbs.gov.pk/sites/default/files//price_statistics/weekly_spi/SPI%20Annex%2016.11.2017_0.pdf,https://web.archive.org/web/20181114052207id_/http://www.pbs.gov.pk/sites/default/files//price_statistics/weekly_spi/SPI%20Annex%2016.11.2017_0.pdf,20181114052207
2017-11-16,summary,pdf,wayback,weekly_spi,http://www.pbs.gov.pk/sites/default/files//price_statistics/weekly_spi/SPI%20Report%2016.11.2017.pdf,https://web.archive.org/web/20181114052125id_/http://www.pbs.gov.pk/sites/default/files//price_statistics/weekly_spi/SPI%20Report%2016.11.2017.pdf,20181114052125
2017-11-23,annex,pdf,wayback,weekly_spi,http://www.pbs.gov.pk/sites/default/files//price_statistics/weekly_spi/SPI%20Annex%2023.11.2017.pdf,https://web.archive.org/web/20181114052110id_/http://www.pbs.gov.pk/sites/default/files//price_statistics/weekly_spi/SPI%20Annex%2023.11.2017.pdf,20181114052110
2017-11-23,summary,pdf,wayback,weekly_spi,http://www.pbs.gov.pk/sites/default/files//price_statistics/weekly_spi/SPI%20Report%2023.11.2017.pdf,https://web.archive.org/web/20181114052057id_/http://www.pbs.gov.pk/sites/default/files//price_statistics/weekly_spi/SPI%20Report%2023.11.2017.pdf,20181114052057
2017-11-29,annex,pdf,wayback,weekly_spi,http://www.pbs.gov.pk/sites/default/files//price_statistics/weekly_spi/SPI%20Annex%2029.11.2017_0.pdf,https://web.archive.org/web/20181114052037id_/http://www.pbs.gov.pk/sites/default/files//price_statistics/weekly_spi/SPI%20Annex%2029.11.2017_0.pdf,20181114052037
2017-11-29,summary,pdf,wayback,weekly_spi,http://www.pbs.gov.pk/sites/default/files//price_statistics/weekly_spi/SPI%20Report%2029.11.2017.pdf,https://web.archive.org/web/20181114052018id_/http://www.pbs.gov.pk/sites/default/files//price_statistics/weekly_spi/SPI%20Report%2029.11.2017.pdf,20181114052018
2017-12-07,annex,pdf,wayback,weekly_spi,http://www.pbs.gov.pk/sites/default/files//price_statistics/weekly_spi/SPI%20ANNEX%2007.12.2017.pdf,https://web.archive.org/web/20181114052002id_/http://www.pbs.gov.pk/sites/default/files//price_statistics/weekly_spi/SPI%20ANNEX%2007.12.2017.pdf,20181114052002
2017-12-07,summary,pdf,wayback,weekly_spi,http://www.pbs.gov.pk/sites/default/files//price_statistics/weekly_spi/SPI%20Report%2007.12.2017.pdf,https://web.archive.org/web/20181114051949id_/http://www.pbs.gov.pk/sites/default/files//price_statistics/weekly_spi/SPI%20Report%2007.12.2017.pdf,20181114051949
2017-12-14,annex,pdf,wayback,weekly_spi,http://www.pbs.gov.pk/sites/default/files//price_statistics/weekly_spi/SPI%20Annex%2014.12.2017.pdf,https://web.archive.org/web/20181114051930id_/http://www.pbs.gov.pk/sites/default/files//price_statistics/weekly_spi/SPI%20Annex%2014.12.2017.pdf,20181114051930
2017-12-14,summary,pdf,wayback,weekly_spi,http://www.pbs.gov.pk/sites/default/files//price_statistics/weekly_spi/SPI%20Report%2014.12.2017.pdf,https://web.archive.org/web/20181114051630id_/http://www.pbs.gov.pk/sites/default/files//price_statistics/weekly_spi/SPI%20Report%2014.12.2017.pdf,20181114051630
2017-12-21,annex,pdf,wayback,weekly_spi,http://www.pbs.gov.pk/sites/default/files//price_statistics/weekly_spi/spi_annex_21122017.pdf,https://web.archive.org/web/20181114051614id_/http://www.pbs.gov.pk/sites/default/files//price_statistics/weekly_spi/spi_annex_21122017.pdf,20181114051614
2017-12-21,summary,pdf,wayback,weekly_spi,http://www.pbs.gov.pk/sites/default/files//price_statistics/weekly_spi/spi_report_21122017.pdf,https://web.archive.org/web/20181114051559id_/http://www.pbs.gov.pk/sites/default/files//price_statistics/weekly_spi/spi_report_21122017.pdf,20181114051559
2017-12-28,annex,pdf,wayback,weekly_spi,http://www.pbs.gov.pk/sites/default/files//price_statistics/weekly_spi/spi_annex_28122017.pdf,https://web.archive.org/web/20181114051540id_/http://www.pbs.gov.pk/sites/default/files//price_statistics/weekly_spi/spi_annex_28122017.pdf,20181114051540
2017-12-28,summary,pdf,wayback,weekly_spi,http://www.pbs.gov.pk/sites/default/files//price_statistics/weekly_spi/spi_report_28122017.pdf,https://web.archive.org/web/20181114051525id_/http://www.pbs.gov.pk/sites/default/files//price_statistics/weekly_spi/spi_report_28122017.pdf,20181114051525
2018-01-04,annex,pdf,wayback,weekly_spi,http://www.pbs.gov.pk/sites/default/files//price_statistics/weekly_spi/spi_annex_04012018.pdf,https://web.archive.org/web/20181114051504id_/http://www.pbs.gov.pk/sites/default/files//price_statistics/weekly_spi/spi_annex_04012018.pdf,20181114051504
2018-01-04,summary,pdf,wayback,weekly_spi,http://www.pbs.gov.pk/sites/default/files//price_statistics/weekly_spi/spi_report_04012018.pdf,https://web.archive.org/web/20181114051352id_/http://www.pbs.gov.pk/sites/default/files//price_statistics/weekly_spi/spi_report_04012018.pdf,20181114051352
2018-01-11,annex,pdf,wayback,weekly_spi,http://www.pbs.gov.pk/sites/default/files//price_statistics/weekly_spi/SPI%20Annex%2011.01.2018_0.pdf,https://web.archive.org/web/20181114051330id_/http://www.pbs.gov.pk/sites/default/files//price_statistics/weekly_spi/SPI%20Annex%2011.01.2018_0.pdf,20181114051330
2018-01-11,summary,pdf,wayback,weekly_spi,http://www.pbs.gov.pk/sites/default/files//price_statistics/weekly_spi/SPI%20Report%2011.01.2018.pdf,https://web.archive.org/web/20181114051316id_/http://www.pbs.gov.pk/sites/default/files//price_statistics/weekly_spi/SPI%20Report%2011.01.2018.pdf,20181114051316
2018-01-18,annex,pdf,wayback,weekly_spi,http://www.pbs.gov.pk/sites/default/files//price_statistics/weekly_spi/SPI%20Annex%2018.01.2018.pdf,https://web.archive.org/web/20181114051256id_/http://www.pbs.gov.pk/sites/default/files//price_statistics/weekly_spi/SPI%20Annex%2018.01.2018.pdf,20181114051256
2018-01-18,summary,pdf,wayback,weekly_spi,http://www.pbs.gov.pk/sites/default/files//price_statistics/weekly_spi/SPI%20Report%2018.01.2018.pdf,https://web.archive.org/web/20181114051241id_/http://www.pbs.gov.pk/sites/default/files//price_statistics/weekly_spi/SPI%20Report%2018.01.2018.pdf,20181114051241
2018-01-25,annex,pdf,wayback,weekly_spi,http://www.pbs.gov.pk/sites/default/files//price_statistics/weekly_spi/SPI%20Annex%2025.01.2018.pdf,https://web.archive.org/web/20181114050715id_/http://www.pbs.gov.pk/sites/default/files//price_statistics/weekly_spi/SPI%20Annex%2025.01.2018.pdf,20181114050715
2018-01-25,summary,pdf,wayback,weekly_spi,http://www.pbs.gov.pk/sites/default/files//price_statistics/weekly_spi/SPI%20Report%2025.01.2018.pdf,https://web.archive.org/web/20181114050702id_/http://www.pbs.gov.pk/sites/default/files//price_statistics/weekly_spi/SPI%20Report%2025.01.2018.pdf,20181114050702
2018-02-01,other,pdf,wayback,weekly_spi,http://www.pbs.gov.pk/sites/default/files//price_statistics/weekly_spi/Worksheet%2001.02.2018.pdf,https://web.archive.org/web/20181114050647id_/http://www.pbs.gov.pk/sites/default/files//price_statistics/weekly_spi/Worksheet%2001.02.2018.pdf,20181114050647
2018-02-01,summary,pdf,wayback,weekly_spi,http://www.pbs.gov.pk/sites/default/files//price_statistics/weekly_spi/SPI%20Report%2001.02.2018.pdf,https://web.archive.org/web/20181114050635id_/http://www.pbs.gov.pk/sites/default/files//price_statistics/weekly_spi/SPI%20Report%2001.02.2018.pdf,20181114050635
2018-02-08,annex,pdf,wayback,weekly_spi,http://www.pbs.gov.pk/sites/default/files//price_statistics/weekly_spi/spi_annex_08_02_2018.pdf,https://web.archive.org/web/20181114045700id_/http://www.pbs.gov.pk/sites/default/files//price_statistics/weekly_spi/spi_annex_08_02_2018.pdf,20181114045700
2018-02-08,summary,pdf,wayback,weekly_spi,http://www.pbs.gov.pk/sites/default/files//price_statistics/weekly_spi/spi_report_08_02_2018_0.pdf,https://web.archive.org/web/20181114045647id_/http://www.pbs.gov.pk/sites/default/files//price_statistics/weekly_spi/spi_report_08_02_2018_0.pdf,20181114045647
2018-02-15,other,pdf,wayback,weekly_spi,http://www.pbs.gov.pk/sites/default/files//price_statistics/weekly_spi/Worksheet%2015.02.2018.pdf,https://web.archive.org/web/20181114045626id_/http://www.pbs.gov.pk/sites/default/files//price_statistics/weekly_spi/Worksheet%2015.02.2018.pdf,20181114045626
2018-02-15,summary,pdf,wayback,weekly_spi,http://www.pbs.gov.pk/sites/default/files//price_statistics/weekly_spi/SPI%20Report%2015.02.2018.pdf,https://web.archive.org/web/20181114045610id_/http://www.pbs.gov.pk/sites/default/files//price_statistics/weekly_spi/SPI%20Report%2015.02.2018.pdf,20181114045610
2018-02-22,annex,pdf,wayback,weekly_spi,http://www.pbs.gov.pk/sites/default/files//price_statistics/weekly_spi/spi_annex_22022018.pdf,https://web.archive.org/web/20181114045554id_/http://www.pbs.gov.pk/sites/default/files//price_statistics/weekly_spi/spi_annex_22022018.pdf,20181114045554
2018-02-22,summary,pdf,wayback,weekly_spi,http://www.pbs.gov.pk/sites/default/files//price_statistics/weekly_spi/spi_report_22022018.pdf,https://web.archive.org/web/20181114045535id_/http://www.pbs.gov.pk/sites/default/files//price_statistics/weekly_spi/spi_report_22022018.pdf,20181114045535
2018-03-01,annex,pdf,wayback,weekly_spi,http://www.pbs.gov.pk/sites/default/files//price_statistics/weekly_spi/SPI%20Annex%2001.03.2018.pdf,https://web.archive.org/web/20181114045514id_/http://www.pbs.gov.pk/sites/default/files//price_statistics/weekly_spi/SPI%20Annex%2001.03.2018.pdf,20181114045514
2018-03-01,summary,pdf,wayback,weekly_spi,http://www.pbs.gov.pk/sites/default/files//price_statistics/weekly_spi/SPI%20Report%2001.03.2018.pdf,https://web.archive.org/web/20181114045500id_/http://www.pbs.gov.pk/sites/default/files//price_statistics/weekly_spi/SPI%20Report%2001.03.2018.pdf,20181114045500
2018-03-08,annex,pdf,wayback,weekly_spi,http://www.pbs.gov.pk/sites/default/files//price_statistics/weekly_spi/Spi%20Annex%2008.03.2018.pdf,https://web.archive.org/web/20181114045439id_/http://www.pbs.gov.pk/sites/default/files//price_statistics/weekly_spi/Spi%20Annex%2008.03.2018.pdf,20181114045439
2018-03-08,summary,pdf,wayback,weekly_spi,http://www.pbs.gov.pk/sites/default/files//price_statistics/weekly_spi/spi_report_08032018.pdf,https://web.archive.org/web/20181114045410id_/http://www.pbs.gov.pk/sites/default/files//price_statistics/weekly_spi/spi_report_08032018.pdf,20181114045410
2018-03-15,annex,pdf,wayback,weekly_spi,http://www.pbs.gov.pk/sites/default/files//price_statistics/weekly_spi/SPI%20Annex%2015.03.2018.pdf,https://web.archive.org/web/20181114045349id_/http://www.pbs.gov.pk/sites/default/files//price_statistics/weekly_spi/SPI%20Annex%2015.03.2018.pdf,20181114045349
2018-03-15,summary,pdf,wayback,weekly_spi,http://www.pbs.gov.pk/sites/default/files//price_statistics/weekly_spi/SPI%20Report%2015.03.2018.pdf,https://web.archive.org/web/20181114045334id_/http://www.pbs.gov.pk/sites/default/files//price_statistics/weekly_spi/SPI%20Report%2015.03.2018.pdf,20181114045334
2018-03-22,annex,pdf,wayback,weekly_spi,http://www.pbs.gov.pk/sites/default/files//price_statistics/weekly_spi/spi_annex_22032018.pdf,https://web.archive.org/web/20181114045315id_/http://www.pbs.gov.pk/sites/default/files//price_statistics/weekly_spi/spi_annex_22032018.pdf,20181114045315
2018-03-22,summary,pdf,wayback,weekly_spi,http://www.pbs.gov.pk/sites/default/files//price_statistics/weekly_spi/spi_report_22032018.pdf,https://web.archive.org/web/20181114045259id_/http://www.pbs.gov.pk/sites/default/files//price_statistics/weekly_spi/spi_report_22032018.pdf,20181114045259
2018-03-29,annex,pdf,wayback,weekly_spi,http://www.pbs.gov.pk/sites/default/files//price_statistics/weekly_spi/SPI%20Annex%2029.03.2018.pdf,https://web.archive.org/web/20181114045244id_/http://www.pbs.gov.pk/sites/default/files//price_statistics/weekly_spi/SPI%20Annex%2029.03.2018.pdf,20181114045244
2018-03-29,summary,pdf,wayback,weekly_spi,http://www.pbs.gov.pk/sites/default/files//price_statistics/weekly_spi/SPI%20Report%2029.03.2018.pdf,https://web.archive.org/web/20181114045229id_/http://www.pbs.gov.pk/sites/default/files//price_statistics/weekly_spi/SPI%20Report%2029.03.2018.pdf,20181114045229
2018-04-05,annex,pdf,wayback,weekly_spi,http://www.pbs.gov.pk/sites/default/files//price_statistics/weekly_spi/spi_annex_05042018.pdf,https://web.archive.org/web/20181114045210id_/http://www.pbs.gov.pk/sites/default/files//price_statistics/weekly_spi/spi_annex_05042018.pdf,20181114045210
2018-04-05,summary,pdf,wayback,weekly_spi,http://www.pbs.gov.pk/sites/default/files//price_statistics/weekly_spi/spi_report_05042018.pdf,https://web.archive.org/web/20181114045155id_/http://www.pbs.gov.pk/sites/default/files//price_statistics/weekly_spi/spi_report_05042018.pdf,20181114045155
2018-04-12,annex,pdf,wayback,weekly_spi,http://www.pbs.gov.pk/sites/default/files//price_statistics/weekly_spi/spi_annex_12042018.pdf,https://web.archive.org/web/20181114045136id_/http://www.pbs.gov.pk/sites/default/files//price_statistics/weekly_spi/spi_annex_12042018.pdf,20181114045136
2018-04-12,summary,pdf,wayback,weekly_spi,http://www.pbs.gov.pk/sites/default/files//price_statistics/weekly_spi/spi_report_12042018.pdf,https://web.archive.org/web/20181114045123id_/http://www.pbs.gov.pk/sites/default/files//price_statistics/weekly_spi/spi_report_12042018.pdf,20181114045123
2018-04-19,annex,pdf,wayback,weekly_spi,http://www.pbs.gov.pk/sites/default/files//price_statistics/weekly_spi/SPI%20Annex%2019.04.2018_.pdf,https://web.archive.org/web/20181114045104id_/http://www.pbs.gov.pk/sites/default/files//price_statistics/weekly_spi/SPI%20Annex%2019.04.2018_.pdf,20181114045104
2018-04-19,summary,pdf,wayback,weekly_spi,http://www.pbs.gov.pk/sites/default/files//price_statistics/weekly_spi/SPI%20Report%2019.04.2018.pdf,https://web.archive.org/web/20181114045050id_/http://www.pbs.gov.pk/sites/default/files//price_statistics/weekly_spi/SPI%20Report%2019.04.2018.pdf,20181114045050
2018-04-26,annex,pdf,wayback,weekly_spi,http://www.pbs.gov.pk/sites/default/files//price_statistics/weekly_spi/SPI%20Annex%2026.04.2018.pdf,https://web.archive.org/web/20181114044447id_/http://www.pbs.gov.pk/sites/default/files//price_statistics/weekly_spi/SPI%20Annex%2026.04.2018.pdf,20181114044447
2018-04-26,summary,pdf,wayback,weekly_spi,http://www.pbs.gov.pk/sites/default/files//price_statistics/weekly_spi/SPI%20Report%2026.04.2018.pdf,https://web.archive.org/web/20181114044435id_/http://www.pbs.gov.pk/sites/default/files//price_statistics/weekly_spi/SPI%20Report%2026.04.2018.pdf,20181114044435
2018-05-03,annex,pdf,wayback,weekly_spi,http://www.pbs.gov.pk/sites/default/files//price_statistics/weekly_spi/spi_annex_03052018.pdf,https://web.archive.org/web/20181114044414id_/http://www.pbs.gov.pk/sites/default/files//price_statistics/weekly_spi/spi_annex_03052018.pdf,20181114044414
2018-05-03,summary,pdf,wayback,weekly_spi,http://www.pbs.gov.pk/sites/default/files//price_statistics/weekly_spi/spi_report_03052018.pdf,https://web.archive.org/web/20181114044400id_/http://www.pbs.gov.pk/sites/default/files//price_statistics/weekly_spi/spi_report_03052018.pdf,20181114044400
2018-05-10,annex,pdf,wayback,weekly_spi,http://www.pbs.gov.pk/sites/default/files//price_statistics/weekly_spi/SPI%20Annex%2010.05.2018.pdf,https://web.archive.org/web/20181114044340id_/http://www.pbs.gov.pk/sites/default/files//price_statistics/weekly_spi/SPI%20Annex%2010.05.2018.pdf,20181114044340
2018-05-10,summary,pdf,wayback,weekly_spi,http://www.pbs.gov.pk/sites/default/files//price_statistics/weekly_spi/SPI%20Report%2010.05.2018.pdf,https://web.archive.org/web/20181114044327id_/http://www.pbs.gov.pk/sites/default/files//price_statistics/weekly_spi/SPI%20Report%2010.05.2018.pdf,20181114044327
2018-05-17,annex,pdf,wayback,weekly_spi,http://www.pbs.gov.pk/sites/default/files//price_statistics/weekly_spi/SPI%20Annex%2017.05.2018.pdf,https://web.archive.org/web/20181114044307id_/http://www.pbs.gov.pk/sites/default/files//price_statistics/weekly_spi/SPI%20Annex%2017.05.2018.pdf,20181114044307
2018-05-17,summary,pdf,wayback,weekly_spi,http://www.pbs.gov.pk/sites/default/files//price_statistics/weekly_spi/SPI%20Report%2017.05.2018.pdf,https://web.archive.org/web/20181114044252id_/http://www.pbs.gov.pk/sites/default/files//price_statistics/weekly_spi/SPI%20Report%2017.05.2018.pdf,20181114044252
2018-05-24,annex,pdf,wayback,weekly_spi,http://www.pbs.gov.pk/sites/default/files//price_statistics/weekly_spi/SPI%20Annex%2024.05.2018.pdf,https://web.archive.org/web/20181114044233id_/http://www.pbs.gov.pk/sites/default/files//price_statistics/weekly_spi/SPI%20Annex%2024.05.2018.pdf,20181114044233
2018-05-24,summary,pdf,wayback,weekly_spi,http://www.pbs.gov.pk/sites/default/files//price_statistics/weekly_spi/SPI%20Report%2024.05.2018.pdf,https://web.archive.org/web/20181114043542id_/http://www.pbs.gov.pk/sites/default/files//price_statistics/weekly_spi/SPI%20Report%2024.05.2018.pdf,20181114043542
2018-05-31,annex,pdf,wayback,weekly_spi,http://www.pbs.gov.pk/sites/default/files//price_statistics/weekly_spi/spi_annex_31052018.pdf,https://web.archive.org/web/20181114043520id_/http://www.pbs.gov.pk/sites/default/files//price_statistics/weekly_spi/spi_annex_31052018.pdf,20181114043520
2018-05-31,summary,pdf,wayback,weekly_spi,http://www.pbs.gov.pk/sites/default/files//price_statistics/weekly_spi/spi_report_31052018.pdf,https://web.archive.org/web/20181114043507id_/http://www.pbs.gov.pk/sites/default/files//price_statistics/weekly_spi/spi_report_31052018.pdf,20181114043507
2018-06-07,annex,pdf,wayback,weekly_spi,http://www.pbs.gov.pk/sites/default/files//price_statistics/weekly_spi/spi_annex_07062018.pdf,https://web.archive.org/web/20181114043447id_/http://www.pbs.gov.pk/sites/default/files//price_statistics/weekly_spi/spi_annex_07062018.pdf,20181114043447
2018-06-07,summary,pdf,wayback,weekly_spi,http://www.pbs.gov.pk/sites/default/files//price_statistics/weekly_spi/spi_report_07062018.pdf,https://web.archive.org/web/20181114043432id_/http://www.pbs.gov.pk/sites/default/files//price_statistics/weekly_spi/spi_report_07062018.pdf,20181114043432
2018-06-13,annex,pdf,wayback,weekly_spi,http://www.pbs.gov.pk/sites/default/files//price_statistics/weekly_spi/SPI%20Annex%2013.06.2018.pdf,https://web.archive.org/web/20181114043412id_/http://www.pbs.gov.pk/sites/default/files//price_statistics/weekly_spi/SPI%20Annex%2013.06.2018.pdf,20181114043412
2018-06-13,summary,pdf,wayback,weekly_spi,http://www.pbs.gov.pk/sites/default/files//price_statistics/weekly_spi/SPI%20Report%2013.06.2018.pdf,https://web.archive.org/web/20181114043357id_/http://www.pbs.gov.pk/sites/default/files//price_statistics/weekly_spi/SPI%20Report%2013.06.2018.pdf,20181114043357
2018-06-21,annex,pdf,wayback,weekly_spi,http://www.pbs.gov.pk:80/sites/default/files/price_statistics/weekly_spi/SPI%20Annex%2021.06.2018.pdf,https://web.archive.org/web/20180713105142id_/http://www.pbs.gov.pk:80/sites/default/files/price_statistics/weekly_spi/SPI%20Annex%2021.06.2018.pdf,20180713105142
2018-06-21,summary,pdf,wayback,weekly_spi,http://www.pbs.gov.pk/sites/default/files//price_statistics/weekly_spi/SPI%20Report%2021.06.2018.pdf,https://web.archive.org/web/20181114043330id_/http://www.pbs.gov.pk/sites/default/files//price_statistics/weekly_spi/SPI%20Report%2021.06.2018.pdf,20181114043330
2018-06-28,annex,pdf,wayback,weekly_spi,http://www.pbs.gov.pk/sites/default/files//price_statistics/weekly_spi/SPI%20Annex%2028.06.2018_1.pdf,https://web.archive.org/web/20181114043314id_/http://www.pbs.gov.pk/sites/default/files//price_statistics/weekly_spi/SPI%20Annex%2028.06.2018_1.pdf,20181114043314
2018-06-28,summary,pdf,wayback,weekly_spi,http://www.pbs.gov.pk/sites/default/files//price_statistics/weekly_spi/SPI%20Report%2028.06.2018_0.pdf,https://web.archive.org/web/20181114043258id_/http://www.pbs.gov.pk/sites/default/files//price_statistics/weekly_spi/SPI%20Report%2028.06.2018_0.pdf,20181114043258
2018-07-05,annex,pdf,wayback,weekly_spi,http://www.pbs.gov.pk/sites/default/files//price_statistics/weekly_spi/spi_annex_05072018.pdf,https://web.archive.org/web/20181114043238id_/http://www.pbs.gov.pk/sites/default/files//price_statistics/weekly_spi/spi_annex_05072018.pdf,20181114043238
2018-07-05,summary,pdf,wayback,weekly_spi,http://www.pbs.gov.pk/sites/default/files//price_statistics/weekly_spi/spi_report_05072018.pdf,https://web.archive.org/web/20181114043222id_/http://www.pbs.gov.pk/sites/default/files//price_statistics/weekly_spi/spi_report_05072018.pdf,20181114043222
2018-07-12,annex,pdf,wayback,weekly_spi,http://www.pbs.gov.pk/sites/default/files//price_statistics/weekly_spi/spi_annex12072018.pdf,https://web.archive.org/web/20181114043200id_/http://www.pbs.gov.pk/sites/default/files//price_statistics/weekly_spi/spi_annex12072018.pdf,20181114043200
2018-07-12,summary,pdf,wayback,weekly_spi,http://www.pbs.gov.pk/sites/default/files//price_statistics/weekly_spi/spi_report12072018.pdf,https://web.archive.org/web/20181114043145id_/http://www.pbs.gov.pk/sites/default/files//price_statistics/weekly_spi/spi_report12072018.pdf,20181114043145
2018-07-19,annex,pdf,wayback,weekly_spi,http://www.pbs.gov.pk/sites/default/files//price_statistics/weekly_spi/spi_annex_190718.pdf,https://web.archive.org/web/20181114043126id_/http://www.pbs.gov.pk/sites/default/files//price_statistics/weekly_spi/spi_annex_190718.pdf,20181114043126
2018-07-19,summary,pdf,wayback,weekly_spi,http://www.pbs.gov.pk/sites/default/files//price_statistics/weekly_spi/spi_report_190718.pdf,https://web.archive.org/web/20181114043111id_/http://www.pbs.gov.pk/sites/default/files//price_statistics/weekly_spi/spi_report_190718.pdf,20181114043111
2018-07-26,annex,pdf,wayback,weekly_spi,http://www.pbs.gov.pk/sites/default/files//price_statistics/weekly_spi/SPI%20Annex%2026.07.2018.pdf,https://web.archive.org/web/20181114043050id_/http://www.pbs.gov.pk/sites/default/files//price_statistics/weekly_spi/SPI%20Annex%2026.07.2018.pdf,20181114043050
2018-07-26,summary,pdf,wayback,weekly_spi,http://www.pbs.gov.pk/sites/default/files//price_statistics/weekly_spi/SPI%20Report%2026.07.2018_0.pdf,https://web.archive.org/web/20181114043033id_/http://www.pbs.gov.pk/sites/default/files//price_statistics/weekly_spi/SPI%20Report%2026.07.2018_0.pdf,20181114043033
2018-08-02,annex,pdf,wayback,weekly_spi,http://www.pbs.gov.pk/sites/default/files//price_statistics/weekly_spi/SPI%20Annex%2002.08.2018.pdf,https://web.archive.org/web/20181114043019id_/http://www.pbs.gov.pk/sites/default/files//price_statistics/weekly_spi/SPI%20Annex%2002.08.2018.pdf,20181114043019
2018-08-02,summary,pdf,wayback,weekly_spi,http://www.pbs.gov.pk/sites/default/files//price_statistics/weekly_spi/SPI%20Report%2002.08.2018.pdf,https://web.archive.org/web/20181114043007id_/http://www.pbs.gov.pk/sites/default/files//price_statistics/weekly_spi/SPI%20Report%2002.08.2018.pdf,20181114043007
2018-08-09,annex,pdf,wayback,weekly_spi,http://www.pbs.gov.pk/sites/default/files//price_statistics/weekly_spi/SPI%20ANNEX%2009.08.2018.pdf,https://web.archive.org/web/20181113172526id_/http://www.pbs.gov.pk/sites/default/files//price_statistics/weekly_spi/SPI%20ANNEX%2009.08.2018.pdf,20181113172526
2018-08-09,summary,pdf,wayback,weekly_spi,http://www.pbs.gov.pk/sites/default/files//price_statistics/weekly_spi/SPI%20Report%2009.08.2018.pdf,https://web.archive.org/web/20181113172513id_/http://www.pbs.gov.pk/sites/default/files//price_statistics/weekly_spi/SPI%20Report%2009.08.2018.pdf,20181113172513
2018-08-16,annex,pdf,wayback,weekly_spi,http://www.pbs.gov.pk/sites/default/files//price_statistics/weekly_spi/SPI%20Annex%2016.08.2018.pdf,https://web.archive.org/web/20181113172426id_/http://www.pbs.gov.pk/sites/default/files//price_statistics/weekly_spi/SPI%20Annex%2016.08.2018.pdf,20181113172426
2018-08-16,summary,pdf,wayback,weekly_spi,http://www.pbs.gov.pk/sites/default/files//price_statistics/weekly_spi/SPI%20Report%2016.08.2018.pdf,https://web.archive.org/web/20181113172413id_/http://www.pbs.gov.pk/sites/default/files//price_statistics/weekly_spi/SPI%20Report%2016.08.2018.pdf,20181113172413
2018-08-30,annex,pdf,wayback,weekly_spi,http://www.pbs.gov.pk/sites/default/files//price_statistics/weekly_spi/SPI%20Annex%2030.08.2018.pdf,https://web.archive.org/web/20181113172400id_/http://www.pbs.gov.pk/sites/default/files//price_statistics/weekly_spi/SPI%20Annex%2030.08.2018.pdf,20181113172400
2018-09-06,annex,pdf,wayback,weekly_spi,http://www.pbs.gov.pk/sites/default/files//price_statistics/weekly_spi/SPI%20Annex%2006.09.2018.pdf,https://web.archive.org/web/20181113172334id_/http://www.pbs.gov.pk/sites/default/files//price_statistics/weekly_spi/SPI%20Annex%2006.09.2018.pdf,20181113172334
2018-09-06,summary,pdf,wayback,weekly_spi,http://www.pbs.gov.pk/sites/default/files//price_statistics/weekly_spi/SPI%20Report%2006.09.2018.pdf,https://web.archive.org/web/20181113172321id_/http://www.pbs.gov.pk/sites/default/files//price_statistics/weekly_spi/SPI%20Report%2006.09.2018.pdf,20181113172321
2018-09-13,annex,pdf,wayback,weekly_spi,http://www.pbs.gov.pk/sites/default/files//price_statistics/weekly_spi/SPI%20Annex%2013.09.2018.pdf,https://web.archive.org/web/20181113172307id_/http://www.pbs.gov.pk/sites/default/files//price_statistics/weekly_spi/SPI%20Annex%2013.09.2018.pdf,20181113172307
2018-09-13,summary,pdf,wayback,weekly_spi,http://www.pbs.gov.pk/sites/default/files//price_statistics/weekly_spi/SPI%20Report%2013.09.2018.pdf,https://web.archive.org/web/20181113172034id_/http://www.pbs.gov.pk/sites/default/files//price_statistics/weekly_spi/SPI%20Report%2013.09.2018.pdf,20181113172034
2018-09-18,annex,pdf,wayback,weekly_spi,http://www.pbs.gov.pk/sites/default/files//price_statistics/weekly_spi/spi_annex18092018.pdf,https://web.archive.org/web/20181113172019id_/http://www.pbs.gov.pk/sites/default/files//price_statistics/weekly_spi/spi_annex18092018.pdf,20181113172019
2018-09-18,summary,pdf,wayback,weekly_spi,http://www.pbs.gov.pk/sites/default/files//price_statistics/weekly_spi/spi_report_18092018.pdf,https://web.archive.org/web/20181113172005id_/http://www.pbs.gov.pk/sites/default/files//price_statistics/weekly_spi/spi_report_18092018.pdf,20181113172005
2018-09-27,annex,pdf,wayback,weekly_spi,http://www.pbs.gov.pk/sites/default/files//price_statistics/weekly_spi/SPI%20Annex%2027.09.2018.pdf,https://web.archive.org/web/20181113171950id_/http://www.pbs.gov.pk/sites/default/files//price_statistics/weekly_spi/SPI%20Annex%2027.09.2018.pdf,20181113171950
2018-09-27,summary,pdf,wayback,weekly_spi,http://www.pbs.gov.pk/sites/default/files//price_statistics/weekly_spi/SPI%20Report%2027.09.2018.pdf,https://web.archive.org/web/20181113171938id_/http://www.pbs.gov.pk/sites/default/files//price_statistics/weekly_spi/SPI%20Report%2027.09.2018.pdf,20181113171938
2018-10-04,annex,pdf,wayback,weekly_spi,http://www.pbs.gov.pk/sites/default/files//price_statistics/weekly_spi/spi_annex%2004102018_0.pdf,https://web.archive.org/web/20181113171924id_/http://www.pbs.gov.pk/sites/default/files//price_statistics/weekly_spi/spi_annex%2004102018_0.pdf,20181113171924
2018-10-04,summary,pdf,wayback,weekly_spi,http://www.pbs.gov.pk/sites/default/files//price_statistics/weekly_spi/spi_report_04102018.pdf,https://web.archive.org/web/20181113171911id_/http://www.pbs.gov.pk/sites/default/files//price_statistics/weekly_spi/spi_report_04102018.pdf,20181113171911
2018-10-11,annex,pdf,wayback,weekly_spi,http://www.pbs.gov.pk/sites/default/files//price_statistics/weekly_spi/spi_annex11102018.pdf,https://web.archive.org/web/20181113171858id_/http://www.pbs.gov.pk/sites/default/files//price_statistics/weekly_spi/spi_annex11102018.pdf,20181113171858
2018-10-11,other,pdf,wayback,weekly_spi,http://www.pbs.gov.pk/sites/default/files//price_statistics/weekly_spi/Revised%20Worksheet%2011-10-2018.pdf,https://web.archive.org/web/20191115033242id_/http://www.pbs.gov.pk/sites/default/files//price_statistics/weekly_spi/Revised%20Worksheet%2011-10-2018.pdf,20191115033242
2018-10-11,summary,pdf,wayback,weekly_spi,http://www.pbs.gov.pk/sites/default/files//price_statistics/weekly_spi/Revised%20SPI%20Report%2011.10.2018.pdf,https://web.archive.org/web/20191115033229id_/http://www.pbs.gov.pk/sites/default/files//price_statistics/weekly_spi/Revised%20SPI%20Report%2011.10.2018.pdf,20191115033229
2018-10-11,summary,pdf,wayback,weekly_spi,http://www.pbs.gov.pk/sites/default/files//price_statistics/weekly_spi/spi_report11102018_0.pdf,https://web.archive.org/web/20181113171846id_/http://www.pbs.gov.pk/sites/default/files//price_statistics/weekly_spi/spi_report11102018_0.pdf,20181113171846
2018-10-18,annex,pdf,wayback,weekly_spi,http://www.pbs.gov.pk/sites/default/files//price_statistics/weekly_spi/SPI%20Annex%2018.10.2018.pdf,https://web.archive.org/web/20181113171833id_/http://www.pbs.gov.pk/sites/default/files//price_statistics/weekly_spi/SPI%20Annex%2018.10.2018.pdf,20181113171833
2018-10-18,other,pdf,wayback,weekly_spi,http://www.pbs.gov.pk/sites/default/files//price_statistics/weekly_spi/Revised%20SPI%20Worksheet%2018-10-2018.pdf,https://web.archive.org/web/20191115033205id_/http://www.pbs.gov.pk/sites/default/files//price_statistics/weekly_spi/Revised%20SPI%20Worksheet%2018-10-2018.pdf,20191115033205
2018-10-18,summary,pdf,wayback,weekly_spi,http://www.pbs.gov.pk/sites/default/files//price_statistics/weekly_spi/Revised%20SPI%20Report%2018.10.2018.pdf,https://web.archive.org/web/20191115033150id_/http://www.pbs.gov.pk/sites/default/files//price_statistics/weekly_spi/Revised%20SPI%20Report%2018.10.2018.pdf,20191115033150
2018-10-18,summary,pdf,wayback,weekly_spi,http://www.pbs.gov.pk/sites/default/files//price_statistics/weekly_spi/SPI%20Report%2018.10.2018.pdf,https://web.archive.org/web/20181113171820id_/http://www.pbs.gov.pk/sites/default/files//price_statistics/weekly_spi/SPI%20Report%2018.10.2018.pdf,20181113171820
2018-10-25,annex,pdf,wayback,weekly_spi,http://www.pbs.gov.pk/sites/default/files//price_statistics/weekly_spi/spi_annex25102018.pdf,https://web.archive.org/web/20181113171808id_/http://www.pbs.gov.pk/sites/default/files//price_statistics/weekly_spi/spi_annex25102018.pdf,20181113171808
2018-10-25,other,pdf,wayback,weekly_spi,http://www.pbs.gov.pk/sites/default/files//price_statistics/weekly_spi/Revised%20SPI%20Worksheet%2025-10-2018.pdf,https://web.archive.org/web/20191115033133id_/http://www.pbs.gov.pk/sites/default/files//price_statistics/weekly_spi/Revised%20SPI%20Worksheet%2025-10-2018.pdf,20191115033133
2018-10-25,summary,pdf,wayback,weekly_spi,http://www.pbs.gov.pk/sites/default/files//price_statistics/weekly_spi/SPI%20Report%2025.10.2018.pdf,https://web.archive.org/web/20191115033120id_/http://www.pbs.gov.pk/sites/default/files//price_statistics/weekly_spi/SPI%20Report%2025.10.2018.pdf,20191115033120
2018-10-25,summary,pdf,wayback,weekly_spi,http://www.pbs.gov.pk/sites/default/files//price_statistics/weekly_spi/spi_report25102018.pdf,https://web.archive.org/web/20181113171755id_/http://www.pbs.gov.pk/sites/default/files//price_statistics/weekly_spi/spi_report25102018.pdf,20181113171755
2018-11-01,annex,pdf,wayback,weekly_spi,http://www.pbs.gov.pk/sites/default/files//price_statistics/weekly_spi/spi_annex01112018.pdf,https://web.archive.org/web/20181113171741id_/http://www.pbs.gov.pk/sites/default/files//price_statistics/weekly_spi/spi_annex01112018.pdf,20181113171741
2018-11-01,other,pdf,wayback,weekly_spi,http://www.pbs.gov.pk/sites/default/files//price_statistics/weekly_spi/Revised%20SPI%20Worksheet%2001-11-2018.pdf,https://web.archive.org/web/20191115033105id_/http://www.pbs.gov.pk/sites/default/files//price_statistics/weekly_spi/Revised%20SPI%20Worksheet%2001-11-2018.pdf,20191115033105
2018-11-01,summary,pdf,wayback,weekly_spi,http://www.pbs.gov.pk/sites/default/files//price_statistics/weekly_spi/Revised%20SPI%20Report%2001.11.2018.pdf,https://web.archive.org/web/20191115033053id_/http://www.pbs.gov.pk/sites/default/files//price_statistics/weekly_spi/Revised%20SPI%20Report%2001.11.2018.pdf,20191115033053
2018-11-01,summary,pdf,wayback,weekly_spi,http://www.pbs.gov.pk/sites/default/files//price_statistics/weekly_spi/spi_report01112018.pdf,https://web.archive.org/web/20181113171728id_/http://www.pbs.gov.pk/sites/default/files//price_statistics/weekly_spi/spi_report01112018.pdf,20181113171728
2018-11-08,annex,pdf,wayback,weekly_spi,http://www.pbs.gov.pk/sites/default/files//price_statistics/weekly_spi/spi_annex_081118.pdf,https://web.archive.org/web/20191115033017id_/http://www.pbs.gov.pk/sites/default/files//price_statistics/weekly_spi/spi_annex_081118.pdf,20191115033017
2018-11-08,summary,pdf,wayback,weekly_spi,http://www.pbs.gov.pk/sites/default/files//price_statistics/weekly_spi/spi_report_08112018.pdf,https://web.archive.org/web/20191115033005id_/http://www.pbs.gov.pk/sites/default/files//price_statistics/weekly_spi/spi_report_08112018.pdf,20191115033005
2018-11-15,annex,pdf,wayback,weekly_spi,http://www.pbs.gov.pk/sites/default/files//price_statistics/weekly_spi/spi_annex_15112018.pdf,https://web.archive.org/web/20191115032950id_/http://www.pbs.gov.pk/sites/default/files//price_statistics/weekly_spi/spi_annex_15112018.pdf,20191115032950
2018-11-15,summary,pdf,wayback,weekly_spi,http://www.pbs.gov.pk/sites/default/files//price_statistics/weekly_spi/spi_report_15112018.pdf,https://web.archive.org/web/20191115032938id_/http://www.pbs.gov.pk/sites/default/files//price_statistics/weekly_spi/spi_report_15112018.pdf,20191115032938
2018-11-22,annex,pdf,wayback,weekly_spi,http://www.pbs.gov.pk/sites/default/files//price_statistics/weekly_spi/SPI%20Annex%2022.11.2018.pdf,https://web.archive.org/web/20191115032923id_/http://www.pbs.gov.pk/sites/default/files//price_statistics/weekly_spi/SPI%20Annex%2022.11.2018.pdf,20191115032923
2018-11-22,summary,pdf,wayback,weekly_spi,http://www.pbs.gov.pk:80/sites/default/files/price_statistics/weekly_spi/SPI%20Report%2022.11.2018.pdf,https://web.archive.org/web/20181222164909id_/http://www.pbs.gov.pk:80/sites/default/files/price_statistics/weekly_spi/SPI%20Report%2022.11.2018.pdf,20181222164909
2018-11-29,annex,pdf,wayback,weekly_spi,http://www.pbs.gov.pk/sites/default/files//price_statistics/weekly_spi/SPI%20Annex%2029.11.2018.pdf,https://web.archive.org/web/20191115032855id_/http://www.pbs.gov.pk/sites/default/files//price_statistics/weekly_spi/SPI%20Annex%2029.11.2018.pdf,20191115032855
2018-11-29,summary,pdf,wayback,weekly_spi,http://www.pbs.gov.pk/sites/default/files//price_statistics/weekly_spi/SPI%20Report%2029.11.2018.pdf,https://web.archive.org/web/20191115032841id_/http://www.pbs.gov.pk/sites/default/files//price_statistics/weekly_spi/SPI%20Report%2029.11.2018.pdf,20191115032841
2018-12-06,annex,pdf,wayback,weekly_spi,http://www.pbs.gov.pk/sites/default/files//price_statistics/weekly_spi/spi_annex_06122018.pdf,https://web.archive.org/web/20191115032822id_/http://www.pbs.gov.pk/sites/default/files//price_statistics/weekly_spi/spi_annex_06122018.pdf,20191115032822
2018-12-06,summary,pdf,wayback,weekly_spi,http://www.pbs.gov.pk/sites/default/files//price_statistics/weekly_spi/spi_report_06122018.pdf,https://web.archive.org/web/20191115032808id_/http://www.pbs.gov.pk/sites/default/files//price_statistics/weekly_spi/spi_report_06122018.pdf,20191115032808
2018-12-13,other,pdf,wayback,weekly_spi,http://www.pbs.gov.pk:80/sites/default/files/price_statistics/weekly_spi/Worksheet%2013.12.2018.pdf,https://web.archive.org/web/20190819075241id_/http://www.pbs.gov.pk:80/sites/default/files/price_statistics/weekly_spi/Worksheet%2013.12.2018.pdf,20190819075241
2018-12-13,summary,pdf,wayback,weekly_spi,http://www.pbs.gov.pk/sites/default/files//price_statistics/weekly_spi/SPI%20Report%2013.12.2018.pdf,https://web.archive.org/web/20191115032739id_/http://www.pbs.gov.pk/sites/default/files//price_statistics/weekly_spi/SPI%20Report%2013.12.2018.pdf,20191115032739
2018-12-20,annex,pdf,wayback,weekly_spi,http://www.pbs.gov.pk/sites/default/files//price_statistics/weekly_spi/spi_annex_%2020122018.pdf,https://web.archive.org/web/20191115032725id_/http://www.pbs.gov.pk/sites/default/files//price_statistics/weekly_spi/spi_annex_%2020122018.pdf,20191115032725
2018-12-20,summary,pdf,wayback,weekly_spi,http://www.pbs.gov.pk/sites/default/files//price_statistics/weekly_spi/spi_report_20122018.pdf,https://web.archive.org/web/20191115032713id_/http://www.pbs.gov.pk/sites/default/files//price_statistics/weekly_spi/spi_report_20122018.pdf,20191115032713
2018-12-27,annex,pdf,wayback,weekly_spi,http://www.pbs.gov.pk/sites/default/files//price_statistics/weekly_spi/spi_annex_%2027122018_0.pdf,https://web.archive.org/web/20191115032651id_/http://www.pbs.gov.pk/sites/default/files//price_statistics/weekly_spi/spi_annex_%2027122018_0.pdf,20191115032651
2018-12-27,summary,pdf,wayback,weekly_spi,http://www.pbs.gov.pk/sites/default/files//price_statistics/weekly_spi/spi_report_27122018.pdf,https://web.archive.org/web/20191115032639id_/http://www.pbs.gov.pk/sites/default/files//price_statistics/weekly_spi/spi_report_27122018.pdf,20191115032639
2019-01-03,annex,pdf,wayback,weekly_spi,http://www.pbs.gov.pk:80/sites/default/files/price_statistics/weekly_spi/SPI%20Annex%2003.01.2019.pdf,https://web.archive.org/web/20190819082243id_/http://www.pbs.gov.pk:80/sites/default/files/price_statistics/weekly_spi/SPI%20Annex%2003.01.2019.pdf,20190819082243
2019-01-03,summary,pdf,wayback,weekly_spi,http://www.pbs.gov.pk/sites/default/files//price_statistics/weekly_spi/SPI%20Report%2003.01.2019.pdf,https://web.archive.org/web/20191115032611id_/http://www.pbs.gov.pk/sites/default/files//price_statistics/weekly_spi/SPI%20Report%2003.01.2019.pdf,20191115032611
2019-01-10,annex,pdf,wayback,weekly_spi,http://www.pbs.gov.pk/sites/default/files//price_statistics/weekly_spi/spi_annex10012019.pdf,https://web.archive.org/web/20191115032552id_/http://www.pbs.gov.pk/sites/default/files//price_statistics/weekly_spi/spi_annex10012019.pdf,20191115032552
2019-01-10,summary,pdf,wayback,weekly_spi,http://www.pbs.gov.pk/sites/default/files//price_statistics/weekly_spi/spi_report10012019.pdf,https://web.archive.org/web/20191115032538id_/http://www.pbs.gov.pk/sites/default/files//price_statistics/weekly_spi/spi_report10012019.pdf,20191115032538
2019-01-17,annex,pdf,wayback,weekly_spi,http://www.pbs.gov.pk/sites/default/files//price_statistics/weekly_spi/spi_annex17012019.pdf,https://web.archive.org/web/20191115032509id_/http://www.pbs.gov.pk/sites/default/files//price_statistics/weekly_spi/spi_annex17012019.pdf,20191115032509
2019-01-17,summary,pdf,wayback,weekly_spi,http://www.pbs.gov.pk/sites/default/files//price_statistics/weekly_spi/spi_report17012019.pdf,https://web.archive.org/web/20191115032457id_/http://www.pbs.gov.pk/sites/default/files//price_statistics/weekly_spi/spi_report17012019.pdf,20191115032457
2019-01-24,other,pdf,wayback,weekly_spi,http://www.pbs.gov.pk/sites/default/files//price_statistics/weekly_spi/Worksheet%2024.01.2019.pdf,https://web.archive.org/web/20191115032442id_/http://www.pbs.gov.pk/sites/default/files//price_statistics/weekly_spi/Worksheet%2024.01.2019.pdf,20191115032442
2019-01-24,summary,pdf,wayback,weekly_spi,http://www.pbs.gov.pk/sites/default/files//price_statistics/weekly_spi/SPI%20Report%2024.01.2019.pdf,https://web.archive.org/web/20191115032430id_/http://www.pbs.gov.pk/sites/default/files//price_statistics/weekly_spi/SPI%20Report%2024.01.2019.pdf,20191115032430
2019-01-31,annex,pdf,wayback,weekly_spi,http://www.pbs.gov.pk:80/sites/default/files/price_statistics/weekly_spi/spi_annex_31012019.pdf,https://web.archive.org/web/20190819072303id_/http://www.pbs.gov.pk:80/sites/default/files/price_statistics/weekly_spi/spi_annex_31012019.pdf,20190819072303
2019-01-31,summary,pdf,wayback,weekly_spi,http://www.pbs.gov.pk/sites/default/files//price_statistics/weekly_spi/spi_report_31012019.pdf,https://web.archive.org/web/20191115032403id_/http://www.pbs.gov.pk/sites/default/files//price_statistics/weekly_spi/spi_report_31012019.pdf,20191115032403
2019-02-07,annex,pdf,wayback,weekly_spi,http://www.pbs.gov.pk/sites/default/files//price_statistics/weekly_spi/spi_annex_07022019.pdf,https://web.archive.org/web/20191115032348id_/http://www.pbs.gov.pk/sites/default/files//price_statistics/weekly_spi/spi_annex_07022019.pdf,20191115032348
2019-02-07,summary,pdf,wayback,weekly_spi,http://www.pbs.gov.pk:80/sites/default/files/price_statistics/weekly_spi/spi_report_07022019.pdf,https://web.archive.org/web/20190819082255id_/http://www.pbs.gov.pk:80/sites/default/files/price_statistics/weekly_spi/spi_report_07022019.pdf,20190819082255
2019-02-14,annex,pdf,wayback,weekly_spi,http://www.pbs.gov.pk/sites/default/files//price_statistics/weekly_spi/SPI%20Annex%2014.02.2019.pdf,https://web.archive.org/web/20191115032316id_/http://www.pbs.gov.pk/sites/default/files//price_statistics/weekly_spi/SPI%20Annex%2014.02.2019.pdf,20191115032316
2019-02-14,summary,pdf,wayback,weekly_spi,http://www.pbs.gov.pk/sites/default/files//price_statistics/weekly_spi/SPI%20Report%2014.02.2019.xls_.pdf,https://web.archive.org/web/20191115032303id_/http://www.pbs.gov.pk/sites/default/files//price_statistics/weekly_spi/SPI%20Report%2014.02.2019.xls_.pdf,20191115032303
2019-02-21,annex,pdf,wayback,weekly_spi,http://www.pbs.gov.pk/sites/default/files//price_statistics/weekly_spi/SPI%20Annex%2021.02.2019.pdf,https://web.archive.org/web/20191115032248id_/http://www.pbs.gov.pk/sites/default/files//price_statistics/weekly_spi/SPI%20Annex%2021.02.2019.pdf,20191115032248
2019-02-21,summary,pdf,wayback,weekly_spi,http://www.pbs.gov.pk/sites/default/files//price_statistics/weekly_spi/SPI%20Report%2021.02.2019.pdf,https://web.archive.org/web/20191115032235id_/http://www.pbs.gov.pk/sites/default/files//price_statistics/weekly_spi/SPI%20Report%2021.02.2019.pdf,20191115032235
2019-02-28,other,pdf,wayback,weekly_spi,http://www.pbs.gov.pk/sites/default/files//price_statistics/weekly_spi/Worksheet%2028.02.2019.pdf,https://web.archive.org/web/20191115032218id_/http://www.pbs.gov.pk/sites/default/files//price_statistics/weekly_spi/Worksheet%2028.02.2019.pdf,20191115032218
2019-02-28,summary,pdf,wayback,weekly_spi,http://www.pbs.gov.pk/sites/default/files//price_statistics/weekly_spi/SPI%20Report%2028.02.2019.pdf,https://web.archive.org/web/20191115032204id_/http://www.pbs.gov.pk/sites/default/files//price_statistics/weekly_spi/SPI%20Report%2028.02.2019.pdf,20191115032204
2019-03-07,annex,pdf,wayback,weekly_spi,http://www.pbs.gov.pk:80/sites/default/files/price_statistics/weekly_spi/SPI%20Annex%2007.03.2019.pdf,https://web.archive.org/web/20190819075213id_/http://www.pbs.gov.pk:80/sites/default/files/price_statistics/weekly_spi/SPI%20Annex%2007.03.2019.pdf,20190819075213
2019-03-07,summary,pdf,wayback,weekly_spi,http://www.pbs.gov.pk:80/sites/default/files/price_statistics/weekly_spi/SPI%20Report%2007.03.2019.pdf,https://web.archive.org/web/20190819063043id_/http://www.pbs.gov.pk:80/sites/default/files/price_statistics/weekly_spi/SPI%20Report%2007.03.2019.pdf,20190819063043
2019-03-14,other,pdf,wayback,weekly_spi,http://www.pbs.gov.pk:80/sites/default/files/price_statistics/weekly_spi/Worksheet%2014.03.2019.pdf,https://web.archive.org/web/20190819075253id_/http://www.pbs.gov.pk:80/sites/default/files/price_statistics/weekly_spi/Worksheet%2014.03.2019.pdf,20190819075253
2019-03-14,summary,pdf,wayback,weekly_spi,http://www.pbs.gov.pk/sites/default/files//price_statistics/weekly_spi/SPI%20Report%2014.03.2019.pdf,https://web.archive.org/web/20191115032059id_/http://www.pbs.gov.pk/sites/default/files//price_statistics/weekly_spi/SPI%20Report%2014.03.2019.pdf,20191115032059
2019-03-21,annex,pdf,wayback,weekly_spi,http://www.pbs.gov.pk/sites/default/files//price_statistics/weekly_spi/spi_annex_21032019.pdf,https://web.archive.org/web/20191115032044id_/http://www.pbs.gov.pk/sites/default/files//price_statistics/weekly_spi/spi_annex_21032019.pdf,20191115032044
2019-03-21,summary,pdf,wayback,weekly_spi,http://www.pbs.gov.pk/sites/default/files//price_statistics/weekly_spi/spi_report_21032019.pdf,https://web.archive.org/web/20191115032030id_/http://www.pbs.gov.pk/sites/default/files//price_statistics/weekly_spi/spi_report_21032019.pdf,20191115032030
2019-03-28,other,pdf,wayback,weekly_spi,http://www.pbs.gov.pk:80/sites/default/files/price_statistics/weekly_spi/Worksheet%2028.03.2019%20for%20email.pdf,https://web.archive.org/web/20190819063049id_/http://www.pbs.gov.pk:80/sites/default/files/price_statistics/weekly_spi/Worksheet%2028.03.2019%20for%20email.pdf,20190819063049
2019-03-28,summary,pdf,wayback,weekly_spi,http://www.pbs.gov.pk:80/sites/default/files/price_statistics/weekly_spi/SPI%20Report%2028.03.2019.pdf,https://web.archive.org/web/20190819075220id_/http://www.pbs.gov.pk:80/sites/default/files/price_statistics/weekly_spi/SPI%20Report%2028.03.2019.pdf,20190819075220
2019-04-04,annex,pdf,wayback,weekly_spi,http://www.pbs.gov.pk/sites/default/files//price_statistics/weekly_spi/SPI%20Annex%20%2004.04.2019.pdf,https://web.archive.org/web/20191115031946id_/http://www.pbs.gov.pk/sites/default/files//price_statistics/weekly_spi/SPI%20Annex%20%2004.04.2019.pdf,20191115031946
2019-04-04,summary,pdf,wayback,weekly_spi,http://www.pbs.gov.pk:80/sites/default/files/price_statistics/weekly_spi/SPI%20Report%2004.04.2019.pdf,https://web.archive.org/web/20190819063037id_/http://www.pbs.gov.pk:80/sites/default/files/price_statistics/weekly_spi/SPI%20Report%2004.04.2019.pdf,20190819063037
2019-04-11,annex,pdf,wayback,weekly_spi,http://www.pbs.gov.pk/sites/default/files//price_statistics/weekly_spi/spi_annex11042019.pdf,https://web.archive.org/web/20191115031920id_/http://www.pbs.gov.pk/sites/default/files//price_statistics/weekly_spi/spi_annex11042019.pdf,20191115031920
2019-04-11,summary,pdf,wayback,weekly_spi,http://www.pbs.gov.pk:80/sites/default/files/price_statistics/weekly_spi/spi_report11042019.pdf,https://web.archive.org/web/20190819082253id_/http://www.pbs.gov.pk:80/sites/default/files/price_statistics/weekly_spi/spi_report11042019.pdf,20190819082253
2019-04-18,annex,pdf,wayback,weekly_spi,http://www.pbs.gov.pk:80/sites/default/files/price_statistics/weekly_spi/SPI_Annex_18.04.2019.pdf,https://web.archive.org/web/20190819075227id_/http://www.pbs.gov.pk:80/sites/default/files/price_statistics/weekly_spi/SPI_Annex_18.04.2019.pdf,20190819075227
2019-04-18,summary,pdf,wayback,weekly_spi,http://www.pbs.gov.pk:80/sites/default/files/price_statistics/weekly_spi/SPI_Report_18.04.2019.pdf,https://web.archive.org/web/20190819071931id_/http://www.pbs.gov.pk:80/sites/default/files/price_statistics/weekly_spi/SPI_Report_18.04.2019.pdf,20190819071931
2019-04-25,other,pdf,wayback,weekly_spi,http://www.pbs.gov.pk/sites/default/files//price_statistics/weekly_spi/Worksheet%2025.04.2019.pdf,https://web.archive.org/web/20191115031825id_/http://www.pbs.gov.pk/sites/default/files//price_statistics/weekly_spi/Worksheet%2025.04.2019.pdf,20191115031825
2019-04-25,summary,pdf,wayback,weekly_spi,http://www.pbs.gov.pk:80/sites/default/files/price_statistics/weekly_spi/SPI%20Report%2025.04.2019.pdf,https://web.archive.org/web/20190819082249id_/http://www.pbs.gov.pk:80/sites/default/files/price_statistics/weekly_spi/SPI%20Report%2025.04.2019.pdf,20190819082249
2019-05-02,annex,pdf,wayback,weekly_spi,http://www.pbs.gov.pk/sites/default/files//price_statistics/weekly_spi/Annexure%2002.05.2019_0.pdf,https://web.archive.org/web/20191115031751id_/http://www.pbs.gov.pk/sites/default/files//price_statistics/weekly_spi/Annexure%2002.05.2019_0.pdf,20191115031751
2019-05-02,summary,pdf,wayback,weekly_spi,http://www.pbs.gov.pk:80/sites/default/files/price_statistics/weekly_spi/SPI%20Report%2002.05.2019_0.pdf,https://web.archive.org/web/20190819071925id_/http://www.pbs.gov.pk:80/sites/default/files/price_statistics/weekly_spi/SPI%20Report%2002.05.2019_0.pdf,20190819071925
2019-05-09,annex,pdf,wayback,weekly_spi,http://www.pbs.gov.pk/sites/default/files//price_statistics/weekly_spi/SPI%20Annex%2009.05.2019.pdf,https://web.archive.org/web/20191115031723id_/http://www.pbs.gov.pk/sites/default/files//price_statistics/weekly_spi/SPI%20Annex%2009.05.2019.pdf,20191115031723
2019-05-09,summary,pdf,wayback,weekly_spi,http://www.pbs.gov.pk/sites/default/files//price_statistics/weekly_spi/SPI%20Report%2009.05.2019.pdf,https://web.archive.org/web/20191115031711id_/http://www.pbs.gov.pk/sites/default/files//price_statistics/weekly_spi/SPI%20Report%2009.05.2019.pdf,20191115031711
2019-05-16,annex,pdf,wayback,weekly_spi,http://www.pbs.gov.pk/sites/default/files//price_statistics/weekly_spi/SPI%20Annex%2016.05.2019.pdf,https://web.archive.org/web/20191115031620id_/http://www.pbs.gov.pk/sites/default/files//price_statistics/weekly_spi/SPI%20Annex%2016.05.2019.pdf,20191115031620
2019-05-16,summary,pdf,wayback,weekly_spi,http://www.pbs.gov.pk/sites/default/files//price_statistics/weekly_spi/SPI%20Report%2016.05.2019.pdf,https://web.archive.org/web/20191115031608id_/http://www.pbs.gov.pk/sites/default/files//price_statistics/weekly_spi/SPI%20Report%2016.05.2019.pdf,20191115031608
2019-05-23,other,pdf,wayback,weekly_spi,http://www.pbs.gov.pk/sites/default/files/price_statistics/weekly_spi/Worksheet%2023.05.2019%20Email.pdf,https://web.archive.org/web/20190916160351id_/http://www.pbs.gov.pk/sites/default/files/price_statistics/weekly_spi/Worksheet%2023.05.2019%20Email.pdf,20190916160351
2019-05-23,summary,pdf,wayback,weekly_spi,http://www.pbs.gov.pk/sites/default/files/price_statistics/weekly_spi/SPI%20Report%2023.05.2019%20Email.pdf,https://web.archive.org/web/20190922100055id_/http://www.pbs.gov.pk/sites/default/files/price_statistics/weekly_spi/SPI%20Report%2023.05.2019%20Email.pdf,20190922100055
2019-05-30,annex,pdf,wayback,weekly_spi,http://www.pbs.gov.pk/sites/default/files/price_statistics/weekly_spi/SPI%20Annex%2030.05.2019.pdf,https://web.archive.org/web/20190916161103id_/http://www.pbs.gov.pk/sites/default/files/price_statistics/weekly_spi/SPI%20Annex%2030.05.2019.pdf,20190916161103
2019-05-30,summary,pdf,wayback,weekly_spi,http://www.pbs.gov.pk/sites/default/files/price_statistics/weekly_spi/SPI%20Report%2030.05.2019.pdf,https://web.archive.org/web/20190922105756id_/http://www.pbs.gov.pk/sites/default/files/price_statistics/weekly_spi/SPI%20Report%2030.05.2019.pdf,20190922105756
2019-06-13,annex,pdf,wayback,weekly_spi,http://www.pbs.gov.pk/sites/default/files/price_statistics/weekly_spi/SPI%20Annex%2013.06.2019.pdf,https://web.archive.org/web/20190916162616id_/http://www.pbs.gov.pk/sites/default/files/price_statistics/weekly_spi/SPI%20Annex%2013.06.2019.pdf,20190916162616
2019-06-13,summary,pdf,wayback,weekly_spi,http://www.pbs.gov.pk/sites/default/files/price_statistics/weekly_spi/SPI%20Report%2013.06.2019.pdf,https://web.archive.org/web/20190916165830id_/http://www.pbs.gov.pk/sites/default/files/price_statistics/weekly_spi/SPI%20Report%2013.06.2019.pdf,20190916165830
2019-06-20,annex,pdf,wayback,weekly_spi,http://www.pbs.gov.pk:80/sites/default/files/price_statistics/weekly_spi/spi_annexure_20062019.pdf,https://web.archive.org/web/20190819075304id_/http://www.pbs.gov.pk:80/sites/default/files/price_statistics/weekly_spi/spi_annexure_20062019.pdf,20190819075304
2019-06-20,summary,pdf,wayback,weekly_spi,http://www.pbs.gov.pk/sites/default/files/price_statistics/weekly_spi/spi_report_20062019.pdf,https://web.archive.org/web/20190922104433id_/http://www.pbs.gov.pk/sites/default/files/price_statistics/weekly_spi/spi_report_20062019.pdf,20190922104433
2019-06-27,other,pdf,wayback,weekly_spi,http://www.pbs.gov.pk/sites/default/files/price_statistics/weekly_spi/Worksheet%2027.06.2019.pdf,https://web.archive.org/web/20190922101028id_/http://www.pbs.gov.pk/sites/default/files/price_statistics/weekly_spi/Worksheet%2027.06.2019.pdf,20190922101028
2019-06-27,summary,pdf,wayback,weekly_spi,http://www.pbs.gov.pk/sites/default/files/price_statistics/weekly_spi/SPI%20Report%2027.06.2019.pdf,https://web.archive.org/web/20190922105440id_/http://www.pbs.gov.pk/sites/default/files/price_statistics/weekly_spi/SPI%20Report%2027.06.2019.pdf,20190922105440
2019-07-04,other,pdf,wayback,weekly_spi,http://www.pbs.gov.pk/sites/default/files/price_statistics/weekly_spi/Worksheet%2004.07.2019.pdf,https://web.archive.org/web/20190916164523id_/http://www.pbs.gov.pk/sites/default/files/price_statistics/weekly_spi/Worksheet%2004.07.2019.pdf,20190916164523
2019-07-04,summary,pdf,wayback,weekly_spi,http://www.pbs.gov.pk:80/sites/default/files/price_statistics/weekly_spi/SPI%20Report%2004.07.2019.pdf,https://web.archive.org/web/20190712170445id_/http://www.pbs.gov.pk:80/sites/default/files/price_statistics/weekly_spi/SPI%20Report%2004.07.2019.pdf,20190712170445
2019-07-11,annex,pdf,wayback,weekly_spi,http://www.pbs.gov.pk/sites/default/files/price_statistics/weekly_spi/spi_annex11072019.pdf,https://web.archive.org/web/20190916162707id_/http://www.pbs.gov.pk/sites/default/files/price_statistics/weekly_spi/spi_annex11072019.pdf,20190916162707
2019-07-11,summary,pdf,wayback,weekly_spi,http://www.pbs.gov.pk/sites/default/files/price_statistics/weekly_spi/spi_report11072019.pdf,https://web.archive.org/web/20190916160657id_/http://www.pbs.gov.pk/sites/default/files/price_statistics/weekly_spi/spi_report11072019.pdf,20190916160657
2019-07-18,annex,pdf,wayback,weekly_spi,http://www.pbs.gov.pk/sites/default/files/price_statistics/weekly_spi/SPI%20Annex%2018.07.2019%281%29.pdf,https://web.archive.org/web/20190916161133id_/http://www.pbs.gov.pk/sites/default/files/price_statistics/weekly_spi/SPI%20Annex%2018.07.2019%281%29.pdf,20190916161133
2019-07-18,summary,pdf,wayback,weekly_spi,http://www.pbs.gov.pk/sites/default/files/price_statistics/weekly_spi/SPI%20Report%2018.07.2019.pdf,https://web.archive.org/web/20190922095343id_/http://www.pbs.gov.pk/sites/default/files/price_statistics/weekly_spi/SPI%20Report%2018.07.2019.pdf,20190922095343
2019-07-25,other,pdf,wayback,weekly_spi,http://www.pbs.gov.pk/sites/default/files/price_statistics/weekly_spi/Worksheet%2025.07.2019.pdf,https://web.archive.org/web/20190922095817id_/http://www.pbs.gov.pk/sites/default/files/price_statistics/weekly_spi/Worksheet%2025.07.2019.pdf,20190922095817
2019-07-25,summary,pdf,wayback,weekly_spi,http://www.pbs.gov.pk/sites/default/files/price_statistics/weekly_spi/SPI%20Report%2025.07.2019.pdf,https://web.archive.org/web/20190922095326id_/http://www.pbs.gov.pk/sites/default/files/price_statistics/weekly_spi/SPI%20Report%2025.07.2019.pdf,20190922095326
2019-08-01,annex,pdf,wayback,weekly_spi,http://www.pbs.gov.pk/sites/default/files/price_statistics/weekly_spi/spi_annex_01082019.pdf,https://web.archive.org/web/20190916161331id_/http://www.pbs.gov.pk/sites/default/files/price_statistics/weekly_spi/spi_annex_01082019.pdf,20190916161331
2019-08-01,summary,pdf,wayback,weekly_spi,http://www.pbs.gov.pk/sites/default/files/price_statistics/weekly_spi/spi_report_01082019.pdf,https://web.archive.org/web/20190922101724id_/http://www.pbs.gov.pk/sites/default/files/price_statistics/weekly_spi/spi_report_01082019.pdf,20190922101724
2019-08-08,annex,pdf,wayback,weekly_spi,http://www.pbs.gov.pk/sites/default/files/price_statistics/weekly_spi/SPI%20Annex%2008.08.2019.pdf,https://web.archive.org/web/20190916160406id_/http://www.pbs.gov.pk/sites/default/files/price_statistics/weekly_spi/SPI%20Annex%2008.08.2019.pdf,20190916160406
2019-08-08,summary,pdf,wayback,weekly_spi,http://www.pbs.gov.pk/sites/default/files/price_statistics/weekly_spi/SPI%20Report%2008.08.2019.pdf,https://web.archive.org/web/20190922095304id_/http://www.pbs.gov.pk/sites/default/files/price_statistics/weekly_spi/SPI%20Report%2008.08.2019.pdf,20190922095304
2019-08-16,annex,pdf,wayback,weekly_spi,http://www.pbs.gov.pk/sites/default/files/price_statistics/weekly_spi/spi_annex_16082019.pdf,https://web.archive.org/web/20190916160801id_/http://www.pbs.gov.pk/sites/default/files/price_statistics/weekly_spi/spi_annex_16082019.pdf,20190916160801
2019-08-16,summary,pdf,wayback,weekly_spi,http://www.pbs.gov.pk/sites/default/files/price_statistics/weekly_spi/spi_report_16082019.pdf,https://web.archive.org/web/20190916160453id_/http://www.pbs.gov.pk/sites/default/files/price_statistics/weekly_spi/spi_report_16082019.pdf,20190916160453
2019-08-22,annex,pdf,wayback,weekly_spi,http://www.pbs.gov.pk/sites/default/files/price_statistics/weekly_spi/SPI%20Annex%2022.08.2019.pdf,https://web.archive.org/web/20190916164731id_/http://www.pbs.gov.pk/sites/default/files/price_statistics/weekly_spi/SPI%20Annex%2022.08.2019.pdf,20190916164731
2019-08-22,summary,pdf,wayback,weekly_spi,http://www.pbs.gov.pk/sites/default/files/price_statistics/weekly_spi/SPI%20Report%2022.08.2019.pdf,https://web.archive.org/web/20190916160952id_/http://www.pbs.gov.pk/sites/default/files/price_statistics/weekly_spi/SPI%20Report%2022.08.2019.pdf,20190916160952
2019-08-29,other,pdf,wayback,weekly_spi,http://www.pbs.gov.pk/sites/default/files/price_statistics/weekly_spi/Worksheet%2029.08.2019.pdf,https://web.archive.org/web/20190916165741id_/http://www.pbs.gov.pk/sites/default/files/price_statistics/weekly_spi/Worksheet%2029.08.2019.pdf,20190916165741
2019-08-29,summary,pdf,wayback,weekly_spi,http://www.pbs.gov.pk/sites/default/files/price_statistics/weekly_spi/SPI%20Report%2029.08.2019.pdf,https://web.archive.org/web/20190916161038id_/http://www.pbs.gov.pk/sites/default/files/price_statistics/weekly_spi/SPI%20Report%2029.08.2019.pdf,20190916161038
2019-09-05,annex,pdf,wayback,weekly_spi,https://www.pbs.gov.pk/sites/default/files/price_statistics/weekly_spi/spi_annex_050919.pdf,https://web.archive.org/web/20220728200423id_/https://www.pbs.gov.pk/sites/default/files/price_statistics/weekly_spi/spi_annex_050919.pdf,20220728200423
2019-09-05,annex,pdf,wayback,weekly_spi,http://www.pbs.gov.pk/sites/default/files/price_statistics/weekly_spi/spi_annex_nb_050919.pdf,https://web.archive.org/web/20190916160323id_/http://www.pbs.gov.pk/sites/default/files/price_statistics/weekly_spi/spi_annex_nb_050919.pdf,20190916160323
2019-09-05,annex,pdf,wayback,weekly_spi,http://www.pbs.gov.pk/sites/default/files//price_statistics/weekly_spi_nb/spi_annex_nb_050919.pdf,https://web.archive.org/web/20191113160742id_/http://www.pbs.gov.pk/sites/default/files//price_statistics/weekly_spi_nb/spi_annex_nb_050919.pdf,20191113160742
2019-09-05,annex,pdf,wayback,weekly_spi_nb,http://www.pbs.gov.pk/sites/default/files//price_statistics/weekly_spi_nb/spi_annex_nb_050919.pdf,https://web.archive.org/web/20191113160742id_/http://www.pbs.gov.pk/sites/default/files//price_statistics/weekly_spi_nb/spi_annex_nb_050919.pdf,20191113160742
2019-09-05,summary,pdf,wayback,weekly_spi,https://www.pbs.gov.pk/sites/default/files/price_statistics/weekly_spi/spi_report_050919.pdf,https://web.archive.org/web/20220728200428id_/https://www.pbs.gov.pk/sites/default/files/price_statistics/weekly_spi/spi_report_050919.pdf,20220728200428
2019-09-05,summary,pdf,wayback,weekly_spi,http://www.pbs.gov.pk/sites/default/files/price_statistics/weekly_spi/spi_report_nb_050919.pdf,https://web.archive.org/web/20190916163127id_/http://www.pbs.gov.pk/sites/default/files/price_statistics/weekly_spi/spi_report_nb_050919.pdf,20190916163127
2019-09-05,summary,pdf,wayback,weekly_spi,http://www.pbs.gov.pk/sites/default/files//price_statistics/weekly_spi_nb/spi_report_nb_050919.pdf,https://web.archive.org/web/20191113160729id_/http://www.pbs.gov.pk/sites/default/files//price_statistics/weekly_spi_nb/spi_report_nb_050919.pdf,20191113160729
2019-09-05,summary,pdf,wayback,weekly_spi_nb,http://www.pbs.gov.pk/sites/default/files//price_statistics/weekly_spi_nb/spi_report_nb_050919.pdf,https://web.archive.org/web/20191113160729id_/http://www.pbs.gov.pk/sites/default/files//price_statistics/weekly_spi_nb/spi_report_nb_050919.pdf,20191113160729
2019-09-12,annex,pdf,wayback,weekly_spi,https://www.pbs.gov.pk/sites/default/files/price_statistics/weekly_spi/spi_annex_1209019.pdf,https://web.archive.org/web/20220817121218id_/https://www.pbs.gov.pk/sites/default/files/price_statistics/weekly_spi/spi_annex_1209019.pdf,20220817121218
2019-09-12,annex,pdf,wayback,weekly_spi,http://www.pbs.gov.pk/sites/default/files//price_statistics/weekly_spi_nb/spi_annex_12-09-2019.pdf,https://web.archive.org/web/20191113160714id_/http://www.pbs.gov.pk/sites/default/files//price_statistics/weekly_spi_nb/spi_annex_12-09-2019.pdf,20191113160714
2019-09-12,annex,pdf,wayback,weekly_spi_nb,http://www.pbs.gov.pk/sites/default/files//price_statistics/weekly_spi_nb/spi_annex_12-09-2019.pdf,https://web.archive.org/web/20191113160714id_/http://www.pbs.gov.pk/sites/default/files//price_statistics/weekly_spi_nb/spi_annex_12-09-2019.pdf,20191113160714
2019-09-12,summary,pdf,wayback,weekly_spi,https://www.pbs.gov.pk/sites/default/files/price_statistics/weekly_spi/spi_report_12092019.pdf,https://web.archive.org/web/20220817121224id_/https://www.pbs.gov.pk/sites/default/files/price_statistics/weekly_spi/spi_report_12092019.pdf,20220817121224
2019-09-12,summary,pdf,wayback,weekly_spi,http://www.pbs.gov.pk/sites/default/files//price_statistics/weekly_spi_nb/spi_report_12-09-2019_0.pdf,https://web.archive.org/web/20191113160701id_/http://www.pbs.gov.pk/sites/default/files//price_statistics/weekly_spi_nb/spi_report_12-09-2019_0.pdf,20191113160701
2019-09-12,summary,pdf,wayback,weekly_spi_nb,http://www.pbs.gov.pk/sites/default/files//price_statistics/weekly_spi_nb/spi_report_12-09-2019_0.pdf,https://web.archive.org/web/20191113160701id_/http://www.pbs.gov.pk/sites/default/files//price_statistics/weekly_spi_nb/spi_report_12-09-2019_0.pdf,20191113160701
2019-09-19,annex,pdf,wayback,weekly_spi,https://www.pbs.gov.pk/sites/default/files/price_statistics/weekly_spi/spi_annex_19092019.pdf,https://web.archive.org/web/20220728200432id_/https://www.pbs.gov.pk/sites/default/files/price_statistics/weekly_spi/spi_annex_19092019.pdf,20220728200432
2019-09-19,annex,pdf,wayback,weekly_spi,http://www.pbs.gov.pk/sites/default/files//price_statistics/weekly_spi_nb/spi_annex_19092019.pdf,https://web.archive.org/web/20191113160645id_/http://www.pbs.gov.pk/sites/default/files//price_statistics/weekly_spi_nb/spi_annex_19092019.pdf,20191113160645
2019-09-19,annex,pdf,wayback,weekly_spi_nb,http://www.pbs.gov.pk/sites/default/files//price_statistics/weekly_spi_nb/spi_annex_19092019.pdf,https://web.archive.org/web/20191113160645id_/http://www.pbs.gov.pk/sites/default/files//price_statistics/weekly_spi_nb/spi_annex_19092019.pdf,20191113160645
2019-09-19,summary,pdf,wayback,weekly_spi,https://www.pbs.gov.pk/sites/default/files/price_statistics/weekly_spi/spi_report_19092019.pdf,https://web.archive.org/web/20220728200437id_/https://www.pbs.gov.pk/sites/default/files/price_statistics/weekly_spi/spi_report_19092019.pdf,20220728200437
2019-09-19,summary,pdf,wayback,weekly_spi,http://www.pbs.gov.pk/sites/default/files//price_statistics/weekly_spi_nb/spi_report_19092019.pdf,https://web.archive.org/web/20191113160633id_/http://www.pbs.gov.pk/sites/default/files//price_statistics/weekly_spi_nb/spi_report_19092019.pdf,20191113160633
2019-09-19,summary,pdf,wayback,weekly_spi_nb,http://www.pbs.gov.pk/sites/default/files//price_statistics/weekly_spi_nb/spi_report_19092019.pdf,https://web.archive.org/web/20191113160633id_/http://www.pbs.gov.pk/sites/default/files//price_statistics/weekly_spi_nb/spi_report_19092019.pdf,20191113160633
2019-09-26,annex,pdf,wayback,weekly_spi,https://www.pbs.gov.pk/sites/default/files/price_statistics/weekly_spi/spi_annex_26092019.pdf,https://web.archive.org/web/20220728200413id_/https://www.pbs.gov.pk/sites/default/files/price_statistics/weekly_spi/spi_annex_26092019.pdf,20220728200413
2019-09-26,annex,pdf,wayback,weekly_spi,http://www.pbs.gov.pk/sites/default/files//price_statistics/weekly_spi_nb/spi_annex_26092019.pdf,https://web.archive.org/web/20191113160616id_/http://www.pbs.gov.pk/sites/default/files//price_statistics/weekly_spi_nb/spi_annex_26092019.pdf,20191113160616
2019-09-26,annex,pdf,wayback,weekly_spi_nb,http://www.pbs.gov.pk/sites/default/files//price_statistics/weekly_spi_nb/spi_annex_26092019.pdf,https://web.archive.org/web/20191113160616id_/http://www.pbs.gov.pk/sites/default/files//price_statistics/weekly_spi_nb/spi_annex_26092019.pdf,20191113160616
2019-09-26,summary,pdf,wayback,weekly_spi,https://www.pbs.gov.pk/sites/default/files/price_statistics/weekly_spi/spi_report_260919.pdf,https://web.archive.org/web/20220728200419id_/https://www.pbs.gov.pk/sites/default/files/price_statistics/weekly_spi/spi_report_260919.pdf,20220728200419
2019-09-26,summary,pdf,wayback,weekly_spi,http://www.pbs.gov.pk/sites/default/files//price_statistics/weekly_spi_nb/spi_report_260919.pdf,https://web.archive.org/web/20191113160603id_/http://www.pbs.gov.pk/sites/default/files//price_statistics/weekly_spi_nb/spi_report_260919.pdf,20191113160603
2019-09-26,summary,pdf,wayback,weekly_spi_nb,http://www.pbs.gov.pk/sites/default/files//price_statistics/weekly_spi_nb/spi_report_260919.pdf,https://web.archive.org/web/20191113160603id_/http://www.pbs.gov.pk/sites/default/files//price_statistics/weekly_spi_nb/spi_report_260919.pdf,20191113160603
2019-10-03,annex,pdf,wayback,weekly_spi,https://www.pbs.gov.pk/sites/default/files/price_statistics/weekly_spi/spi_annex_03102019.pdf,https://web.archive.org/web/20220728200357id_/https://www.pbs.gov.pk/sites/default/files/price_statistics/weekly_spi/spi_annex_03102019.pdf,20220728200357
2019-10-03,annex,pdf,wayback,weekly_spi,http://www.pbs.gov.pk/sites/default/files//price_statistics/weekly_spi_nb/spi_annex_03102019.pdf,https://web.archive.org/web/20191113160548id_/http://www.pbs.gov.pk/sites/default/files//price_statistics/weekly_spi_nb/spi_annex_03102019.pdf,20191113160548
2019-10-03,annex,pdf,wayback,weekly_spi_nb,http://www.pbs.gov.pk/sites/default/files//price_statistics/weekly_spi_nb/spi_annex_03102019.pdf,https://web.archive.org/web/20191113160548id_/http://www.pbs.gov.pk/sites/default/files//price_statistics/weekly_spi_nb/spi_annex_03102019.pdf,20191113160548
2019-10-03,summary,pdf,wayback,weekly_spi,https://www.pbs.gov.pk/sites/default/files/price_statistics/weekly_spi/spi_report_031019.pdf,https://web.archive.org/web/20220728200409id_/https://www.pbs.gov.pk/sites/default/files/price_statistics/weekly_spi/spi_report_031019.pdf,20220728200409
2019-10-03,summary,pdf,wayback,weekly_spi,http://www.pbs.gov.pk/sites/default/files//price_statistics/weekly_spi_nb/spi_report_031019.pdf,https://web.archive.org/web/20191113160534id_/http://www.pbs.gov.pk/sites/default/files//price_statistics/weekly_spi_nb/spi_report_031019.pdf,20191113160534
2019-10-03,summary,pdf,wayback,weekly_spi_nb,http://www.pbs.gov.pk/sites/default/files//price_statistics/weekly_spi_nb/spi_report_031019.pdf,https://web.archive.org/web/20191113160534id_/http://www.pbs.gov.pk/sites/default/files//price_statistics/weekly_spi_nb/spi_report_031019.pdf,20191113160534
2019-10-10,annex,pdf,wayback,weekly_spi,https://www.pbs.gov.pk/sites/default/files/price_statistics/weekly_spi/spi_annex_10102019.pdf,https://web.archive.org/web/20220728200346id_/https://www.pbs.gov.pk/sites/default/files/price_statistics/weekly_spi/spi_annex_10102019.pdf,20220728200346
2019-10-10,annex,pdf,wayback,weekly_spi,http://www.pbs.gov.pk/sites/default/files//price_statistics/weekly_spi_nb/spi_annex_10102019.pdf,https://web.archive.org/web/20191113160504id_/http://www.pbs.gov.pk/sites/default/files//price_statistics/weekly_spi_nb/spi_annex_10102019.pdf,20191113160504
2019-10-10,annex,pdf,wayback,weekly_spi_nb,http://www.pbs.gov.pk/sites/default/files//price_statistics/weekly_spi_nb/spi_annex_10102019.pdf,https://web.archive.org/web/20191113160504id_/http://www.pbs.gov.pk/sites/default/files//price_statistics/weekly_spi_nb/spi_annex_10102019.pdf,20191113160504
2019-10-10,summary,pdf,wayback,weekly_spi,https://www.pbs.gov.pk/sites/default/files/price_statistics/weekly_spi/spi_report_10102019.pdf,https://web.archive.org/web/20220728200352id_/https://www.pbs.gov.pk/sites/default/files/price_statistics/weekly_spi/spi_report_10102019.pdf,20220728200352
2019-10-10,summary,pdf,wayback,weekly_spi,http://www.pbs.gov.pk/sites/default/files//price_statistics/weekly_spi_nb/spi_report_10102019.pdf,https://web.archive.org/web/20191113160451id_/http://www.pbs.gov.pk/sites/default/files//price_statistics/weekly_spi_nb/spi_report_10102019.pdf,20191113160451
2019-10-10,summary,pdf,wayback,weekly_spi_nb,http://www.pbs.gov.pk/sites/default/files//price_statistics/weekly_spi_nb/spi_report_10102019.pdf,https://web.archive.org/web/20191113160451id_/http://www.pbs.gov.pk/sites/default/files//price_statistics/weekly_spi_nb/spi_report_10102019.pdf,20191113160451
2019-10-17,annex,pdf,wayback,weekly_spi,https://www.pbs.gov.pk/sites/default/files/price_statistics/weekly_spi/spi_annex_17102019.pdf,https://web.archive.org/web/20220728200333id_/https://www.pbs.gov.pk/sites/default/files/price_statistics/weekly_spi/spi_annex_17102019.pdf,20220728200333
2019-10-17,annex,pdf,wayback,weekly_spi,http://www.pbs.gov.pk/sites/default/files//price_statistics/weekly_spi_nb/spi_annex_17102019.pdf,https://web.archive.org/web/20191113160437id_/http://www.pbs.gov.pk/sites/default/files//price_statistics/weekly_spi_nb/spi_annex_17102019.pdf,20191113160437
2019-10-17,annex,pdf,wayback,weekly_spi_nb,http://www.pbs.gov.pk/sites/default/files//price_statistics/weekly_spi_nb/spi_annex_17102019.pdf,https://web.archive.org/web/20191113160437id_/http://www.pbs.gov.pk/sites/default/files//price_statistics/weekly_spi_nb/spi_annex_17102019.pdf,20191113160437
2019-10-17,summary,pdf,wayback,weekly_spi,https://www.pbs.gov.pk/sites/default/files/price_statistics/weekly_spi/spi_report_17102019.pdf,https://web.archive.org/web/20220728200338id_/https://www.pbs.gov.pk/sites/default/files/price_statistics/weekly_spi/spi_report_17102019.pdf,20220728200338
2019-10-17,summary,pdf,wayback,weekly_spi,http://www.pbs.gov.pk/sites/default/files//price_statistics/weekly_spi_nb/spi_report_17102019.pdf,https://web.archive.org/web/20191113160424id_/http://www.pbs.gov.pk/sites/default/files//price_statistics/weekly_spi_nb/spi_report_17102019.pdf,20191113160424
2019-10-17,summary,pdf,wayback,weekly_spi_nb,http://www.pbs.gov.pk/sites/default/files//price_statistics/weekly_spi_nb/spi_report_17102019.pdf,https://web.archive.org/web/20191113160424id_/http://www.pbs.gov.pk/sites/default/files//price_statistics/weekly_spi_nb/spi_report_17102019.pdf,20191113160424
2019-10-24,annex,pdf,wayback,weekly_spi,https://www.pbs.gov.pk/sites/default/files/price_statistics/weekly_spi/spi_annex_24102019.pdf,https://web.archive.org/web/20220728200326id_/https://www.pbs.gov.pk/sites/default/files/price_statistics/weekly_spi/spi_annex_24102019.pdf,20220728200326
2019-10-24,annex,pdf,wayback,weekly_spi,http://www.pbs.gov.pk/sites/default/files//price_statistics/weekly_spi_nb/spi_annex_24102019.pdf,https://web.archive.org/web/20191113160412id_/http://www.pbs.gov.pk/sites/default/files//price_statistics/weekly_spi_nb/spi_annex_24102019.pdf,20191113160412
2019-10-24,annex,pdf,wayback,weekly_spi_nb,http://www.pbs.gov.pk/sites/default/files//price_statistics/weekly_spi_nb/spi_annex_24102019.pdf,https://web.archive.org/web/20191113160412id_/http://www.pbs.gov.pk/sites/default/files//price_statistics/weekly_spi_nb/spi_annex_24102019.pdf,20191113160412
2019-10-24,summary,pdf,wayback,weekly_spi,https://www.pbs.gov.pk/sites/default/files/price_statistics/weekly_spi/spi_report_24102019.pdf,https://web.archive.org/web/20220728200330id_/https://www.pbs.gov.pk/sites/default/files/price_statistics/weekly_spi/spi_report_24102019.pdf,20220728200330
2019-10-24,summary,pdf,wayback,weekly_spi,http://www.pbs.gov.pk/sites/default/files//price_statistics/weekly_spi_nb/spi_report_24102019.pdf,https://web.archive.org/web/20191113160232id_/http://www.pbs.gov.pk/sites/default/files//price_statistics/weekly_spi_nb/spi_report_24102019.pdf,20191113160232
2019-10-24,summary,pdf,wayback,weekly_spi_nb,http://www.pbs.gov.pk/sites/default/files//price_statistics/weekly_spi_nb/spi_report_24102019.pdf,https://web.archive.org/web/20191113160232id_/http://www.pbs.gov.pk/sites/default/files//price_statistics/weekly_spi_nb/spi_report_24102019.pdf,20191113160232
2019-10-31,annex,pdf,wayback,weekly_spi,https://www.pbs.gov.pk/sites/default/files/price_statistics/weekly_spi/spi_annex_311019.pdf,https://web.archive.org/web/20220728200317id_/https://www.pbs.gov.pk/sites/default/files/price_statistics/weekly_spi/spi_annex_311019.pdf,20220728200317
2019-10-31,annex,pdf,wayback,weekly_spi,http://www.pbs.gov.pk/sites/default/files//price_statistics/weekly_spi_nb/spi_annex_311019_0.pdf,https://web.archive.org/web/20191113160212id_/http://www.pbs.gov.pk/sites/default/files//price_statistics/weekly_spi_nb/spi_annex_311019_0.pdf,20191113160212
2019-10-31,annex,pdf,wayback,weekly_spi_nb,http://www.pbs.gov.pk/sites/default/files//price_statistics/weekly_spi_nb/spi_annex_311019_0.pdf,https://web.archive.org/web/20191113160212id_/http://www.pbs.gov.pk/sites/default/files//price_statistics/weekly_spi_nb/spi_annex_311019_0.pdf,20191113160212
2019-10-31,summary,pdf,wayback,weekly_spi,https://www.pbs.gov.pk/sites/default/files/price_statistics/weekly_spi/spi_report_311019.pdf,https://web.archive.org/web/20220728200322id_/https://www.pbs.gov.pk/sites/default/files/price_statistics/weekly_spi/spi_report_311019.pdf,20220728200322
2019-10-31,summary,pdf,wayback,weekly_spi,http://www.pbs.gov.pk/sites/default/files//price_statistics/weekly_spi_nb/spi_report_311019.pdf,https://web.archive.org/web/20191113160148id_/http://www.pbs.gov.pk/sites/default/files//price_statistics/weekly_spi_nb/spi_report_311019.pdf,20191113160148
2019-10-31,summary,pdf,wayback,weekly_spi_nb,http://www.pbs.gov.pk/sites/default/files//price_statistics/weekly_spi_nb/spi_report_311019.pdf,https://web.archive.org/web/20191113160148id_/http://www.pbs.gov.pk/sites/default/files//price_statistics/weekly_spi_nb/spi_report_311019.pdf,20191113160148
2019-11-07,annex,pdf,wayback,weekly_spi,https://www.pbs.gov.pk/sites/default/files/price_statistics/weekly_spi/spi_annex_071119.pdf,https://web.archive.org/web/20220728200307id_/https://www.pbs.gov.pk/sites/default/files/price_statistics/weekly_spi/spi_annex_071119.pdf,20220728200307
2019-11-07,annex,pdf,wayback,weekly_spi,http://www.pbs.gov.pk/sites/default/files//price_statistics/weekly_spi_nb/spi_annex_071119.pdf,https://web.archive.org/web/20191113160135id_/http://www.pbs.gov.pk/sites/default/files//price_statistics/weekly_spi_nb/spi_annex_071119.pdf,20191113160135
2019-11-07,annex,pdf,wayback,weekly_spi,http://www.pbs.gov.pk/sites/default/files//price_statistics/weekly_spi_nb/spi_annex_071119_1.pdf,https://web.archive.org/web/20201116081408id_/http://www.pbs.gov.pk/sites/default/files//price_statistics/weekly_spi_nb/spi_annex_071119_1.pdf,20201116081408
2019-11-07,annex,pdf,wayback,weekly_spi_nb,http://www.pbs.gov.pk/sites/default/files//price_statistics/weekly_spi_nb/spi_annex_071119.pdf,https://web.archive.org/web/20191113160135id_/http://www.pbs.gov.pk/sites/default/files//price_statistics/weekly_spi_nb/spi_annex_071119.pdf,20191113160135
2019-11-07,annex,pdf,wayback,weekly_spi_nb,http://www.pbs.gov.pk/sites/default/files//price_statistics/weekly_spi_nb/spi_annex_071119_1.pdf,https://web.archive.org/web/20201116081408id_/http://www.pbs.gov.pk/sites/default/files//price_statistics/weekly_spi_nb/spi_annex_071119_1.pdf,20201116081408
2019-11-07,summary,pdf,wayback,weekly_spi,https://www.pbs.gov.pk/sites/default/files/price_statistics/weekly_spi/spi_report_071119.pdf,https://web.archive.org/web/20220728200313id_/https://www.pbs.gov.pk/sites/default/files/price_statistics/weekly_spi/spi_report_071119.pdf,20220728200313
2019-11-07,summary,pdf,wayback,weekly_spi,http://www.pbs.gov.pk/sites/default/files//price_statistics/weekly_spi_nb/spi_report_071119.pdf,https://web.archive.org/web/20191113160123id_/http://www.pbs.gov.pk/sites/default/files//price_statistics/weekly_spi_nb/spi_report_071119.pdf,20191113160123
2019-11-07,summary,pdf,wayback,weekly_spi,http://www.pbs.gov.pk/sites/default/files//price_statistics/weekly_spi_nb/spi_report_071119_0.pdf,https://web.archive.org/web/20201116081348id_/http://www.pbs.gov.pk/sites/default/files//price_statistics/weekly_spi_nb/spi_report_071119_0.pdf,20201116081348
2019-11-07,summary,pdf,wayback,weekly_spi_nb,http://www.pbs.gov.pk/sites/default/files//price_statistics/weekly_spi_nb/spi_report_071119.pdf,https://web.archive.org/web/20191113160123id_/http://www.pbs.gov.pk/sites/default/files//price_statistics/weekly_spi_nb/spi_report_071119.pdf,20191113160123
2019-11-07,summary,pdf,wayback,weekly_spi_nb,http://www.pbs.gov.pk/sites/default/files//price_statistics/weekly_spi_nb/spi_report_071119_0.pdf,https://web.archive.org/web/20201116081348id_/http://www.pbs.gov.pk/sites/default/files//price_statistics/weekly_spi_nb/spi_report_071119_0.pdf,20201116081348
2019-11-14,annex,pdf,wayback,weekly_spi,https://www.pbs.gov.pk/sites/default/files/price_statistics/weekly_spi/spi_annex_141119.pdf,https://web.archive.org/web/20220728200257id_/https://www.pbs.gov.pk/sites/default/files/price_statistics/weekly_spi/spi_annex_141119.pdf,20220728200257
2019-11-14,annex,pdf,wayback,weekly_spi,http://www.pbs.gov.pk/sites/default/files//price_statistics/weekly_spi_nb/spi_annex_141119.pdf,https://web.archive.org/web/20201116081314id_/http://www.pbs.gov.pk/sites/default/files//price_statistics/weekly_spi_nb/spi_annex_141119.pdf,20201116081314
2019-11-14,annex,pdf,wayback,weekly_spi_nb,http://www.pbs.gov.pk/sites/default/files//price_statistics/weekly_spi_nb/spi_annex_141119.pdf,https://web.archive.org/web/20201116081314id_/http://www.pbs.gov.pk/sites/default/files//price_statistics/weekly_spi_nb/spi_annex_141119.pdf,20201116081314
2019-11-14,summary,pdf,wayback,weekly_spi,https://www.pbs.gov.pk/sites/default/files/price_statistics/weekly_spi/spi_report_141119.pdf,https://web.archive.org/web/20220728200302id_/https://www.pbs.gov.pk/sites/default/files/price_statistics/weekly_spi/spi_report_141119.pdf,20220728200302
2019-11-14,summary,pdf,wayback,weekly_spi,http://www.pbs.gov.pk:80/sites/default/files/price_statistics/weekly_spi_nb/spi_report_141119.pdf,https://web.archive.org/web/20191126125611id_/http://www.pbs.gov.pk:80/sites/default/files/price_statistics/weekly_spi_nb/spi_report_141119.pdf,20191126125611
2019-11-14,summary,pdf,wayback,weekly_spi_nb,http://www.pbs.gov.pk:80/sites/default/files/price_statistics/weekly_spi_nb/spi_report_141119.pdf,https://web.archive.org/web/20191126125611id_/http://www.pbs.gov.pk:80/sites/default/files/price_statistics/weekly_spi_nb/spi_report_141119.pdf,20191126125611
2019-11-21,annex,pdf,wayback,weekly_spi,https://www.pbs.gov.pk/sites/default/files/price_statistics/weekly_spi/spi_annex_211119.pdf,https://web.archive.org/web/20250715120209id_/https://www.pbs.gov.pk/sites/default/files/price_statistics/weekly_spi/spi_annex_211119.pdf,20250715120209
2019-11-21,annex,pdf,wayback,weekly_spi,http://www.pbs.gov.pk/sites/default/files//price_statistics/weekly_spi_nb/spi_annex_211119.pdf,https://web.archive.org/web/20201116081210id_/http://www.pbs.gov.pk/sites/default/files//price_statistics/weekly_spi_nb/spi_annex_211119.pdf,20201116081210
2019-11-21,annex,pdf,wayback,weekly_spi_nb,http://www.pbs.gov.pk/sites/default/files//price_statistics/weekly_spi_nb/spi_annex_211119.pdf,https://web.archive.org/web/20201116081210id_/http://www.pbs.gov.pk/sites/default/files//price_statistics/weekly_spi_nb/spi_annex_211119.pdf,20201116081210
2019-11-21,summary,pdf,wayback,weekly_spi,https://www.pbs.gov.pk/sites/default/files/price_statistics/weekly_spi/spi_report_211119.pdf,https://web.archive.org/web/20250715120214id_/https://www.pbs.gov.pk/sites/default/files/price_statistics/weekly_spi/spi_report_211119.pdf,20250715120214
2019-11-21,summary,pdf,wayback,weekly_spi,http://www.pbs.gov.pk/sites/default/files//price_statistics/weekly_spi_nb/spi_report_211119.pdf,https://web.archive.org/web/20201116081147id_/http://www.pbs.gov.pk/sites/default/files//price_statistics/weekly_spi_nb/spi_report_211119.pdf,20201116081147
2019-11-21,summary,pdf,wayback,weekly_spi_nb,http://www.pbs.gov.pk/sites/default/files//price_statistics/weekly_spi_nb/spi_report_211119.pdf,https://web.archive.org/web/20201116081147id_/http://www.pbs.gov.pk/sites/default/files//price_statistics/weekly_spi_nb/spi_report_211119.pdf,20201116081147
2019-11-28,annex,pdf,wayback,weekly_spi,https://www.pbs.gov.pk/sites/default/files/price_statistics/weekly_spi/SPI_annex_281119.pdf,https://web.archive.org/web/20250715120202id_/https://www.pbs.gov.pk/sites/default/files/price_statistics/weekly_spi/SPI_annex_281119.pdf,20250715120202
2019-11-28,annex,pdf,wayback,weekly_spi,http://www.pbs.gov.pk/sites/default/files/price_statistics/weekly_spi_nb/SPI_annex_281119.pdf,https://web.archive.org/web/20200921163008id_/http://www.pbs.gov.pk/sites/default/files/price_statistics/weekly_spi_nb/SPI_annex_281119.pdf,20200921163008
2019-11-28,annex,pdf,wayback,weekly_spi_nb,http://www.pbs.gov.pk/sites/default/files/price_statistics/weekly_spi_nb/SPI_annex_281119.pdf,https://web.archive.org/web/20200921163008id_/http://www.pbs.gov.pk/sites/default/files/price_statistics/weekly_spi_nb/SPI_annex_281119.pdf,20200921163008
2019-11-28,summary,pdf,wayback,weekly_spi,https://www.pbs.gov.pk/sites/default/files/price_statistics/weekly_spi/SPI_report_281119.pdf,https://web.archive.org/web/20250715120206id_/https://www.pbs.gov.pk/sites/default/files/price_statistics/weekly_spi/SPI_report_281119.pdf,20250715120206
2019-11-28,summary,pdf,wayback,weekly_spi,http://www.pbs.gov.pk/sites/default/files/price_statistics/weekly_spi_nb/SPI_report_281119.pdf,https://web.archive.org/web/20200921164857id_/http://www.pbs.gov.pk/sites/default/files/price_statistics/weekly_spi_nb/SPI_report_281119.pdf,20200921164857
2019-11-28,summary,pdf,wayback,weekly_spi_nb,http://www.pbs.gov.pk/sites/default/files/price_statistics/weekly_spi_nb/SPI_report_281119.pdf,https://web.archive.org/web/20200921164857id_/http://www.pbs.gov.pk/sites/default/files/price_statistics/weekly_spi_nb/SPI_report_281119.pdf,20200921164857
2019-12-05,annex,pdf,wayback,weekly_spi,https://www.pbs.gov.pk/sites/default/files/price_statistics/weekly_spi/spi_annex_051219.pdf,https://web.archive.org/web/20220817121227id_/https://www.pbs.gov.pk/sites/default/files/price_statistics/weekly_spi/spi_annex_051219.pdf,20220817121227
2019-12-05,annex,pdf,wayback,weekly_spi,http://www.pbs.gov.pk/sites/default/files/price_statistics/weekly_spi_nb/spi_annex_051219.pdf,https://web.archive.org/web/20200921155322id_/http://www.pbs.gov.pk/sites/default/files/price_statistics/weekly_spi_nb/spi_annex_051219.pdf,20200921155322
2019-12-05,annex,pdf,wayback,weekly_spi_nb,http://www.pbs.gov.pk/sites/default/files/price_statistics/weekly_spi_nb/spi_annex_051219.pdf,https://web.archive.org/web/20200921155322id_/http://www.pbs.gov.pk/sites/default/files/price_statistics/weekly_spi_nb/spi_annex_051219.pdf,20200921155322
2019-12-05,summary,pdf,wayback,weekly_spi,https://www.pbs.gov.pk/sites/default/files/price_statistics/weekly_spi/spi_report_051219.pdf,https://web.archive.org/web/20220817121233id_/https://www.pbs.gov.pk/sites/default/files/price_statistics/weekly_spi/spi_report_051219.pdf,20220817121233
2019-12-05,summary,pdf,wayback,weekly_spi,http://www.pbs.gov.pk/sites/default/files/price_statistics/weekly_spi_nb/spi_report_051219.pdf,https://web.archive.org/web/20200921145313id_/http://www.pbs.gov.pk/sites/default/files/price_statistics/weekly_spi_nb/spi_report_051219.pdf,20200921145313
2019-12-05,summary,pdf,wayback,weekly_spi_nb,http://www.pbs.gov.pk/sites/default/files/price_statistics/weekly_spi_nb/spi_report_051219.pdf,https://web.archive.org/web/20200921145313id_/http://www.pbs.gov.pk/sites/default/files/price_statistics/weekly_spi_nb/spi_report_051219.pdf,20200921145313
2019-12-12,annex,pdf,wayback,weekly_spi,https://www.pbs.gov.pk/sites/default/files/price_statistics/weekly_spi/spi_annex_121219.pdf,https://web.archive.org/web/20250715120154id_/https://www.pbs.gov.pk/sites/default/files/price_statistics/weekly_spi/spi_annex_121219.pdf,20250715120154
2019-12-12,annex,pdf,wayback,weekly_spi,http://www.pbs.gov.pk/sites/default/files/price_statistics/weekly_spi_nb/spi_annex_121219.pdf,https://web.archive.org/web/20200921161004id_/http://www.pbs.gov.pk/sites/default/files/price_statistics/weekly_spi_nb/spi_annex_121219.pdf,20200921161004
2019-12-12,annex,pdf,wayback,weekly_spi_nb,http://www.pbs.gov.pk/sites/default/files/price_statistics/weekly_spi_nb/spi_annex_121219.pdf,https://web.archive.org/web/20200921161004id_/http://www.pbs.gov.pk/sites/default/files/price_statistics/weekly_spi_nb/spi_annex_121219.pdf,20200921161004
2019-12-12,summary,pdf,wayback,weekly_spi,https://www.pbs.gov.pk/sites/default/files/price_statistics/weekly_spi/SPI_Report_121219.pdf,https://web.archive.org/web/20250715120159id_/https://www.pbs.gov.pk/sites/default/files/price_statistics/weekly_spi/SPI_Report_121219.pdf,20250715120159
2019-12-12,summary,pdf,wayback,weekly_spi,http://www.pbs.gov.pk/sites/default/files/price_statistics/weekly_spi_nb/SPI_Report_121219.pdf,https://web.archive.org/web/20200921163510id_/http://www.pbs.gov.pk/sites/default/files/price_statistics/weekly_spi_nb/SPI_Report_121219.pdf,20200921163510
2019-12-12,summary,pdf,wayback,weekly_spi_nb,http://www.pbs.gov.pk/sites/default/files/price_statistics/weekly_spi_nb/SPI_Report_121219.pdf,https://web.archive.org/web/20200921163510id_/http://www.pbs.gov.pk/sites/default/files/price_statistics/weekly_spi_nb/SPI_Report_121219.pdf,20200921163510
2019-12-19,annex,pdf,wayback,weekly_spi,https://www.pbs.gov.pk/sites/default/files/price_statistics/weekly_spi/spi_annex_191219.pdf,https://web.archive.org/web/20220817121722id_/https://www.pbs.gov.pk/sites/default/files/price_statistics/weekly_spi/spi_annex_191219.pdf,20220817121722
2019-12-19,annex,pdf,wayback,weekly_spi,http://www.pbs.gov.pk/sites/default/files/price_statistics/weekly_spi_nb/spi_annex_191219.pdf,https://web.archive.org/web/20200921161414id_/http://www.pbs.gov.pk/sites/default/files/price_statistics/weekly_spi_nb/spi_annex_191219.pdf,20200921161414
2019-12-19,annex,pdf,wayback,weekly_spi_nb,http://www.pbs.gov.pk/sites/default/files/price_statistics/weekly_spi_nb/spi_annex_191219.pdf,https://web.archive.org/web/20200921161414id_/http://www.pbs.gov.pk/sites/default/files/price_statistics/weekly_spi_nb/spi_annex_191219.pdf,20200921161414
2019-12-19,summary,pdf,wayback,weekly_spi,https://www.pbs.gov.pk/sites/default/files/price_statistics/weekly_spi/spi_report_191219.pdf,https://web.archive.org/web/20220817121726id_/https://www.pbs.gov.pk/sites/default/files/price_statistics/weekly_spi/spi_report_191219.pdf,20220817121726
2019-12-19,summary,pdf,wayback,weekly_spi,http://www.pbs.gov.pk/sites/default/files/price_statistics/weekly_spi_nb/spi_report_191219.pdf,https://web.archive.org/web/20200921164352id_/http://www.pbs.gov.pk/sites/default/files/price_statistics/weekly_spi_nb/spi_report_191219.pdf,20200921164352
2019-12-19,summary,pdf,wayback,weekly_spi_nb,http://www.pbs.gov.pk/sites/default/files/price_statistics/weekly_spi_nb/spi_report_191219.pdf,https://web.archive.org/web/20200921164352id_/http://www.pbs.gov.pk/sites/default/files/price_statistics/weekly_spi_nb/spi_report_191219.pdf,20200921164352
2019-12-26,annex,pdf,wayback,weekly_spi,https://www.pbs.gov.pk/sites/default/files/price_statistics/weekly_spi/spi_annex_261219.pdf,https://web.archive.org/web/20220817121715id_/https://www.pbs.gov.pk/sites/default/files/price_statistics/weekly_spi/spi_annex_261219.pdf,20220817121715
2019-12-26,annex,pdf,wayback,weekly_spi,http://www.pbs.gov.pk/sites/default/files/price_statistics/weekly_spi_nb/spi_annex_261219.pdf,https://web.archive.org/web/20200921163355id_/http://www.pbs.gov.pk/sites/default/files/price_statistics/weekly_spi_nb/spi_annex_261219.pdf,20200921163355
2019-12-26,annex,pdf,wayback,weekly_spi_nb,http://www.pbs.gov.pk/sites/default/files/price_statistics/weekly_spi_nb/spi_annex_261219.pdf,https://web.archive.org/web/20200921163355id_/http://www.pbs.gov.pk/sites/default/files/price_statistics/weekly_spi_nb/spi_annex_261219.pdf,20200921163355
2019-12-26,summary,pdf,wayback,weekly_spi,https://www.pbs.gov.pk/sites/default/files/price_statistics/weekly_spi/spi_report_261219.pdf,https://web.archive.org/web/20220817121719id_/https://www.pbs.gov.pk/sites/default/files/price_statistics/weekly_spi/spi_report_261219.pdf,20220817121719
2019-12-26,summary,pdf,wayback,weekly_spi,http://www.pbs.gov.pk/sites/default/files/price_statistics/weekly_spi_nb/spi_report_261219.pdf,https://web.archive.org/web/20200921162845id_/http://www.pbs.gov.pk/sites/default/files/price_statistics/weekly_spi_nb/spi_report_261219.pdf,20200921162845
2019-12-26,summary,pdf,wayback,weekly_spi_nb,http://www.pbs.gov.pk/sites/default/files/price_statistics/weekly_spi_nb/spi_report_261219.pdf,https://web.archive.org/web/20200921162845id_/http://www.pbs.gov.pk/sites/default/files/price_statistics/weekly_spi_nb/spi_report_261219.pdf,20200921162845
2020-01-02,annex,pdf,wayback,weekly_spi,https://www.pbs.gov.pk/sites/default/files/price_statistics/weekly_spi/spi_annex_020120.pdf,https://web.archive.org/web/20220817121709id_/https://www.pbs.gov.pk/sites/default/files/price_statistics/weekly_spi/spi_annex_020120.pdf,20220817121709
2020-01-02,annex,pdf,wayback,weekly_spi,http://www.pbs.gov.pk/sites/default/files/price_statistics/weekly_spi_nb/spi_annex_020120.pdf,https://web.archive.org/web/20200921164122id_/http://www.pbs.gov.pk/sites/default/files/price_statistics/weekly_spi_nb/spi_annex_020120.pdf,20200921164122
2020-01-02,annex,pdf,wayback,weekly_spi_nb,http://www.pbs.gov.pk/sites/default/files/price_statistics/weekly_spi_nb/spi_annex_020120.pdf,https://web.archive.org/web/20200921164122id_/http://www.pbs.gov.pk/sites/default/files/price_statistics/weekly_spi_nb/spi_annex_020120.pdf,20200921164122
2020-01-02,summary,pdf,wayback,weekly_spi,https://www.pbs.gov.pk/sites/default/files/price_statistics/weekly_spi/spi_report_020120.pdf,https://web.archive.org/web/20220817121712id_/https://www.pbs.gov.pk/sites/default/files/price_statistics/weekly_spi/spi_report_020120.pdf,20220817121712
2020-01-02,summary,pdf,wayback,weekly_spi,http://www.pbs.gov.pk/sites/default/files/price_statistics/weekly_spi_nb/spi_report_020120.pdf,https://web.archive.org/web/20200921154008id_/http://www.pbs.gov.pk/sites/default/files/price_statistics/weekly_spi_nb/spi_report_020120.pdf,20200921154008
2020-01-02,summary,pdf,wayback,weekly_spi_nb,http://www.pbs.gov.pk/sites/default/files/price_statistics/weekly_spi_nb/spi_report_020120.pdf,https://web.archive.org/web/20200921154008id_/http://www.pbs.gov.pk/sites/default/files/price_statistics/weekly_spi_nb/spi_report_020120.pdf,20200921154008
2020-01-09,annex,pdf,wayback,weekly_spi,https://www.pbs.gov.pk/sites/default/files/price_statistics/weekly_spi/spi_annex_09012020.pdf,https://web.archive.org/web/20220817121701id_/https://www.pbs.gov.pk/sites/default/files/price_statistics/weekly_spi/spi_annex_09012020.pdf,20220817121701
2020-01-09,annex,pdf,wayback,weekly_spi,http://www.pbs.gov.pk/sites/default/files/price_statistics/weekly_spi_nb/spi_annex_09012020.pdf,https://web.archive.org/web/20200921160726id_/http://www.pbs.gov.pk/sites/default/files/price_statistics/weekly_spi_nb/spi_annex_09012020.pdf,20200921160726
2020-01-09,annex,pdf,wayback,weekly_spi_nb,http://www.pbs.gov.pk/sites/default/files/price_statistics/weekly_spi_nb/spi_annex_09012020.pdf,https://web.archive.org/web/20200921160726id_/http://www.pbs.gov.pk/sites/default/files/price_statistics/weekly_spi_nb/spi_annex_09012020.pdf,20200921160726
2020-01-09,summary,pdf,wayback,weekly_spi,https://www.pbs.gov.pk/sites/default/files/price_statistics/weekly_spi/spi_report_09012020.pdf,https://web.archive.org/web/20220817121705id_/https://www.pbs.gov.pk/sites/default/files/price_statistics/weekly_spi/spi_report_09012020.pdf,20220817121705
2020-01-09,summary,pdf,wayback,weekly_spi,http://www.pbs.gov.pk/sites/default/files/price_statistics/weekly_spi_nb/spi_report_09012020.pdf,https://web.archive.org/web/20200921154828id_/http://www.pbs.gov.pk/sites/default/files/price_statistics/weekly_spi_nb/spi_report_09012020.pdf,20200921154828
2020-01-09,summary,pdf,wayback,weekly_spi_nb,http://www.pbs.gov.pk/sites/default/files/price_statistics/weekly_spi_nb/spi_report_09012020.pdf,https://web.archive.org/web/20200921154828id_/http://www.pbs.gov.pk/sites/default/files/price_statistics/weekly_spi_nb/spi_report_09012020.pdf,20200921154828
2020-01-16,annex,pdf,wayback,weekly_spi,https://www.pbs.gov.pk/sites/default/files/price_statistics/weekly_spi/spi_annex_16012020.pdf,https://web.archive.org/web/20220817121655id_/https://www.pbs.gov.pk/sites/default/files/price_statistics/weekly_spi/spi_annex_16012020.pdf,20220817121655
2020-01-16,annex,pdf,wayback,weekly_spi,http://www.pbs.gov.pk/sites/default/files/price_statistics/weekly_spi_nb/spi_annex_16012020.pdf,https://web.archive.org/web/20200921162617id_/http://www.pbs.gov.pk/sites/default/files/price_statistics/weekly_spi_nb/spi_annex_16012020.pdf,20200921162617
2020-01-16,annex,pdf,wayback,weekly_spi_nb,http://www.pbs.gov.pk/sites/default/files/price_statistics/weekly_spi_nb/spi_annex_16012020.pdf,https://web.archive.org/web/20200921162617id_/http://www.pbs.gov.pk/sites/default/files/price_statistics/weekly_spi_nb/spi_annex_16012020.pdf,20200921162617
2020-01-16,summary,pdf,wayback,weekly_spi,https://www.pbs.gov.pk/sites/default/files/price_statistics/weekly_spi/spi_report_16012020.pdf,https://web.archive.org/web/20220817121658id_/https://www.pbs.gov.pk/sites/default/files/price_statistics/weekly_spi/spi_report_16012020.pdf,20220817121658
2020-01-16,summary,pdf,wayback,weekly_spi,http://www.pbs.gov.pk/sites/default/files/price_statistics/weekly_spi_nb/spi_report_16012020.pdf,https://web.archive.org/web/20200921153913id_/http://www.pbs.gov.pk/sites/default/files/price_statistics/weekly_spi_nb/spi_report_16012020.pdf,20200921153913
2020-01-16,summary,pdf,wayback,weekly_spi_nb,http://www.pbs.gov.pk/sites/default/files/price_statistics/weekly_spi_nb/spi_report_16012020.pdf,https://web.archive.org/web/20200921153913id_/http://www.pbs.gov.pk/sites/default/files/price_statistics/weekly_spi_nb/spi_report_16012020.pdf,20200921153913
2020-01-23,annex,pdf,wayback,weekly_spi,https://www.pbs.gov.pk/sites/default/files/price_statistics/weekly_spi/spi_annex_%2023012020.pdf,https://web.archive.org/web/20220817121648id_/https://www.pbs.gov.pk/sites/default/files/price_statistics/weekly_spi/spi_annex_%2023012020.pdf,20220817121648
2020-01-23,annex,pdf,wayback,weekly_spi,http://www.pbs.gov.pk/sites/default/files/price_statistics/weekly_spi_nb/spi_annex_%2023012020.pdf,https://web.archive.org/web/20200921155136id_/http://www.pbs.gov.pk/sites/default/files/price_statistics/weekly_spi_nb/spi_annex_%2023012020.pdf,20200921155136
2020-01-23,annex,pdf,wayback,weekly_spi_nb,http://www.pbs.gov.pk/sites/default/files/price_statistics/weekly_spi_nb/spi_annex_%2023012020.pdf,https://web.archive.org/web/20200921155136id_/http://www.pbs.gov.pk/sites/default/files/price_statistics/weekly_spi_nb/spi_annex_%2023012020.pdf,20200921155136
2020-01-23,summary,pdf,wayback,weekly_spi,https://www.pbs.gov.pk/sites/default/files/price_statistics/weekly_spi/spi_report_23012020.pdf,https://web.archive.org/web/20220817121652id_/https://www.pbs.gov.pk/sites/default/files/price_statistics/weekly_spi/spi_report_23012020.pdf,20220817121652
2020-01-23,summary,pdf,wayback,weekly_spi,http://www.pbs.gov.pk/sites/default/files/price_statistics/weekly_spi_nb/spi_report_23012020.pdf,https://web.archive.org/web/20200921152911id_/http://www.pbs.gov.pk/sites/default/files/price_statistics/weekly_spi_nb/spi_report_23012020.pdf,20200921152911
2020-01-23,summary,pdf,wayback,weekly_spi_nb,http://www.pbs.gov.pk/sites/default/files/price_statistics/weekly_spi_nb/spi_report_23012020.pdf,https://web.archive.org/web/20200921152911id_/http://www.pbs.gov.pk/sites/default/files/price_statistics/weekly_spi_nb/spi_report_23012020.pdf,20200921152911
2020-01-30,annex,pdf,wayback,weekly_spi,https://www.pbs.gov.pk/sites/default/files/price_statistics/weekly_spi/spi_annex_30012020.pdf,https://web.archive.org/web/20220817121641id_/https://www.pbs.gov.pk/sites/default/files/price_statistics/weekly_spi/spi_annex_30012020.pdf,20220817121641
2020-01-30,annex,pdf,wayback,weekly_spi,http://www.pbs.gov.pk/sites/default/files/price_statistics/weekly_spi_nb/spi_annex_30012020.pdf,https://web.archive.org/web/20200921170453id_/http://www.pbs.gov.pk/sites/default/files/price_statistics/weekly_spi_nb/spi_annex_30012020.pdf,20200921170453
2020-01-30,annex,pdf,wayback,weekly_spi_nb,http://www.pbs.gov.pk/sites/default/files/price_statistics/weekly_spi_nb/spi_annex_30012020.pdf,https://web.archive.org/web/20200921170453id_/http://www.pbs.gov.pk/sites/default/files/price_statistics/weekly_spi_nb/spi_annex_30012020.pdf,20200921170453
2020-01-30,summary,pdf,wayback,weekly_spi,https://www.pbs.gov.pk/sites/default/files/price_statistics/weekly_spi/spi_report_%2030012020.pdf,https://web.archive.org/web/20220817121645id_/https://www.pbs.gov.pk/sites/default/files/price_statistics/weekly_spi/spi_report_%2030012020.pdf,20220817121645
2020-01-30,summary,pdf,wayback,weekly_spi,http://www.pbs.gov.pk/sites/default/files/price_statistics/weekly_spi_nb/spi_report_%2030012020.pdf,https://web.archive.org/web/20200921155007id_/http://www.pbs.gov.pk/sites/default/files/price_statistics/weekly_spi_nb/spi_report_%2030012020.pdf,20200921155007
2020-01-30,summary,pdf,wayback,weekly_spi_nb,http://www.pbs.gov.pk/sites/default/files/price_statistics/weekly_spi_nb/spi_report_%2030012020.pdf,https://web.archive.org/web/20200921155007id_/http://www.pbs.gov.pk/sites/default/files/price_statistics/weekly_spi_nb/spi_report_%2030012020.pdf,20200921155007
2020-02-06,annex,pdf,wayback,weekly_spi,https://www.pbs.gov.pk/sites/default/files/price_statistics/weekly_spi/spi_annex_06022020.pdf,https://web.archive.org/web/20220817121634id_/https://www.pbs.gov.pk/sites/default/files/price_statistics/weekly_spi/spi_annex_06022020.pdf,20220817121634
2020-02-06,annex,pdf,wayback,weekly_spi,http://www.pbs.gov.pk/sites/default/files/price_statistics/weekly_spi_nb/spi_annex_06022020.pdf,https://web.archive.org/web/20200921164921id_/http://www.pbs.gov.pk/sites/default/files/price_statistics/weekly_spi_nb/spi_annex_06022020.pdf,20200921164921
2020-02-06,annex,pdf,wayback,weekly_spi_nb,http://www.pbs.gov.pk/sites/default/files/price_statistics/weekly_spi_nb/spi_annex_06022020.pdf,https://web.archive.org/web/20200921164921id_/http://www.pbs.gov.pk/sites/default/files/price_statistics/weekly_spi_nb/spi_annex_06022020.pdf,20200921164921
2020-02-06,summary,pdf,wayback,weekly_spi,https://www.pbs.gov.pk/sites/default/files/price_statistics/weekly_spi/spi_report_06022020.pdf,https://web.archive.org/web/20220817121638id_/https://www.pbs.gov.pk/sites/default/files/price_statistics/weekly_spi/spi_report_06022020.pdf,20220817121638
2020-02-06,summary,pdf,wayback,weekly_spi,http://www.pbs.gov.pk/sites/default/files/price_statistics/weekly_spi_nb/spi_report_06022020.pdf,https://web.archive.org/web/20200921170912id_/http://www.pbs.gov.pk/sites/default/files/price_statistics/weekly_spi_nb/spi_report_06022020.pdf,20200921170912
2020-02-06,summary,pdf,wayback,weekly_spi_nb,http://www.pbs.gov.pk/sites/default/files/price_statistics/weekly_spi_nb/spi_report_06022020.pdf,https://web.archive.org/web/20200921170912id_/http://www.pbs.gov.pk/sites/default/files/price_statistics/weekly_spi_nb/spi_report_06022020.pdf,20200921170912
2020-02-13,annex,pdf,wayback,weekly_spi,https://www.pbs.gov.pk/sites/default/files/price_statistics/weekly_spi/spi_annex_13022020.pdf,https://web.archive.org/web/20220817121627id_/https://www.pbs.gov.pk/sites/default/files/price_statistics/weekly_spi/spi_annex_13022020.pdf,20220817121627
2020-02-13,annex,pdf,wayback,weekly_spi,http://www.pbs.gov.pk/sites/default/files//price_statistics/weekly_spi_nb/spi_annex_13022020.pdf,https://web.archive.org/web/20200511003554id_/http://www.pbs.gov.pk/sites/default/files//price_statistics/weekly_spi_nb/spi_annex_13022020.pdf,20200511003554
2020-02-13,annex,pdf,wayback,weekly_spi_nb,http://www.pbs.gov.pk/sites/default/files//price_statistics/weekly_spi_nb/spi_annex_13022020.pdf,https://web.archive.org/web/20200511003554id_/http://www.pbs.gov.pk/sites/default/files//price_statistics/weekly_spi_nb/spi_annex_13022020.pdf,20200511003554
2020-02-13,summary,pdf,wayback,weekly_spi,https://www.pbs.gov.pk/sites/default/files/price_statistics/weekly_spi/spi_report_13022020.pdf,https://web.archive.org/web/20220817121631id_/https://www.pbs.gov.pk/sites/default/files/price_statistics/weekly_spi/spi_report_13022020.pdf,20220817121631
2020-02-13,summary,pdf,wayback,weekly_spi,http://www.pbs.gov.pk/sites/default/files//price_statistics/weekly_spi_nb/spi_report_13022020.pdf,https://web.archive.org/web/20200510194650id_/http://www.pbs.gov.pk/sites/default/files//price_statistics/weekly_spi_nb/spi_report_13022020.pdf,20200510194650
2020-02-13,summary,pdf,wayback,weekly_spi_nb,http://www.pbs.gov.pk/sites/default/files//price_statistics/weekly_spi_nb/spi_report_13022020.pdf,https://web.archive.org/web/20200510194650id_/http://www.pbs.gov.pk/sites/default/files//price_statistics/weekly_spi_nb/spi_report_13022020.pdf,20200510194650
2020-02-20,annex,pdf,wayback,weekly_spi,https://www.pbs.gov.pk/sites/default/files/price_statistics/weekly_spi/SPI_annex_20022020.pdf,https://web.archive.org/web/20220817121620id_/https://www.pbs.gov.pk/sites/default/files/price_statistics/weekly_spi/SPI_annex_20022020.pdf,20220817121620
2020-02-20,annex,pdf,wayback,weekly_spi,http://www.pbs.gov.pk/sites/default/files//price_statistics/weekly_spi_nb/SPI_annex_20022020.pdf,https://web.archive.org/web/20200511070312id_/http://www.pbs.gov.pk/sites/default/files//price_statistics/weekly_spi_nb/SPI_annex_20022020.pdf,20200511070312
2020-02-20,annex,pdf,wayback,weekly_spi_nb,http://www.pbs.gov.pk/sites/default/files//price_statistics/weekly_spi_nb/SPI_annex_20022020.pdf,https://web.archive.org/web/20200511070312id_/http://www.pbs.gov.pk/sites/default/files//price_statistics/weekly_spi_nb/SPI_annex_20022020.pdf,20200511070312
2020-02-20,summary,pdf,wayback,weekly_spi,https://www.pbs.gov.pk/sites/default/files/price_statistics/weekly_spi/SPI_report_20022020.pdf,https://web.archive.org/web/20220817121624id_/https://www.pbs.gov.pk/sites/default/files/price_statistics/weekly_spi/SPI_report_20022020.pdf,20220817121624
2020-02-20,summary,pdf,wayback,weekly_spi,http://www.pbs.gov.pk/sites/default/files//price_statistics/weekly_spi_nb/SPI_Report_20022020.pdf,https://web.archive.org/web/20200510203024id_/http://www.pbs.gov.pk/sites/default/files//price_statistics/weekly_spi_nb/SPI_Report_20022020.pdf,20200510203024
2020-02-20,summary,pdf,wayback,weekly_spi_nb,http://www.pbs.gov.pk/sites/default/files//price_statistics/weekly_spi_nb/SPI_Report_20022020.pdf,https://web.archive.org/web/20200510203024id_/http://www.pbs.gov.pk/sites/default/files//price_statistics/weekly_spi_nb/SPI_Report_20022020.pdf,20200510203024
2020-02-27,annex,pdf,wayback,weekly_spi,https://www.pbs.gov.pk/sites/default/files/price_statistics/weekly_spi/Spi_annex_%2027022020.pdf,https://web.archive.org/web/20220817121612id_/https://www.pbs.gov.pk/sites/default/files/price_statistics/weekly_spi/Spi_annex_%2027022020.pdf,20220817121612
2020-02-27,annex,pdf,wayback,weekly_spi,http://www.pbs.gov.pk:80/sites/default/files/price_statistics/weekly_spi_nb/Spi_annex_%2027022020.pdf,https://web.archive.org/web/20200331135944id_/http://www.pbs.gov.pk:80/sites/default/files/price_statistics/weekly_spi_nb/Spi_annex_%2027022020.pdf,20200331135944
2020-02-27,annex,pdf,wayback,weekly_spi_nb,http://www.pbs.gov.pk:80/sites/default/files/price_statistics/weekly_spi_nb/Spi_annex_%2027022020.pdf,https://web.archive.org/web/20200331135944id_/http://www.pbs.gov.pk:80/sites/default/files/price_statistics/weekly_spi_nb/Spi_annex_%2027022020.pdf,20200331135944
2020-02-27,summary,pdf,wayback,weekly_spi,https://www.pbs.gov.pk/sites/default/files/price_statistics/weekly_spi/Spi_report_27022020.pdf,https://web.archive.org/web/20220817121617id_/https://www.pbs.gov.pk/sites/default/files/price_statistics/weekly_spi/Spi_report_27022020.pdf,20220817121617
2020-02-27,summary,pdf,wayback,weekly_spi,http://www.pbs.gov.pk:80/sites/default/files/price_statistics/weekly_spi_nb/Spi_report_27022020.pdf,https://web.archive.org/web/20200331135947id_/http://www.pbs.gov.pk:80/sites/default/files/price_statistics/weekly_spi_nb/Spi_report_27022020.pdf,20200331135947
2020-02-27,summary,pdf,wayback,weekly_spi_nb,http://www.pbs.gov.pk:80/sites/default/files/price_statistics/weekly_spi_nb/Spi_report_27022020.pdf,https://web.archive.org/web/20200331135947id_/http://www.pbs.gov.pk:80/sites/default/files/price_statistics/weekly_spi_nb/Spi_report_27022020.pdf,20200331135947
2020-03-05,annex,pdf,wayback,weekly_spi,https://www.pbs.gov.pk/sites/default/files/price_statistics/weekly_spi/spi_annex_05032020.pdf,https://web.archive.org/web/20220817121603id_/https://www.pbs.gov.pk/sites/default/files/price_statistics/weekly_spi/spi_annex_05032020.pdf,20220817121603
2020-03-05,annex,pdf,wayback,weekly_spi,http://www.pbs.gov.pk/sites/default/files//price_statistics/weekly_spi_nb/SPI_annex_05032020.pdf,https://web.archive.org/web/20200510234337id_/http://www.pbs.gov.pk/sites/default/files//price_statistics/weekly_spi_nb/SPI_annex_05032020.pdf,20200510234337
2020-03-05,annex,pdf,wayback,weekly_spi_nb,http://www.pbs.gov.pk/sites/default/files//price_statistics/weekly_spi_nb/SPI_annex_05032020.pdf,https://web.archive.org/web/20200510234337id_/http://www.pbs.gov.pk/sites/default/files//price_statistics/weekly_spi_nb/SPI_annex_05032020.pdf,20200510234337
2020-03-05,summary,pdf,wayback,weekly_spi,https://www.pbs.gov.pk/sites/default/files/price_statistics/weekly_spi/spi_report_05032020.pdf,https://web.archive.org/web/20220817121608id_/https://www.pbs.gov.pk/sites/default/files/price_statistics/weekly_spi/spi_report_05032020.pdf,20220817121608
2020-03-05,summary,pdf,wayback,weekly_spi,http://www.pbs.gov.pk/sites/default/files//price_statistics/weekly_spi_nb/SPI_Report_05032020_.pdf,https://web.archive.org/web/20200511000517id_/http://www.pbs.gov.pk/sites/default/files//price_statistics/weekly_spi_nb/SPI_Report_05032020_.pdf,20200511000517
2020-03-05,summary,pdf,wayback,weekly_spi_nb,http://www.pbs.gov.pk/sites/default/files//price_statistics/weekly_spi_nb/SPI_Report_05032020_.pdf,https://web.archive.org/web/20200511000517id_/http://www.pbs.gov.pk/sites/default/files//price_statistics/weekly_spi_nb/SPI_Report_05032020_.pdf,20200511000517
2020-03-12,other,pdf,wayback,weekly_spi,https://www.pbs.gov.pk/sites/default/files/price_statistics/weekly_spi/worksheet_12032020.pdf,https://web.archive.org/web/20220817121555id_/https://www.pbs.gov.pk/sites/default/files/price_statistics/weekly_spi/worksheet_12032020.pdf,20220817121555
2020-03-12,other,pdf,wayback,weekly_spi,http://www.pbs.gov.pk/sites/default/files//price_statistics/weekly_spi_nb/Worksheet%2012.03.2020.pdf,https://web.archive.org/web/20200511063819id_/http://www.pbs.gov.pk/sites/default/files//price_statistics/weekly_spi_nb/Worksheet%2012.03.2020.pdf,20200511063819
2020-03-12,other,pdf,wayback,weekly_spi_nb,http://www.pbs.gov.pk/sites/default/files//price_statistics/weekly_spi_nb/Worksheet%2012.03.2020.pdf,https://web.archive.org/web/20200511063819id_/http://www.pbs.gov.pk/sites/default/files//price_statistics/weekly_spi_nb/Worksheet%2012.03.2020.pdf,20200511063819
2020-03-12,summary,pdf,wayback,weekly_spi,https://www.pbs.gov.pk/sites/default/files/price_statistics/weekly_spi/spi_%20report_12032020.pdf,https://web.archive.org/web/20220817121600id_/https://www.pbs.gov.pk/sites/default/files/price_statistics/weekly_spi/spi_%20report_12032020.pdf,20220817121600
2020-03-12,summary,pdf,wayback,weekly_spi,http://www.pbs.gov.pk/sites/default/files//price_statistics/weekly_spi_nb/SPI%20Report%2012.03.2020.pdf,https://web.archive.org/web/20200510194634id_/http://www.pbs.gov.pk/sites/default/files//price_statistics/weekly_spi_nb/SPI%20Report%2012.03.2020.pdf,20200510194634
2020-03-12,summary,pdf,wayback,weekly_spi_nb,http://www.pbs.gov.pk/sites/default/files//price_statistics/weekly_spi_nb/SPI%20Report%2012.03.2020.pdf,https://web.archive.org/web/20200510194634id_/http://www.pbs.gov.pk/sites/default/files//price_statistics/weekly_spi_nb/SPI%20Report%2012.03.2020.pdf,20200510194634
2020-03-19,annex,pdf,wayback,weekly_spi,https://www.pbs.gov.pk/sites/default/files/price_statistics/weekly_spi/spi_annex_19032020_0.pdf,https://web.archive.org/web/20220817121546id_/https://www.pbs.gov.pk/sites/default/files/price_statistics/weekly_spi/spi_annex_19032020_0.pdf,20220817121546
2020-03-19,annex,pdf,wayback,weekly_spi,http://www.pbs.gov.pk/sites/default/files//price_statistics/weekly_spi_nb/spi_annex_19032020.pdf,https://web.archive.org/web/20200510204237id_/http://www.pbs.gov.pk/sites/default/files//price_statistics/weekly_spi_nb/spi_annex_19032020.pdf,20200510204237
2020-03-19,annex,pdf,wayback,weekly_spi_nb,http://www.pbs.gov.pk/sites/default/files//price_statistics/weekly_spi_nb/spi_annex_19032020.pdf,https://web.archive.org/web/20200510204237id_/http://www.pbs.gov.pk/sites/default/files//price_statistics/weekly_spi_nb/spi_annex_19032020.pdf,20200510204237
2020-03-19,summary,pdf,wayback,weekly_spi,https://www.pbs.gov.pk/sites/default/files/price_statistics/weekly_spi/spi_report_19032020_0.pdf,https://web.archive.org/web/20220817121550id_/https://www.pbs.gov.pk/sites/default/files/price_statistics/weekly_spi/spi_report_19032020_0.pdf,20220817121550
2020-03-19,summary,pdf,wayback,weekly_spi,http://www.pbs.gov.pk/sites/default/files//price_statistics/weekly_spi_nb/spi_report_19032020.pdf,https://web.archive.org/web/20200511021726id_/http://www.pbs.gov.pk/sites/default/files//price_statistics/weekly_spi_nb/spi_report_19032020.pdf,20200511021726
2020-03-19,summary,pdf,wayback,weekly_spi_nb,http://www.pbs.gov.pk/sites/default/files//price_statistics/weekly_spi_nb/spi_report_19032020.pdf,https://web.archive.org/web/20200511021726id_/http://www.pbs.gov.pk/sites/default/files//price_statistics/weekly_spi_nb/spi_report_19032020.pdf,20200511021726
2020-03-26,annex,pdf,wayback,weekly_spi,https://www.pbs.gov.pk/sites/default/files/price_statistics/weekly_spi/spi_annex_26032020.pdf,https://web.archive.org/web/20220817121539id_/https://www.pbs.gov.pk/sites/default/files/price_statistics/weekly_spi/spi_annex_26032020.pdf,20220817121539
2020-03-26,annex,pdf,wayback,weekly_spi,http://www.pbs.gov.pk/sites/default/files//price_statistics/weekly_spi_nb/SPI_annex_26032020.pdf,https://web.archive.org/web/20200511075302id_/http://www.pbs.gov.pk/sites/default/files//price_statistics/weekly_spi_nb/SPI_annex_26032020.pdf,20200511075302
2020-03-26,annex,pdf,wayback,weekly_spi_nb,http://www.pbs.gov.pk/sites/default/files//price_statistics/weekly_spi_nb/SPI_annex_26032020.pdf,https://web.archive.org/web/20200511075302id_/http://www.pbs.gov.pk/sites/default/files//price_statistics/weekly_spi_nb/SPI_annex_26032020.pdf,20200511075302
2020-03-26,summary,pdf,wayback,weekly_spi,https://www.pbs.gov.pk/sites/default/files/price_statistics/weekly_spi/spi_report_26032020.pdf,https://web.archive.org/web/20220817121543id_/https://www.pbs.gov.pk/sites/default/files/price_statistics/weekly_spi/spi_report_26032020.pdf,20220817121543
2020-03-26,summary,pdf,wayback,weekly_spi,http://www.pbs.gov.pk:80/sites/default/files/price_statistics/weekly_spi_nb/SPI_report_26032020.pdf,https://web.archive.org/web/20200331135938id_/http://www.pbs.gov.pk:80/sites/default/files/price_statistics/weekly_spi_nb/SPI_report_26032020.pdf,20200331135938
2020-03-26,summary,pdf,wayback,weekly_spi_nb,http://www.pbs.gov.pk:80/sites/default/files/price_statistics/weekly_spi_nb/SPI_report_26032020.pdf,https://web.archive.org/web/20200331135938id_/http://www.pbs.gov.pk:80/sites/default/files/price_statistics/weekly_spi_nb/SPI_report_26032020.pdf,20200331135938
2020-04-02,annex,pdf,wayback,weekly_spi,https://www.pbs.gov.pk/sites/default/files/price_statistics/weekly_spi/spi_annex_02042020.pdf,https://web.archive.org/web/20220817121531id_/https://www.pbs.gov.pk/sites/default/files/price_statistics/weekly_spi/spi_annex_02042020.pdf,20220817121531
2020-04-02,annex,pdf,wayback,weekly_spi,http://www.pbs.gov.pk/sites/default/files//price_statistics/weekly_spi_nb/SPI_annex_02042020.pdf,https://web.archive.org/web/20200511022858id_/http://www.pbs.gov.pk/sites/default/files//price_statistics/weekly_spi_nb/SPI_annex_02042020.pdf,20200511022858
2020-04-02,annex,pdf,wayback,weekly_spi_nb,http://www.pbs.gov.pk/sites/default/files//price_statistics/weekly_spi_nb/SPI_annex_02042020.pdf,https://web.archive.org/web/20200511022858id_/http://www.pbs.gov.pk/sites/default/files//price_statistics/weekly_spi_nb/SPI_annex_02042020.pdf,20200511022858
2020-04-02,summary,pdf,wayback,weekly_spi,https://www.pbs.gov.pk/sites/default/files/price_statistics/weekly_spi/spi_report_0204202.pdf,https://web.archive.org/web/20220817121535id_/https://www.pbs.gov.pk/sites/default/files/price_statistics/weekly_spi/spi_report_0204202.pdf,20220817121535
2020-04-02,summary,pdf,wayback,weekly_spi,http://www.pbs.gov.pk/sites/default/files//price_statistics/weekly_spi_nb/SPI_report_0204202.pdf,https://web.archive.org/web/20200511021043id_/http://www.pbs.gov.pk/sites/default/files//price_statistics/weekly_spi_nb/SPI_report_0204202.pdf,20200511021043
2020-04-02,summary,pdf,wayback,weekly_spi_nb,http://www.pbs.gov.pk/sites/default/files//price_statistics/weekly_spi_nb/SPI_report_0204202.pdf,https://web.archive.org/web/20200511021043id_/http://www.pbs.gov.pk/sites/default/files//price_statistics/weekly_spi_nb/SPI_report_0204202.pdf,20200511021043
2020-04-09,annex,pdf,wayback,weekly_spi,https://www.pbs.gov.pk/sites/default/files/price_statistics/weekly_spi/spi_annex_09042020.pdf,https://web.archive.org/web/20220728200207id_/https://www.pbs.gov.pk/sites/default/files/price_statistics/weekly_spi/spi_annex_09042020.pdf,20220728200207
2020-04-09,annex,pdf,wayback,weekly_spi,http://www.pbs.gov.pk/sites/default/files//price_statistics/weekly_spi_nb/SPI_annex_09042020.pdf,https://web.archive.org/web/20200510231618id_/http://www.pbs.gov.pk/sites/default/files//price_statistics/weekly_spi_nb/SPI_annex_09042020.pdf,20200510231618
2020-04-09,annex,pdf,wayback,weekly_spi_nb,http://www.pbs.gov.pk/sites/default/files//price_statistics/weekly_spi_nb/SPI_annex_09042020.pdf,https://web.archive.org/web/20200510231618id_/http://www.pbs.gov.pk/sites/default/files//price_statistics/weekly_spi_nb/SPI_annex_09042020.pdf,20200510231618
2020-04-09,summary,pdf,wayback,weekly_spi,https://www.pbs.gov.pk/sites/default/files/price_statistics/weekly_spi/spi_report_09042020.pdf,https://web.archive.org/web/20220728200213id_/https://www.pbs.gov.pk/sites/default/files/price_statistics/weekly_spi/spi_report_09042020.pdf,20220728200213
2020-04-09,summary,pdf,wayback,weekly_spi,http://www.pbs.gov.pk/sites/default/files//price_statistics/weekly_spi_nb/SPI_report_09042020.pdf,https://web.archive.org/web/20200511051039id_/http://www.pbs.gov.pk/sites/default/files//price_statistics/weekly_spi_nb/SPI_report_09042020.pdf,20200511051039
2020-04-09,summary,pdf,wayback,weekly_spi_nb,http://www.pbs.gov.pk/sites/default/files//price_statistics/weekly_spi_nb/SPI_report_09042020.pdf,https://web.archive.org/web/20200511051039id_/http://www.pbs.gov.pk/sites/default/files//price_statistics/weekly_spi_nb/SPI_report_09042020.pdf,20200511051039
2020-04-16,annex,pdf,wayback,weekly_spi,https://www.pbs.gov.pk/sites/default/files/price_statistics/weekly_spi/spi_annex_16042020.pdf,https://web.archive.org/web/20220817121515id_/https://www.pbs.gov.pk/sites/default/files/price_statistics/weekly_spi/spi_annex_16042020.pdf,20220817121515
2020-04-16,annex,pdf,wayback,weekly_spi,http://www.pbs.gov.pk/sites/default/files//price_statistics/weekly_spi_nb/SPI_annex_16042020.pdf,https://web.archive.org/web/20200510215649id_/http://www.pbs.gov.pk/sites/default/files//price_statistics/weekly_spi_nb/SPI_annex_16042020.pdf,20200510215649
2020-04-16,annex,pdf,wayback,weekly_spi_nb,http://www.pbs.gov.pk/sites/default/files//price_statistics/weekly_spi_nb/SPI_annex_16042020.pdf,https://web.archive.org/web/20200510215649id_/http://www.pbs.gov.pk/sites/default/files//price_statistics/weekly_spi_nb/SPI_annex_16042020.pdf,20200510215649
2020-04-16,summary,pdf,wayback,weekly_spi,https://www.pbs.gov.pk/sites/default/files/price_statistics/weekly_spi/spi_report_16042020.pdf,https://web.archive.org/web/20220817121519id_/https://www.pbs.gov.pk/sites/default/files/price_statistics/weekly_spi/spi_report_16042020.pdf,20220817121519
2020-04-16,summary,pdf,wayback,weekly_spi,http://www.pbs.gov.pk/sites/default/files//price_statistics/weekly_spi_nb/SPI_report_16042020.pdf,https://web.archive.org/web/20200511025325id_/http://www.pbs.gov.pk/sites/default/files//price_statistics/weekly_spi_nb/SPI_report_16042020.pdf,20200511025325
2020-04-16,summary,pdf,wayback,weekly_spi_nb,http://www.pbs.gov.pk/sites/default/files//price_statistics/weekly_spi_nb/SPI_report_16042020.pdf,https://web.archive.org/web/20200511025325id_/http://www.pbs.gov.pk/sites/default/files//price_statistics/weekly_spi_nb/SPI_report_16042020.pdf,20200511025325
2020-04-23,annex,pdf,wayback,weekly_spi,https://www.pbs.gov.pk/sites/default/files/price_statistics/weekly_spi/spi_annex_23042020.pdf,https://web.archive.org/web/20220817121506id_/https://www.pbs.gov.pk/sites/default/files/price_statistics/weekly_spi/spi_annex_23042020.pdf,20220817121506
2020-04-23,annex,pdf,wayback,weekly_spi,http://www.pbs.gov.pk/sites/default/files//price_statistics/weekly_spi_nb/SPI_annex_23042020.pdf,https://web.archive.org/web/20200510192852id_/http://www.pbs.gov.pk/sites/default/files//price_statistics/weekly_spi_nb/SPI_annex_23042020.pdf,20200510192852
2020-04-23,annex,pdf,wayback,weekly_spi_nb,http://www.pbs.gov.pk/sites/default/files//price_statistics/weekly_spi_nb/SPI_annex_23042020.pdf,https://web.archive.org/web/20200510192852id_/http://www.pbs.gov.pk/sites/default/files//price_statistics/weekly_spi_nb/SPI_annex_23042020.pdf,20200510192852
2020-04-23,summary,pdf,wayback,weekly_spi,https://www.pbs.gov.pk/sites/default/files/price_statistics/weekly_spi/spi_report_23042020.pdf,https://web.archive.org/web/20220817121511id_/https://www.pbs.gov.pk/sites/default/files/price_statistics/weekly_spi/spi_report_23042020.pdf,20220817121511
2020-04-23,summary,pdf,wayback,weekly_spi,http://www.pbs.gov.pk/sites/default/files//price_statistics/weekly_spi_nb/SPI_report_23042020.pdf,https://web.archive.org/web/20200510194611id_/http://www.pbs.gov.pk/sites/default/files//price_statistics/weekly_spi_nb/SPI_report_23042020.pdf,20200510194611
2020-04-23,summary,pdf,wayback,weekly_spi_nb,http://www.pbs.gov.pk/sites/default/files//price_statistics/weekly_spi_nb/SPI_report_23042020.pdf,https://web.archive.org/web/20200510194611id_/http://www.pbs.gov.pk/sites/default/files//price_statistics/weekly_spi_nb/SPI_report_23042020.pdf,20200510194611
2020-04-28,annex,pdf,wayback,weekly_spi,https://www.pbs.gov.pk/sites/default/files/price_statistics/weekly_spi/spi_annex_2804202.pdf,https://web.archive.org/web/20220619064444id_/https://www.pbs.gov.pk/sites/default/files/price_statistics/weekly_spi/spi_annex_2804202.pdf,20220619064444
2020-04-30,annex,pdf,wayback,weekly_spi,https://www.pbs.gov.pk/sites/default/files/price_statistics/weekly_spi/spi_annex_30042020.pdf,https://web.archive.org/web/20220817121523id_/https://www.pbs.gov.pk/sites/default/files/price_statistics/weekly_spi/spi_annex_30042020.pdf,20220817121523
2020-04-30,annex,pdf,wayback,weekly_spi,http://www.pbs.gov.pk/sites/default/files//price_statistics/weekly_spi_nb/SPI_annex_30042020.pdf,https://web.archive.org/web/20200510230354id_/http://www.pbs.gov.pk/sites/default/files//price_statistics/weekly_spi_nb/SPI_annex_30042020.pdf,20200510230354
2020-04-30,annex,pdf,wayback,weekly_spi_nb,http://www.pbs.gov.pk/sites/default/files//price_statistics/weekly_spi_nb/SPI_annex_30042020.pdf,https://web.archive.org/web/20200510230354id_/http://www.pbs.gov.pk/sites/default/files//price_statistics/weekly_spi_nb/SPI_annex_30042020.pdf,20200510230354
2020-04-30,summary,pdf,wayback,weekly_spi,https://www.pbs.gov.pk/sites/default/files/price_statistics/weekly_spi/spi_report_30042020.pdf,https://web.archive.org/web/20220817121528id_/https://www.pbs.gov.pk/sites/default/files/price_statistics/weekly_spi/spi_report_30042020.pdf,20220817121528
2020-04-30,summary,pdf,wayback,weekly_spi,http://www.pbs.gov.pk/sites/default/files//price_statistics/weekly_spi_nb/SPI_report_30042020.pdf,https://web.archive.org/web/20200511005200id_/http://www.pbs.gov.pk/sites/default/files//price_statistics/weekly_spi_nb/SPI_report_30042020.pdf,20200511005200
2020-04-30,summary,pdf,wayback,weekly_spi_nb,http://www.pbs.gov.pk/sites/default/files//price_statistics/weekly_spi_nb/SPI_report_30042020.pdf,https://web.archive.org/web/20200511005200id_/http://www.pbs.gov.pk/sites/default/files//price_statistics/weekly_spi_nb/SPI_report_30042020.pdf,20200511005200
2020-05-07,annex,pdf,wayback,weekly_spi,https://www.pbs.gov.pk/sites/default/files/price_statistics/weekly_spi/spi_annex_07052020.pdf,https://web.archive.org/web/20220817121318id_/https://www.pbs.gov.pk/sites/default/files/price_statistics/weekly_spi/spi_annex_07052020.pdf,20220817121318
2020-05-07,annex,pdf,wayback,weekly_spi,http://www.pbs.gov.pk/sites/default/files//price_statistics/weekly_spi_nb/SPI%20_annex_07052020.pdf,https://web.archive.org/web/20201116072130id_/http://www.pbs.gov.pk/sites/default/files//price_statistics/weekly_spi_nb/SPI%20_annex_07052020.pdf,20201116072130
2020-05-07,annex,pdf,wayback,weekly_spi_nb,http://www.pbs.gov.pk/sites/default/files//price_statistics/weekly_spi_nb/SPI%20_annex_07052020.pdf,https://web.archive.org/web/20201116072130id_/http://www.pbs.gov.pk/sites/default/files//price_statistics/weekly_spi_nb/SPI%20_annex_07052020.pdf,20201116072130
2020-05-07,summary,pdf,wayback,weekly_spi,https://www.pbs.gov.pk/sites/default/files/price_statistics/weekly_spi/spi_report_07052020.pdf,https://web.archive.org/web/20220817121322id_/https://www.pbs.gov.pk/sites/default/files/price_statistics/weekly_spi/spi_report_07052020.pdf,20220817121322
2020-05-07,summary,pdf,wayback,weekly_spi,http://www.pbs.gov.pk/sites/default/files//price_statistics/weekly_spi_nb/SPI_report_07052020.pdf,https://web.archive.org/web/20201116072059id_/http://www.pbs.gov.pk/sites/default/files//price_statistics/weekly_spi_nb/SPI_report_07052020.pdf,20201116072059
2020-05-07,summary,pdf,wayback,weekly_spi_nb,http://www.pbs.gov.pk/sites/default/files//price_statistics/weekly_spi_nb/SPI_report_07052020.pdf,https://web.archive.org/web/20201116072059id_/http://www.pbs.gov.pk/sites/default/files//price_statistics/weekly_spi_nb/SPI_report_07052020.pdf,20201116072059
2020-05-14,annex,pdf,wayback,weekly_spi,https://www.pbs.gov.pk/sites/default/files/price_statistics/weekly_spi/spi_annex_14052020.pdf,https://web.archive.org/web/20220817121457id_/https://www.pbs.gov.pk/sites/default/files/price_statistics/weekly_spi/spi_annex_14052020.pdf,20220817121457
2020-05-14,annex,pdf,wayback,weekly_spi,http://www.pbs.gov.pk/sites/default/files//price_statistics/weekly_spi_nb/SPI_Annex_14052020.pdf,https://web.archive.org/web/20201116072030id_/http://www.pbs.gov.pk/sites/default/files//price_statistics/weekly_spi_nb/SPI_Annex_14052020.pdf,20201116072030
2020-05-14,annex,pdf,wayback,weekly_spi_nb,http://www.pbs.gov.pk/sites/default/files//price_statistics/weekly_spi_nb/SPI_Annex_14052020.pdf,https://web.archive.org/web/20201116072030id_/http://www.pbs.gov.pk/sites/default/files//price_statistics/weekly_spi_nb/SPI_Annex_14052020.pdf,20201116072030
2020-05-14,summary,pdf,wayback,weekly_spi,https://www.pbs.gov.pk/sites/default/files/price_statistics/weekly_spi/spi_report_14052020.pdf,https://web.archive.org/web/20220817121502id_/https://www.pbs.gov.pk/sites/default/files/price_statistics/weekly_spi/spi_report_14052020.pdf,20220817121502
2020-05-14,summary,pdf,wayback,weekly_spi,http://www.pbs.gov.pk/sites/default/files//price_statistics/weekly_spi_nb/SPI_Report_14052020.pdf,https://web.archive.org/web/20201116072007id_/http://www.pbs.gov.pk/sites/default/files//price_statistics/weekly_spi_nb/SPI_Report_14052020.pdf,20201116072007
2020-05-14,summary,pdf,wayback,weekly_spi_nb,http://www.pbs.gov.pk/sites/default/files//price_statistics/weekly_spi_nb/SPI_Report_14052020.pdf,https://web.archive.org/web/20201116072007id_/http://www.pbs.gov.pk/sites/default/files//price_statistics/weekly_spi_nb/SPI_Report_14052020.pdf,20201116072007
2020-05-20,annex,pdf,wayback,weekly_spi,https://www.pbs.gov.pk/sites/default/files/price_statistics/weekly_spi/spi_annex_2005202.pdf,https://web.archive.org/web/20220728093955id_/https://www.pbs.gov.pk/sites/default/files/price_statistics/weekly_spi/spi_annex_2005202.pdf,20220728093955
2020-05-20,annex,pdf,wayback,weekly_spi,https://www.pbs.gov.pk/sites/default/files//price_statistics/weekly_spi_nb/spi_annex_2005202.pdf,https://web.archive.org/web/20210930131057id_/https://www.pbs.gov.pk/sites/default/files//price_statistics/weekly_spi_nb/spi_annex_2005202.pdf,20210930131057
2020-05-20,annex,pdf,wayback,weekly_spi_nb,https://www.pbs.gov.pk/sites/default/files//price_statistics/weekly_spi_nb/spi_annex_2005202.pdf,https://web.archive.org/web/20210930131057id_/https://www.pbs.gov.pk/sites/default/files//price_statistics/weekly_spi_nb/spi_annex_2005202.pdf,20210930131057
2020-05-21,annex,pdf,wayback,weekly_spi,https://www.pbs.gov.pk/sites/default/files/price_statistics/weekly_spi/spi_annex_%2021052020.pdf,https://web.archive.org/web/20220817121449id_/https://www.pbs.gov.pk/sites/default/files/price_statistics/weekly_spi/spi_annex_%2021052020.pdf,20220817121449
2020-05-21,annex,pdf,wayback,weekly_spi,http://www.pbs.gov.pk/sites/default/files//price_statistics/weekly_spi_nb/SPI_annex_%2021052020_0.pdf,https://web.archive.org/web/20201116071949id_/http://www.pbs.gov.pk/sites/default/files//price_statistics/weekly_spi_nb/SPI_annex_%2021052020_0.pdf,20201116071949
2020-05-21,annex,pdf,wayback,weekly_spi_nb,http://www.pbs.gov.pk/sites/default/files//price_statistics/weekly_spi_nb/SPI_annex_%2021052020_0.pdf,https://web.archive.org/web/20201116071949id_/http://www.pbs.gov.pk/sites/default/files//price_statistics/weekly_spi_nb/SPI_annex_%2021052020_0.pdf,20201116071949
2020-05-21,summary,pdf,wayback,weekly_spi,https://www.pbs.gov.pk/sites/default/files/price_statistics/weekly_spi/spi_report%20_21052020.pdf,https://web.archive.org/web/20220817121453id_/https://www.pbs.gov.pk/sites/default/files/price_statistics/weekly_spi/spi_report%20_21052020.pdf,20220817121453
2020-05-21,summary,pdf,wayback,weekly_spi,http://www.pbs.gov.pk/sites/default/files//price_statistics/weekly_spi_nb/SPI_Report%2021052020.pdf,https://web.archive.org/web/20201116071933id_/http://www.pbs.gov.pk/sites/default/files//price_statistics/weekly_spi_nb/SPI_Report%2021052020.pdf,20201116071933
2020-05-21,summary,pdf,wayback,weekly_spi_nb,http://www.pbs.gov.pk/sites/default/files//price_statistics/weekly_spi_nb/SPI_Report%2021052020.pdf,https://web.archive.org/web/20201116071933id_/http://www.pbs.gov.pk/sites/default/files//price_statistics/weekly_spi_nb/SPI_Report%2021052020.pdf,20201116071933
2020-05-28,annex,pdf,wayback,weekly_spi,https://www.pbs.gov.pk/sites/default/files/price_statistics/weekly_spi/spi_annex_28052020.pdf,https://web.archive.org/web/20220817121441id_/https://www.pbs.gov.pk/sites/default/files/price_statistics/weekly_spi/spi_annex_28052020.pdf,20220817121441
2020-05-28,annex,pdf,wayback,weekly_spi,http://www.pbs.gov.pk/sites/default/files//price_statistics/weekly_spi_nb/SPI_annex_28052020.pdf,https://web.archive.org/web/20201116071917id_/http://www.pbs.gov.pk/sites/default/files//price_statistics/weekly_spi_nb/SPI_annex_28052020.pdf,20201116071917
2020-05-28,annex,pdf,wayback,weekly_spi_nb,http://www.pbs.gov.pk/sites/default/files//price_statistics/weekly_spi_nb/SPI_annex_28052020.pdf,https://web.archive.org/web/20201116071917id_/http://www.pbs.gov.pk/sites/default/files//price_statistics/weekly_spi_nb/SPI_annex_28052020.pdf,20201116071917
2020-05-28,summary,pdf,wayback,weekly_spi,https://www.pbs.gov.pk/sites/default/files/price_statistics/weekly_spi/spi_report%20_28052020.pdf,https://web.archive.org/web/20220817121445id_/https://www.pbs.gov.pk/sites/default/files/price_statistics/weekly_spi/spi_report%20_28052020.pdf,20220817121445
2020-05-28,summary,pdf,wayback,weekly_spi,http://www.pbs.gov.pk/sites/default/files//price_statistics/weekly_spi_nb/SPI%20Report%2028-05-2020.pdf,https://web.archive.org/web/20201116071900id_/http://www.pbs.gov.pk/sites/default/files//price_statistics/weekly_spi_nb/SPI%20Report%2028-05-2020.pdf,20201116071900
2020-05-28,summary,pdf,wayback,weekly_spi_nb,http://www.pbs.gov.pk/sites/default/files//price_statistics/weekly_spi_nb/SPI%20Report%2028-05-2020.pdf,https://web.archive.org/web/20201116071900id_/http://www.pbs.gov.pk/sites/default/files//price_statistics/weekly_spi_nb/SPI%20Report%2028-05-2020.pdf,20201116071900
2020-06-04,annex,pdf,wayback,weekly_spi,https://www.pbs.gov.pk/sites/default/files/price_statistics/weekly_spi/spi_annex_04062020%20.pdf,https://web.archive.org/web/20220817121434id_/https://www.pbs.gov.pk/sites/default/files/price_statistics/weekly_spi/spi_annex_04062020%20.pdf,20220817121434
2020-06-04,annex,pdf,wayback,weekly_spi,http://www.pbs.gov.pk/sites/default/files//price_statistics/weekly_spi_nb/spi_annex_04062020%20.pdf,https://web.archive.org/web/20201116071833id_/http://www.pbs.gov.pk/sites/default/files//price_statistics/weekly_spi_nb/spi_annex_04062020%20.pdf,20201116071833
2020-06-04,annex,pdf,wayback,weekly_spi_nb,http://www.pbs.gov.pk/sites/default/files//price_statistics/weekly_spi_nb/spi_annex_04062020%20.pdf,https://web.archive.org/web/20201116071833id_/http://www.pbs.gov.pk/sites/default/files//price_statistics/weekly_spi_nb/spi_annex_04062020%20.pdf,20201116071833
2020-06-04,summary,pdf,wayback,weekly_spi,https://www.pbs.gov.pk/sites/default/files/price_statistics/weekly_spi/spi_report_%2004062020.pdf,https://web.archive.org/web/20220817121438id_/https://www.pbs.gov.pk/sites/default/files/price_statistics/weekly_spi/spi_report_%2004062020.pdf,20220817121438
2020-06-04,summary,pdf,wayback,weekly_spi,http://www.pbs.gov.pk/sites/default/files//price_statistics/weekly_spi_nb/spi_report_%2004062020.pdf,https://web.archive.org/web/20201116071757id_/http://www.pbs.gov.pk/sites/default/files//price_statistics/weekly_spi_nb/spi_report_%2004062020.pdf,20201116071757
2020-06-04,summary,pdf,wayback,weekly_spi_nb,http://www.pbs.gov.pk/sites/default/files//price_statistics/weekly_spi_nb/spi_report_%2004062020.pdf,https://web.archive.org/web/20201116071757id_/http://www.pbs.gov.pk/sites/default/files//price_statistics/weekly_spi_nb/spi_report_%2004062020.pdf,20201116071757
2020-06-11,annex,pdf,wayback,weekly_spi,https://www.pbs.gov.pk/sites/default/files/price_statistics/weekly_spi/spi_annex_11062020%20.pdf,https://web.archive.org/web/20220817121425id_/https://www.pbs.gov.pk/sites/default/files/price_statistics/weekly_spi/spi_annex_11062020%20.pdf,20220817121425
2020-06-11,annex,pdf,wayback,weekly_spi,http://www.pbs.gov.pk/sites/default/files//price_statistics/weekly_spi_nb/SPI_Annex_11.06.2020%20_0.pdf,https://web.archive.org/web/20201116071738id_/http://www.pbs.gov.pk/sites/default/files//price_statistics/weekly_spi_nb/SPI_Annex_11.06.2020%20_0.pdf,20201116071738
2020-06-11,annex,pdf,wayback,weekly_spi_nb,http://www.pbs.gov.pk/sites/default/files//price_statistics/weekly_spi_nb/SPI_Annex_11.06.2020%20_0.pdf,https://web.archive.org/web/20201116071738id_/http://www.pbs.gov.pk/sites/default/files//price_statistics/weekly_spi_nb/SPI_Annex_11.06.2020%20_0.pdf,20201116071738
2020-06-11,summary,pdf,wayback,weekly_spi,https://www.pbs.gov.pk/sites/default/files/price_statistics/weekly_spi/spi_report_11062020.pdf,https://web.archive.org/web/20220817121430id_/https://www.pbs.gov.pk/sites/default/files/price_statistics/weekly_spi/spi_report_11062020.pdf,20220817121430
2020-06-11,summary,pdf,wayback,weekly_spi,http://www.pbs.gov.pk/sites/default/files//price_statistics/weekly_spi_nb/SPI_Report_11-06-2020.pdf,https://web.archive.org/web/20201116071717id_/http://www.pbs.gov.pk/sites/default/files//price_statistics/weekly_spi_nb/SPI_Report_11-06-2020.pdf,20201116071717
2020-06-11,summary,pdf,wayback,weekly_spi_nb,http://www.pbs.gov.pk/sites/default/files//price_statistics/weekly_spi_nb/SPI_Report_11-06-2020.pdf,https://web.archive.org/web/20201116071717id_/http://www.pbs.gov.pk/sites/default/files//price_statistics/weekly_spi_nb/SPI_Report_11-06-2020.pdf,20201116071717
2020-06-18,annex,pdf,wayback,weekly_spi,https://www.pbs.gov.pk/sites/default/files/price_statistics/weekly_spi/spi_annex_18062020.pdf,https://web.archive.org/web/20220817121418id_/https://www.pbs.gov.pk/sites/default/files/price_statistics/weekly_spi/spi_annex_18062020.pdf,20220817121418
2020-06-18,annex,pdf,wayback,weekly_spi,http://www.pbs.gov.pk/sites/default/files//price_statistics/weekly_spi_nb/SPI_annex_18062020.pdf,https://web.archive.org/web/20201116071646id_/http://www.pbs.gov.pk/sites/default/files//price_statistics/weekly_spi_nb/SPI_annex_18062020.pdf,20201116071646
2020-06-18,annex,pdf,wayback,weekly_spi_nb,http://www.pbs.gov.pk/sites/default/files//price_statistics/weekly_spi_nb/SPI_annex_18062020.pdf,https://web.archive.org/web/20201116071646id_/http://www.pbs.gov.pk/sites/default/files//price_statistics/weekly_spi_nb/SPI_annex_18062020.pdf,20201116071646
2020-06-18,summary,pdf,wayback,weekly_spi,https://www.pbs.gov.pk/sites/default/files/price_statistics/weekly_spi/spi_report_1806202.pdf,https://web.archive.org/web/20220817121422id_/https://www.pbs.gov.pk/sites/default/files/price_statistics/weekly_spi/spi_report_1806202.pdf,20220817121422
2020-06-18,summary,pdf,wayback,weekly_spi,http://www.pbs.gov.pk/sites/default/files//price_statistics/weekly_spi_nb/SPI_report_1806202.pdf,https://web.archive.org/web/20201116071612id_/http://www.pbs.gov.pk/sites/default/files//price_statistics/weekly_spi_nb/SPI_report_1806202.pdf,20201116071612
2020-06-18,summary,pdf,wayback,weekly_spi_nb,http://www.pbs.gov.pk/sites/default/files//price_statistics/weekly_spi_nb/SPI_report_1806202.pdf,https://web.archive.org/web/20201116071612id_/http://www.pbs.gov.pk/sites/default/files//price_statistics/weekly_spi_nb/SPI_report_1806202.pdf,20201116071612
2020-06-25,annex,pdf,wayback,weekly_spi,https://www.pbs.gov.pk/sites/default/files/price_statistics/weekly_spi/spi_annex_25062020.pdf,https://web.archive.org/web/20220817121410id_/https://www.pbs.gov.pk/sites/default/files/price_statistics/weekly_spi/spi_annex_25062020.pdf,20220817121410
2020-06-25,annex,pdf,wayback,weekly_spi,http://www.pbs.gov.pk/sites/default/files/price_statistics/weekly_spi_nb/SPI_annex_25062020.pdf,https://web.archive.org/web/20200927065907id_/http://www.pbs.gov.pk/sites/default/files/price_statistics/weekly_spi_nb/SPI_annex_25062020.pdf,20200927065907
2020-06-25,annex,pdf,wayback,weekly_spi_nb,http://www.pbs.gov.pk/sites/default/files/price_statistics/weekly_spi_nb/SPI_annex_25062020.pdf,https://web.archive.org/web/20200927065907id_/http://www.pbs.gov.pk/sites/default/files/price_statistics/weekly_spi_nb/SPI_annex_25062020.pdf,20200927065907
2020-06-25,summary,pdf,wayback,weekly_spi,https://www.pbs.gov.pk/sites/default/files/price_statistics/weekly_spi/spi_report_25062020.pdf,https://web.archive.org/web/20220817121414id_/https://www.pbs.gov.pk/sites/default/files/price_statistics/weekly_spi/spi_report_25062020.pdf,20220817121414
2020-06-25,summary,pdf,wayback,weekly_spi,http://www.pbs.gov.pk/sites/default/files/price_statistics/weekly_spi_nb/SPI_report_25062020.pdf,https://web.archive.org/web/20200927072725id_/http://www.pbs.gov.pk/sites/default/files/price_statistics/weekly_spi_nb/SPI_report_25062020.pdf,20200927072725
2020-06-25,summary,pdf,wayback,weekly_spi_nb,http://www.pbs.gov.pk/sites/default/files/price_statistics/weekly_spi_nb/SPI_report_25062020.pdf,https://web.archive.org/web/20200927072725id_/http://www.pbs.gov.pk/sites/default/files/price_statistics/weekly_spi_nb/SPI_report_25062020.pdf,20200927072725
2020-07-02,annex,pdf,wayback,weekly_spi,https://www.pbs.gov.pk/sites/default/files/price_statistics/weekly_spi/spi_annex_02072020.pdf,https://web.archive.org/web/20220817121402id_/https://www.pbs.gov.pk/sites/default/files/price_statistics/weekly_spi/spi_annex_02072020.pdf,20220817121402
2020-07-02,annex,pdf,wayback,weekly_spi,http://www.pbs.gov.pk/sites/default/files/price_statistics/weekly_spi_nb/SPI_annex_02072020.pdf,https://web.archive.org/web/20200927061245id_/http://www.pbs.gov.pk/sites/default/files/price_statistics/weekly_spi_nb/SPI_annex_02072020.pdf,20200927061245
2020-07-02,annex,pdf,wayback,weekly_spi_nb,http://www.pbs.gov.pk/sites/default/files/price_statistics/weekly_spi_nb/SPI_annex_02072020.pdf,https://web.archive.org/web/20200927061245id_/http://www.pbs.gov.pk/sites/default/files/price_statistics/weekly_spi_nb/SPI_annex_02072020.pdf,20200927061245
2020-07-02,summary,pdf,wayback,weekly_spi,https://www.pbs.gov.pk/sites/default/files/price_statistics/weekly_spi/spi_report_02072020.pdf,https://web.archive.org/web/20220817121407id_/https://www.pbs.gov.pk/sites/default/files/price_statistics/weekly_spi/spi_report_02072020.pdf,20220817121407
2020-07-02,summary,pdf,wayback,weekly_spi,http://www.pbs.gov.pk/sites/default/files/price_statistics/weekly_spi_nb/SPI_report_02072020.pdf,https://web.archive.org/web/20200927074719id_/http://www.pbs.gov.pk/sites/default/files/price_statistics/weekly_spi_nb/SPI_report_02072020.pdf,20200927074719
2020-07-02,summary,pdf,wayback,weekly_spi_nb,http://www.pbs.gov.pk/sites/default/files/price_statistics/weekly_spi_nb/SPI_report_02072020.pdf,https://web.archive.org/web/20200927074719id_/http://www.pbs.gov.pk/sites/default/files/price_statistics/weekly_spi_nb/SPI_report_02072020.pdf,20200927074719
2020-07-09,annex,pdf,wayback,weekly_spi,https://www.pbs.gov.pk/sites/default/files/price_statistics/weekly_spi/spi_annex_09072020.pdf,https://web.archive.org/web/20220817121355id_/https://www.pbs.gov.pk/sites/default/files/price_statistics/weekly_spi/spi_annex_09072020.pdf,20220817121355
2020-07-09,annex,pdf,wayback,weekly_spi,http://www.pbs.gov.pk/sites/default/files/price_statistics/weekly_spi_nb/SPI_annex_09072020.pdf,https://web.archive.org/web/20200927062318id_/http://www.pbs.gov.pk/sites/default/files/price_statistics/weekly_spi_nb/SPI_annex_09072020.pdf,20200927062318
2020-07-09,annex,pdf,wayback,weekly_spi_nb,http://www.pbs.gov.pk/sites/default/files/price_statistics/weekly_spi_nb/SPI_annex_09072020.pdf,https://web.archive.org/web/20200927062318id_/http://www.pbs.gov.pk/sites/default/files/price_statistics/weekly_spi_nb/SPI_annex_09072020.pdf,20200927062318
2020-07-09,summary,pdf,wayback,weekly_spi,https://www.pbs.gov.pk/sites/default/files/price_statistics/weekly_spi/spi_report_09072020.pdf,https://web.archive.org/web/20220817121359id_/https://www.pbs.gov.pk/sites/default/files/price_statistics/weekly_spi/spi_report_09072020.pdf,20220817121359
2020-07-09,summary,pdf,wayback,weekly_spi,http://www.pbs.gov.pk/sites/default/files/price_statistics/weekly_spi_nb/SPI_report_09072020.pdf,https://web.archive.org/web/20200927073229id_/http://www.pbs.gov.pk/sites/default/files/price_statistics/weekly_spi_nb/SPI_report_09072020.pdf,20200927073229
2020-07-09,summary,pdf,wayback,weekly_spi_nb,http://www.pbs.gov.pk/sites/default/files/price_statistics/weekly_spi_nb/SPI_report_09072020.pdf,https://web.archive.org/web/20200927073229id_/http://www.pbs.gov.pk/sites/default/files/price_statistics/weekly_spi_nb/SPI_report_09072020.pdf,20200927073229
2020-07-16,annex,pdf,wayback,weekly_spi,https://www.pbs.gov.pk/sites/default/files/price_statistics/weekly_spi/spi_annex_16072020.pdf,https://web.archive.org/web/20220817121342id_/https://www.pbs.gov.pk/sites/default/files/price_statistics/weekly_spi/spi_annex_16072020.pdf,20220817121342
2020-07-16,annex,pdf,wayback,weekly_spi,http://www.pbs.gov.pk/sites/default/files/price_statistics/weekly_spi_nb/spi_annex_16072020.pdf,https://web.archive.org/web/20200927064618id_/http://www.pbs.gov.pk/sites/default/files/price_statistics/weekly_spi_nb/spi_annex_16072020.pdf,20200927064618
2020-07-16,annex,pdf,wayback,weekly_spi_nb,http://www.pbs.gov.pk/sites/default/files/price_statistics/weekly_spi_nb/spi_annex_16072020.pdf,https://web.archive.org/web/20200927064618id_/http://www.pbs.gov.pk/sites/default/files/price_statistics/weekly_spi_nb/spi_annex_16072020.pdf,20200927064618
2020-07-16,summary,pdf,wayback,weekly_spi,https://www.pbs.gov.pk/sites/default/files/price_statistics/weekly_spi/spi_report_16072020.pdf,https://web.archive.org/web/20220817121351id_/https://www.pbs.gov.pk/sites/default/files/price_statistics/weekly_spi/spi_report_16072020.pdf,20220817121351
2020-07-16,summary,pdf,wayback,weekly_spi,http://www.pbs.gov.pk/sites/default/files/price_statistics/weekly_spi_nb/spi_report_16072020.pdf,https://web.archive.org/web/20200927072143id_/http://www.pbs.gov.pk/sites/default/files/price_statistics/weekly_spi_nb/spi_report_16072020.pdf,20200927072143
2020-07-16,summary,pdf,wayback,weekly_spi_nb,http://www.pbs.gov.pk/sites/default/files/price_statistics/weekly_spi_nb/spi_report_16072020.pdf,https://web.archive.org/web/20200927072143id_/http://www.pbs.gov.pk/sites/default/files/price_statistics/weekly_spi_nb/spi_report_16072020.pdf,20200927072143
2020-07-23,annex,pdf,wayback,weekly_spi,https://www.pbs.gov.pk/sites/default/files/price_statistics/weekly_spi/spi_annex_23072020.pdf,https://web.archive.org/web/20220817121333id_/https://www.pbs.gov.pk/sites/default/files/price_statistics/weekly_spi/spi_annex_23072020.pdf,20220817121333
2020-07-23,annex,pdf,wayback,weekly_spi,http://www.pbs.gov.pk/sites/default/files/price_statistics/weekly_spi_nb/spi_annex_23072020.pdf,https://web.archive.org/web/20200927070031id_/http://www.pbs.gov.pk/sites/default/files/price_statistics/weekly_spi_nb/spi_annex_23072020.pdf,20200927070031
2020-07-23,annex,pdf,wayback,weekly_spi_nb,http://www.pbs.gov.pk/sites/default/files/price_statistics/weekly_spi_nb/spi_annex_23072020.pdf,https://web.archive.org/web/20200927070031id_/http://www.pbs.gov.pk/sites/default/files/price_statistics/weekly_spi_nb/spi_annex_23072020.pdf,20200927070031
2020-07-23,summary,pdf,wayback,weekly_spi,https://www.pbs.gov.pk/sites/default/files/price_statistics/weekly_spi/spi_report_23072020.pdf,https://web.archive.org/web/20220817121338id_/https://www.pbs.gov.pk/sites/default/files/price_statistics/weekly_spi/spi_report_23072020.pdf,20220817121338
2020-07-23,summary,pdf,wayback,weekly_spi,http://www.pbs.gov.pk/sites/default/files/price_statistics/weekly_spi_nb/spi_report_23072020.pdf,https://web.archive.org/web/20200927070928id_/http://www.pbs.gov.pk/sites/default/files/price_statistics/weekly_spi_nb/spi_report_23072020.pdf,20200927070928
2020-07-23,summary,pdf,wayback,weekly_spi_nb,http://www.pbs.gov.pk/sites/default/files/price_statistics/weekly_spi_nb/spi_report_23072020.pdf,https://web.archive.org/web/20200927070928id_/http://www.pbs.gov.pk/sites/default/files/price_statistics/weekly_spi_nb/spi_report_23072020.pdf,20200927070928
2020-07-29,annex,pdf,wayback,weekly_spi,https://www.pbs.gov.pk/sites/default/files/price_statistics/weekly_spi/spi_annex_29072020.pdf,https://web.archive.org/web/20220817121325id_/https://www.pbs.gov.pk/sites/default/files/price_statistics/weekly_spi/spi_annex_29072020.pdf,20220817121325
2020-07-29,annex,pdf,wayback,weekly_spi,http://www.pbs.gov.pk/sites/default/files/price_statistics/weekly_spi_nb/SPI_annex_29072020.pdf,https://web.archive.org/web/20200927073353id_/http://www.pbs.gov.pk/sites/default/files/price_statistics/weekly_spi_nb/SPI_annex_29072020.pdf,20200927073353
2020-07-29,annex,pdf,wayback,weekly_spi_nb,http://www.pbs.gov.pk/sites/default/files/price_statistics/weekly_spi_nb/SPI_annex_29072020.pdf,https://web.archive.org/web/20200927073353id_/http://www.pbs.gov.pk/sites/default/files/price_statistics/weekly_spi_nb/SPI_annex_29072020.pdf,20200927073353
2020-07-29,summary,pdf,wayback,weekly_spi,https://www.pbs.gov.pk/sites/default/files/price_statistics/weekly_spi/spi_report_29072020.pdf,https://web.archive.org/web/20220817121330id_/https://www.pbs.gov.pk/sites/default/files/price_statistics/weekly_spi/spi_report_29072020.pdf,20220817121330
2020-07-29,summary,pdf,wayback,weekly_spi,http://www.pbs.gov.pk/sites/default/files/price_statistics/weekly_spi_nb/SPI_Report_29072020.pdf,https://web.archive.org/web/20200927055514id_/http://www.pbs.gov.pk/sites/default/files/price_statistics/weekly_spi_nb/SPI_Report_29072020.pdf,20200927055514
2020-07-29,summary,pdf,wayback,weekly_spi_nb,http://www.pbs.gov.pk/sites/default/files/price_statistics/weekly_spi_nb/SPI_Report_29072020.pdf,https://web.archive.org/web/20200927055514id_/http://www.pbs.gov.pk/sites/default/files/price_statistics/weekly_spi_nb/SPI_Report_29072020.pdf,20200927055514
2020-08-06,annex,pdf,wayback,weekly_spi,https://www.pbs.gov.pk/sites/default/files/price_statistics/weekly_spi/spi_annex_06082020.pdf,https://web.archive.org/web/20220728200159id_/https://www.pbs.gov.pk/sites/default/files/price_statistics/weekly_spi/spi_annex_06082020.pdf,20220728200159
2020-08-06,annex,pdf,wayback,weekly_spi,http://www.pbs.gov.pk/sites/default/files/price_statistics/weekly_spi_nb/spi_annex_06082020.pdf,https://web.archive.org/web/20200927070320id_/http://www.pbs.gov.pk/sites/default/files/price_statistics/weekly_spi_nb/spi_annex_06082020.pdf,20200927070320
2020-08-06,annex,pdf,wayback,weekly_spi_nb,http://www.pbs.gov.pk/sites/default/files/price_statistics/weekly_spi_nb/spi_annex_06082020.pdf,https://web.archive.org/web/20200927070320id_/http://www.pbs.gov.pk/sites/default/files/price_statistics/weekly_spi_nb/spi_annex_06082020.pdf,20200927070320
2020-08-06,summary,pdf,wayback,weekly_spi,https://www.pbs.gov.pk/sites/default/files/price_statistics/weekly_spi/spi_report_06082020_0.pdf,https://web.archive.org/web/20220728200203id_/https://www.pbs.gov.pk/sites/default/files/price_statistics/weekly_spi/spi_report_06082020_0.pdf,20220728200203
2020-08-06,summary,pdf,wayback,weekly_spi,http://www.pbs.gov.pk/sites/default/files/price_statistics/weekly_spi_nb/spi_report_06082020_0.pdf,https://web.archive.org/web/20200927070851id_/http://www.pbs.gov.pk/sites/default/files/price_statistics/weekly_spi_nb/spi_report_06082020_0.pdf,20200927070851
2020-08-06,summary,pdf,wayback,weekly_spi_nb,http://www.pbs.gov.pk/sites/default/files/price_statistics/weekly_spi_nb/spi_report_06082020_0.pdf,https://web.archive.org/web/20200927070851id_/http://www.pbs.gov.pk/sites/default/files/price_statistics/weekly_spi_nb/spi_report_06082020_0.pdf,20200927070851
2020-08-13,annex,pdf,wayback,weekly_spi,https://www.pbs.gov.pk/sites/default/files/price_statistics/weekly_spi/spi_annex_13082020.pdf,https://web.archive.org/web/20220817121310id_/https://www.pbs.gov.pk/sites/default/files/price_statistics/weekly_spi/spi_annex_13082020.pdf,20220817121310
2020-08-13,annex,pdf,wayback,weekly_spi,http://www.pbs.gov.pk/sites/default/files/price_statistics/weekly_spi_nb/spi_annex_13082020.pdf,https://web.archive.org/web/20200927071339id_/http://www.pbs.gov.pk/sites/default/files/price_statistics/weekly_spi_nb/spi_annex_13082020.pdf,20200927071339
2020-08-13,annex,pdf,wayback,weekly_spi_nb,http://www.pbs.gov.pk/sites/default/files/price_statistics/weekly_spi_nb/spi_annex_13082020.pdf,https://web.archive.org/web/20200927071339id_/http://www.pbs.gov.pk/sites/default/files/price_statistics/weekly_spi_nb/spi_annex_13082020.pdf,20200927071339
2020-08-13,summary,pdf,wayback,weekly_spi,https://www.pbs.gov.pk/sites/default/files/price_statistics/weekly_spi/spi_report_13082020.pdf,https://web.archive.org/web/20220817121314id_/https://www.pbs.gov.pk/sites/default/files/price_statistics/weekly_spi/spi_report_13082020.pdf,20220817121314
2020-08-13,summary,pdf,wayback,weekly_spi,http://www.pbs.gov.pk/sites/default/files/price_statistics/weekly_spi_nb/spi_report_13082020_0.pdf,https://web.archive.org/web/20200927070113id_/http://www.pbs.gov.pk/sites/default/files/price_statistics/weekly_spi_nb/spi_report_13082020_0.pdf,20200927070113
2020-08-13,summary,pdf,wayback,weekly_spi_nb,http://www.pbs.gov.pk/sites/default/files/price_statistics/weekly_spi_nb/spi_report_13082020_0.pdf,https://web.archive.org/web/20200927070113id_/http://www.pbs.gov.pk/sites/default/files/price_statistics/weekly_spi_nb/spi_report_13082020_0.pdf,20200927070113
2020-08-20,annex,pdf,wayback,weekly_spi,https://www.pbs.gov.pk/sites/default/files/price_statistics/weekly_spi/spi_annex_20082020.pdf,https://web.archive.org/web/20220817121301id_/https://www.pbs.gov.pk/sites/default/files/price_statistics/weekly_spi/spi_annex_20082020.pdf,20220817121301
2020-08-20,annex,pdf,wayback,weekly_spi,http://www.pbs.gov.pk/sites/default/files/price_statistics/weekly_spi_nb/SPI_annex_20082020.pdf,https://web.archive.org/web/20200927072901id_/http://www.pbs.gov.pk/sites/default/files/price_statistics/weekly_spi_nb/SPI_annex_20082020.pdf,20200927072901
2020-08-20,annex,pdf,wayback,weekly_spi_nb,http://www.pbs.gov.pk/sites/default/files/price_statistics/weekly_spi_nb/SPI_annex_20082020.pdf,https://web.archive.org/web/20200927072901id_/http://www.pbs.gov.pk/sites/default/files/price_statistics/weekly_spi_nb/SPI_annex_20082020.pdf,20200927072901
2020-08-20,summary,pdf,wayback,weekly_spi,https://www.pbs.gov.pk/sites/default/files/price_statistics/weekly_spi/spi_report_20082020.pdf,https://web.archive.org/web/20220817121305id_/https://www.pbs.gov.pk/sites/default/files/price_statistics/weekly_spi/spi_report_20082020.pdf,20220817121305
2020-08-20,summary,pdf,wayback,weekly_spi,http://www.pbs.gov.pk/sites/default/files/price_statistics/weekly_spi_nb/spi_report_20082020.pdf,https://web.archive.org/web/20200927060534id_/http://www.pbs.gov.pk/sites/default/files/price_statistics/weekly_spi_nb/spi_report_20082020.pdf,20200927060534
2020-08-20,summary,pdf,wayback,weekly_spi_nb,http://www.pbs.gov.pk/sites/default/files/price_statistics/weekly_spi_nb/spi_report_20082020.pdf,https://web.archive.org/web/20200927060534id_/http://www.pbs.gov.pk/sites/default/files/price_statistics/weekly_spi_nb/spi_report_20082020.pdf,20200927060534
2020-08-27,annex,pdf,wayback,weekly_spi,https://www.pbs.gov.pk/sites/default/files/price_statistics/weekly_spi/spi_annex_27082020.pdf,https://web.archive.org/web/20220817121253id_/https://www.pbs.gov.pk/sites/default/files/price_statistics/weekly_spi/spi_annex_27082020.pdf,20220817121253
2020-08-27,annex,pdf,wayback,weekly_spi,http://www.pbs.gov.pk/sites/default/files/price_statistics/weekly_spi_nb/SPI_annex_27082020.pdf,https://web.archive.org/web/20200927073258id_/http://www.pbs.gov.pk/sites/default/files/price_statistics/weekly_spi_nb/SPI_annex_27082020.pdf,20200927073258
2020-08-27,annex,pdf,wayback,weekly_spi_nb,http://www.pbs.gov.pk/sites/default/files/price_statistics/weekly_spi_nb/SPI_annex_27082020.pdf,https://web.archive.org/web/20200927073258id_/http://www.pbs.gov.pk/sites/default/files/price_statistics/weekly_spi_nb/SPI_annex_27082020.pdf,20200927073258
2020-08-27,summary,pdf,wayback,weekly_spi,https://www.pbs.gov.pk/sites/default/files/price_statistics/weekly_spi/spi_report_27082020.pdf,https://web.archive.org/web/20220817121258id_/https://www.pbs.gov.pk/sites/default/files/price_statistics/weekly_spi/spi_report_27082020.pdf,20220817121258
2020-08-27,summary,pdf,wayback,weekly_spi,http://www.pbs.gov.pk/sites/default/files/price_statistics/weekly_spi_nb/spi_report_27082020.pdf,https://web.archive.org/web/20200927055210id_/http://www.pbs.gov.pk/sites/default/files/price_statistics/weekly_spi_nb/spi_report_27082020.pdf,20200927055210
2020-08-27,summary,pdf,wayback,weekly_spi_nb,http://www.pbs.gov.pk/sites/default/files/price_statistics/weekly_spi_nb/spi_report_27082020.pdf,https://web.archive.org/web/20200927055210id_/http://www.pbs.gov.pk/sites/default/files/price_statistics/weekly_spi_nb/spi_report_27082020.pdf,20200927055210
2020-09-03,annex,pdf,wayback,weekly_spi,https://www.pbs.gov.pk/sites/default/files/price_statistics/weekly_spi/spi_annex_03092020.pdf,https://web.archive.org/web/20220817121245id_/https://www.pbs.gov.pk/sites/default/files/price_statistics/weekly_spi/spi_annex_03092020.pdf,20220817121245
2020-09-03,annex,pdf,wayback,weekly_spi,http://www.pbs.gov.pk/sites/default/files/price_statistics/weekly_spi_nb/SPI-annex_03092020_0.pdf,https://web.archive.org/web/20200927065023id_/http://www.pbs.gov.pk/sites/default/files/price_statistics/weekly_spi_nb/SPI-annex_03092020_0.pdf,20200927065023
2020-09-03,annex,pdf,wayback,weekly_spi_nb,http://www.pbs.gov.pk/sites/default/files/price_statistics/weekly_spi_nb/SPI-annex_03092020_0.pdf,https://web.archive.org/web/20200927065023id_/http://www.pbs.gov.pk/sites/default/files/price_statistics/weekly_spi_nb/SPI-annex_03092020_0.pdf,20200927065023
2020-09-03,summary,pdf,wayback,weekly_spi,https://www.pbs.gov.pk/sites/default/files/price_statistics/weekly_spi/spi_report_03092020.pdf,https://web.archive.org/web/20220817121249id_/https://www.pbs.gov.pk/sites/default/files/price_statistics/weekly_spi/spi_report_03092020.pdf,20220817121249
2020-09-03,summary,pdf,wayback,weekly_spi,http://www.pbs.gov.pk/sites/default/files/price_statistics/weekly_spi_nb/SPI_report_03092020.pdf,https://web.archive.org/web/20200927075323id_/http://www.pbs.gov.pk/sites/default/files/price_statistics/weekly_spi_nb/SPI_report_03092020.pdf,20200927075323
2020-09-03,summary,pdf,wayback,weekly_spi_nb,http://www.pbs.gov.pk/sites/default/files/price_statistics/weekly_spi_nb/SPI_report_03092020.pdf,https://web.archive.org/web/20200927075323id_/http://www.pbs.gov.pk/sites/default/files/price_statistics/weekly_spi_nb/SPI_report_03092020.pdf,20200927075323
2020-09-10,annex,pdf,wayback,weekly_spi,https://www.pbs.gov.pk/sites/default/files/price_statistics/weekly_spi/spi_annex_10092020.pdf,https://web.archive.org/web/20220817121237id_/https://www.pbs.gov.pk/sites/default/files/price_statistics/weekly_spi/spi_annex_10092020.pdf,20220817121237
2020-09-10,annex,pdf,wayback,weekly_spi,http://www.pbs.gov.pk/sites/default/files/price_statistics/weekly_spi_nb/SPI_annex_10092020_0.pdf,https://web.archive.org/web/20200927071830id_/http://www.pbs.gov.pk/sites/default/files/price_statistics/weekly_spi_nb/SPI_annex_10092020_0.pdf,20200927071830
2020-09-10,annex,pdf,wayback,weekly_spi_nb,http://www.pbs.gov.pk/sites/default/files/price_statistics/weekly_spi_nb/SPI_annex_10092020_0.pdf,https://web.archive.org/web/20200927071830id_/http://www.pbs.gov.pk/sites/default/files/price_statistics/weekly_spi_nb/SPI_annex_10092020_0.pdf,20200927071830
2020-09-10,summary,pdf,wayback,weekly_spi,https://www.pbs.gov.pk/sites/default/files/price_statistics/weekly_spi/spi_report_10092020.pdf,https://web.archive.org/web/20220817121241id_/https://www.pbs.gov.pk/sites/default/files/price_statistics/weekly_spi/spi_report_10092020.pdf,20220817121241
2020-09-10,summary,pdf,wayback,weekly_spi,http://www.pbs.gov.pk/sites/default/files/price_statistics/weekly_spi_nb/SPI_report_10092020.pdf,https://web.archive.org/web/20200927073833id_/http://www.pbs.gov.pk/sites/default/files/price_statistics/weekly_spi_nb/SPI_report_10092020.pdf,20200927073833
2020-09-10,summary,pdf,wayback,weekly_spi_nb,http://www.pbs.gov.pk/sites/default/files/price_statistics/weekly_spi_nb/SPI_report_10092020.pdf,https://web.archive.org/web/20200927073833id_/http://www.pbs.gov.pk/sites/default/files/price_statistics/weekly_spi_nb/SPI_report_10092020.pdf,20200927073833
2020-09-17,annex,pdf,wayback,weekly_spi,https://www.pbs.gov.pk/sites/default/files/price_statistics/weekly_spi/spi_annex_17092020.pdf,https://web.archive.org/web/20220728200236id_/https://www.pbs.gov.pk/sites/default/files/price_statistics/weekly_spi/spi_annex_17092020.pdf,20220728200236
2020-09-17,annex,pdf,wayback,weekly_spi,http://www.pbs.gov.pk/sites/default/files//price_statistics/weekly_spi_nb/SPI_annex_17092020.pdf,https://web.archive.org/web/20201114035121id_/http://www.pbs.gov.pk/sites/default/files//price_statistics/weekly_spi_nb/SPI_annex_17092020.pdf,20201114035121
2020-09-17,annex,pdf,wayback,weekly_spi_nb,http://www.pbs.gov.pk/sites/default/files//price_statistics/weekly_spi_nb/SPI_annex_17092020.pdf,https://web.archive.org/web/20201114035121id_/http://www.pbs.gov.pk/sites/default/files//price_statistics/weekly_spi_nb/SPI_annex_17092020.pdf,20201114035121
2020-09-17,summary,pdf,wayback,weekly_spi,https://www.pbs.gov.pk/sites/default/files/price_statistics/weekly_spi/spi_report_170920200.pdf,https://web.archive.org/web/20220728200244id_/https://www.pbs.gov.pk/sites/default/files/price_statistics/weekly_spi/spi_report_170920200.pdf,20220728200244
2020-09-17,summary,pdf,wayback,weekly_spi,http://www.pbs.gov.pk/sites/default/files//price_statistics/weekly_spi_nb/SPI_report_170920200.pdf,https://web.archive.org/web/20201114035101id_/http://www.pbs.gov.pk/sites/default/files//price_statistics/weekly_spi_nb/SPI_report_170920200.pdf,20201114035101
2020-09-17,summary,pdf,wayback,weekly_spi_nb,http://www.pbs.gov.pk/sites/default/files//price_statistics/weekly_spi_nb/SPI_report_170920200.pdf,https://web.archive.org/web/20201114035101id_/http://www.pbs.gov.pk/sites/default/files//price_statistics/weekly_spi_nb/SPI_report_170920200.pdf,20201114035101
2020-09-24,annex,pdf,wayback,weekly_spi,https://www.pbs.gov.pk/sites/default/files/price_statistics/weekly_spi/spi_annex_24092020.pdf,https://web.archive.org/web/20220728200227id_/https://www.pbs.gov.pk/sites/default/files/price_statistics/weekly_spi/spi_annex_24092020.pdf,20220728200227
2020-09-24,annex,pdf,wayback,weekly_spi,http://www.pbs.gov.pk/sites/default/files//price_statistics/weekly_spi_nb/SPI_annex_24092020.pdf,https://web.archive.org/web/20201104210457id_/http://www.pbs.gov.pk/sites/default/files//price_statistics/weekly_spi_nb/SPI_annex_24092020.pdf,20201104210457
2020-09-24,annex,pdf,wayback,weekly_spi_nb,http://www.pbs.gov.pk/sites/default/files//price_statistics/weekly_spi_nb/SPI_annex_24092020.pdf,https://web.archive.org/web/20201104210457id_/http://www.pbs.gov.pk/sites/default/files//price_statistics/weekly_spi_nb/SPI_annex_24092020.pdf,20201104210457
2020-09-24,summary,pdf,wayback,weekly_spi,https://www.pbs.gov.pk/sites/default/files/price_statistics/weekly_spi/spi_report_24092020.pdf,https://web.archive.org/web/20220728200231id_/https://www.pbs.gov.pk/sites/default/files/price_statistics/weekly_spi/spi_report_24092020.pdf,20220728200231
2020-09-24,summary,pdf,wayback,weekly_spi,http://www.pbs.gov.pk/sites/default/files//price_statistics/weekly_spi_nb/SPI_report_24092020.pdf,https://web.archive.org/web/20201103083621id_/http://www.pbs.gov.pk/sites/default/files//price_statistics/weekly_spi_nb/SPI_report_24092020.pdf,20201103083621
2020-09-24,summary,pdf,wayback,weekly_spi_nb,http://www.pbs.gov.pk/sites/default/files//price_statistics/weekly_spi_nb/SPI_report_24092020.pdf,https://web.archive.org/web/20201103083621id_/http://www.pbs.gov.pk/sites/default/files//price_statistics/weekly_spi_nb/SPI_report_24092020.pdf,20201103083621
2020-10-01,annex,pdf,wayback,weekly_spi,https://www.pbs.gov.pk/sites/default/files/price_statistics/weekly_spi/spi_annex_01102020.pdf,https://web.archive.org/web/20220728200218id_/https://www.pbs.gov.pk/sites/default/files/price_statistics/weekly_spi/spi_annex_01102020.pdf,20220728200218
2020-10-01,annex,pdf,wayback,weekly_spi,https://www.pbs.gov.pk/sites/default/files/price_statistics/weekly_spi/spi_annex_01102020_0.pdf,https://web.archive.org/web/20220728200032id_/https://www.pbs.gov.pk/sites/default/files/price_statistics/weekly_spi/spi_annex_01102020_0.pdf,20220728200032
2020-10-01,annex,pdf,wayback,weekly_spi,http://www.pbs.gov.pk/sites/default/files//price_statistics/weekly_spi_nb/SPI_annex_01102020.pdf,https://web.archive.org/web/20201114034931id_/http://www.pbs.gov.pk/sites/default/files//price_statistics/weekly_spi_nb/SPI_annex_01102020.pdf,20201114034931
2020-10-01,annex,pdf,wayback,weekly_spi_nb,http://www.pbs.gov.pk/sites/default/files//price_statistics/weekly_spi_nb/SPI_annex_01102020.pdf,https://web.archive.org/web/20201114034931id_/http://www.pbs.gov.pk/sites/default/files//price_statistics/weekly_spi_nb/SPI_annex_01102020.pdf,20201114034931
2020-10-01,summary,pdf,wayback,weekly_spi,https://www.pbs.gov.pk/sites/default/files/price_statistics/weekly_spi/spi_report_01102020.pdf,https://web.archive.org/web/20220728200222id_/https://www.pbs.gov.pk/sites/default/files/price_statistics/weekly_spi/spi_report_01102020.pdf,20220728200222
2020-10-01,summary,pdf,wayback,weekly_spi,https://www.pbs.gov.pk/sites/default/files/price_statistics/weekly_spi/spi_report_01102020_0.pdf,https://web.archive.org/web/20220728200038id_/https://www.pbs.gov.pk/sites/default/files/price_statistics/weekly_spi/spi_report_01102020_0.pdf,20220728200038
2020-10-01,summary,pdf,wayback,weekly_spi,http://www.pbs.gov.pk/sites/default/files//price_statistics/weekly_spi_nb/SPI_report_01102020.pdf,https://web.archive.org/web/20201101214119id_/http://www.pbs.gov.pk/sites/default/files//price_statistics/weekly_spi_nb/SPI_report_01102020.pdf,20201101214119
2020-10-01,summary,pdf,wayback,weekly_spi_nb,http://www.pbs.gov.pk/sites/default/files//price_statistics/weekly_spi_nb/SPI_report_01102020.pdf,https://web.archive.org/web/20201101214119id_/http://www.pbs.gov.pk/sites/default/files//price_statistics/weekly_spi_nb/SPI_report_01102020.pdf,20201101214119
2020-10-08,annex,pdf,wayback,weekly_spi,https://www.pbs.gov.pk/sites/default/files/price_statistics/weekly_spi/spi_annex_08102020.pdf,https://web.archive.org/web/20220728200149id_/https://www.pbs.gov.pk/sites/default/files/price_statistics/weekly_spi/spi_annex_08102020.pdf,20220728200149
2020-10-08,annex,pdf,wayback,weekly_spi,http://www.pbs.gov.pk/sites/default/files//price_statistics/weekly_spi_nb/spi_annex_08102020.pdf,https://web.archive.org/web/20201101090856id_/http://www.pbs.gov.pk/sites/default/files//price_statistics/weekly_spi_nb/spi_annex_08102020.pdf,20201101090856
2020-10-08,annex,pdf,wayback,weekly_spi_nb,http://www.pbs.gov.pk/sites/default/files//price_statistics/weekly_spi_nb/spi_annex_08102020.pdf,https://web.archive.org/web/20201101090856id_/http://www.pbs.gov.pk/sites/default/files//price_statistics/weekly_spi_nb/spi_annex_08102020.pdf,20201101090856
2020-10-08,summary,pdf,wayback,weekly_spi,https://www.pbs.gov.pk/sites/default/files/price_statistics/weekly_spi/spi_report_08102020.pdf,https://web.archive.org/web/20220728200154id_/https://www.pbs.gov.pk/sites/default/files/price_statistics/weekly_spi/spi_report_08102020.pdf,20220728200154
2020-10-08,summary,pdf,wayback,weekly_spi,http://www.pbs.gov.pk/sites/default/files//price_statistics/weekly_spi_nb/spi_report_08102020.pdf,https://web.archive.org/web/20201101024720id_/http://www.pbs.gov.pk/sites/default/files//price_statistics/weekly_spi_nb/spi_report_08102020.pdf,20201101024720
2020-10-08,summary,pdf,wayback,weekly_spi_nb,http://www.pbs.gov.pk/sites/default/files//price_statistics/weekly_spi_nb/spi_report_08102020.pdf,https://web.archive.org/web/20201101024720id_/http://www.pbs.gov.pk/sites/default/files//price_statistics/weekly_spi_nb/spi_report_08102020.pdf,20201101024720
2020-10-15,annex,pdf,wayback,weekly_spi,https://www.pbs.gov.pk/sites/default/files/price_statistics/weekly_spi/spi_annex_15102020.pdf,https://web.archive.org/web/20220728200139id_/https://www.pbs.gov.pk/sites/default/files/price_statistics/weekly_spi/spi_annex_15102020.pdf,20220728200139
2020-10-15,annex,pdf,wayback,weekly_spi,http://www.pbs.gov.pk/sites/default/files//price_statistics/weekly_spi_nb/SPI_annex_15102020.pdf,https://web.archive.org/web/20201114034730id_/http://www.pbs.gov.pk/sites/default/files//price_statistics/weekly_spi_nb/SPI_annex_15102020.pdf,20201114034730
2020-10-15,annex,pdf,wayback,weekly_spi_nb,http://www.pbs.gov.pk/sites/default/files//price_statistics/weekly_spi_nb/SPI_annex_15102020.pdf,https://web.archive.org/web/20201114034730id_/http://www.pbs.gov.pk/sites/default/files//price_statistics/weekly_spi_nb/SPI_annex_15102020.pdf,20201114034730
2020-10-15,summary,pdf,wayback,weekly_spi,https://www.pbs.gov.pk/sites/default/files/price_statistics/weekly_spi/spi_report_15102020.pdf,https://web.archive.org/web/20220728200144id_/https://www.pbs.gov.pk/sites/default/files/price_statistics/weekly_spi/spi_report_15102020.pdf,20220728200144
2020-10-15,summary,pdf,wayback,weekly_spi,http://www.pbs.gov.pk/sites/default/files//price_statistics/weekly_spi_nb/SPI_report_15102020.pdf,https://web.archive.org/web/20201114034708id_/http://www.pbs.gov.pk/sites/default/files//price_statistics/weekly_spi_nb/SPI_report_15102020.pdf,20201114034708
2020-10-15,summary,pdf,wayback,weekly_spi_nb,http://www.pbs.gov.pk/sites/default/files//price_statistics/weekly_spi_nb/SPI_report_15102020.pdf,https://web.archive.org/web/20201114034708id_/http://www.pbs.gov.pk/sites/default/files//price_statistics/weekly_spi_nb/SPI_report_15102020.pdf,20201114034708
2020-10-22,annex,pdf,wayback,weekly_spi,https://www.pbs.gov.pk/sites/default/files/price_statistics/weekly_spi/spi_annex_%2022102020.pdf,https://web.archive.org/web/20220728200129id_/https://www.pbs.gov.pk/sites/default/files/price_statistics/weekly_spi/spi_annex_%2022102020.pdf,20220728200129
2020-10-22,annex,pdf,wayback,weekly_spi,http://www.pbs.gov.pk/sites/default/files//price_statistics/weekly_spi_nb/spi_annex_%2022102020.pdf,https://web.archive.org/web/20201101005459id_/http://www.pbs.gov.pk/sites/default/files//price_statistics/weekly_spi_nb/spi_annex_%2022102020.pdf,20201101005459
2020-10-22,annex,pdf,wayback,weekly_spi_nb,http://www.pbs.gov.pk/sites/default/files//price_statistics/weekly_spi_nb/spi_annex_%2022102020.pdf,https://web.archive.org/web/20201101005459id_/http://www.pbs.gov.pk/sites/default/files//price_statistics/weekly_spi_nb/spi_annex_%2022102020.pdf,20201101005459
2020-10-22,summary,pdf,wayback,weekly_spi,https://www.pbs.gov.pk/sites/default/files/price_statistics/weekly_spi/spi_report_22102020.pdf,https://web.archive.org/web/20220728200135id_/https://www.pbs.gov.pk/sites/default/files/price_statistics/weekly_spi/spi_report_22102020.pdf,20220728200135
2020-10-22,summary,pdf,wayback,weekly_spi,http://www.pbs.gov.pk/sites/default/files//price_statistics/weekly_spi_nb/spi_report_22102020.pdf,https://web.archive.org/web/20201031095639id_/http://www.pbs.gov.pk/sites/default/files//price_statistics/weekly_spi_nb/spi_report_22102020.pdf,20201031095639
2020-10-22,summary,pdf,wayback,weekly_spi_nb,http://www.pbs.gov.pk/sites/default/files//price_statistics/weekly_spi_nb/spi_report_22102020.pdf,https://web.archive.org/web/20201031095639id_/http://www.pbs.gov.pk/sites/default/files//price_statistics/weekly_spi_nb/spi_report_22102020.pdf,20201031095639
2020-10-29,annex,pdf,wayback,weekly_spi,https://www.pbs.gov.pk/sites/default/files/price_statistics/weekly_spi/spi_annex_29102020.pdf,https://web.archive.org/web/20220728200118id_/https://www.pbs.gov.pk/sites/default/files/price_statistics/weekly_spi/spi_annex_29102020.pdf,20220728200118
2020-10-29,annex,pdf,wayback,weekly_spi,http://www.pbs.gov.pk/sites/default/files//price_statistics/weekly_spi_nb/SPI_annex_29102020.pdf,https://web.archive.org/web/20201114034608id_/http://www.pbs.gov.pk/sites/default/files//price_statistics/weekly_spi_nb/SPI_annex_29102020.pdf,20201114034608
2020-10-29,annex,pdf,wayback,weekly_spi_nb,http://www.pbs.gov.pk/sites/default/files//price_statistics/weekly_spi_nb/SPI_annex_29102020.pdf,https://web.archive.org/web/20201114034608id_/http://www.pbs.gov.pk/sites/default/files//price_statistics/weekly_spi_nb/SPI_annex_29102020.pdf,20201114034608
2020-10-29,summary,pdf,wayback,weekly_spi,https://www.pbs.gov.pk/sites/default/files/price_statistics/weekly_spi/spi_report_29102020.pdf,https://web.archive.org/web/20220728200123id_/https://www.pbs.gov.pk/sites/default/files/price_statistics/weekly_spi/spi_report_29102020.pdf,20220728200123
2020-10-29,summary,pdf,wayback,weekly_spi,http://www.pbs.gov.pk/sites/default/files//price_statistics/weekly_spi_nb/SPI_report_29102020.pdf,https://web.archive.org/web/20201114034542id_/http://www.pbs.gov.pk/sites/default/files//price_statistics/weekly_spi_nb/SPI_report_29102020.pdf,20201114034542
2020-10-29,summary,pdf,wayback,weekly_spi_nb,http://www.pbs.gov.pk/sites/default/files//price_statistics/weekly_spi_nb/SPI_report_29102020.pdf,https://web.archive.org/web/20201114034542id_/http://www.pbs.gov.pk/sites/default/files//price_statistics/weekly_spi_nb/SPI_report_29102020.pdf,20201114034542
2020-11-05,annex,pdf,wayback,weekly_spi,https://www.pbs.gov.pk/sites/default/files/price_statistics/weekly_spi/spi_annex_05112020.pdf,https://web.archive.org/web/20220728200102id_/https://www.pbs.gov.pk/sites/default/files/price_statistics/weekly_spi/spi_annex_05112020.pdf,20220728200102
2020-11-05,annex,pdf,wayback,weekly_spi,http://www.pbs.gov.pk/sites/default/files//price_statistics/weekly_spi_nb/SPI_annex_05112020.pdf,https://web.archive.org/web/20201114034518id_/http://www.pbs.gov.pk/sites/default/files//price_statistics/weekly_spi_nb/SPI_annex_05112020.pdf,20201114034518
2020-11-05,annex,pdf,wayback,weekly_spi_nb,http://www.pbs.gov.pk/sites/default/files//price_statistics/weekly_spi_nb/SPI_annex_05112020.pdf,https://web.archive.org/web/20201114034518id_/http://www.pbs.gov.pk/sites/default/files//price_statistics/weekly_spi_nb/SPI_annex_05112020.pdf,20201114034518
2020-11-05,summary,pdf,wayback,weekly_spi,https://www.pbs.gov.pk/sites/default/files/price_statistics/weekly_spi/spi_report_05112020.pdf,https://web.archive.org/web/20220728200108id_/https://www.pbs.gov.pk/sites/default/files/price_statistics/weekly_spi/spi_report_05112020.pdf,20220728200108
2020-11-05,summary,pdf,wayback,weekly_spi,http://www.pbs.gov.pk/sites/default/files//price_statistics/weekly_spi_nb/SPI_report_05112020.pdf,https://web.archive.org/web/20201106142839id_/http://www.pbs.gov.pk/sites/default/files//price_statistics/weekly_spi_nb/SPI_report_05112020.pdf,20201106142839
2020-11-05,summary,pdf,wayback,weekly_spi_nb,http://www.pbs.gov.pk/sites/default/files//price_statistics/weekly_spi_nb/SPI_report_05112020.pdf,https://web.archive.org/web/20201106142839id_/http://www.pbs.gov.pk/sites/default/files//price_statistics/weekly_spi_nb/SPI_report_05112020.pdf,20201106142839
2020-11-12,annex,pdf,wayback,weekly_spi,https://www.pbs.gov.pk/sites/default/files/price_statistics/weekly_spi/spi_annex_12112020.pdf,https://web.archive.org/web/20220728200043id_/https://www.pbs.gov.pk/sites/default/files/price_statistics/weekly_spi/spi_annex_12112020.pdf,20220728200043
2020-11-12,annex,pdf,wayback,weekly_spi,http://www.pbs.gov.pk/sites/default/files//price_statistics/weekly_spi_nb/SPI_annex_12112020.pdf,https://web.archive.org/web/20201113221957id_/http://www.pbs.gov.pk/sites/default/files//price_statistics/weekly_spi_nb/SPI_annex_12112020.pdf,20201113221957
2020-11-12,annex,pdf,wayback,weekly_spi_nb,http://www.pbs.gov.pk/sites/default/files//price_statistics/weekly_spi_nb/SPI_annex_12112020.pdf,https://web.archive.org/web/20201113221957id_/http://www.pbs.gov.pk/sites/default/files//price_statistics/weekly_spi_nb/SPI_annex_12112020.pdf,20201113221957
2020-11-12,summary,pdf,wayback,weekly_spi,https://www.pbs.gov.pk/sites/default/files/price_statistics/weekly_spi/spi_report_12112020.pdf,https://web.archive.org/web/20220728200051id_/https://www.pbs.gov.pk/sites/default/files/price_statistics/weekly_spi/spi_report_12112020.pdf,20220728200051
2020-11-12,summary,pdf,wayback,weekly_spi,http://www.pbs.gov.pk/sites/default/files//price_statistics/weekly_spi_nb/SPI_report_12112020.pdf,https://web.archive.org/web/20201113221953id_/http://www.pbs.gov.pk/sites/default/files//price_statistics/weekly_spi_nb/SPI_report_12112020.pdf,20201113221953
2020-11-12,summary,pdf,wayback,weekly_spi_nb,http://www.pbs.gov.pk/sites/default/files//price_statistics/weekly_spi_nb/SPI_report_12112020.pdf,https://web.archive.org/web/20201113221953id_/http://www.pbs.gov.pk/sites/default/files//price_statistics/weekly_spi_nb/SPI_report_12112020.pdf,20201113221953
2020-11-19,annex,pdf,wayback,weekly_spi,https://www.pbs.gov.pk/sites/default/files//price_statistics/weekly_spi_nb/spi_annex_19112020.pdf,https://web.archive.org/web/20210505172656id_/https://www.pbs.gov.pk/sites/default/files//price_statistics/weekly_spi_nb/spi_annex_19112020.pdf,20210505172656
2020-11-19,annex,pdf,wayback,weekly_spi_nb,https://www.pbs.gov.pk/sites/default/files//price_statistics/weekly_spi_nb/spi_annex_19112020.pdf,https://web.archive.org/web/20210505172656id_/https://www.pbs.gov.pk/sites/default/files//price_statistics/weekly_spi_nb/spi_annex_19112020.pdf,20210505172656
2020-11-19,summary,pdf,wayback,weekly_spi,https://www.pbs.gov.pk/sites/default/files//price_statistics/weekly_spi_nb/spi_report_19112020.pdf,https://web.archive.org/web/20210505172641id_/https://www.pbs.gov.pk/sites/default/files//price_statistics/weekly_spi_nb/spi_report_19112020.pdf,20210505172641
2020-11-19,summary,pdf,wayback,weekly_spi_nb,https://www.pbs.gov.pk/sites/default/files//price_statistics/weekly_spi_nb/spi_report_19112020.pdf,https://web.archive.org/web/20210505172641id_/https://www.pbs.gov.pk/sites/default/files//price_statistics/weekly_spi_nb/spi_report_19112020.pdf,20210505172641
2020-11-26,annex,pdf,wayback,weekly_spi,https://www.pbs.gov.pk/sites/default/files/price_statistics/weekly_spi/spi_annex_26112020.pdf,https://web.archive.org/web/20220728200013id_/https://www.pbs.gov.pk/sites/default/files/price_statistics/weekly_spi/spi_annex_26112020.pdf,20220728200013
2020-11-26,annex,pdf,wayback,weekly_spi,http://www.pbs.gov.pk/sites/default/files//price_statistics/weekly_spi_nb/spi_annex_26112020.pdf,https://web.archive.org/web/20201127161334id_/http://www.pbs.gov.pk/sites/default/files//price_statistics/weekly_spi_nb/spi_annex_26112020.pdf,20201127161334
2020-11-26,annex,pdf,wayback,weekly_spi_nb,http://www.pbs.gov.pk/sites/default/files//price_statistics/weekly_spi_nb/spi_annex_26112020.pdf,https://web.archive.org/web/20201127161334id_/http://www.pbs.gov.pk/sites/default/files//price_statistics/weekly_spi_nb/spi_annex_26112020.pdf,20201127161334
2020-11-26,summary,pdf,wayback,weekly_spi,https://www.pbs.gov.pk/sites/default/files/price_statistics/weekly_spi/spi_report_26112020.pdf,https://web.archive.org/web/20220728200020id_/https://www.pbs.gov.pk/sites/default/files/price_statistics/weekly_spi/spi_report_26112020.pdf,20220728200020
2020-11-26,summary,pdf,wayback,weekly_spi,http://www.pbs.gov.pk/sites/default/files//price_statistics/weekly_spi_nb/spi_report_26.11.2020.pdf,https://web.archive.org/web/20201204084514id_/http://www.pbs.gov.pk/sites/default/files//price_statistics/weekly_spi_nb/spi_report_26.11.2020.pdf,20201204084514
2020-11-26,summary,pdf,wayback,weekly_spi_nb,http://www.pbs.gov.pk/sites/default/files//price_statistics/weekly_spi_nb/spi_report_26.11.2020.pdf,https://web.archive.org/web/20201204084514id_/http://www.pbs.gov.pk/sites/default/files//price_statistics/weekly_spi_nb/spi_report_26.11.2020.pdf,20201204084514
2020-12-03,annex,pdf,wayback,weekly_spi,https://www.pbs.gov.pk/sites/default/files/price_statistics/weekly_spi/spi_annex_03122020.pdf,https://web.archive.org/web/20220728195959id_/https://www.pbs.gov.pk/sites/default/files/price_statistics/weekly_spi/spi_annex_03122020.pdf,20220728195959
2020-12-03,annex,pdf,wayback,weekly_spi,https://www.pbs.gov.pk/sites/default/files//price_statistics/weekly_spi_nb/spi_annex_03122020.pdf,https://web.archive.org/web/20210505172553id_/https://www.pbs.gov.pk/sites/default/files//price_statistics/weekly_spi_nb/spi_annex_03122020.pdf,20210505172553
2020-12-03,annex,pdf,wayback,weekly_spi_nb,https://www.pbs.gov.pk/sites/default/files//price_statistics/weekly_spi_nb/spi_annex_03122020.pdf,https://web.archive.org/web/20210505172553id_/https://www.pbs.gov.pk/sites/default/files//price_statistics/weekly_spi_nb/spi_annex_03122020.pdf,20210505172553
2020-12-03,summary,pdf,wayback,weekly_spi,https://www.pbs.gov.pk/sites/default/files/price_statistics/weekly_spi/spi_report_03122020.pdf,https://web.archive.org/web/20220728200005id_/https://www.pbs.gov.pk/sites/default/files/price_statistics/weekly_spi/spi_report_03122020.pdf,20220728200005
2020-12-03,summary,pdf,wayback,weekly_spi,https://www.pbs.gov.pk/sites/default/files//price_statistics/weekly_spi_nb/spi_report_executive%20_03122020.pdf,https://web.archive.org/web/20210505172540id_/https://www.pbs.gov.pk/sites/default/files//price_statistics/weekly_spi_nb/spi_report_executive%20_03122020.pdf,20210505172540
2020-12-03,summary,pdf,wayback,weekly_spi_nb,https://www.pbs.gov.pk/sites/default/files//price_statistics/weekly_spi_nb/spi_report_executive%20_03122020.pdf,https://web.archive.org/web/20210505172540id_/https://www.pbs.gov.pk/sites/default/files//price_statistics/weekly_spi_nb/spi_report_executive%20_03122020.pdf,20210505172540
2020-12-10,annex,pdf,wayback,weekly_spi,https://www.pbs.gov.pk/sites/default/files/price_statistics/weekly_spi/spi_annex_10122020.pdf,https://web.archive.org/web/20220728094319id_/https://www.pbs.gov.pk/sites/default/files/price_statistics/weekly_spi/spi_annex_10122020.pdf,20220728094319
2020-12-10,annex,pdf,wayback,weekly_spi,https://www.pbs.gov.pk/sites/default/files//price_statistics/weekly_spi_nb/spi_annex_10122020.pdf,https://web.archive.org/web/20210505172525id_/https://www.pbs.gov.pk/sites/default/files//price_statistics/weekly_spi_nb/spi_annex_10122020.pdf,20210505172525
2020-12-10,annex,pdf,wayback,weekly_spi_nb,https://www.pbs.gov.pk/sites/default/files//price_statistics/weekly_spi_nb/spi_annex_10122020.pdf,https://web.archive.org/web/20210505172525id_/https://www.pbs.gov.pk/sites/default/files//price_statistics/weekly_spi_nb/spi_annex_10122020.pdf,20210505172525
2020-12-10,summary,pdf,wayback,weekly_spi,https://www.pbs.gov.pk/sites/default/files/price_statistics/weekly_spi/spi_report_10122020.pdf,https://web.archive.org/web/20220728094324id_/https://www.pbs.gov.pk/sites/default/files/price_statistics/weekly_spi/spi_report_10122020.pdf,20220728094324
2020-12-10,summary,pdf,wayback,weekly_spi,http://www.pbs.gov.pk/sites/default/files//price_statistics/weekly_spi_nb/spi_report_10122020.pdf,https://web.archive.org/web/20201212132500id_/http://www.pbs.gov.pk/sites/default/files//price_statistics/weekly_spi_nb/spi_report_10122020.pdf,20201212132500
2020-12-10,summary,pdf,wayback,weekly_spi_nb,http://www.pbs.gov.pk/sites/default/files//price_statistics/weekly_spi_nb/spi_report_10122020.pdf,https://web.archive.org/web/20201212132500id_/http://www.pbs.gov.pk/sites/default/files//price_statistics/weekly_spi_nb/spi_report_10122020.pdf,20201212132500
2020-12-17,annex,pdf,wayback,weekly_spi,https://www.pbs.gov.pk/sites/default/files/price_statistics/weekly_spi/spi_annex_17122020.pdf,https://web.archive.org/web/20220728094311id_/https://www.pbs.gov.pk/sites/default/files/price_statistics/weekly_spi/spi_annex_17122020.pdf,20220728094311
2020-12-17,annex,pdf,wayback,weekly_spi,https://www.pbs.gov.pk/sites/default/files//price_statistics/weekly_spi_nb/spi_annex_17122020.pdf,https://web.archive.org/web/20210502152835id_/https://www.pbs.gov.pk/sites/default/files//price_statistics/weekly_spi_nb/spi_annex_17122020.pdf,20210502152835
2020-12-17,annex,pdf,wayback,weekly_spi_nb,https://www.pbs.gov.pk/sites/default/files//price_statistics/weekly_spi_nb/spi_annex_17122020.pdf,https://web.archive.org/web/20210502152835id_/https://www.pbs.gov.pk/sites/default/files//price_statistics/weekly_spi_nb/spi_annex_17122020.pdf,20210502152835
2020-12-17,summary,pdf,wayback,weekly_spi,https://www.pbs.gov.pk/sites/default/files/price_statistics/weekly_spi/spi_report_17122020.pdf,https://web.archive.org/web/20220728094315id_/https://www.pbs.gov.pk/sites/default/files/price_statistics/weekly_spi/spi_report_17122020.pdf,20220728094315
2020-12-17,summary,pdf,wayback,weekly_spi,https://www.pbs.gov.pk/sites/default/files//price_statistics/weekly_spi_nb/spi_report_17122020.pdf,https://web.archive.org/web/20210502152819id_/https://www.pbs.gov.pk/sites/default/files//price_statistics/weekly_spi_nb/spi_report_17122020.pdf,20210502152819
2020-12-17,summary,pdf,wayback,weekly_spi_nb,https://www.pbs.gov.pk/sites/default/files//price_statistics/weekly_spi_nb/spi_report_17122020.pdf,https://web.archive.org/web/20210502152819id_/https://www.pbs.gov.pk/sites/default/files//price_statistics/weekly_spi_nb/spi_report_17122020.pdf,20210502152819
2020-12-24,annex,pdf,wayback,weekly_spi,https://www.pbs.gov.pk/sites/default/files/price_statistics/weekly_spi/spi_annex_24122020.pdf,https://web.archive.org/web/20220728094302id_/https://www.pbs.gov.pk/sites/default/files/price_statistics/weekly_spi/spi_annex_24122020.pdf,20220728094302
2020-12-24,annex,pdf,wayback,weekly_spi,http://www.pbs.gov.pk/sites/default/files//price_statistics/weekly_spi_nb/SPI_annex_24122020.pdf,https://web.archive.org/web/20201224204356id_/http://www.pbs.gov.pk/sites/default/files//price_statistics/weekly_spi_nb/SPI_annex_24122020.pdf,20201224204356
2020-12-24,annex,pdf,wayback,weekly_spi_nb,http://www.pbs.gov.pk/sites/default/files//price_statistics/weekly_spi_nb/SPI_annex_24122020.pdf,https://web.archive.org/web/20201224204356id_/http://www.pbs.gov.pk/sites/default/files//price_statistics/weekly_spi_nb/SPI_annex_24122020.pdf,20201224204356
2020-12-24,summary,pdf,wayback,weekly_spi,https://www.pbs.gov.pk/sites/default/files/price_statistics/weekly_spi/spi_report_24122020.pdf,https://web.archive.org/web/20220728094307id_/https://www.pbs.gov.pk/sites/default/files/price_statistics/weekly_spi/spi_report_24122020.pdf,20220728094307
2020-12-24,summary,pdf,wayback,weekly_spi,https://www.pbs.gov.pk/sites/default/files//price_statistics/weekly_spi_nb/SPI_report_24122020.pdf,https://web.archive.org/web/20210502152749id_/https://www.pbs.gov.pk/sites/default/files//price_statistics/weekly_spi_nb/SPI_report_24122020.pdf,20210502152749
2020-12-24,summary,pdf,wayback,weekly_spi_nb,https://www.pbs.gov.pk/sites/default/files//price_statistics/weekly_spi_nb/SPI_report_24122020.pdf,https://web.archive.org/web/20210502152749id_/https://www.pbs.gov.pk/sites/default/files//price_statistics/weekly_spi_nb/SPI_report_24122020.pdf,20210502152749
2020-12-31,other,pdf,wayback,weekly_spi,https://www.pbs.gov.pk/sites/default/files//price_statistics/weekly_spi_nb/spi_anex_31122020.pdf,https://web.archive.org/web/20210502152732id_/https://www.pbs.gov.pk/sites/default/files//price_statistics/weekly_spi_nb/spi_anex_31122020.pdf,20210502152732
2020-12-31,other,pdf,wayback,weekly_spi_nb,https://www.pbs.gov.pk/sites/default/files//price_statistics/weekly_spi_nb/spi_anex_31122020.pdf,https://web.archive.org/web/20210502152732id_/https://www.pbs.gov.pk/sites/default/files//price_statistics/weekly_spi_nb/spi_anex_31122020.pdf,20210502152732
2020-12-31,summary,pdf,wayback,weekly_spi,https://www.pbs.gov.pk/sites/default/files//price_statistics/weekly_spi_nb/spi_report_31122020.pdf,https://web.archive.org/web/20210502152715id_/https://www.pbs.gov.pk/sites/default/files//price_statistics/weekly_spi_nb/spi_report_31122020.pdf,20210502152715
2020-12-31,summary,pdf,wayback,weekly_spi_nb,https://www.pbs.gov.pk/sites/default/files//price_statistics/weekly_spi_nb/spi_report_31122020.pdf,https://web.archive.org/web/20210502152715id_/https://www.pbs.gov.pk/sites/default/files//price_statistics/weekly_spi_nb/spi_report_31122020.pdf,20210502152715
2021-01-07,annex,pdf,wayback,weekly_spi,https://www.pbs.gov.pk/sites/default/files/price_statistics/weekly_spi/spi_annex_07012021.pdf,https://web.archive.org/web/20220728094255id_/https://www.pbs.gov.pk/sites/default/files/price_statistics/weekly_spi/spi_annex_07012021.pdf,20220728094255
2021-01-07,annex,pdf,wayback,weekly_spi,https://www.pbs.gov.pk/sites/default/files//price_statistics/weekly_spi_nb/spi_annex_07012021.pdf,https://web.archive.org/web/20210502152659id_/https://www.pbs.gov.pk/sites/default/files//price_statistics/weekly_spi_nb/spi_annex_07012021.pdf,20210502152659
2021-01-07,annex,pdf,wayback,weekly_spi_nb,https://www.pbs.gov.pk/sites/default/files//price_statistics/weekly_spi_nb/spi_annex_07012021.pdf,https://web.archive.org/web/20210502152659id_/https://www.pbs.gov.pk/sites/default/files//price_statistics/weekly_spi_nb/spi_annex_07012021.pdf,20210502152659
2021-01-07,summary,pdf,wayback,weekly_spi,https://www.pbs.gov.pk/sites/default/files/price_statistics/weekly_spi/spi_report_07012021.pdf,https://web.archive.org/web/20220728094259id_/https://www.pbs.gov.pk/sites/default/files/price_statistics/weekly_spi/spi_report_07012021.pdf,20220728094259
2021-01-07,summary,pdf,wayback,weekly_spi,https://www.pbs.gov.pk/sites/default/files//price_statistics/weekly_spi_nb/spi_report_07012021.pdf,https://web.archive.org/web/20210502152642id_/https://www.pbs.gov.pk/sites/default/files//price_statistics/weekly_spi_nb/spi_report_07012021.pdf,20210502152642
2021-01-07,summary,pdf,wayback,weekly_spi_nb,https://www.pbs.gov.pk/sites/default/files//price_statistics/weekly_spi_nb/spi_report_07012021.pdf,https://web.archive.org/web/20210502152642id_/https://www.pbs.gov.pk/sites/default/files//price_statistics/weekly_spi_nb/spi_report_07012021.pdf,20210502152642
2021-01-14,annex,pdf,wayback,weekly_spi,https://www.pbs.gov.pk/sites/default/files/price_statistics/weekly_spi/spi_annex_14012021.pdf,https://web.archive.org/web/20220728094247id_/https://www.pbs.gov.pk/sites/default/files/price_statistics/weekly_spi/spi_annex_14012021.pdf,20220728094247
2021-01-14,annex,pdf,wayback,weekly_spi,http://www.pbs.gov.pk/sites/default/files//price_statistics/weekly_spi_nb/SPI_annex_14012021.pdf,https://web.archive.org/web/20210117143040id_/http://www.pbs.gov.pk/sites/default/files//price_statistics/weekly_spi_nb/SPI_annex_14012021.pdf,20210117143040
2021-01-14,annex,pdf,wayback,weekly_spi_nb,http://www.pbs.gov.pk/sites/default/files//price_statistics/weekly_spi_nb/SPI_annex_14012021.pdf,https://web.archive.org/web/20210117143040id_/http://www.pbs.gov.pk/sites/default/files//price_statistics/weekly_spi_nb/SPI_annex_14012021.pdf,20210117143040
2021-01-14,summary,pdf,wayback,weekly_spi,https://www.pbs.gov.pk/sites/default/files/price_statistics/weekly_spi/spi_report_14012021.pdf,https://web.archive.org/web/20220728094252id_/https://www.pbs.gov.pk/sites/default/files/price_statistics/weekly_spi/spi_report_14012021.pdf,20220728094252
2021-01-14,summary,pdf,wayback,weekly_spi,https://www.pbs.gov.pk/sites/default/files//price_statistics/weekly_spi_nb/SPI_report_14012021.pdf,https://web.archive.org/web/20210502152608id_/https://www.pbs.gov.pk/sites/default/files//price_statistics/weekly_spi_nb/SPI_report_14012021.pdf,20210502152608
2021-01-14,summary,pdf,wayback,weekly_spi_nb,https://www.pbs.gov.pk/sites/default/files//price_statistics/weekly_spi_nb/SPI_report_14012021.pdf,https://web.archive.org/web/20210502152608id_/https://www.pbs.gov.pk/sites/default/files//price_statistics/weekly_spi_nb/SPI_report_14012021.pdf,20210502152608
2021-01-21,annex,pdf,wayback,weekly_spi,https://www.pbs.gov.pk/sites/default/files/price_statistics/weekly_spi/spi_annex_21012021.pdf,https://web.archive.org/web/20220728094239id_/https://www.pbs.gov.pk/sites/default/files/price_statistics/weekly_spi/spi_annex_21012021.pdf,20220728094239
2021-01-21,annex,pdf,wayback,weekly_spi,https://www.pbs.gov.pk/sites/default/files//price_statistics/weekly_spi_nb/SPI_annex_21012021.pdf,https://web.archive.org/web/20210502152551id_/https://www.pbs.gov.pk/sites/default/files//price_statistics/weekly_spi_nb/SPI_annex_21012021.pdf,20210502152551
2021-01-21,annex,pdf,wayback,weekly_spi_nb,https://www.pbs.gov.pk/sites/default/files//price_statistics/weekly_spi_nb/SPI_annex_21012021.pdf,https://web.archive.org/web/20210502152551id_/https://www.pbs.gov.pk/sites/default/files//price_statistics/weekly_spi_nb/SPI_annex_21012021.pdf,20210502152551
2021-01-21,summary,pdf,wayback,weekly_spi,https://www.pbs.gov.pk/sites/default/files/price_statistics/weekly_spi/spi_report_21012021.pdf,https://web.archive.org/web/20220728094243id_/https://www.pbs.gov.pk/sites/default/files/price_statistics/weekly_spi/spi_report_21012021.pdf,20220728094243
2021-01-21,summary,pdf,wayback,weekly_spi,https://www.pbs.gov.pk/sites/default/files//price_statistics/weekly_spi_nb/SPI_Report_21012021.pdf,https://web.archive.org/web/20210502152535id_/https://www.pbs.gov.pk/sites/default/files//price_statistics/weekly_spi_nb/SPI_Report_21012021.pdf,20210502152535
2021-01-21,summary,pdf,wayback,weekly_spi_nb,https://www.pbs.gov.pk/sites/default/files//price_statistics/weekly_spi_nb/SPI_Report_21012021.pdf,https://web.archive.org/web/20210502152535id_/https://www.pbs.gov.pk/sites/default/files//price_statistics/weekly_spi_nb/SPI_Report_21012021.pdf,20210502152535
2021-01-28,annex,pdf,wayback,weekly_spi,https://www.pbs.gov.pk/sites/default/files/price_statistics/weekly_spi/spi_annex_28012021.pdf,https://web.archive.org/web/20220728094226id_/https://www.pbs.gov.pk/sites/default/files/price_statistics/weekly_spi/spi_annex_28012021.pdf,20220728094226
2021-01-28,annex,pdf,wayback,weekly_spi,https://www.pbs.gov.pk/sites/default/files//price_statistics/weekly_spi_nb/SPI_annex_28012021.pdf,https://web.archive.org/web/20210422192940id_/https://www.pbs.gov.pk/sites/default/files//price_statistics/weekly_spi_nb/SPI_annex_28012021.pdf,20210422192940
2021-01-28,annex,pdf,wayback,weekly_spi_nb,https://www.pbs.gov.pk/sites/default/files//price_statistics/weekly_spi_nb/SPI_annex_28012021.pdf,https://web.archive.org/web/20210422192940id_/https://www.pbs.gov.pk/sites/default/files//price_statistics/weekly_spi_nb/SPI_annex_28012021.pdf,20210422192940
2021-01-28,summary,pdf,wayback,weekly_spi,https://www.pbs.gov.pk/sites/default/files/price_statistics/weekly_spi/spi_report_28012021.pdf,https://web.archive.org/web/20220728094230id_/https://www.pbs.gov.pk/sites/default/files/price_statistics/weekly_spi/spi_report_28012021.pdf,20220728094230
2021-01-28,summary,pdf,wayback,weekly_spi,https://www.pbs.gov.pk/sites/default/files//price_statistics/weekly_spi_nb/SPI_report_28012021.pdf,https://web.archive.org/web/20210422192924id_/https://www.pbs.gov.pk/sites/default/files//price_statistics/weekly_spi_nb/SPI_report_28012021.pdf,20210422192924
2021-01-28,summary,pdf,wayback,weekly_spi_nb,https://www.pbs.gov.pk/sites/default/files//price_statistics/weekly_spi_nb/SPI_report_28012021.pdf,https://web.archive.org/web/20210422192924id_/https://www.pbs.gov.pk/sites/default/files//price_statistics/weekly_spi_nb/SPI_report_28012021.pdf,20210422192924
2021-02-04,annex,pdf,wayback,weekly_spi,https://www.pbs.gov.pk/sites/default/files/price_statistics/weekly_spi/spi_annex_04022021.pdf,https://web.archive.org/web/20220728094216id_/https://www.pbs.gov.pk/sites/default/files/price_statistics/weekly_spi/spi_annex_04022021.pdf,20220728094216
2021-02-04,annex,pdf,wayback,weekly_spi,https://www.pbs.gov.pk/sites/default/files//price_statistics/weekly_spi_nb/SPI_annex_04022021.pdf,https://web.archive.org/web/20210422192910id_/https://www.pbs.gov.pk/sites/default/files//price_statistics/weekly_spi_nb/SPI_annex_04022021.pdf,20210422192910
2021-02-04,annex,pdf,wayback,weekly_spi_nb,https://www.pbs.gov.pk/sites/default/files//price_statistics/weekly_spi_nb/SPI_annex_04022021.pdf,https://web.archive.org/web/20210422192910id_/https://www.pbs.gov.pk/sites/default/files//price_statistics/weekly_spi_nb/SPI_annex_04022021.pdf,20210422192910
2021-02-04,summary,pdf,wayback,weekly_spi,https://www.pbs.gov.pk/sites/default/files/price_statistics/weekly_spi/spi_report_04022021.pdf,https://web.archive.org/web/20220728094221id_/https://www.pbs.gov.pk/sites/default/files/price_statistics/weekly_spi/spi_report_04022021.pdf,20220728094221
2021-02-04,summary,pdf,wayback,weekly_spi,https://www.pbs.gov.pk/sites/default/files//price_statistics/weekly_spi_nb/SPI_report_04022021.pdf,https://web.archive.org/web/20210422192856id_/https://www.pbs.gov.pk/sites/default/files//price_statistics/weekly_spi_nb/SPI_report_04022021.pdf,20210422192856
2021-02-04,summary,pdf,wayback,weekly_spi_nb,https://www.pbs.gov.pk/sites/default/files//price_statistics/weekly_spi_nb/SPI_report_04022021.pdf,https://web.archive.org/web/20210422192856id_/https://www.pbs.gov.pk/sites/default/files//price_statistics/weekly_spi_nb/SPI_report_04022021.pdf,20210422192856
2021-02-11,annex,pdf,wayback,weekly_spi,https://www.pbs.gov.pk/sites/default/files/price_statistics/weekly_spi/spi_annex_11022021.pdf,https://web.archive.org/web/20220728094208id_/https://www.pbs.gov.pk/sites/default/files/price_statistics/weekly_spi/spi_annex_11022021.pdf,20220728094208
2021-02-11,annex,pdf,wayback,weekly_spi,https://www.pbs.gov.pk/sites/default/files//price_statistics/weekly_spi_nb/spi_annex_11022021.pdf,https://web.archive.org/web/20210422123640id_/https://www.pbs.gov.pk/sites/default/files//price_statistics/weekly_spi_nb/spi_annex_11022021.pdf,20210422123640
2021-02-11,annex,pdf,wayback,weekly_spi_nb,https://www.pbs.gov.pk/sites/default/files//price_statistics/weekly_spi_nb/spi_annex_11022021.pdf,https://web.archive.org/web/20210422123640id_/https://www.pbs.gov.pk/sites/default/files//price_statistics/weekly_spi_nb/spi_annex_11022021.pdf,20210422123640
2021-02-11,summary,pdf,wayback,weekly_spi,https://www.pbs.gov.pk/sites/default/files/price_statistics/weekly_spi/spi_report_11022021.pdf,https://web.archive.org/web/20220728094212id_/https://www.pbs.gov.pk/sites/default/files/price_statistics/weekly_spi/spi_report_11022021.pdf,20220728094212
2021-02-11,summary,pdf,wayback,weekly_spi,https://www.pbs.gov.pk/sites/default/files//price_statistics/weekly_spi_nb/spi_report_11022021.pdf,https://web.archive.org/web/20210212165542id_/https://www.pbs.gov.pk/sites/default/files//price_statistics/weekly_spi_nb/spi_report_11022021.pdf,20210212165542
2021-02-11,summary,pdf,wayback,weekly_spi_nb,https://www.pbs.gov.pk/sites/default/files//price_statistics/weekly_spi_nb/spi_report_11022021.pdf,https://web.archive.org/web/20210212165542id_/https://www.pbs.gov.pk/sites/default/files//price_statistics/weekly_spi_nb/spi_report_11022021.pdf,20210212165542
2021-02-18,annex,pdf,wayback,weekly_spi,https://www.pbs.gov.pk/sites/default/files/price_statistics/weekly_spi/spi_annex_18022021.pdf,https://web.archive.org/web/20220728094159id_/https://www.pbs.gov.pk/sites/default/files/price_statistics/weekly_spi/spi_annex_18022021.pdf,20220728094159
2021-02-18,annex,pdf,wayback,weekly_spi,https://www.pbs.gov.pk/sites/default/files//price_statistics/weekly_spi_nb/spi_annex_18022021.pdf,https://web.archive.org/web/20210422123612id_/https://www.pbs.gov.pk/sites/default/files//price_statistics/weekly_spi_nb/spi_annex_18022021.pdf,20210422123612
2021-02-18,annex,pdf,wayback,weekly_spi_nb,https://www.pbs.gov.pk/sites/default/files//price_statistics/weekly_spi_nb/spi_annex_18022021.pdf,https://web.archive.org/web/20210422123612id_/https://www.pbs.gov.pk/sites/default/files//price_statistics/weekly_spi_nb/spi_annex_18022021.pdf,20210422123612
2021-02-18,summary,pdf,wayback,weekly_spi,https://www.pbs.gov.pk/sites/default/files/price_statistics/weekly_spi/spi_report_18022021.pdf,https://web.archive.org/web/20220728094204id_/https://www.pbs.gov.pk/sites/default/files/price_statistics/weekly_spi/spi_report_18022021.pdf,20220728094204
2021-02-18,summary,pdf,wayback,weekly_spi,https://www.pbs.gov.pk/sites/default/files//price_statistics/weekly_spi_nb/spi_report_18022021.pdf,https://web.archive.org/web/20210422123558id_/https://www.pbs.gov.pk/sites/default/files//price_statistics/weekly_spi_nb/spi_report_18022021.pdf,20210422123558
2021-02-18,summary,pdf,wayback,weekly_spi_nb,https://www.pbs.gov.pk/sites/default/files//price_statistics/weekly_spi_nb/spi_report_18022021.pdf,https://web.archive.org/web/20210422123558id_/https://www.pbs.gov.pk/sites/default/files//price_statistics/weekly_spi_nb/spi_report_18022021.pdf,20210422123558
2021-02-25,annex,pdf,wayback,weekly_spi,https://www.pbs.gov.pk/sites/default/files/price_statistics/weekly_spi/spi_annex_25022021.pdf,https://web.archive.org/web/20220728094149id_/https://www.pbs.gov.pk/sites/default/files/price_statistics/weekly_spi/spi_annex_25022021.pdf,20220728094149
2021-02-25,annex,pdf,wayback,weekly_spi,https://www.pbs.gov.pk/sites/default/files/price_statistics/weekly_spi/spi_annex_25022021_0.pdf,https://web.archive.org/web/20220728094155id_/https://www.pbs.gov.pk/sites/default/files/price_statistics/weekly_spi/spi_annex_25022021_0.pdf,20220728094155
2021-02-25,annex,pdf,wayback,weekly_spi,https://www.pbs.gov.pk/sites/default/files//price_statistics/weekly_spi_nb/spi_annex_25022021.pdf,https://web.archive.org/web/20210422123541id_/https://www.pbs.gov.pk/sites/default/files//price_statistics/weekly_spi_nb/spi_annex_25022021.pdf,20210422123541
2021-02-25,annex,pdf,wayback,weekly_spi_nb,https://www.pbs.gov.pk/sites/default/files//price_statistics/weekly_spi_nb/spi_annex_25022021.pdf,https://web.archive.org/web/20210422123541id_/https://www.pbs.gov.pk/sites/default/files//price_statistics/weekly_spi_nb/spi_annex_25022021.pdf,20210422123541
2021-02-25,summary,pdf,wayback,weekly_spi,https://www.pbs.gov.pk/sites/default/files//price_statistics/weekly_spi_nb/spi_report_25022021.pdf,https://web.archive.org/web/20210422123527id_/https://www.pbs.gov.pk/sites/default/files//price_statistics/weekly_spi_nb/spi_report_25022021.pdf,20210422123527
2021-02-25,summary,pdf,wayback,weekly_spi_nb,https://www.pbs.gov.pk/sites/default/files//price_statistics/weekly_spi_nb/spi_report_25022021.pdf,https://web.archive.org/web/20210422123527id_/https://www.pbs.gov.pk/sites/default/files//price_statistics/weekly_spi_nb/spi_report_25022021.pdf,20210422123527
2021-03-04,annex,pdf,wayback,weekly_spi,https://www.pbs.gov.pk/sites/default/files/price_statistics/weekly_spi/spi_annex_04032021.pdf,https://web.archive.org/web/20220728094139id_/https://www.pbs.gov.pk/sites/default/files/price_statistics/weekly_spi/spi_annex_04032021.pdf,20220728094139
2021-03-04,annex,pdf,wayback,weekly_spi,https://www.pbs.gov.pk/sites/default/files//price_statistics/weekly_spi_nb/spi_annex_04032021.pdf,https://web.archive.org/web/20210422123509id_/https://www.pbs.gov.pk/sites/default/files//price_statistics/weekly_spi_nb/spi_annex_04032021.pdf,20210422123509
2021-03-04,annex,pdf,wayback,weekly_spi_nb,https://www.pbs.gov.pk/sites/default/files//price_statistics/weekly_spi_nb/spi_annex_04032021.pdf,https://web.archive.org/web/20210422123509id_/https://www.pbs.gov.pk/sites/default/files//price_statistics/weekly_spi_nb/spi_annex_04032021.pdf,20210422123509
2021-03-04,summary,pdf,wayback,weekly_spi,https://www.pbs.gov.pk/sites/default/files/price_statistics/weekly_spi/spi_report_04032021.pdf,https://web.archive.org/web/20220728094146id_/https://www.pbs.gov.pk/sites/default/files/price_statistics/weekly_spi/spi_report_04032021.pdf,20220728094146
2021-03-04,summary,pdf,wayback,weekly_spi,https://www.pbs.gov.pk/sites/default/files//price_statistics/weekly_spi_nb/spi_report_04032021.pdf,https://web.archive.org/web/20210422123441id_/https://www.pbs.gov.pk/sites/default/files//price_statistics/weekly_spi_nb/spi_report_04032021.pdf,20210422123441
2021-03-04,summary,pdf,wayback,weekly_spi_nb,https://www.pbs.gov.pk/sites/default/files//price_statistics/weekly_spi_nb/spi_report_04032021.pdf,https://web.archive.org/web/20210422123441id_/https://www.pbs.gov.pk/sites/default/files//price_statistics/weekly_spi_nb/spi_report_04032021.pdf,20210422123441
2021-03-11,annex,pdf,wayback,weekly_spi,https://www.pbs.gov.pk/sites/default/files/price_statistics/weekly_spi/spi_annex_11032021.pdf,https://web.archive.org/web/20220728094130id_/https://www.pbs.gov.pk/sites/default/files/price_statistics/weekly_spi/spi_annex_11032021.pdf,20220728094130
2021-03-11,annex,pdf,wayback,weekly_spi,https://www.pbs.gov.pk/sites/default/files//price_statistics/weekly_spi_nb/SPI_Annex_and_utility_11032021.pdf,https://web.archive.org/web/20210316024354id_/https://www.pbs.gov.pk/sites/default/files//price_statistics/weekly_spi_nb/SPI_Annex_and_utility_11032021.pdf,20210316024354
2021-03-11,annex,pdf,wayback,weekly_spi_nb,https://www.pbs.gov.pk/sites/default/files//price_statistics/weekly_spi_nb/SPI_Annex_and_utility_11032021.pdf,https://web.archive.org/web/20210316024354id_/https://www.pbs.gov.pk/sites/default/files//price_statistics/weekly_spi_nb/SPI_Annex_and_utility_11032021.pdf,20210316024354
2021-03-11,summary,pdf,wayback,weekly_spi,https://www.pbs.gov.pk/sites/default/files/price_statistics/weekly_spi/spi_report_11032021.pdf,https://web.archive.org/web/20220728094136id_/https://www.pbs.gov.pk/sites/default/files/price_statistics/weekly_spi/spi_report_11032021.pdf,20220728094136
2021-03-11,summary,pdf,wayback,weekly_spi,https://www.pbs.gov.pk/sites/default/files//price_statistics/weekly_spi_nb/SPI_Executive_Sumary_and_Report_11032021.pdf,https://web.archive.org/web/20210422123410id_/https://www.pbs.gov.pk/sites/default/files//price_statistics/weekly_spi_nb/SPI_Executive_Sumary_and_Report_11032021.pdf,20210422123410
2021-03-11,summary,pdf,wayback,weekly_spi_nb,https://www.pbs.gov.pk/sites/default/files//price_statistics/weekly_spi_nb/SPI_Executive_Sumary_and_Report_11032021.pdf,https://web.archive.org/web/20210422123410id_/https://www.pbs.gov.pk/sites/default/files//price_statistics/weekly_spi_nb/SPI_Executive_Sumary_and_Report_11032021.pdf,20210422123410
2021-03-18,annex,pdf,wayback,weekly_spi,https://www.pbs.gov.pk/sites/default/files/price_statistics/weekly_spi/spi_annex_18032021.pdf,https://web.archive.org/web/20220728094121id_/https://www.pbs.gov.pk/sites/default/files/price_statistics/weekly_spi/spi_annex_18032021.pdf,20220728094121
2021-03-18,annex,pdf,wayback,weekly_spi,https://www.pbs.gov.pk/sites/default/files//price_statistics/weekly_spi_nb/spi_annex_18_03_2021.pdf,https://web.archive.org/web/20210422123353id_/https://www.pbs.gov.pk/sites/default/files//price_statistics/weekly_spi_nb/spi_annex_18_03_2021.pdf,20210422123353
2021-03-18,annex,pdf,wayback,weekly_spi_nb,https://www.pbs.gov.pk/sites/default/files//price_statistics/weekly_spi_nb/spi_annex_18_03_2021.pdf,https://web.archive.org/web/20210422123353id_/https://www.pbs.gov.pk/sites/default/files//price_statistics/weekly_spi_nb/spi_annex_18_03_2021.pdf,20210422123353
2021-03-18,summary,pdf,wayback,weekly_spi,https://www.pbs.gov.pk/sites/default/files/price_statistics/weekly_spi/spi_report_18032021.pdf,https://web.archive.org/web/20220728094126id_/https://www.pbs.gov.pk/sites/default/files/price_statistics/weekly_spi/spi_report_18032021.pdf,20220728094126
2021-03-18,summary,pdf,wayback,weekly_spi,https://www.pbs.gov.pk/sites/default/files//price_statistics/weekly_spi_nb/spi_executive_summary_report_18_03_2021.pdf,https://web.archive.org/web/20210422123339id_/https://www.pbs.gov.pk/sites/default/files//price_statistics/weekly_spi_nb/spi_executive_summary_report_18_03_2021.pdf,20210422123339
2021-03-18,summary,pdf,wayback,weekly_spi_nb,https://www.pbs.gov.pk/sites/default/files//price_statistics/weekly_spi_nb/spi_executive_summary_report_18_03_2021.pdf,https://web.archive.org/web/20210422123339id_/https://www.pbs.gov.pk/sites/default/files//price_statistics/weekly_spi_nb/spi_executive_summary_report_18_03_2021.pdf,20210422123339
2021-03-25,annex,pdf,wayback,weekly_spi,https://www.pbs.gov.pk/sites/default/files/price_statistics/weekly_spi/spi_annex_25032021.pdf,https://web.archive.org/web/20220728094110id_/https://www.pbs.gov.pk/sites/default/files/price_statistics/weekly_spi/spi_annex_25032021.pdf,20220728094110
2021-03-25,annex,pdf,wayback,weekly_spi,https://www.pbs.gov.pk/sites/default/files//price_statistics/weekly_spi_nb/SPI_Annex_25032021.pdf,https://web.archive.org/web/20210422123321id_/https://www.pbs.gov.pk/sites/default/files//price_statistics/weekly_spi_nb/SPI_Annex_25032021.pdf,20210422123321
2021-03-25,annex,pdf,wayback,weekly_spi_nb,https://www.pbs.gov.pk/sites/default/files//price_statistics/weekly_spi_nb/SPI_Annex_25032021.pdf,https://web.archive.org/web/20210422123321id_/https://www.pbs.gov.pk/sites/default/files//price_statistics/weekly_spi_nb/SPI_Annex_25032021.pdf,20210422123321
2021-03-25,summary,pdf,wayback,weekly_spi,https://www.pbs.gov.pk/sites/default/files/price_statistics/weekly_spi/spi_report_25032021.pdf,https://web.archive.org/web/20220728094117id_/https://www.pbs.gov.pk/sites/default/files/price_statistics/weekly_spi/spi_report_25032021.pdf,20220728094117
2021-03-25,summary,pdf,wayback,weekly_spi,https://www.pbs.gov.pk/sites/default/files//price_statistics/weekly_spi_nb/SPI_Report_25032021.pdf,https://web.archive.org/web/20210422123306id_/https://www.pbs.gov.pk/sites/default/files//price_statistics/weekly_spi_nb/SPI_Report_25032021.pdf,20210422123306
2021-03-25,summary,pdf,wayback,weekly_spi_nb,https://www.pbs.gov.pk/sites/default/files//price_statistics/weekly_spi_nb/SPI_Report_25032021.pdf,https://web.archive.org/web/20210422123306id_/https://www.pbs.gov.pk/sites/default/files//price_statistics/weekly_spi_nb/SPI_Report_25032021.pdf,20210422123306
2021-04-01,annex,pdf,wayback,weekly_spi,https://www.pbs.gov.pk/sites/default/files/price_statistics/weekly_spi/spi_annex_01042021.pdf,https://web.archive.org/web/20220728094101id_/https://www.pbs.gov.pk/sites/default/files/price_statistics/weekly_spi/spi_annex_01042021.pdf,20220728094101
2021-04-01,annex,pdf,wayback,weekly_spi,https://www.pbs.gov.pk/sites/default/files//price_statistics/weekly_spi_nb/spi_annex_01042021.pdf,https://web.archive.org/web/20210422123250id_/https://www.pbs.gov.pk/sites/default/files//price_statistics/weekly_spi_nb/spi_annex_01042021.pdf,20210422123250
2021-04-01,annex,pdf,wayback,weekly_spi_nb,https://www.pbs.gov.pk/sites/default/files//price_statistics/weekly_spi_nb/spi_annex_01042021.pdf,https://web.archive.org/web/20210422123250id_/https://www.pbs.gov.pk/sites/default/files//price_statistics/weekly_spi_nb/spi_annex_01042021.pdf,20210422123250
2021-04-01,summary,pdf,wayback,weekly_spi,https://www.pbs.gov.pk/sites/default/files/price_statistics/weekly_spi/spi_report_01042021.pdf,https://web.archive.org/web/20220728094106id_/https://www.pbs.gov.pk/sites/default/files/price_statistics/weekly_spi/spi_report_01042021.pdf,20220728094106
2021-04-01,summary,pdf,wayback,weekly_spi,https://www.pbs.gov.pk/sites/default/files//price_statistics/weekly_spi_nb/spi_executive_report_01042021.pdf,https://web.archive.org/web/20210422123232id_/https://www.pbs.gov.pk/sites/default/files//price_statistics/weekly_spi_nb/spi_executive_report_01042021.pdf,20210422123232
2021-04-01,summary,pdf,wayback,weekly_spi_nb,https://www.pbs.gov.pk/sites/default/files//price_statistics/weekly_spi_nb/spi_executive_report_01042021.pdf,https://web.archive.org/web/20210422123232id_/https://www.pbs.gov.pk/sites/default/files//price_statistics/weekly_spi_nb/spi_executive_report_01042021.pdf,20210422123232
2021-04-08,annex,pdf,wayback,weekly_spi,https://www.pbs.gov.pk/sites/default/files/price_statistics/weekly_spi/spi_annex_08042021.pdf,https://web.archive.org/web/20220728094047id_/https://www.pbs.gov.pk/sites/default/files/price_statistics/weekly_spi/spi_annex_08042021.pdf,20220728094047
2021-04-08,annex,pdf,wayback,weekly_spi,https://www.pbs.gov.pk/sites/default/files//price_statistics/weekly_spi_nb/spi_annex_08042021.pdf,https://web.archive.org/web/20210422123215id_/https://www.pbs.gov.pk/sites/default/files//price_statistics/weekly_spi_nb/spi_annex_08042021.pdf,20210422123215
2021-04-08,annex,pdf,wayback,weekly_spi_nb,https://www.pbs.gov.pk/sites/default/files//price_statistics/weekly_spi_nb/spi_annex_08042021.pdf,https://web.archive.org/web/20210422123215id_/https://www.pbs.gov.pk/sites/default/files//price_statistics/weekly_spi_nb/spi_annex_08042021.pdf,20210422123215
2021-04-08,summary,pdf,wayback,weekly_spi,https://www.pbs.gov.pk/sites/default/files/price_statistics/weekly_spi/spi_report_08042021.pdf,https://web.archive.org/web/20220728094053id_/https://www.pbs.gov.pk/sites/default/files/price_statistics/weekly_spi/spi_report_08042021.pdf,20220728094053
2021-04-08,summary,pdf,wayback,weekly_spi,https://www.pbs.gov.pk/sites/default/files//price_statistics/weekly_spi_nb/spi_report_executive_sumary_08042021.pdf,https://web.archive.org/web/20210422123201id_/https://www.pbs.gov.pk/sites/default/files//price_statistics/weekly_spi_nb/spi_report_executive_sumary_08042021.pdf,20210422123201
2021-04-08,summary,pdf,wayback,weekly_spi_nb,https://www.pbs.gov.pk/sites/default/files//price_statistics/weekly_spi_nb/spi_report_executive_sumary_08042021.pdf,https://web.archive.org/web/20210422123201id_/https://www.pbs.gov.pk/sites/default/files//price_statistics/weekly_spi_nb/spi_report_executive_sumary_08042021.pdf,20210422123201
2021-04-15,annex,pdf,wayback,weekly_spi,https://www.pbs.gov.pk/sites/default/files/price_statistics/weekly_spi/spi_annex_15042021.pdf,https://web.archive.org/web/20220728094038id_/https://www.pbs.gov.pk/sites/default/files/price_statistics/weekly_spi/spi_annex_15042021.pdf,20220728094038
2021-04-15,annex,pdf,wayback,weekly_spi,https://www.pbs.gov.pk/sites/default/files//price_statistics/weekly_spi_nb/spi_annex_15042021.pdf,https://web.archive.org/web/20210422123140id_/https://www.pbs.gov.pk/sites/default/files//price_statistics/weekly_spi_nb/spi_annex_15042021.pdf,20210422123140
2021-04-15,annex,pdf,wayback,weekly_spi_nb,https://www.pbs.gov.pk/sites/default/files//price_statistics/weekly_spi_nb/spi_annex_15042021.pdf,https://web.archive.org/web/20210422123140id_/https://www.pbs.gov.pk/sites/default/files//price_statistics/weekly_spi_nb/spi_annex_15042021.pdf,20210422123140
2021-04-15,summary,pdf,wayback,weekly_spi,https://www.pbs.gov.pk/sites/default/files/price_statistics/weekly_spi/spi_report_15042021.pdf,https://web.archive.org/web/20220728094043id_/https://www.pbs.gov.pk/sites/default/files/price_statistics/weekly_spi/spi_report_15042021.pdf,20220728094043
2021-04-15,summary,pdf,wayback,weekly_spi,https://www.pbs.gov.pk/sites/default/files//price_statistics/weekly_spi_nb/spi_executive_report_15042021.pdf,https://web.archive.org/web/20210421140557id_/https://www.pbs.gov.pk/sites/default/files//price_statistics/weekly_spi_nb/spi_executive_report_15042021.pdf,20210421140557
2021-04-15,summary,pdf,wayback,weekly_spi_nb,https://www.pbs.gov.pk/sites/default/files//price_statistics/weekly_spi_nb/spi_executive_report_15042021.pdf,https://web.archive.org/web/20210421140557id_/https://www.pbs.gov.pk/sites/default/files//price_statistics/weekly_spi_nb/spi_executive_report_15042021.pdf,20210421140557
2021-04-22,annex,pdf,wayback,weekly_spi,https://www.pbs.gov.pk/sites/default/files/price_statistics/weekly_spi/spi_annex_22042021.pdf,https://web.archive.org/web/20220728094027id_/https://www.pbs.gov.pk/sites/default/files/price_statistics/weekly_spi/spi_annex_22042021.pdf,20220728094027
2021-04-22,annex,pdf,wayback,weekly_spi,https://www.pbs.gov.pk/sites/default/files//price_statistics/weekly_spi_nb/spi_annex_uscp_22042021.pdf,https://web.archive.org/web/20210428211625id_/https://www.pbs.gov.pk/sites/default/files//price_statistics/weekly_spi_nb/spi_annex_uscp_22042021.pdf,20210428211625
2021-04-22,annex,pdf,wayback,weekly_spi_nb,https://www.pbs.gov.pk/sites/default/files//price_statistics/weekly_spi_nb/spi_annex_uscp_22042021.pdf,https://web.archive.org/web/20210428211625id_/https://www.pbs.gov.pk/sites/default/files//price_statistics/weekly_spi_nb/spi_annex_uscp_22042021.pdf,20210428211625
2021-04-22,summary,pdf,wayback,weekly_spi,https://www.pbs.gov.pk/sites/default/files/price_statistics/weekly_spi/spi_report_22042021.pdf,https://web.archive.org/web/20220728094033id_/https://www.pbs.gov.pk/sites/default/files/price_statistics/weekly_spi/spi_report_22042021.pdf,20220728094033
2021-04-22,summary,pdf,wayback,weekly_spi,https://www.pbs.gov.pk/sites/default/files//price_statistics/weekly_spi_nb/spi_executive_report_22042021.pdf,https://web.archive.org/web/20210930131223id_/https://www.pbs.gov.pk/sites/default/files//price_statistics/weekly_spi_nb/spi_executive_report_22042021.pdf,20210930131223
2021-04-22,summary,pdf,wayback,weekly_spi_nb,https://www.pbs.gov.pk/sites/default/files//price_statistics/weekly_spi_nb/spi_executive_report_22042021.pdf,https://web.archive.org/web/20210930131223id_/https://www.pbs.gov.pk/sites/default/files//price_statistics/weekly_spi_nb/spi_executive_report_22042021.pdf,20210930131223
2021-04-29,annex,pdf,wayback,weekly_spi,https://www.pbs.gov.pk/sites/default/files/price_statistics/weekly_spi/spi_annex_29042021.pdf,https://web.archive.org/web/20220728094018id_/https://www.pbs.gov.pk/sites/default/files/price_statistics/weekly_spi/spi_annex_29042021.pdf,20220728094018
2021-04-29,annex,pdf,wayback,weekly_spi,https://www.pbs.gov.pk/sites/default/files//price_statistics/weekly_spi_nb/spi_annex_29042021.pdf,https://web.archive.org/web/20210930131200id_/https://www.pbs.gov.pk/sites/default/files//price_statistics/weekly_spi_nb/spi_annex_29042021.pdf,20210930131200
2021-04-29,annex,pdf,wayback,weekly_spi_nb,https://www.pbs.gov.pk/sites/default/files//price_statistics/weekly_spi_nb/spi_annex_29042021.pdf,https://web.archive.org/web/20210930131200id_/https://www.pbs.gov.pk/sites/default/files//price_statistics/weekly_spi_nb/spi_annex_29042021.pdf,20210930131200
2021-04-29,summary,pdf,wayback,weekly_spi,https://www.pbs.gov.pk/sites/default/files/price_statistics/weekly_spi/spi_report_29042021.pdf,https://web.archive.org/web/20220728094023id_/https://www.pbs.gov.pk/sites/default/files/price_statistics/weekly_spi/spi_report_29042021.pdf,20220728094023
2021-04-29,summary,pdf,wayback,weekly_spi,https://www.pbs.gov.pk/sites/default/files//price_statistics/weekly_spi_nb/spi_report_executive_summary_29042021.pdf,https://web.archive.org/web/20210930131147id_/https://www.pbs.gov.pk/sites/default/files//price_statistics/weekly_spi_nb/spi_report_executive_summary_29042021.pdf,20210930131147
2021-04-29,summary,pdf,wayback,weekly_spi_nb,https://www.pbs.gov.pk/sites/default/files//price_statistics/weekly_spi_nb/spi_report_executive_summary_29042021.pdf,https://web.archive.org/web/20210930131147id_/https://www.pbs.gov.pk/sites/default/files//price_statistics/weekly_spi_nb/spi_report_executive_summary_29042021.pdf,20210930131147
2021-05-06,annex,pdf,wayback,weekly_spi,https://www.pbs.gov.pk/sites/default/files/price_statistics/weekly_spi/spi_annex_06052021.pdf,https://web.archive.org/web/20220728094007id_/https://www.pbs.gov.pk/sites/default/files/price_statistics/weekly_spi/spi_annex_06052021.pdf,20220728094007
2021-05-06,annex,pdf,wayback,weekly_spi,https://www.pbs.gov.pk/sites/default/files//price_statistics/weekly_spi_nb/spi_annex_06052021.pdf,https://web.archive.org/web/20210930131128id_/https://www.pbs.gov.pk/sites/default/files//price_statistics/weekly_spi_nb/spi_annex_06052021.pdf,20210930131128
2021-05-06,annex,pdf,wayback,weekly_spi_nb,https://www.pbs.gov.pk/sites/default/files//price_statistics/weekly_spi_nb/spi_annex_06052021.pdf,https://web.archive.org/web/20210930131128id_/https://www.pbs.gov.pk/sites/default/files//price_statistics/weekly_spi_nb/spi_annex_06052021.pdf,20210930131128
2021-05-06,summary,pdf,wayback,weekly_spi,https://www.pbs.gov.pk/sites/default/files/price_statistics/weekly_spi/spi_report_06052021.pdf,https://web.archive.org/web/20220728094014id_/https://www.pbs.gov.pk/sites/default/files/price_statistics/weekly_spi/spi_report_06052021.pdf,20220728094014
2021-05-06,summary,pdf,wayback,weekly_spi,https://www.pbs.gov.pk/sites/default/files//price_statistics/weekly_spi_nb/spi_report_06052021.pdf,https://web.archive.org/web/20210930131115id_/https://www.pbs.gov.pk/sites/default/files//price_statistics/weekly_spi_nb/spi_report_06052021.pdf,20210930131115
2021-05-06,summary,pdf,wayback,weekly_spi_nb,https://www.pbs.gov.pk/sites/default/files//price_statistics/weekly_spi_nb/spi_report_06052021.pdf,https://web.archive.org/web/20210930131115id_/https://www.pbs.gov.pk/sites/default/files//price_statistics/weekly_spi_nb/spi_report_06052021.pdf,20210930131115
2021-05-20,summary,pdf,wayback,weekly_spi,https://www.pbs.gov.pk/sites/default/files/price_statistics/weekly_spi/spi_report_20052021.pdf,https://web.archive.org/web/20220728094002id_/https://www.pbs.gov.pk/sites/default/files/price_statistics/weekly_spi/spi_report_20052021.pdf,20220728094002
2021-05-20,summary,pdf,wayback,weekly_spi,https://www.pbs.gov.pk/sites/default/files//price_statistics/weekly_spi_nb/spi_report_20052021.pdf,https://web.archive.org/web/20210930131043id_/https://www.pbs.gov.pk/sites/default/files//price_statistics/weekly_spi_nb/spi_report_20052021.pdf,20210930131043
2021-05-20,summary,pdf,wayback,weekly_spi_nb,https://www.pbs.gov.pk/sites/default/files//price_statistics/weekly_spi_nb/spi_report_20052021.pdf,https://web.archive.org/web/20210930131043id_/https://www.pbs.gov.pk/sites/default/files//price_statistics/weekly_spi_nb/spi_report_20052021.pdf,20210930131043
2021-05-27,annex,pdf,wayback,weekly_spi,https://www.pbs.gov.pk/sites/default/files/price_statistics/weekly_spi/spi_annex_27052021.pdf,https://web.archive.org/web/20220728093944id_/https://www.pbs.gov.pk/sites/default/files/price_statistics/weekly_spi/spi_annex_27052021.pdf,20220728093944
2021-05-27,annex,pdf,wayback,weekly_spi,https://www.pbs.gov.pk/sites/default/files//price_statistics/weekly_spi_nb/spi_annex_27052021.pdf,https://web.archive.org/web/20210930131028id_/https://www.pbs.gov.pk/sites/default/files//price_statistics/weekly_spi_nb/spi_annex_27052021.pdf,20210930131028
2021-05-27,annex,pdf,wayback,weekly_spi_nb,https://www.pbs.gov.pk/sites/default/files//price_statistics/weekly_spi_nb/spi_annex_27052021.pdf,https://web.archive.org/web/20210930131028id_/https://www.pbs.gov.pk/sites/default/files//price_statistics/weekly_spi_nb/spi_annex_27052021.pdf,20210930131028
2021-05-27,summary,pdf,wayback,weekly_spi,https://www.pbs.gov.pk/sites/default/files/price_statistics/weekly_spi/spi_report_27052021.pdf,https://web.archive.org/web/20220728093950id_/https://www.pbs.gov.pk/sites/default/files/price_statistics/weekly_spi/spi_report_27052021.pdf,20220728093950
2021-05-27,summary,pdf,wayback,weekly_spi,https://www.pbs.gov.pk/sites/default/files//price_statistics/weekly_spi_nb/spi_report_27052021.pdf,https://web.archive.org/web/20210603134801id_/https://www.pbs.gov.pk/sites/default/files//price_statistics/weekly_spi_nb/spi_report_27052021.pdf,20210603134801
2021-05-27,summary,pdf,wayback,weekly_spi_nb,https://www.pbs.gov.pk/sites/default/files//price_statistics/weekly_spi_nb/spi_report_27052021.pdf,https://web.archive.org/web/20210603134801id_/https://www.pbs.gov.pk/sites/default/files//price_statistics/weekly_spi_nb/spi_report_27052021.pdf,20210603134801
2021-06-03,annex,pdf,wayback,weekly_spi,https://www.pbs.gov.pk/sites/default/files/price_statistics/weekly_spi/spi_annex_03062021.pdf,https://web.archive.org/web/20220728093930id_/https://www.pbs.gov.pk/sites/default/files/price_statistics/weekly_spi/spi_annex_03062021.pdf,20220728093930
2021-06-03,annex,pdf,wayback,weekly_spi,https://www.pbs.gov.pk/sites/default/files//price_statistics/weekly_spi_nb/spiI_annex_03062021.pdf,https://web.archive.org/web/20210912155927id_/https://www.pbs.gov.pk/sites/default/files//price_statistics/weekly_spi_nb/spiI_annex_03062021.pdf,20210912155927
2021-06-03,annex,pdf,wayback,weekly_spi_nb,https://www.pbs.gov.pk/sites/default/files//price_statistics/weekly_spi_nb/spiI_annex_03062021.pdf,https://web.archive.org/web/20210912155927id_/https://www.pbs.gov.pk/sites/default/files//price_statistics/weekly_spi_nb/spiI_annex_03062021.pdf,20210912155927
2021-06-03,summary,pdf,wayback,weekly_spi,https://www.pbs.gov.pk/sites/default/files/price_statistics/weekly_spi/spi_report_03062021.pdf,https://web.archive.org/web/20220728093940id_/https://www.pbs.gov.pk/sites/default/files/price_statistics/weekly_spi/spi_report_03062021.pdf,20220728093940
2021-06-03,summary,pdf,wayback,weekly_spi,https://www.pbs.gov.pk/sites/default/files//price_statistics/weekly_spi_nb/spi_report_03062021.pdf,https://web.archive.org/web/20210912155911id_/https://www.pbs.gov.pk/sites/default/files//price_statistics/weekly_spi_nb/spi_report_03062021.pdf,20210912155911
2021-06-03,summary,pdf,wayback,weekly_spi_nb,https://www.pbs.gov.pk/sites/default/files//price_statistics/weekly_spi_nb/spi_report_03062021.pdf,https://web.archive.org/web/20210912155911id_/https://www.pbs.gov.pk/sites/default/files//price_statistics/weekly_spi_nb/spi_report_03062021.pdf,20210912155911
2021-06-10,annex,pdf,wayback,weekly_spi,https://www.pbs.gov.pk/sites/default/files/price_statistics/weekly_spi/spi_annex_10062021.pdf,https://web.archive.org/web/20220728093920id_/https://www.pbs.gov.pk/sites/default/files/price_statistics/weekly_spi/spi_annex_10062021.pdf,20220728093920
2021-06-10,annex,pdf,wayback,weekly_spi,https://www.pbs.gov.pk/sites/default/files//price_statistics/weekly_spi_nb/SPI_Annex%26USCP_10062021.pdf,https://web.archive.org/web/20210912155854id_/https://www.pbs.gov.pk/sites/default/files//price_statistics/weekly_spi_nb/SPI_Annex%26USCP_10062021.pdf,20210912155854
2021-06-10,annex,pdf,wayback,weekly_spi_nb,https://www.pbs.gov.pk/sites/default/files//price_statistics/weekly_spi_nb/SPI_Annex%26USCP_10062021.pdf,https://web.archive.org/web/20210912155854id_/https://www.pbs.gov.pk/sites/default/files//price_statistics/weekly_spi_nb/SPI_Annex%26USCP_10062021.pdf,20210912155854
2021-06-10,summary,pdf,wayback,weekly_spi,https://www.pbs.gov.pk/sites/default/files/price_statistics/weekly_spi/spi_report_10062021.pdf,https://web.archive.org/web/20220728093926id_/https://www.pbs.gov.pk/sites/default/files/price_statistics/weekly_spi/spi_report_10062021.pdf,20220728093926
2021-06-10,summary,pdf,wayback,weekly_spi,https://www.pbs.gov.pk/sites/default/files//price_statistics/weekly_spi_nb/SPI%20Executive%20Sumary%26Report10062021-merged.pdf,https://web.archive.org/web/20210614025345id_/https://www.pbs.gov.pk/sites/default/files//price_statistics/weekly_spi_nb/SPI%20Executive%20Sumary%26Report10062021-merged.pdf,20210614025345
2021-06-10,summary,pdf,wayback,weekly_spi_nb,https://www.pbs.gov.pk/sites/default/files//price_statistics/weekly_spi_nb/SPI%20Executive%20Sumary%26Report10062021-merged.pdf,https://web.archive.org/web/20210614025345id_/https://www.pbs.gov.pk/sites/default/files//price_statistics/weekly_spi_nb/SPI%20Executive%20Sumary%26Report10062021-merged.pdf,20210614025345
2021-06-17,annex,pdf,wayback,weekly_spi,https://www.pbs.gov.pk/sites/default/files/price_statistics/weekly_spi/spi_annex_17062021.pdf,https://web.archive.org/web/20220728093906id_/https://www.pbs.gov.pk/sites/default/files/price_statistics/weekly_spi/spi_annex_17062021.pdf,20220728093906
2021-06-17,annex,pdf,wayback,weekly_spi,https://www.pbs.gov.pk/sites/default/files//price_statistics/weekly_spi_nb/spi_annex_17062021.pdf,https://web.archive.org/web/20210912155816id_/https://www.pbs.gov.pk/sites/default/files//price_statistics/weekly_spi_nb/spi_annex_17062021.pdf,20210912155816
2021-06-17,annex,pdf,wayback,weekly_spi_nb,https://www.pbs.gov.pk/sites/default/files//price_statistics/weekly_spi_nb/spi_annex_17062021.pdf,https://web.archive.org/web/20210912155816id_/https://www.pbs.gov.pk/sites/default/files//price_statistics/weekly_spi_nb/spi_annex_17062021.pdf,20210912155816
2021-06-17,summary,pdf,wayback,weekly_spi,https://www.pbs.gov.pk/sites/default/files/price_statistics/weekly_spi/spi_report_17062021.pdf,https://web.archive.org/web/20220728093916id_/https://www.pbs.gov.pk/sites/default/files/price_statistics/weekly_spi/spi_report_17062021.pdf,20220728093916
2021-06-17,summary,pdf,wayback,weekly_spi,https://www.pbs.gov.pk/sites/default/files//price_statistics/weekly_spi_nb/spi_report_17062021.pdf,https://web.archive.org/web/20210912155803id_/https://www.pbs.gov.pk/sites/default/files//price_statistics/weekly_spi_nb/spi_report_17062021.pdf,20210912155803
2021-06-17,summary,pdf,wayback,weekly_spi_nb,https://www.pbs.gov.pk/sites/default/files//price_statistics/weekly_spi_nb/spi_report_17062021.pdf,https://web.archive.org/web/20210912155803id_/https://www.pbs.gov.pk/sites/default/files//price_statistics/weekly_spi_nb/spi_report_17062021.pdf,20210912155803
2021-06-24,annex,pdf,wayback,weekly_spi,https://www.pbs.gov.pk/sites/default/files/price_statistics/weekly_spi/spi_annex_24062021.pdf,https://web.archive.org/web/20220728093855id_/https://www.pbs.gov.pk/sites/default/files/price_statistics/weekly_spi/spi_annex_24062021.pdf,20220728093855
2021-06-24,annex,pdf,wayback,weekly_spi,https://www.pbs.gov.pk/sites/default/files//price_statistics/weekly_spi_nb/spi_annex_24062021.pdf,https://web.archive.org/web/20210912155745id_/https://www.pbs.gov.pk/sites/default/files//price_statistics/weekly_spi_nb/spi_annex_24062021.pdf,20210912155745
2021-06-24,annex,pdf,wayback,weekly_spi_nb,https://www.pbs.gov.pk/sites/default/files//price_statistics/weekly_spi_nb/spi_annex_24062021.pdf,https://web.archive.org/web/20210912155745id_/https://www.pbs.gov.pk/sites/default/files//price_statistics/weekly_spi_nb/spi_annex_24062021.pdf,20210912155745
2021-06-24,summary,pdf,wayback,weekly_spi,https://www.pbs.gov.pk/sites/default/files/price_statistics/weekly_spi/spi_sumary_24062021.pdf,https://web.archive.org/web/20220728093902id_/https://www.pbs.gov.pk/sites/default/files/price_statistics/weekly_spi/spi_sumary_24062021.pdf,20220728093902
2021-06-24,summary,pdf,wayback,weekly_spi,https://www.pbs.gov.pk/sites/default/files//price_statistics/weekly_spi_nb/spiI_sumary_24062021.pdf,https://web.archive.org/web/20210912155732id_/https://www.pbs.gov.pk/sites/default/files//price_statistics/weekly_spi_nb/spiI_sumary_24062021.pdf,20210912155732
2021-06-24,summary,pdf,wayback,weekly_spi_nb,https://www.pbs.gov.pk/sites/default/files//price_statistics/weekly_spi_nb/spiI_sumary_24062021.pdf,https://web.archive.org/web/20210912155732id_/https://www.pbs.gov.pk/sites/default/files//price_statistics/weekly_spi_nb/spiI_sumary_24062021.pdf,20210912155732
2021-07-01,annex,pdf,wayback,weekly_spi,https://www.pbs.gov.pk/sites/default/files/price_statistics/weekly_spi/spi_annex_01072021.pdf,https://web.archive.org/web/20220728093835id_/https://www.pbs.gov.pk/sites/default/files/price_statistics/weekly_spi/spi_annex_01072021.pdf,20220728093835
2021-07-01,annex,pdf,wayback,weekly_spi,https://www.pbs.gov.pk/sites/default/files//price_statistics/weekly_spi_nb/spi_annex_01072021.pdf,https://web.archive.org/web/20210912155701id_/https://www.pbs.gov.pk/sites/default/files//price_statistics/weekly_spi_nb/spi_annex_01072021.pdf,20210912155701
2021-07-01,annex,pdf,wayback,weekly_spi_nb,https://www.pbs.gov.pk/sites/default/files//price_statistics/weekly_spi_nb/spi_annex_01072021.pdf,https://web.archive.org/web/20210912155701id_/https://www.pbs.gov.pk/sites/default/files//price_statistics/weekly_spi_nb/spi_annex_01072021.pdf,20210912155701
2021-07-01,summary,pdf,wayback,weekly_spi,https://www.pbs.gov.pk/sites/default/files/price_statistics/weekly_spi/spi_report_01072021.pdf,https://web.archive.org/web/20220728093850id_/https://www.pbs.gov.pk/sites/default/files/price_statistics/weekly_spi/spi_report_01072021.pdf,20220728093850
2021-07-01,summary,pdf,wayback,weekly_spi,https://www.pbs.gov.pk/sites/default/files//price_statistics/weekly_spi_nb/spi_report_01072021.pdf,https://web.archive.org/web/20210912155648id_/https://www.pbs.gov.pk/sites/default/files//price_statistics/weekly_spi_nb/spi_report_01072021.pdf,20210912155648
2021-07-01,summary,pdf,wayback,weekly_spi_nb,https://www.pbs.gov.pk/sites/default/files//price_statistics/weekly_spi_nb/spi_report_01072021.pdf,https://web.archive.org/web/20210912155648id_/https://www.pbs.gov.pk/sites/default/files//price_statistics/weekly_spi_nb/spi_report_01072021.pdf,20210912155648
2021-07-08,annex,pdf,wayback,weekly_spi,https://www.pbs.gov.pk/sites/default/files/price_statistics/weekly_spi/spi_annex_08072021.pdf,https://web.archive.org/web/20220728093819id_/https://www.pbs.gov.pk/sites/default/files/price_statistics/weekly_spi/spi_annex_08072021.pdf,20220728093819
2021-07-08,annex,pdf,wayback,weekly_spi,https://www.pbs.gov.pk/sites/default/files//price_statistics/weekly_spi_nb/spi_annex_08072021.pdf,https://web.archive.org/web/20210912155620id_/https://www.pbs.gov.pk/sites/default/files//price_statistics/weekly_spi_nb/spi_annex_08072021.pdf,20210912155620
2021-07-08,annex,pdf,wayback,weekly_spi_nb,https://www.pbs.gov.pk/sites/default/files//price_statistics/weekly_spi_nb/spi_annex_08072021.pdf,https://web.archive.org/web/20210912155620id_/https://www.pbs.gov.pk/sites/default/files//price_statistics/weekly_spi_nb/spi_annex_08072021.pdf,20210912155620
2021-07-08,summary,pdf,wayback,weekly_spi,https://www.pbs.gov.pk/sites/default/files/price_statistics/weekly_spi/spi_report_08072021.pdf,https://web.archive.org/web/20220728093830id_/https://www.pbs.gov.pk/sites/default/files/price_statistics/weekly_spi/spi_report_08072021.pdf,20220728093830
2021-07-08,summary,pdf,wayback,weekly_spi,https://www.pbs.gov.pk/sites/default/files//price_statistics/weekly_spi_nb/spi_report_08072021.pdf,https://web.archive.org/web/20210912155606id_/https://www.pbs.gov.pk/sites/default/files//price_statistics/weekly_spi_nb/spi_report_08072021.pdf,20210912155606
2021-07-08,summary,pdf,wayback,weekly_spi_nb,https://www.pbs.gov.pk/sites/default/files//price_statistics/weekly_spi_nb/spi_report_08072021.pdf,https://web.archive.org/web/20210912155606id_/https://www.pbs.gov.pk/sites/default/files//price_statistics/weekly_spi_nb/spi_report_08072021.pdf,20210912155606
2021-07-15,annex,pdf,wayback,weekly_spi,https://www.pbs.gov.pk/sites/default/files/price_statistics/weekly_spi/spi_annex_15072021.pdf,https://web.archive.org/web/20220728093804id_/https://www.pbs.gov.pk/sites/default/files/price_statistics/weekly_spi/spi_annex_15072021.pdf,20220728093804
2021-07-15,annex,pdf,wayback,weekly_spi,https://www.pbs.gov.pk/sites/default/files//price_statistics/weekly_spi_nb/spi_annex_15072021-merged.pdf,https://web.archive.org/web/20210912155540id_/https://www.pbs.gov.pk/sites/default/files//price_statistics/weekly_spi_nb/spi_annex_15072021-merged.pdf,20210912155540
2021-07-15,annex,pdf,wayback,weekly_spi_nb,https://www.pbs.gov.pk/sites/default/files//price_statistics/weekly_spi_nb/spi_annex_15072021-merged.pdf,https://web.archive.org/web/20210912155540id_/https://www.pbs.gov.pk/sites/default/files//price_statistics/weekly_spi_nb/spi_annex_15072021-merged.pdf,20210912155540
2021-07-15,summary,pdf,wayback,weekly_spi,https://www.pbs.gov.pk/sites/default/files/price_statistics/weekly_spi/spi_report_15072021.pdf,https://web.archive.org/web/20220728093812id_/https://www.pbs.gov.pk/sites/default/files/price_statistics/weekly_spi/spi_report_15072021.pdf,20220728093812
2021-07-15,summary,pdf,wayback,weekly_spi,https://www.pbs.gov.pk/sites/default/files//price_statistics/weekly_spi_nb/spi_report_15072021.pdf,https://web.archive.org/web/20210912155522id_/https://www.pbs.gov.pk/sites/default/files//price_statistics/weekly_spi_nb/spi_report_15072021.pdf,20210912155522
2021-07-15,summary,pdf,wayback,weekly_spi_nb,https://www.pbs.gov.pk/sites/default/files//price_statistics/weekly_spi_nb/spi_report_15072021.pdf,https://web.archive.org/web/20210912155522id_/https://www.pbs.gov.pk/sites/default/files//price_statistics/weekly_spi_nb/spi_report_15072021.pdf,20210912155522
2021-07-29,annex,pdf,wayback,weekly_spi,https://www.pbs.gov.pk/sites/default/files/price_statistics/weekly_spi/spi_annex_29072021.pdf,https://web.archive.org/web/20220728093745id_/https://www.pbs.gov.pk/sites/default/files/price_statistics/weekly_spi/spi_annex_29072021.pdf,20220728093745
2021-07-29,annex,pdf,wayback,weekly_spi,https://www.pbs.gov.pk/sites/default/files//price_statistics/weekly_spi_nb/spi_annex_29072021.pdf,https://web.archive.org/web/20210912155457id_/https://www.pbs.gov.pk/sites/default/files//price_statistics/weekly_spi_nb/spi_annex_29072021.pdf,20210912155457
2021-07-29,annex,pdf,wayback,weekly_spi_nb,https://www.pbs.gov.pk/sites/default/files//price_statistics/weekly_spi_nb/spi_annex_29072021.pdf,https://web.archive.org/web/20210912155457id_/https://www.pbs.gov.pk/sites/default/files//price_statistics/weekly_spi_nb/spi_annex_29072021.pdf,20210912155457
2021-07-29,summary,pdf,wayback,weekly_spi,https://www.pbs.gov.pk/sites/default/files/price_statistics/weekly_spi/spi_report_29072021.pdf,https://web.archive.org/web/20220728093757id_/https://www.pbs.gov.pk/sites/default/files/price_statistics/weekly_spi/spi_report_29072021.pdf,20220728093757
2021-07-29,summary,pdf,wayback,weekly_spi,https://www.pbs.gov.pk/sites/default/files//price_statistics/weekly_spi_nb/spi_report_29072021.pdf,https://web.archive.org/web/20210912155443id_/https://www.pbs.gov.pk/sites/default/files//price_statistics/weekly_spi_nb/spi_report_29072021.pdf,20210912155443
2021-07-29,summary,pdf,wayback,weekly_spi_nb,https://www.pbs.gov.pk/sites/default/files//price_statistics/weekly_spi_nb/spi_report_29072021.pdf,https://web.archive.org/web/20210912155443id_/https://www.pbs.gov.pk/sites/default/files//price_statistics/weekly_spi_nb/spi_report_29072021.pdf,20210912155443
2021-08-05,annex,pdf,wayback,weekly_spi,https://www.pbs.gov.pk/sites/default/files/price_statistics/weekly_spi/spi_annex%20_05082021.pdf,https://web.archive.org/web/20220728093731id_/https://www.pbs.gov.pk/sites/default/files/price_statistics/weekly_spi/spi_annex%20_05082021.pdf,20220728093731
2021-08-05,annex,pdf,wayback,weekly_spi,https://www.pbs.gov.pk/sites/default/files//price_statistics/weekly_spi_nb/spi_annex%20_05082021_0.pdf,https://web.archive.org/web/20210912155416id_/https://www.pbs.gov.pk/sites/default/files//price_statistics/weekly_spi_nb/spi_annex%20_05082021_0.pdf,20210912155416
2021-08-05,annex,pdf,wayback,weekly_spi_nb,https://www.pbs.gov.pk/sites/default/files//price_statistics/weekly_spi_nb/spi_annex%20_05082021_0.pdf,https://web.archive.org/web/20210912155416id_/https://www.pbs.gov.pk/sites/default/files//price_statistics/weekly_spi_nb/spi_annex%20_05082021_0.pdf,20210912155416
2021-08-05,summary,pdf,wayback,weekly_spi,https://www.pbs.gov.pk/sites/default/files/price_statistics/weekly_spi/spi_report_05082021.pdf,https://web.archive.org/web/20220728093740id_/https://www.pbs.gov.pk/sites/default/files/price_statistics/weekly_spi/spi_report_05082021.pdf,20220728093740
2021-08-05,summary,pdf,wayback,weekly_spi,https://www.pbs.gov.pk/sites/default/files//price_statistics/weekly_spi_nb/spi_report_05082021.pdf,https://web.archive.org/web/20210912155358id_/https://www.pbs.gov.pk/sites/default/files//price_statistics/weekly_spi_nb/spi_report_05082021.pdf,20210912155358
2021-08-05,summary,pdf,wayback,weekly_spi_nb,https://www.pbs.gov.pk/sites/default/files//price_statistics/weekly_spi_nb/spi_report_05082021.pdf,https://web.archive.org/web/20210912155358id_/https://www.pbs.gov.pk/sites/default/files//price_statistics/weekly_spi_nb/spi_report_05082021.pdf,20210912155358
2021-08-12,annex,pdf,wayback,weekly_spi,https://www.pbs.gov.pk/sites/default/files/price_statistics/weekly_spi/spi_annex_12082021.pdf,https://web.archive.org/web/20220728093716id_/https://www.pbs.gov.pk/sites/default/files/price_statistics/weekly_spi/spi_annex_12082021.pdf,20220728093716
2021-08-12,annex,pdf,wayback,weekly_spi,https://www.pbs.gov.pk/sites/default/files//price_statistics/weekly_spi_nb/spi_annex_12082021.pdf,https://web.archive.org/web/20210912064845id_/https://www.pbs.gov.pk/sites/default/files//price_statistics/weekly_spi_nb/spi_annex_12082021.pdf,20210912064845
2021-08-12,annex,pdf,wayback,weekly_spi_nb,https://www.pbs.gov.pk/sites/default/files//price_statistics/weekly_spi_nb/spi_annex_12082021.pdf,https://web.archive.org/web/20210912064845id_/https://www.pbs.gov.pk/sites/default/files//price_statistics/weekly_spi_nb/spi_annex_12082021.pdf,20210912064845
2021-08-12,summary,pdf,wayback,weekly_spi,https://www.pbs.gov.pk/sites/default/files/price_statistics/weekly_spi/spi_report_12082021.pdf,https://web.archive.org/web/20220728093726id_/https://www.pbs.gov.pk/sites/default/files/price_statistics/weekly_spi/spi_report_12082021.pdf,20220728093726
2021-08-12,summary,pdf,wayback,weekly_spi,https://www.pbs.gov.pk/sites/default/files//price_statistics/weekly_spi_nb/spi_report_12082021.pdf,https://web.archive.org/web/20210912064832id_/https://www.pbs.gov.pk/sites/default/files//price_statistics/weekly_spi_nb/spi_report_12082021.pdf,20210912064832
2021-08-12,summary,pdf,wayback,weekly_spi_nb,https://www.pbs.gov.pk/sites/default/files//price_statistics/weekly_spi_nb/spi_report_12082021.pdf,https://web.archive.org/web/20210912064832id_/https://www.pbs.gov.pk/sites/default/files//price_statistics/weekly_spi_nb/spi_report_12082021.pdf,20210912064832
2021-08-26,annex,pdf,wayback,weekly_spi,https://www.pbs.gov.pk/sites/default/files/price_statistics/weekly_spi/spi_annex_26082021.pdf,https://web.archive.org/web/20220728093657id_/https://www.pbs.gov.pk/sites/default/files/price_statistics/weekly_spi/spi_annex_26082021.pdf,20220728093657
2021-08-26,annex,pdf,wayback,weekly_spi,https://www.pbs.gov.pk/sites/default/files//price_statistics/weekly_spi_nb/spi_annex_26082021.pdf,https://web.archive.org/web/20210912064800id_/https://www.pbs.gov.pk/sites/default/files//price_statistics/weekly_spi_nb/spi_annex_26082021.pdf,20210912064800
2021-08-26,annex,pdf,wayback,weekly_spi_nb,https://www.pbs.gov.pk/sites/default/files//price_statistics/weekly_spi_nb/spi_annex_26082021.pdf,https://web.archive.org/web/20210912064800id_/https://www.pbs.gov.pk/sites/default/files//price_statistics/weekly_spi_nb/spi_annex_26082021.pdf,20210912064800
2021-08-26,summary,pdf,wayback,weekly_spi,https://www.pbs.gov.pk/sites/default/files/price_statistics/weekly_spi/spi_report_26082021.pdf,https://web.archive.org/web/20220728093709id_/https://www.pbs.gov.pk/sites/default/files/price_statistics/weekly_spi/spi_report_26082021.pdf,20220728093709
2021-08-26,summary,pdf,wayback,weekly_spi,https://www.pbs.gov.pk/sites/default/files//price_statistics/weekly_spi_nb/spi_report_26082021.pdf,https://web.archive.org/web/20210912064746id_/https://www.pbs.gov.pk/sites/default/files//price_statistics/weekly_spi_nb/spi_report_26082021.pdf,20210912064746
2021-08-26,summary,pdf,wayback,weekly_spi_nb,https://www.pbs.gov.pk/sites/default/files//price_statistics/weekly_spi_nb/spi_report_26082021.pdf,https://web.archive.org/web/20210912064746id_/https://www.pbs.gov.pk/sites/default/files//price_statistics/weekly_spi_nb/spi_report_26082021.pdf,20210912064746
2021-09-02,annex,pdf,wayback,weekly_spi,https://www.pbs.gov.pk/sites/default/files/price_statistics/weekly_spi/spi_annex_02092021.pdf,https://web.archive.org/web/20220728093644id_/https://www.pbs.gov.pk/sites/default/files/price_statistics/weekly_spi/spi_annex_02092021.pdf,20220728093644
2021-09-02,annex,pdf,wayback,weekly_spi,https://www.pbs.gov.pk/sites/default/files//price_statistics/weekly_spi_nb/spi_annex_02092021.pdf,https://web.archive.org/web/20210912064448id_/https://www.pbs.gov.pk/sites/default/files//price_statistics/weekly_spi_nb/spi_annex_02092021.pdf,20210912064448
2021-09-02,annex,pdf,wayback,weekly_spi_nb,https://www.pbs.gov.pk/sites/default/files//price_statistics/weekly_spi_nb/spi_annex_02092021.pdf,https://web.archive.org/web/20210912064448id_/https://www.pbs.gov.pk/sites/default/files//price_statistics/weekly_spi_nb/spi_annex_02092021.pdf,20210912064448
2021-09-02,summary,pdf,wayback,weekly_spi,https://www.pbs.gov.pk/sites/default/files/price_statistics/weekly_spi/spi_report_02092021.pdf,https://web.archive.org/web/20220728093653id_/https://www.pbs.gov.pk/sites/default/files/price_statistics/weekly_spi/spi_report_02092021.pdf,20220728093653
2021-09-02,summary,pdf,wayback,weekly_spi,https://www.pbs.gov.pk/sites/default/files//price_statistics/weekly_spi_nb/spi_report_02092021_1.pdf,https://web.archive.org/web/20210912064428id_/https://www.pbs.gov.pk/sites/default/files//price_statistics/weekly_spi_nb/spi_report_02092021_1.pdf,20210912064428
2021-09-02,summary,pdf,wayback,weekly_spi_nb,https://www.pbs.gov.pk/sites/default/files//price_statistics/weekly_spi_nb/spi_report_02092021_1.pdf,https://web.archive.org/web/20210912064428id_/https://www.pbs.gov.pk/sites/default/files//price_statistics/weekly_spi_nb/spi_report_02092021_1.pdf,20210912064428
2021-09-09,annex,pdf,wayback,weekly_spi,https://www.pbs.gov.pk/sites/default/files//price_statistics/weekly_spi_nb/spi_annex_0909021.pdf,https://web.archive.org/web/20210914134235id_/https://www.pbs.gov.pk/sites/default/files//price_statistics/weekly_spi_nb/spi_annex_0909021.pdf,20210914134235
2021-09-09,annex,pdf,wayback,weekly_spi_nb,https://www.pbs.gov.pk/sites/default/files//price_statistics/weekly_spi_nb/spi_annex_0909021.pdf,https://web.archive.org/web/20210914134235id_/https://www.pbs.gov.pk/sites/default/files//price_statistics/weekly_spi_nb/spi_annex_0909021.pdf,20210914134235
2021-09-09,summary,pdf,wayback,weekly_spi,https://www.pbs.gov.pk/sites/default/files//price_statistics/weekly_spi_nb/spi_report_0909021.pdf,https://web.archive.org/web/20211112090829id_/https://www.pbs.gov.pk/sites/default/files//price_statistics/weekly_spi_nb/spi_report_0909021.pdf,20211112090829
2021-09-09,summary,pdf,wayback,weekly_spi_nb,https://www.pbs.gov.pk/sites/default/files//price_statistics/weekly_spi_nb/spi_report_0909021.pdf,https://web.archive.org/web/20211112090829id_/https://www.pbs.gov.pk/sites/default/files//price_statistics/weekly_spi_nb/spi_report_0909021.pdf,20211112090829
2021-09-16,annex,pdf,wayback,weekly_spi,https://www.pbs.gov.pk/sites/default/files/price_statistics/weekly_spi/spi_annex_16092021.pdf,https://web.archive.org/web/20220728093631id_/https://www.pbs.gov.pk/sites/default/files/price_statistics/weekly_spi/spi_annex_16092021.pdf,20220728093631
2021-09-16,annex,pdf,wayback,weekly_spi,https://www.pbs.gov.pk/sites/default/files//price_statistics/weekly_spi_nb/spi_annex_16092021.pdf,https://web.archive.org/web/20211112090800id_/https://www.pbs.gov.pk/sites/default/files//price_statistics/weekly_spi_nb/spi_annex_16092021.pdf,20211112090800
2021-09-16,annex,pdf,wayback,weekly_spi_nb,https://www.pbs.gov.pk/sites/default/files//price_statistics/weekly_spi_nb/spi_annex_16092021.pdf,https://web.archive.org/web/20211112090800id_/https://www.pbs.gov.pk/sites/default/files//price_statistics/weekly_spi_nb/spi_annex_16092021.pdf,20211112090800
2021-09-16,summary,pdf,wayback,weekly_spi,https://www.pbs.gov.pk/sites/default/files/price_statistics/weekly_spi/spi_report_16092021.pdf,https://web.archive.org/web/20220728093640id_/https://www.pbs.gov.pk/sites/default/files/price_statistics/weekly_spi/spi_report_16092021.pdf,20220728093640
2021-09-16,summary,pdf,wayback,weekly_spi,https://www.pbs.gov.pk/sites/default/files//price_statistics/weekly_spi_nb/spi_report_16092021.pdf,https://web.archive.org/web/20211112090746id_/https://www.pbs.gov.pk/sites/default/files//price_statistics/weekly_spi_nb/spi_report_16092021.pdf,20211112090746
2021-09-16,summary,pdf,wayback,weekly_spi_nb,https://www.pbs.gov.pk/sites/default/files//price_statistics/weekly_spi_nb/spi_report_16092021.pdf,https://web.archive.org/web/20211112090746id_/https://www.pbs.gov.pk/sites/default/files//price_statistics/weekly_spi_nb/spi_report_16092021.pdf,20211112090746
2021-09-23,annex,pdf,wayback,weekly_spi,https://www.pbs.gov.pk/sites/default/files/price_statistics/weekly_spi/spi_annex_23092021.pdf,https://web.archive.org/web/20220728093616id_/https://www.pbs.gov.pk/sites/default/files/price_statistics/weekly_spi/spi_annex_23092021.pdf,20220728093616
2021-09-23,annex,pdf,wayback,weekly_spi,https://www.pbs.gov.pk/sites/default/files//price_statistics/weekly_spi_nb/spi_annex_23092021.pdf,https://web.archive.org/web/20211112090702id_/https://www.pbs.gov.pk/sites/default/files//price_statistics/weekly_spi_nb/spi_annex_23092021.pdf,20211112090702
2021-09-23,annex,pdf,wayback,weekly_spi_nb,https://www.pbs.gov.pk/sites/default/files//price_statistics/weekly_spi_nb/spi_annex_23092021.pdf,https://web.archive.org/web/20211112090702id_/https://www.pbs.gov.pk/sites/default/files//price_statistics/weekly_spi_nb/spi_annex_23092021.pdf,20211112090702
2021-09-23,summary,pdf,wayback,weekly_spi,https://www.pbs.gov.pk/sites/default/files/price_statistics/weekly_spi/spi_report_23092021.pdf,https://web.archive.org/web/20220728093626id_/https://www.pbs.gov.pk/sites/default/files/price_statistics/weekly_spi/spi_report_23092021.pdf,20220728093626
2021-09-23,summary,pdf,wayback,weekly_spi,https://www.pbs.gov.pk/sites/default/files//price_statistics/weekly_spi_nb/spi_report_23092021.pdf,https://web.archive.org/web/20211112090648id_/https://www.pbs.gov.pk/sites/default/files//price_statistics/weekly_spi_nb/spi_report_23092021.pdf,20211112090648
2021-09-23,summary,pdf,wayback,weekly_spi_nb,https://www.pbs.gov.pk/sites/default/files//price_statistics/weekly_spi_nb/spi_report_23092021.pdf,https://web.archive.org/web/20211112090648id_/https://www.pbs.gov.pk/sites/default/files//price_statistics/weekly_spi_nb/spi_report_23092021.pdf,20211112090648
2021-09-30,annex,pdf,wayback,weekly_spi,https://www.pbs.gov.pk/sites/default/files/price_statistics/weekly_spi/spi_annex_30092021.pdf,https://web.archive.org/web/20220728093600id_/https://www.pbs.gov.pk/sites/default/files/price_statistics/weekly_spi/spi_annex_30092021.pdf,20220728093600
2021-09-30,annex,pdf,wayback,weekly_spi,https://www.pbs.gov.pk/sites/default/files//price_statistics/weekly_spi_nb/spi_annex_30092021.pdf,https://web.archive.org/web/20211112090622id_/https://www.pbs.gov.pk/sites/default/files//price_statistics/weekly_spi_nb/spi_annex_30092021.pdf,20211112090622
2021-09-30,annex,pdf,wayback,weekly_spi_nb,https://www.pbs.gov.pk/sites/default/files//price_statistics/weekly_spi_nb/spi_annex_30092021.pdf,https://web.archive.org/web/20211112090622id_/https://www.pbs.gov.pk/sites/default/files//price_statistics/weekly_spi_nb/spi_annex_30092021.pdf,20211112090622
2021-09-30,summary,pdf,wayback,weekly_spi,https://www.pbs.gov.pk/sites/default/files/price_statistics/weekly_spi/spi_report_30092021.pdf,https://web.archive.org/web/20220728093612id_/https://www.pbs.gov.pk/sites/default/files/price_statistics/weekly_spi/spi_report_30092021.pdf,20220728093612
2021-09-30,summary,pdf,wayback,weekly_spi,https://www.pbs.gov.pk/sites/default/files//price_statistics/weekly_spi_nb/spi_report_30092021.pdf,https://web.archive.org/web/20211001143220id_/https://www.pbs.gov.pk/sites/default/files//price_statistics/weekly_spi_nb/spi_report_30092021.pdf,20211001143220
2021-09-30,summary,pdf,wayback,weekly_spi_nb,https://www.pbs.gov.pk/sites/default/files//price_statistics/weekly_spi_nb/spi_report_30092021.pdf,https://web.archive.org/web/20211001143220id_/https://www.pbs.gov.pk/sites/default/files//price_statistics/weekly_spi_nb/spi_report_30092021.pdf,20211001143220
2021-10-07,annex,pdf,wayback,weekly_spi,https://www.pbs.gov.pk/sites/default/files/price_statistics/weekly_spi/spi_annex_07102021.pdf,https://web.archive.org/web/20220728093546id_/https://www.pbs.gov.pk/sites/default/files/price_statistics/weekly_spi/spi_annex_07102021.pdf,20220728093546
2021-10-07,annex,pdf,wayback,weekly_spi,https://www.pbs.gov.pk/sites/default/files//price_statistics/weekly_spi_nb/1633693248913_SPI_Annex%26SPI%20WPI%20Gap%26USCP_07.10.2021-merged_0.pdf,https://web.archive.org/web/20211112090535id_/https://www.pbs.gov.pk/sites/default/files//price_statistics/weekly_spi_nb/1633693248913_SPI_Annex%26SPI%20WPI%20Gap%26USCP_07.10.2021-merged_0.pdf,20211112090535
2021-10-07,annex,pdf,wayback,weekly_spi_nb,https://www.pbs.gov.pk/sites/default/files//price_statistics/weekly_spi_nb/1633693248913_SPI_Annex%26SPI%20WPI%20Gap%26USCP_07.10.2021-merged_0.pdf,https://web.archive.org/web/20211112090535id_/https://www.pbs.gov.pk/sites/default/files//price_statistics/weekly_spi_nb/1633693248913_SPI_Annex%26SPI%20WPI%20Gap%26USCP_07.10.2021-merged_0.pdf,20211112090535
2021-10-07,summary,pdf,wayback,weekly_spi,https://www.pbs.gov.pk/sites/default/files/price_statistics/weekly_spi/spi_report_07102021.pdf,https://web.archive.org/web/20220728093557id_/https://www.pbs.gov.pk/sites/default/files/price_statistics/weekly_spi/spi_report_07102021.pdf,20220728093557
2021-10-07,summary,pdf,wayback,weekly_spi,https://www.pbs.gov.pk/sites/default/files//price_statistics/weekly_spi_nb/SPI_Executive%20Sumary%26Report_07.10.2021-merged.pdf,https://web.archive.org/web/20211112090521id_/https://www.pbs.gov.pk/sites/default/files//price_statistics/weekly_spi_nb/SPI_Executive%20Sumary%26Report_07.10.2021-merged.pdf,20211112090521
2021-10-07,summary,pdf,wayback,weekly_spi_nb,https://www.pbs.gov.pk/sites/default/files//price_statistics/weekly_spi_nb/SPI_Executive%20Sumary%26Report_07.10.2021-merged.pdf,https://web.archive.org/web/20211112090521id_/https://www.pbs.gov.pk/sites/default/files//price_statistics/weekly_spi_nb/SPI_Executive%20Sumary%26Report_07.10.2021-merged.pdf,20211112090521
2021-10-14,annex,pdf,wayback,weekly_spi,https://www.pbs.gov.pk/sites/default/files/price_statistics/weekly_spi/spi_annex_14102021.pdf,https://web.archive.org/web/20220728093533id_/https://www.pbs.gov.pk/sites/default/files/price_statistics/weekly_spi/spi_annex_14102021.pdf,20220728093533
2021-10-14,annex,pdf,wayback,weekly_spi,https://www.pbs.gov.pk/sites/default/files//price_statistics/weekly_spi_nb/spi_annex_14_10_2021.pdf,https://web.archive.org/web/20211112090451id_/https://www.pbs.gov.pk/sites/default/files//price_statistics/weekly_spi_nb/spi_annex_14_10_2021.pdf,20211112090451
2021-10-14,annex,pdf,wayback,weekly_spi_nb,https://www.pbs.gov.pk/sites/default/files//price_statistics/weekly_spi_nb/spi_annex_14_10_2021.pdf,https://web.archive.org/web/20211112090451id_/https://www.pbs.gov.pk/sites/default/files//price_statistics/weekly_spi_nb/spi_annex_14_10_2021.pdf,20211112090451
2021-10-14,summary,pdf,wayback,weekly_spi,https://www.pbs.gov.pk/sites/default/files/price_statistics/weekly_spi/spi_report_1410021.pdf,https://web.archive.org/web/20220728093542id_/https://www.pbs.gov.pk/sites/default/files/price_statistics/weekly_spi/spi_report_1410021.pdf,20220728093542
2021-10-14,summary,pdf,wayback,weekly_spi,https://www.pbs.gov.pk/sites/default/files//price_statistics/weekly_spi_nb/spi_report_14_10_2021.pdf,https://web.archive.org/web/20211112090438id_/https://www.pbs.gov.pk/sites/default/files//price_statistics/weekly_spi_nb/spi_report_14_10_2021.pdf,20211112090438
2021-10-14,summary,pdf,wayback,weekly_spi_nb,https://www.pbs.gov.pk/sites/default/files//price_statistics/weekly_spi_nb/spi_report_14_10_2021.pdf,https://web.archive.org/web/20211112090438id_/https://www.pbs.gov.pk/sites/default/files//price_statistics/weekly_spi_nb/spi_report_14_10_2021.pdf,20211112090438
2021-10-21,annex,pdf,wayback,weekly_spi,https://www.pbs.gov.pk/sites/default/files/price_statistics/weekly_spi/spi_annex_21102021.pdf,https://web.archive.org/web/20220728093519id_/https://www.pbs.gov.pk/sites/default/files/price_statistics/weekly_spi/spi_annex_21102021.pdf,20220728093519
2021-10-21,annex,pdf,wayback,weekly_spi,https://www.pbs.gov.pk/sites/default/files//price_statistics/weekly_spi_nb/SPI_Annex%26SPI%20WPI%20Gap%26USCP_21.10.2021-merged.pdf,https://web.archive.org/web/20211112090412id_/https://www.pbs.gov.pk/sites/default/files//price_statistics/weekly_spi_nb/SPI_Annex%26SPI%20WPI%20Gap%26USCP_21.10.2021-merged.pdf,20211112090412
2021-10-21,annex,pdf,wayback,weekly_spi_nb,https://www.pbs.gov.pk/sites/default/files//price_statistics/weekly_spi_nb/SPI_Annex%26SPI%20WPI%20Gap%26USCP_21.10.2021-merged.pdf,https://web.archive.org/web/20211112090412id_/https://www.pbs.gov.pk/sites/default/files//price_statistics/weekly_spi_nb/SPI_Annex%26SPI%20WPI%20Gap%26USCP_21.10.2021-merged.pdf,20211112090412
2021-10-21,summary,pdf,wayback,weekly_spi,https://www.pbs.gov.pk/sites/default/files/price_statistics/weekly_spi/spi_report_21102021.pdf,https://web.archive.org/web/20220728093529id_/https://www.pbs.gov.pk/sites/default/files/price_statistics/weekly_spi/spi_report_21102021.pdf,20220728093529
2021-10-21,summary,pdf,wayback,weekly_spi,https://www.pbs.gov.pk/sites/default/files//price_statistics/weekly_spi_nb/SPI_Executive%20Sumary%26Report_21.10.2021-merged.pdf,https://web.archive.org/web/20211112090352id_/https://www.pbs.gov.pk/sites/default/files//price_statistics/weekly_spi_nb/SPI_Executive%20Sumary%26Report_21.10.2021-merged.pdf,20211112090352
2021-10-21,summary,pdf,wayback,weekly_spi_nb,https://www.pbs.gov.pk/sites/default/files//price_statistics/weekly_spi_nb/SPI_Executive%20Sumary%26Report_21.10.2021-merged.pdf,https://web.archive.org/web/20211112090352id_/https://www.pbs.gov.pk/sites/default/files//price_statistics/weekly_spi_nb/SPI_Executive%20Sumary%26Report_21.10.2021-merged.pdf,20211112090352
2021-10-28,annex,pdf,wayback,weekly_spi,https://www.pbs.gov.pk/sites/default/files/price_statistics/weekly_spi/spi_annex_28102021.pdf,https://web.archive.org/web/20220728093503id_/https://www.pbs.gov.pk/sites/default/files/price_statistics/weekly_spi/spi_annex_28102021.pdf,20220728093503
2021-10-28,annex,pdf,wayback,weekly_spi,https://www.pbs.gov.pk/sites/default/files//price_statistics/weekly_spi_nb/SPI_Annex%26SPI%20%26USCP_28.10.2021-merged.pdf,https://web.archive.org/web/20211112090319id_/https://www.pbs.gov.pk/sites/default/files//price_statistics/weekly_spi_nb/SPI_Annex%26SPI%20%26USCP_28.10.2021-merged.pdf,20211112090319
2021-10-28,annex,pdf,wayback,weekly_spi_nb,https://www.pbs.gov.pk/sites/default/files//price_statistics/weekly_spi_nb/SPI_Annex%26SPI%20%26USCP_28.10.2021-merged.pdf,https://web.archive.org/web/20211112090319id_/https://www.pbs.gov.pk/sites/default/files//price_statistics/weekly_spi_nb/SPI_Annex%26SPI%20%26USCP_28.10.2021-merged.pdf,20211112090319
2021-10-28,summary,pdf,wayback,weekly_spi,https://www.pbs.gov.pk/sites/default/files/price_statistics/weekly_spi/spi_summary_28102021.pdf,https://web.archive.org/web/20220728093514id_/https://www.pbs.gov.pk/sites/default/files/price_statistics/weekly_spi/spi_summary_28102021.pdf,20220728093514
2021-10-28,summary,pdf,wayback,weekly_spi,https://www.pbs.gov.pk/sites/default/files//price_statistics/weekly_spi_nb/SPI_Executive%20Sumary%26Report_28.10.2021-merged.pdf,https://web.archive.org/web/20211112090303id_/https://www.pbs.gov.pk/sites/default/files//price_statistics/weekly_spi_nb/SPI_Executive%20Sumary%26Report_28.10.2021-merged.pdf,20211112090303
2021-10-28,summary,pdf,wayback,weekly_spi_nb,https://www.pbs.gov.pk/sites/default/files//price_statistics/weekly_spi_nb/SPI_Executive%20Sumary%26Report_28.10.2021-merged.pdf,https://web.archive.org/web/20211112090303id_/https://www.pbs.gov.pk/sites/default/files//price_statistics/weekly_spi_nb/SPI_Executive%20Sumary%26Report_28.10.2021-merged.pdf,20211112090303
2021-11-04,annex,pdf,wayback,weekly_spi,https://www.pbs.gov.pk/sites/default/files/price_statistics/weekly_spi/spi_annex_04112021.pdf,https://web.archive.org/web/20220728093448id_/https://www.pbs.gov.pk/sites/default/files/price_statistics/weekly_spi/spi_annex_04112021.pdf,20220728093448
2021-11-04,annex,pdf,wayback,weekly_spi,https://www.pbs.gov.pk/sites/default/files//price_statistics/weekly_spi_nb/spi_annex_04.11.2021.pdf,https://web.archive.org/web/20211112090221id_/https://www.pbs.gov.pk/sites/default/files//price_statistics/weekly_spi_nb/spi_annex_04.11.2021.pdf,20211112090221
2021-11-04,annex,pdf,wayback,weekly_spi_nb,https://www.pbs.gov.pk/sites/default/files//price_statistics/weekly_spi_nb/spi_annex_04.11.2021.pdf,https://web.archive.org/web/20211112090221id_/https://www.pbs.gov.pk/sites/default/files//price_statistics/weekly_spi_nb/spi_annex_04.11.2021.pdf,20211112090221
2021-11-04,summary,pdf,wayback,weekly_spi,https://www.pbs.gov.pk/sites/default/files/price_statistics/weekly_spi/spi_summary_04112021.pdf,https://web.archive.org/web/20220728093458id_/https://www.pbs.gov.pk/sites/default/files/price_statistics/weekly_spi/spi_summary_04112021.pdf,20220728093458
2021-11-04,summary,pdf,wayback,weekly_spi,https://www.pbs.gov.pk/sites/default/files//price_statistics/weekly_spi_nb/spi_summary_report_04.11.2021.pdf,https://web.archive.org/web/20211112090206id_/https://www.pbs.gov.pk/sites/default/files//price_statistics/weekly_spi_nb/spi_summary_report_04.11.2021.pdf,20211112090206
2021-11-04,summary,pdf,wayback,weekly_spi_nb,https://www.pbs.gov.pk/sites/default/files//price_statistics/weekly_spi_nb/spi_summary_report_04.11.2021.pdf,https://web.archive.org/web/20211112090206id_/https://www.pbs.gov.pk/sites/default/files//price_statistics/weekly_spi_nb/spi_summary_report_04.11.2021.pdf,20211112090206
2021-11-11,annex,pdf,wayback,weekly_spi,https://www.pbs.gov.pk/sites/default/files/price_statistics/weekly_spi/spi_annex_11112021.pdf,https://web.archive.org/web/20220728093425id_/https://www.pbs.gov.pk/sites/default/files/price_statistics/weekly_spi/spi_annex_11112021.pdf,20220728093425
2021-11-11,annex,pdf,wayback,weekly_spi,https://www.pbs.gov.pk/sites/default/files//price_statistics/weekly_spi_nb/SPI_Annex%26USCP_11112021-merged_0.pdf,https://web.archive.org/web/20211114142841id_/https://www.pbs.gov.pk/sites/default/files//price_statistics/weekly_spi_nb/SPI_Annex%26USCP_11112021-merged_0.pdf,20211114142841
2021-11-11,annex,pdf,wayback,weekly_spi_nb,https://www.pbs.gov.pk/sites/default/files//price_statistics/weekly_spi_nb/SPI_Annex%26USCP_11112021-merged_0.pdf,https://web.archive.org/web/20211114142841id_/https://www.pbs.gov.pk/sites/default/files//price_statistics/weekly_spi_nb/SPI_Annex%26USCP_11112021-merged_0.pdf,20211114142841
2021-11-11,summary,pdf,wayback,weekly_spi,https://www.pbs.gov.pk/sites/default/files/price_statistics/weekly_spi/spi_report_11112021.pdf,https://web.archive.org/web/20220728093442id_/https://www.pbs.gov.pk/sites/default/files/price_statistics/weekly_spi/spi_report_11112021.pdf,20220728093442
2021-11-11,summary,pdf,wayback,weekly_spi,https://www.pbs.gov.pk/sites/default/files//price_statistics/weekly_spi_nb/SPI_Executive%20Sumary%26Report_11112021-merged.pdf,https://web.archive.org/web/20211112164924id_/https://www.pbs.gov.pk/sites/default/files//price_statistics/weekly_spi_nb/SPI_Executive%20Sumary%26Report_11112021-merged.pdf,20211112164924
2021-11-11,summary,pdf,wayback,weekly_spi_nb,https://www.pbs.gov.pk/sites/default/files//price_statistics/weekly_spi_nb/SPI_Executive%20Sumary%26Report_11112021-merged.pdf,https://web.archive.org/web/20211112164924id_/https://www.pbs.gov.pk/sites/default/files//price_statistics/weekly_spi_nb/SPI_Executive%20Sumary%26Report_11112021-merged.pdf,20211112164924
2021-11-18,annex,pdf,wayback,weekly_spi,https://www.pbs.gov.pk/sites/default/files/price_statistics/weekly_spi/spi_annex_18112021.pdf,https://web.archive.org/web/20220728093401id_/https://www.pbs.gov.pk/sites/default/files/price_statistics/weekly_spi/spi_annex_18112021.pdf,20220728093401
2021-11-18,annex,pdf,wayback,weekly_spi,https://www.pbs.gov.pk/sites/default/files//price_statistics/weekly_spi_nb/spi_annex_18112021.pdf,https://web.archive.org/web/20220207082930id_/https://www.pbs.gov.pk/sites/default/files//price_statistics/weekly_spi_nb/spi_annex_18112021.pdf,20220207082930
2021-11-18,annex,pdf,wayback,weekly_spi_nb,https://www.pbs.gov.pk/sites/default/files//price_statistics/weekly_spi_nb/spi_annex_18112021.pdf,https://web.archive.org/web/20220207082930id_/https://www.pbs.gov.pk/sites/default/files//price_statistics/weekly_spi_nb/spi_annex_18112021.pdf,20220207082930
2021-11-18,summary,pdf,wayback,weekly_spi,https://www.pbs.gov.pk/sites/default/files/price_statistics/weekly_spi/spi_report_18112021.pdf,https://web.archive.org/web/20220728093420id_/https://www.pbs.gov.pk/sites/default/files/price_statistics/weekly_spi/spi_report_18112021.pdf,20220728093420
2021-11-18,summary,pdf,wayback,weekly_spi,https://www.pbs.gov.pk/sites/default/files//price_statistics/weekly_spi_nb/spi_report_18112021.pdf,https://web.archive.org/web/20220207082909id_/https://www.pbs.gov.pk/sites/default/files//price_statistics/weekly_spi_nb/spi_report_18112021.pdf,20220207082909
2021-11-18,summary,pdf,wayback,weekly_spi_nb,https://www.pbs.gov.pk/sites/default/files//price_statistics/weekly_spi_nb/spi_report_18112021.pdf,https://web.archive.org/web/20220207082909id_/https://www.pbs.gov.pk/sites/default/files//price_statistics/weekly_spi_nb/spi_report_18112021.pdf,20220207082909
2021-11-25,annex,pdf,wayback,weekly_spi,https://www.pbs.gov.pk/sites/default/files/price_statistics/weekly_spi/spi_annex_25112021.pdf,https://web.archive.org/web/20220728093346id_/https://www.pbs.gov.pk/sites/default/files/price_statistics/weekly_spi/spi_annex_25112021.pdf,20220728093346
2021-11-25,annex,pdf,wayback,weekly_spi,https://www.pbs.gov.pk/sites/default/files//price_statistics/weekly_spi_nb/spi_annex_25112021_0.pdf,https://web.archive.org/web/20220207082819id_/https://www.pbs.gov.pk/sites/default/files//price_statistics/weekly_spi_nb/spi_annex_25112021_0.pdf,20220207082819
2021-11-25,annex,pdf,wayback,weekly_spi_nb,https://www.pbs.gov.pk/sites/default/files//price_statistics/weekly_spi_nb/spi_annex_25112021_0.pdf,https://web.archive.org/web/20220207082819id_/https://www.pbs.gov.pk/sites/default/files//price_statistics/weekly_spi_nb/spi_annex_25112021_0.pdf,20220207082819
2021-11-25,summary,pdf,wayback,weekly_spi,https://www.pbs.gov.pk/sites/default/files/price_statistics/weekly_spi/spi_report_25112021.pdf,https://web.archive.org/web/20220728093356id_/https://www.pbs.gov.pk/sites/default/files/price_statistics/weekly_spi/spi_report_25112021.pdf,20220728093356
2021-11-25,summary,pdf,wayback,weekly_spi,https://www.pbs.gov.pk/sites/default/files//price_statistics/weekly_spi_nb/spi_report_25112021.pdf,https://web.archive.org/web/20220207082803id_/https://www.pbs.gov.pk/sites/default/files//price_statistics/weekly_spi_nb/spi_report_25112021.pdf,20220207082803
2021-11-25,summary,pdf,wayback,weekly_spi_nb,https://www.pbs.gov.pk/sites/default/files//price_statistics/weekly_spi_nb/spi_report_25112021.pdf,https://web.archive.org/web/20220207082803id_/https://www.pbs.gov.pk/sites/default/files//price_statistics/weekly_spi_nb/spi_report_25112021.pdf,20220207082803
2021-12-02,annex,pdf,wayback,weekly_spi,https://www.pbs.gov.pk/sites/default/files/price_statistics/weekly_spi/spi_annex_02122021.pdf,https://web.archive.org/web/20220728093331id_/https://www.pbs.gov.pk/sites/default/files/price_statistics/weekly_spi/spi_annex_02122021.pdf,20220728093331
2021-12-02,annex,pdf,wayback,weekly_spi,https://www.pbs.gov.pk/sites/default/files//price_statistics/weekly_spi_nb/SPI_Annex%26USCP_02122021.pdf,https://web.archive.org/web/20220207082725id_/https://www.pbs.gov.pk/sites/default/files//price_statistics/weekly_spi_nb/SPI_Annex%26USCP_02122021.pdf,20220207082725
2021-12-02,annex,pdf,wayback,weekly_spi_nb,https://www.pbs.gov.pk/sites/default/files//price_statistics/weekly_spi_nb/SPI_Annex%26USCP_02122021.pdf,https://web.archive.org/web/20220207082725id_/https://www.pbs.gov.pk/sites/default/files//price_statistics/weekly_spi_nb/SPI_Annex%26USCP_02122021.pdf,20220207082725
2021-12-02,other,pdf,wayback,weekly_spi,https://www.pbs.gov.pk/sites/default/files/price_statistics/weekly_spi/spi_reprt_02122021.pdf,https://web.archive.org/web/20220728093342id_/https://www.pbs.gov.pk/sites/default/files/price_statistics/weekly_spi/spi_reprt_02122021.pdf,20220728093342
2021-12-02,summary,pdf,wayback,weekly_spi,https://www.pbs.gov.pk/sites/default/files//price_statistics/weekly_spi_nb/SPI_Executive%20Sumary%26Reprt_02122021.pdf,https://web.archive.org/web/20220207082709id_/https://www.pbs.gov.pk/sites/default/files//price_statistics/weekly_spi_nb/SPI_Executive%20Sumary%26Reprt_02122021.pdf,20220207082709
2021-12-02,summary,pdf,wayback,weekly_spi_nb,https://www.pbs.gov.pk/sites/default/files//price_statistics/weekly_spi_nb/SPI_Executive%20Sumary%26Reprt_02122021.pdf,https://web.archive.org/web/20220207082709id_/https://www.pbs.gov.pk/sites/default/files//price_statistics/weekly_spi_nb/SPI_Executive%20Sumary%26Reprt_02122021.pdf,20220207082709
2021-12-09,annex,pdf,wayback,weekly_spi,https://www.pbs.gov.pk/sites/default/files/price_statistics/weekly_spi/spi_annex_09122021.pdf,https://web.archive.org/web/20220728093316id_/https://www.pbs.gov.pk/sites/default/files/price_statistics/weekly_spi/spi_annex_09122021.pdf,20220728093316
2021-12-09,annex,pdf,wayback,weekly_spi,https://www.pbs.gov.pk/sites/default/files//price_statistics/weekly_spi_nb/SPI_Annex%26USCP_09122021.pdf,https://web.archive.org/web/20220207082624id_/https://www.pbs.gov.pk/sites/default/files//price_statistics/weekly_spi_nb/SPI_Annex%26USCP_09122021.pdf,20220207082624
2021-12-09,annex,pdf,wayback,weekly_spi_nb,https://www.pbs.gov.pk/sites/default/files//price_statistics/weekly_spi_nb/SPI_Annex%26USCP_09122021.pdf,https://web.archive.org/web/20220207082624id_/https://www.pbs.gov.pk/sites/default/files//price_statistics/weekly_spi_nb/SPI_Annex%26USCP_09122021.pdf,20220207082624
2021-12-09,summary,pdf,wayback,weekly_spi,https://www.pbs.gov.pk/sites/default/files/price_statistics/weekly_spi/spi_report_09122021.pdf,https://web.archive.org/web/20220728093327id_/https://www.pbs.gov.pk/sites/default/files/price_statistics/weekly_spi/spi_report_09122021.pdf,20220728093327
2021-12-09,summary,pdf,wayback,weekly_spi,https://www.pbs.gov.pk/sites/default/files//price_statistics/weekly_spi_nb/SPI_Executive%20Sumary%26Report_09122021-merged.pdf,https://web.archive.org/web/20220207082558id_/https://www.pbs.gov.pk/sites/default/files//price_statistics/weekly_spi_nb/SPI_Executive%20Sumary%26Report_09122021-merged.pdf,20220207082558
2021-12-09,summary,pdf,wayback,weekly_spi_nb,https://www.pbs.gov.pk/sites/default/files//price_statistics/weekly_spi_nb/SPI_Executive%20Sumary%26Report_09122021-merged.pdf,https://web.archive.org/web/20220207082558id_/https://www.pbs.gov.pk/sites/default/files//price_statistics/weekly_spi_nb/SPI_Executive%20Sumary%26Report_09122021-merged.pdf,20220207082558
2021-12-16,annex,pdf,wayback,weekly_spi,https://www.pbs.gov.pk/sites/default/files/price_statistics/weekly_spi/spi_annex_16122021.pdf,https://web.archive.org/web/20220728093256id_/https://www.pbs.gov.pk/sites/default/files/price_statistics/weekly_spi/spi_annex_16122021.pdf,20220728093256
2021-12-16,annex,pdf,wayback,weekly_spi,https://www.pbs.gov.pk/sites/default/files//price_statistics/weekly_spi_nb/SPI_Annex%26USCP%26WPI%26SPI%20Gap_16122021.pdf,https://web.archive.org/web/20220207082510id_/https://www.pbs.gov.pk/sites/default/files//price_statistics/weekly_spi_nb/SPI_Annex%26USCP%26WPI%26SPI%20Gap_16122021.pdf,20220207082510
2021-12-16,annex,pdf,wayback,weekly_spi_nb,https://www.pbs.gov.pk/sites/default/files//price_statistics/weekly_spi_nb/SPI_Annex%26USCP%26WPI%26SPI%20Gap_16122021.pdf,https://web.archive.org/web/20220207082510id_/https://www.pbs.gov.pk/sites/default/files//price_statistics/weekly_spi_nb/SPI_Annex%26USCP%26WPI%26SPI%20Gap_16122021.pdf,20220207082510
2021-12-16,summary,pdf,wayback,weekly_spi,https://www.pbs.gov.pk/sites/default/files/price_statistics/weekly_spi/spi_report_16122021.pdf,https://web.archive.org/web/20220728093310id_/https://www.pbs.gov.pk/sites/default/files/price_statistics/weekly_spi/spi_report_16122021.pdf,20220728093310
2021-12-16,summary,pdf,wayback,weekly_spi,https://www.pbs.gov.pk/sites/default/files//price_statistics/weekly_spi_nb/SPI_Executive%20Sumary%26Report_16122021-merged.pdf,https://web.archive.org/web/20220207082441id_/https://www.pbs.gov.pk/sites/default/files//price_statistics/weekly_spi_nb/SPI_Executive%20Sumary%26Report_16122021-merged.pdf,20220207082441
2021-12-16,summary,pdf,wayback,weekly_spi_nb,https://www.pbs.gov.pk/sites/default/files//price_statistics/weekly_spi_nb/SPI_Executive%20Sumary%26Report_16122021-merged.pdf,https://web.archive.org/web/20220207082441id_/https://www.pbs.gov.pk/sites/default/files//price_statistics/weekly_spi_nb/SPI_Executive%20Sumary%26Report_16122021-merged.pdf,20220207082441
2021-12-23,annex,pdf,wayback,weekly_spi,https://www.pbs.gov.pk/sites/default/files/price_statistics/weekly_spi/spi_annex_23122021.pdf,https://web.archive.org/web/20220728093240id_/https://www.pbs.gov.pk/sites/default/files/price_statistics/weekly_spi/spi_annex_23122021.pdf,20220728093240
2021-12-23,annex,pdf,wayback,weekly_spi,https://www.pbs.gov.pk/sites/default/files//price_statistics/weekly_spi_nb/SPI_Annex%26USCP_23.12.2021.pdf,https://web.archive.org/web/20220207082412id_/https://www.pbs.gov.pk/sites/default/files//price_statistics/weekly_spi_nb/SPI_Annex%26USCP_23.12.2021.pdf,20220207082412
2021-12-23,annex,pdf,wayback,weekly_spi_nb,https://www.pbs.gov.pk/sites/default/files//price_statistics/weekly_spi_nb/SPI_Annex%26USCP_23.12.2021.pdf,https://web.archive.org/web/20220207082412id_/https://www.pbs.gov.pk/sites/default/files//price_statistics/weekly_spi_nb/SPI_Annex%26USCP_23.12.2021.pdf,20220207082412
2021-12-23,summary,pdf,wayback,weekly_spi,https://www.pbs.gov.pk/sites/default/files/price_statistics/weekly_spi/spi_report_23122021.pdf,https://web.archive.org/web/20220728093251id_/https://www.pbs.gov.pk/sites/default/files/price_statistics/weekly_spi/spi_report_23122021.pdf,20220728093251
2021-12-23,summary,pdf,wayback,weekly_spi,https://www.pbs.gov.pk/sites/default/files//price_statistics/weekly_spi_nb/SPI_Executive%20Sumary%26Report_23.12.2021-merged.pdf,https://web.archive.org/web/20211225143529id_/https://www.pbs.gov.pk/sites/default/files//price_statistics/weekly_spi_nb/SPI_Executive%20Sumary%26Report_23.12.2021-merged.pdf,20211225143529
2021-12-23,summary,pdf,wayback,weekly_spi_nb,https://www.pbs.gov.pk/sites/default/files//price_statistics/weekly_spi_nb/SPI_Executive%20Sumary%26Report_23.12.2021-merged.pdf,https://web.archive.org/web/20211225143529id_/https://www.pbs.gov.pk/sites/default/files//price_statistics/weekly_spi_nb/SPI_Executive%20Sumary%26Report_23.12.2021-merged.pdf,20211225143529
2021-12-30,annex,pdf,wayback,weekly_spi,https://www.pbs.gov.pk/sites/default/files/price_statistics/weekly_spi/spi_annex_30122021.pdf,https://web.archive.org/web/20220728093225id_/https://www.pbs.gov.pk/sites/default/files/price_statistics/weekly_spi/spi_annex_30122021.pdf,20220728093225
2021-12-30,annex,pdf,wayback,weekly_spi,https://www.pbs.gov.pk/sites/default/files//price_statistics/weekly_spi_nb/SPI_Annex%26USCP%2030122021-merged.pdf,https://web.archive.org/web/20220207082326id_/https://www.pbs.gov.pk/sites/default/files//price_statistics/weekly_spi_nb/SPI_Annex%26USCP%2030122021-merged.pdf,20220207082326
2021-12-30,annex,pdf,wayback,weekly_spi_nb,https://www.pbs.gov.pk/sites/default/files//price_statistics/weekly_spi_nb/SPI_Annex%26USCP%2030122021-merged.pdf,https://web.archive.org/web/20220207082326id_/https://www.pbs.gov.pk/sites/default/files//price_statistics/weekly_spi_nb/SPI_Annex%26USCP%2030122021-merged.pdf,20220207082326
2021-12-30,summary,pdf,wayback,weekly_spi,https://www.pbs.gov.pk/sites/default/files/price_statistics/weekly_spi/spi_report_30122021.pdf,https://web.archive.org/web/20220728093234id_/https://www.pbs.gov.pk/sites/default/files/price_statistics/weekly_spi/spi_report_30122021.pdf,20220728093234
2021-12-30,summary,pdf,wayback,weekly_spi,https://www.pbs.gov.pk/sites/default/files//price_statistics/weekly_spi_nb/SPI_Executive%20Sumary%26report_30122021-merged.pdf,https://web.archive.org/web/20220207082309id_/https://www.pbs.gov.pk/sites/default/files//price_statistics/weekly_spi_nb/SPI_Executive%20Sumary%26report_30122021-merged.pdf,20220207082309
2021-12-30,summary,pdf,wayback,weekly_spi_nb,https://www.pbs.gov.pk/sites/default/files//price_statistics/weekly_spi_nb/SPI_Executive%20Sumary%26report_30122021-merged.pdf,https://web.archive.org/web/20220207082309id_/https://www.pbs.gov.pk/sites/default/files//price_statistics/weekly_spi_nb/SPI_Executive%20Sumary%26report_30122021-merged.pdf,20220207082309
2022-01-06,annex,pdf,wayback,weekly_spi,https://www.pbs.gov.pk/sites/default/files/price_statistics/weekly_spi/spi_annex_06012022.pdf,https://web.archive.org/web/20220728093203id_/https://www.pbs.gov.pk/sites/default/files/price_statistics/weekly_spi/spi_annex_06012022.pdf,20220728093203
2022-01-06,annex,pdf,wayback,weekly_spi,https://www.pbs.gov.pk/sites/default/files//price_statistics/weekly_spi_nb/SPI_Annex%26USCP_06012022.pdf,https://web.archive.org/web/20220207082221id_/https://www.pbs.gov.pk/sites/default/files//price_statistics/weekly_spi_nb/SPI_Annex%26USCP_06012022.pdf,20220207082221
2022-01-06,annex,pdf,wayback,weekly_spi_nb,https://www.pbs.gov.pk/sites/default/files//price_statistics/weekly_spi_nb/SPI_Annex%26USCP_06012022.pdf,https://web.archive.org/web/20220207082221id_/https://www.pbs.gov.pk/sites/default/files//price_statistics/weekly_spi_nb/SPI_Annex%26USCP_06012022.pdf,20220207082221
2022-01-06,summary,pdf,wayback,weekly_spi,https://www.pbs.gov.pk/sites/default/files/price_statistics/weekly_spi/spi_report_06012022.pdf,https://web.archive.org/web/20220728093217id_/https://www.pbs.gov.pk/sites/default/files/price_statistics/weekly_spi/spi_report_06012022.pdf,20220728093217
2022-01-06,summary,pdf,wayback,weekly_spi,https://www.pbs.gov.pk/sites/default/files//price_statistics/weekly_spi_nb/SPI_Executive%20Sumary%26Report_06012022.pdf,https://web.archive.org/web/20220111142205id_/https://www.pbs.gov.pk/sites/default/files//price_statistics/weekly_spi_nb/SPI_Executive%20Sumary%26Report_06012022.pdf,20220111142205
2022-01-06,summary,pdf,wayback,weekly_spi_nb,https://www.pbs.gov.pk/sites/default/files//price_statistics/weekly_spi_nb/SPI_Executive%20Sumary%26Report_06012022.pdf,https://web.archive.org/web/20220111142205id_/https://www.pbs.gov.pk/sites/default/files//price_statistics/weekly_spi_nb/SPI_Executive%20Sumary%26Report_06012022.pdf,20220111142205
2022-01-13,annex,pdf,wayback,weekly_spi,https://www.pbs.gov.pk/sites/default/files/price_statistics/weekly_spi/spi_annex_13012022.pdf,https://web.archive.org/web/20220728093148id_/https://www.pbs.gov.pk/sites/default/files/price_statistics/weekly_spi/spi_annex_13012022.pdf,20220728093148
2022-01-13,annex,pdf,wayback,weekly_spi,https://www.pbs.gov.pk/sites/default/files//price_statistics/weekly_spi_nb/SPI_Annex%26USCP_13012022.pdf,https://web.archive.org/web/20220207081746id_/https://www.pbs.gov.pk/sites/default/files//price_statistics/weekly_spi_nb/SPI_Annex%26USCP_13012022.pdf,20220207081746
2022-01-13,annex,pdf,wayback,weekly_spi_nb,https://www.pbs.gov.pk/sites/default/files//price_statistics/weekly_spi_nb/SPI_Annex%26USCP_13012022.pdf,https://web.archive.org/web/20220207081746id_/https://www.pbs.gov.pk/sites/default/files//price_statistics/weekly_spi_nb/SPI_Annex%26USCP_13012022.pdf,20220207081746
2022-01-13,summary,pdf,wayback,weekly_spi,https://www.pbs.gov.pk/sites/default/files/price_statistics/weekly_spi/spi_report_13012022.pdf,https://web.archive.org/web/20220728093158id_/https://www.pbs.gov.pk/sites/default/files/price_statistics/weekly_spi/spi_report_13012022.pdf,20220728093158
2022-01-13,summary,pdf,wayback,weekly_spi,https://www.pbs.gov.pk/sites/default/files//price_statistics/weekly_spi_nb/SPI_Executive%20Sumary%26Report_13012022-merged.pdf,https://web.archive.org/web/20220207081649id_/https://www.pbs.gov.pk/sites/default/files//price_statistics/weekly_spi_nb/SPI_Executive%20Sumary%26Report_13012022-merged.pdf,20220207081649
2022-01-13,summary,pdf,wayback,weekly_spi_nb,https://www.pbs.gov.pk/sites/default/files//price_statistics/weekly_spi_nb/SPI_Executive%20Sumary%26Report_13012022-merged.pdf,https://web.archive.org/web/20220207081649id_/https://www.pbs.gov.pk/sites/default/files//price_statistics/weekly_spi_nb/SPI_Executive%20Sumary%26Report_13012022-merged.pdf,20220207081649
2022-01-20,annex,pdf,wayback,weekly_spi,https://www.pbs.gov.pk/sites/default/files/price_statistics/weekly_spi/spi_annex_20012022.pdf,https://web.archive.org/web/20220728093136id_/https://www.pbs.gov.pk/sites/default/files/price_statistics/weekly_spi/spi_annex_20012022.pdf,20220728093136
2022-01-20,annex,pdf,wayback,weekly_spi,https://www.pbs.gov.pk/sites/default/files//price_statistics/weekly_spi_nb/SPI_Annex%26USCP_20012022.pdf,https://web.archive.org/web/20220207081249id_/https://www.pbs.gov.pk/sites/default/files//price_statistics/weekly_spi_nb/SPI_Annex%26USCP_20012022.pdf,20220207081249
2022-01-20,annex,pdf,wayback,weekly_spi_nb,https://www.pbs.gov.pk/sites/default/files//price_statistics/weekly_spi_nb/SPI_Annex%26USCP_20012022.pdf,https://web.archive.org/web/20220207081249id_/https://www.pbs.gov.pk/sites/default/files//price_statistics/weekly_spi_nb/SPI_Annex%26USCP_20012022.pdf,20220207081249
2022-01-20,summary,pdf,wayback,weekly_spi,https://www.pbs.gov.pk/sites/default/files/price_statistics/weekly_spi/spi_report_20012022.pdf,https://web.archive.org/web/20220728093145id_/https://www.pbs.gov.pk/sites/default/files/price_statistics/weekly_spi/spi_report_20012022.pdf,20220728093145
2022-01-20,summary,pdf,wayback,weekly_spi,https://www.pbs.gov.pk/sites/default/files//price_statistics/weekly_spi_nb/SPI_Executive%20Sumary%26Report_20012022.pdf,https://web.archive.org/web/20220207081216id_/https://www.pbs.gov.pk/sites/default/files//price_statistics/weekly_spi_nb/SPI_Executive%20Sumary%26Report_20012022.pdf,20220207081216
2022-01-20,summary,pdf,wayback,weekly_spi_nb,https://www.pbs.gov.pk/sites/default/files//price_statistics/weekly_spi_nb/SPI_Executive%20Sumary%26Report_20012022.pdf,https://web.archive.org/web/20220207081216id_/https://www.pbs.gov.pk/sites/default/files//price_statistics/weekly_spi_nb/SPI_Executive%20Sumary%26Report_20012022.pdf,20220207081216
2022-01-27,annex,pdf,wayback,weekly_spi,https://www.pbs.gov.pk/sites/default/files/price_statistics/weekly_spi/api_annex_27012022.pdf,https://web.archive.org/web/20220728093122id_/https://www.pbs.gov.pk/sites/default/files/price_statistics/weekly_spi/api_annex_27012022.pdf,20220728093122
2022-01-27,annex,pdf,wayback,weekly_spi,https://www.pbs.gov.pk/sites/default/files//price_statistics/weekly_spi_nb/SPI_Annex%26USCP_27012022.pdf,https://web.archive.org/web/20220207080957id_/https://www.pbs.gov.pk/sites/default/files//price_statistics/weekly_spi_nb/SPI_Annex%26USCP_27012022.pdf,20220207080957
2022-01-27,annex,pdf,wayback,weekly_spi_nb,https://www.pbs.gov.pk/sites/default/files//price_statistics/weekly_spi_nb/SPI_Annex%26USCP_27012022.pdf,https://web.archive.org/web/20220207080957id_/https://www.pbs.gov.pk/sites/default/files//price_statistics/weekly_spi_nb/SPI_Annex%26USCP_27012022.pdf,20220207080957
2022-01-27,summary,pdf,wayback,weekly_spi,https://www.pbs.gov.pk/sites/default/files/price_statistics/weekly_spi/spi_report_27012022.pdf,https://web.archive.org/web/20220728093132id_/https://www.pbs.gov.pk/sites/default/files/price_statistics/weekly_spi/spi_report_27012022.pdf,20220728093132
2022-01-27,summary,pdf,wayback,weekly_spi,https://www.pbs.gov.pk/sites/default/files//price_statistics/weekly_spi_nb/SPI_Executive%20Sumary%26Report_27012022.pdf,https://web.archive.org/web/20220130180522id_/https://www.pbs.gov.pk/sites/default/files//price_statistics/weekly_spi_nb/SPI_Executive%20Sumary%26Report_27012022.pdf,20220130180522
2022-01-27,summary,pdf,wayback,weekly_spi_nb,https://www.pbs.gov.pk/sites/default/files//price_statistics/weekly_spi_nb/SPI_Executive%20Sumary%26Report_27012022.pdf,https://web.archive.org/web/20220130180522id_/https://www.pbs.gov.pk/sites/default/files//price_statistics/weekly_spi_nb/SPI_Executive%20Sumary%26Report_27012022.pdf,20220130180522
2022-02-03,annex,pdf,wayback,weekly_spi,https://www.pbs.gov.pk/sites/default/files/price_statistics/weekly_spi/spi_annex_03022022.pdf,https://web.archive.org/web/20220728093109id_/https://www.pbs.gov.pk/sites/default/files/price_statistics/weekly_spi/spi_annex_03022022.pdf,20220728093109
2022-02-03,annex,pdf,wayback,weekly_spi,https://www.pbs.gov.pk/sites/default/files//price_statistics/weekly_spi_nb/SPI_Annex%26USCP_03022022.pdf,https://web.archive.org/web/20220207080842id_/https://www.pbs.gov.pk/sites/default/files//price_statistics/weekly_spi_nb/SPI_Annex%26USCP_03022022.pdf,20220207080842
2022-02-03,annex,pdf,wayback,weekly_spi_nb,https://www.pbs.gov.pk/sites/default/files//price_statistics/weekly_spi_nb/SPI_Annex%26USCP_03022022.pdf,https://web.archive.org/web/20220207080842id_/https://www.pbs.gov.pk/sites/default/files//price_statistics/weekly_spi_nb/SPI_Annex%26USCP_03022022.pdf,20220207080842
2022-02-03,summary,pdf,wayback,weekly_spi,https://www.pbs.gov.pk/sites/default/files/price_statistics/weekly_spi/spi_report_03022022.pdf,https://web.archive.org/web/20220728093119id_/https://www.pbs.gov.pk/sites/default/files/price_statistics/weekly_spi/spi_report_03022022.pdf,20220728093119
2022-02-03,summary,pdf,wayback,weekly_spi,https://www.pbs.gov.pk/sites/default/files//price_statistics/weekly_spi_nb/SPI_Executive%20Sumary%26Report_03022022.pdf,https://web.archive.org/web/20220207080822id_/https://www.pbs.gov.pk/sites/default/files//price_statistics/weekly_spi_nb/SPI_Executive%20Sumary%26Report_03022022.pdf,20220207080822
2022-02-03,summary,pdf,wayback,weekly_spi_nb,https://www.pbs.gov.pk/sites/default/files//price_statistics/weekly_spi_nb/SPI_Executive%20Sumary%26Report_03022022.pdf,https://web.archive.org/web/20220207080822id_/https://www.pbs.gov.pk/sites/default/files//price_statistics/weekly_spi_nb/SPI_Executive%20Sumary%26Report_03022022.pdf,20220207080822
2022-02-10,annex,pdf,wayback,weekly_spi,https://www.pbs.gov.pk/sites/default/files/price_statistics/weekly_spi/spi_annex_10022022_0.pdf,https://web.archive.org/web/20220728093046id_/https://www.pbs.gov.pk/sites/default/files/price_statistics/weekly_spi/spi_annex_10022022_0.pdf,20220728093046
2022-02-10,summary,pdf,wayback,weekly_spi,https://www.pbs.gov.pk/sites/default/files/price_statistics/weekly_spi/spi_report_10022022.pdf,https://web.archive.org/web/20220728093057id_/https://www.pbs.gov.pk/sites/default/files/price_statistics/weekly_spi/spi_report_10022022.pdf,20220728093057
2022-02-17,annex,pdf,wayback,weekly_spi,https://www.pbs.gov.pk/sites/default/files/price_statistics/weekly_spi/spi_annex_17022022.pdf,https://web.archive.org/web/20220728093032id_/https://www.pbs.gov.pk/sites/default/files/price_statistics/weekly_spi/spi_annex_17022022.pdf,20220728093032
2022-02-17,summary,pdf,wayback,weekly_spi,https://www.pbs.gov.pk/sites/default/files/price_statistics/weekly_spi/spi_report_17022022.pdf,https://web.archive.org/web/20220728093042id_/https://www.pbs.gov.pk/sites/default/files/price_statistics/weekly_spi/spi_report_17022022.pdf,20220728093042
2022-02-24,annex,pdf,wayback,weekly_spi,https://www.pbs.gov.pk/sites/default/files/price_statistics/weekly_spi/spi_annex_24022022.pdf,https://web.archive.org/web/20220728093016id_/https://www.pbs.gov.pk/sites/default/files/price_statistics/weekly_spi/spi_annex_24022022.pdf,20220728093016
2022-02-24,summary,pdf,wayback,weekly_spi,https://www.pbs.gov.pk/sites/default/files/price_statistics/weekly_spi/spi_report_24022022.pdf,https://web.archive.org/web/20220728093027id_/https://www.pbs.gov.pk/sites/default/files/price_statistics/weekly_spi/spi_report_24022022.pdf,20220728093027
2022-03-03,annex,pdf,wayback,weekly_spi,https://www.pbs.gov.pk/sites/default/files/price_statistics/weekly_spi/spi_annex_03032022.pdf,https://web.archive.org/web/20220619064800id_/https://www.pbs.gov.pk/sites/default/files/price_statistics/weekly_spi/spi_annex_03032022.pdf,20220619064800
2022-03-03,summary,pdf,wayback,weekly_spi,https://www.pbs.gov.pk/sites/default/files/price_statistics/weekly_spi/spi_report_03032022.pdf,https://web.archive.org/web/20220619064815id_/https://www.pbs.gov.pk/sites/default/files/price_statistics/weekly_spi/spi_report_03032022.pdf,20220619064815
2022-03-10,annex,pdf,wayback,weekly_spi,https://www.pbs.gov.pk/sites/default/files/price_statistics/weekly_spi/spi_annex_10032022.pdf,https://web.archive.org/web/20220619064726id_/https://www.pbs.gov.pk/sites/default/files/price_statistics/weekly_spi/spi_annex_10032022.pdf,20220619064726
2022-03-10,summary,pdf,wayback,weekly_spi,https://www.pbs.gov.pk/sites/default/files/price_statistics/weekly_spi/spi_report_10032022.pdf,https://web.archive.org/web/20220619064747id_/https://www.pbs.gov.pk/sites/default/files/price_statistics/weekly_spi/spi_report_10032022.pdf,20220619064747
2022-03-17,annex,pdf,wayback,weekly_spi,https://www.pbs.gov.pk/sites/default/files/price_statistics/weekly_spi/spi_annex_17032022.pdf,https://web.archive.org/web/20220619064705id_/https://www.pbs.gov.pk/sites/default/files/price_statistics/weekly_spi/spi_annex_17032022.pdf,20220619064705
2022-03-17,summary,pdf,wayback,weekly_spi,https://www.pbs.gov.pk/sites/default/files/price_statistics/weekly_spi/spi_report_17032022.pdf,https://web.archive.org/web/20220619064719id_/https://www.pbs.gov.pk/sites/default/files/price_statistics/weekly_spi/spi_report_17032022.pdf,20220619064719
2022-03-24,annex,pdf,wayback,weekly_spi,https://www.pbs.gov.pk/sites/default/files/price_statistics/weekly_spi/spi_annex_24032022.pdf,https://web.archive.org/web/20220619064642id_/https://www.pbs.gov.pk/sites/default/files/price_statistics/weekly_spi/spi_annex_24032022.pdf,20220619064642
2022-03-24,summary,pdf,wayback,weekly_spi,https://www.pbs.gov.pk/sites/default/files/price_statistics/weekly_spi/spi_report_24032022.pdf,https://web.archive.org/web/20220619064659id_/https://www.pbs.gov.pk/sites/default/files/price_statistics/weekly_spi/spi_report_24032022.pdf,20220619064659
2022-03-31,annex,pdf,wayback,weekly_spi,https://www.pbs.gov.pk/sites/default/files/price_statistics/weekly_spi/spi_annex_31032022.pdf,https://web.archive.org/web/20220619064620id_/https://www.pbs.gov.pk/sites/default/files/price_statistics/weekly_spi/spi_annex_31032022.pdf,20220619064620
2022-03-31,summary,pdf,wayback,weekly_spi,https://www.pbs.gov.pk/sites/default/files/price_statistics/weekly_spi/spi_report_31032022.pdf,https://web.archive.org/web/20220619064635id_/https://www.pbs.gov.pk/sites/default/files/price_statistics/weekly_spi/spi_report_31032022.pdf,20220619064635
2022-04-07,annex,pdf,wayback,weekly_spi,https://www.pbs.gov.pk/sites/default/files/price_statistics/weekly_spi/spi_annex_07042022.pdf,https://web.archive.org/web/20220619064559id_/https://www.pbs.gov.pk/sites/default/files/price_statistics/weekly_spi/spi_annex_07042022.pdf,20220619064559
2022-04-07,summary,pdf,wayback,weekly_spi,https://www.pbs.gov.pk/sites/default/files/price_statistics/weekly_spi/spi_report_07042022.pdf,https://web.archive.org/web/20220619064614id_/https://www.pbs.gov.pk/sites/default/files/price_statistics/weekly_spi/spi_report_07042022.pdf,20220619064614
2022-04-14,annex,pdf,wayback,weekly_spi,https://www.pbs.gov.pk/sites/default/files/price_statistics/weekly_spi/spi_annex_14042022.pdf,https://web.archive.org/web/20220619064535id_/https://www.pbs.gov.pk/sites/default/files/price_statistics/weekly_spi/spi_annex_14042022.pdf,20220619064535
2022-04-14,summary,pdf,wayback,weekly_spi,https://www.pbs.gov.pk/sites/default/files/price_statistics/weekly_spi/spi_report_14042022.pdf,https://web.archive.org/web/20220619064552id_/https://www.pbs.gov.pk/sites/default/files/price_statistics/weekly_spi/spi_report_14042022.pdf,20220619064552
2022-04-21,annex,pdf,wayback,weekly_spi,https://www.pbs.gov.pk/sites/default/files/price_statistics/weekly_spi/spi_annex_21042022.pdf,https://web.archive.org/web/20220619064504id_/https://www.pbs.gov.pk/sites/default/files/price_statistics/weekly_spi/spi_annex_21042022.pdf,20220619064504
2022-04-21,summary,pdf,wayback,weekly_spi,https://www.pbs.gov.pk/sites/default/files/price_statistics/weekly_spi/spi_report_21042022.pdf,https://web.archive.org/web/20220619064522id_/https://www.pbs.gov.pk/sites/default/files/price_statistics/weekly_spi/spi_report_21042022.pdf,20220619064522
2022-04-28,summary,pdf,wayback,weekly_spi,https://www.pbs.gov.pk/sites/default/files/price_statistics/weekly_spi/spi_report_28042022.pdf,https://web.archive.org/web/20220619064457id_/https://www.pbs.gov.pk/sites/default/files/price_statistics/weekly_spi/spi_report_28042022.pdf,20220619064457
2022-05-12,annex,pdf,wayback,weekly_spi,https://www.pbs.gov.pk/sites/default/files/price_statistics/weekly_spi/SPI_Annex%26USCP_12052022.pdf,https://web.archive.org/web/20220619064414id_/https://www.pbs.gov.pk/sites/default/files/price_statistics/weekly_spi/SPI_Annex%26USCP_12052022.pdf,20220619064414
2022-05-12,summary,pdf,wayback,weekly_spi,https://www.pbs.gov.pk/sites/default/files/price_statistics/weekly_spi/SPI_Executive_Sumary%26Report_12052022.pdf,https://web.archive.org/web/20220619064435id_/https://www.pbs.gov.pk/sites/default/files/price_statistics/weekly_spi/SPI_Executive_Sumary%26Report_12052022.pdf,20220619064435
2022-05-19,annex,pdf,wayback,weekly_spi,https://www.pbs.gov.pk/sites/default/files/price_statistics/weekly_spi/SPI_Annex%26USCP_19052022.pdf,https://web.archive.org/web/20220706215506id_/https://www.pbs.gov.pk/sites/default/files/price_statistics/weekly_spi/SPI_Annex%26USCP_19052022.pdf,20220706215506
2022-05-19,summary,pdf,wayback,weekly_spi,https://www.pbs.gov.pk/sites/default/files/price_statistics/weekly_spi/SPI_Executive%20Sumary%26Report_19052022.pdf,https://web.archive.org/web/20220706215516id_/https://www.pbs.gov.pk/sites/default/files/price_statistics/weekly_spi/SPI_Executive%20Sumary%26Report_19052022.pdf,20220706215516
2022-05-26,annex,pdf,wayback,weekly_spi,https://www.pbs.gov.pk/sites/default/files/price_statistics/weekly_spi/SPI_Annex%26USCP_26052022.pdf,https://web.archive.org/web/20220706215451id_/https://www.pbs.gov.pk/sites/default/files/price_statistics/weekly_spi/SPI_Annex%26USCP_26052022.pdf,20220706215451
2022-05-26,summary,pdf,wayback,weekly_spi,https://www.pbs.gov.pk/sites/default/files/price_statistics/weekly_spi/SPI_Executive%20Sumary%26Report_26052022.pdf,https://web.archive.org/web/20220706215502id_/https://www.pbs.gov.pk/sites/default/files/price_statistics/weekly_spi/SPI_Executive%20Sumary%26Report_26052022.pdf,20220706215502
2022-06-02,annex,pdf,wayback,weekly_spi,https://www.pbs.gov.pk/sites/default/files/price_statistics/weekly_spi/SPI_Annex%26USCP_02062022.pdf,https://web.archive.org/web/20220706215437id_/https://www.pbs.gov.pk/sites/default/files/price_statistics/weekly_spi/SPI_Annex%26USCP_02062022.pdf,20220706215437
2022-06-02,summary,pdf,wayback,weekly_spi,https://www.pbs.gov.pk/sites/default/files/price_statistics/weekly_spi/SPI_Executive%20Sumary%26Report_02062022.pdf,https://web.archive.org/web/20220706215447id_/https://www.pbs.gov.pk/sites/default/files/price_statistics/weekly_spi/SPI_Executive%20Sumary%26Report_02062022.pdf,20220706215447
2022-06-09,annex,pdf,wayback,weekly_spi,https://www.pbs.gov.pk/sites/default/files/price_statistics/weekly_spi/SPI_Annex%26USCP_09062022.pdf,https://web.archive.org/web/20220706215424id_/https://www.pbs.gov.pk/sites/default/files/price_statistics/weekly_spi/SPI_Annex%26USCP_09062022.pdf,20220706215424
2022-06-09,summary,pdf,wayback,weekly_spi,https://www.pbs.gov.pk/sites/default/files/price_statistics/weekly_spi/SPI_Executive%20Sumary%26Report_09062022.pdf,https://web.archive.org/web/20220706215433id_/https://www.pbs.gov.pk/sites/default/files/price_statistics/weekly_spi/SPI_Executive%20Sumary%26Report_09062022.pdf,20220706215433
2022-06-16,annex,pdf,wayback,weekly_spi,https://www.pbs.gov.pk/sites/default/files/price_statistics/weekly_spi/SPI_Annex%26USCP_16062022.pdf,https://web.archive.org/web/20220706215412id_/https://www.pbs.gov.pk/sites/default/files/price_statistics/weekly_spi/SPI_Annex%26USCP_16062022.pdf,20220706215412
2022-06-16,summary,pdf,wayback,weekly_spi,https://www.pbs.gov.pk/sites/default/files/price_statistics/weekly_spi/SPI_Executive_Sumary%26Report_16062022.pdf,https://web.archive.org/web/20220706215420id_/https://www.pbs.gov.pk/sites/default/files/price_statistics/weekly_spi/SPI_Executive_Sumary%26Report_16062022.pdf,20220706215420
2022-06-23,annex,pdf,wayback,weekly_spi,https://www.pbs.gov.pk/sites/default/files/price_statistics/weekly_spi/SPI_Annex&USCP_23062022.pdf,https://web.archive.org/web/20220625080234id_/https://www.pbs.gov.pk/sites/default/files/price_statistics/weekly_spi/SPI_Annex&USCP_23062022.pdf,20220625080234
2022-06-23,summary,pdf,wayback,weekly_spi,https://www.pbs.gov.pk/sites/default/files/price_statistics/weekly_spi/SPI_Executive_Sumary%26Report_23062022.pdf,https://web.archive.org/web/20220627052645id_/https://www.pbs.gov.pk/sites/default/files/price_statistics/weekly_spi/SPI_Executive_Sumary%26Report_23062022.pdf,20220627052645
2022-07-01,annex,pdf,wayback,weekly_spi,https://www.pbs.gov.pk/sites/default/files/price_statistics/weekly_spi/SPI_Annex%26USCP_01072022.pdf,https://web.archive.org/web/20220817121152id_/https://www.pbs.gov.pk/sites/default/files/price_statistics/weekly_spi/SPI_Annex%26USCP_01072022.pdf,20220817121152
2022-07-01,summary,pdf,wayback,weekly_spi,https://www.pbs.gov.pk/sites/default/files/price_statistics/weekly_spi/SPI_Executive_Sumary%26Report_01072022.pdf,https://web.archive.org/web/20220704170359id_/https://www.pbs.gov.pk/sites/default/files/price_statistics/weekly_spi/SPI_Executive_Sumary%26Report_01072022.pdf,20220704170359
2022-07-06,annex,pdf,wayback,weekly_spi,https://www.pbs.gov.pk/sites/default/files/price_statistics/weekly_spi/SPI_Annex%26USCP_06072022.pdf,https://web.archive.org/web/20220817121141id_/https://www.pbs.gov.pk/sites/default/files/price_statistics/weekly_spi/SPI_Annex%26USCP_06072022.pdf,20220817121141
2022-07-06,summary,pdf,wayback,weekly_spi,https://www.pbs.gov.pk/sites/default/files/price_statistics/weekly_spi/SPI_Executive_Sumary%26Report_06072022.pdf,https://web.archive.org/web/20220817121148id_/https://www.pbs.gov.pk/sites/default/files/price_statistics/weekly_spi/SPI_Executive_Sumary%26Report_06072022.pdf,20220817121148
2022-07-14,annex,pdf,wayback,weekly_spi,https://www.pbs.gov.pk/sites/default/files/price_statistics/weekly_spi/SPI_Annex%26USCP_14072022.pdf,https://web.archive.org/web/20220817121129id_/https://www.pbs.gov.pk/sites/default/files/price_statistics/weekly_spi/SPI_Annex%26USCP_14072022.pdf,20220817121129
2022-07-14,summary,pdf,wayback,weekly_spi,https://www.pbs.gov.pk/sites/default/files/price_statistics/weekly_spi/SPI_Executive_Sumary%26Report_14072022.pdf,https://web.archive.org/web/20220817121137id_/https://www.pbs.gov.pk/sites/default/files/price_statistics/weekly_spi/SPI_Executive_Sumary%26Report_14072022.pdf,20220817121137
2022-07-21,annex,pdf,wayback,weekly_spi,https://www.pbs.gov.pk/sites/default/files/price_statistics/weekly_spi/SPI_Annex%26USCP_21072022.pdf,https://web.archive.org/web/20220817121112id_/https://www.pbs.gov.pk/sites/default/files/price_statistics/weekly_spi/SPI_Annex%26USCP_21072022.pdf,20220817121112
2022-07-21,summary,pdf,wayback,weekly_spi,https://www.pbs.gov.pk/sites/default/files/price_statistics/weekly_spi/SPI_Executive_Sumary%26Report_21072022.pdf,https://web.archive.org/web/20220817121125id_/https://www.pbs.gov.pk/sites/default/files/price_statistics/weekly_spi/SPI_Executive_Sumary%26Report_21072022.pdf,20220817121125
2022-07-28,annex,pdf,wayback,weekly_spi,https://www.pbs.gov.pk/sites/default/files/price_statistics/weekly_spi/SPI_Annex%26USCP_28072022.pdf,https://web.archive.org/web/20221117113825id_/https://www.pbs.gov.pk/sites/default/files/price_statistics/weekly_spi/SPI_Annex%26USCP_28072022.pdf,20221117113825
2022-07-28,summary,pdf,wayback,weekly_spi,https://www.pbs.gov.pk/sites/default/files/price_statistics/weekly_spi/SPI_Executive_Sumary%26Report_28072022.pdf,https://web.archive.org/web/20221117113848id_/https://www.pbs.gov.pk/sites/default/files/price_statistics/weekly_spi/SPI_Executive_Sumary%26Report_28072022.pdf,20221117113848
2022-08-04,annex,pdf,wayback,weekly_spi,https://www.pbs.gov.pk/sites/default/files/price_statistics/weekly_spi/SPI_Annex%26USCP_04082022.pdf,https://web.archive.org/web/20221117113801id_/https://www.pbs.gov.pk/sites/default/files/price_statistics/weekly_spi/SPI_Annex%26USCP_04082022.pdf,20221117113801
2022-08-04,summary,pdf,wayback,weekly_spi,https://www.pbs.gov.pk/sites/default/files/price_statistics/weekly_spi/SPI_Executive_Sumary%26Report_04082022.pdf,https://web.archive.org/web/20220806090748id_/https://www.pbs.gov.pk/sites/default/files/price_statistics/weekly_spi/SPI_Executive_Sumary%26Report_04082022.pdf,20220806090748
2022-08-11,annex,pdf,wayback,weekly_spi,https://www.pbs.gov.pk/sites/default/files/price_statistics/weekly_spi/SPI_Annex%26USCP_11082022.pdf,https://web.archive.org/web/20221117113730id_/https://www.pbs.gov.pk/sites/default/files/price_statistics/weekly_spi/SPI_Annex%26USCP_11082022.pdf,20221117113730
2022-08-11,summary,pdf,wayback,weekly_spi,https://www.pbs.gov.pk/sites/default/files/price_statistics/weekly_spi/SPI_Executive%20Sumary%26Report_11082022.pdf,https://web.archive.org/web/20220826073521id_/https://www.pbs.gov.pk/sites/default/files/price_statistics/weekly_spi/SPI_Executive%20Sumary%26Report_11082022.pdf,20220826073521
2022-08-18,annex,pdf,wayback,weekly_spi,https://www.pbs.gov.pk/sites/default/files/price_statistics/weekly_spi/SPI_Annex%26USCP_18082022.pdf,https://web.archive.org/web/20221117113625id_/https://www.pbs.gov.pk/sites/default/files/price_statistics/weekly_spi/SPI_Annex%26USCP_18082022.pdf,20221117113625
2022-08-18,summary,pdf,wayback,weekly_spi,https://www.pbs.gov.pk/sites/default/files/price_statistics/weekly_spi/SPI_Executive_Sumary%26Report_18082022.pdf,https://web.archive.org/web/20220831063048id_/https://www.pbs.gov.pk/sites/default/files/price_statistics/weekly_spi/SPI_Executive_Sumary%26Report_18082022.pdf,20220831063048
2022-08-25,annex,pdf,wayback,weekly_spi,https://www.pbs.gov.pk/sites/default/files/price_statistics/weekly_spi/SPI_Annex%26USCP_25082022.pdf,https://web.archive.org/web/20221117113605id_/https://www.pbs.gov.pk/sites/default/files/price_statistics/weekly_spi/SPI_Annex%26USCP_25082022.pdf,20221117113605
2022-08-25,summary,pdf,wayback,weekly_spi,https://www.pbs.gov.pk/sites/default/files/price_statistics/weekly_spi/SPI_Executive%20Sumary%26Report_25082022.pdf,https://web.archive.org/web/20220828055014id_/https://www.pbs.gov.pk/sites/default/files/price_statistics/weekly_spi/SPI_Executive%20Sumary%26Report_25082022.pdf,20220828055014
2022-09-01,annex,pdf,wayback,weekly_spi,https://www.pbs.gov.pk/sites/default/files/price_statistics/weekly_spi/SPI_Annex%26USCP_01092022.pdf,https://web.archive.org/web/20220911002406id_/https://www.pbs.gov.pk/sites/default/files/price_statistics/weekly_spi/SPI_Annex%26USCP_01092022.pdf,20220911002406
2022-09-01,summary,pdf,wayback,weekly_spi,https://www.pbs.gov.pk/sites/default/files/price_statistics/weekly_spi/SPI_Executive%20Sumary%26Report_01092022.pdf,https://web.archive.org/web/20221117113555id_/https://www.pbs.gov.pk/sites/default/files/price_statistics/weekly_spi/SPI_Executive%20Sumary%26Report_01092022.pdf,20221117113555
2022-09-08,annex,pdf,wayback,weekly_spi,https://www.pbs.gov.pk/sites/default/files/price_statistics/weekly_spi/SPI_Annex%26USCP_08092022.pdf,https://web.archive.org/web/20221114135845id_/https://www.pbs.gov.pk/sites/default/files/price_statistics/weekly_spi/SPI_Annex%26USCP_08092022.pdf,20221114135845
2022-09-08,summary,pdf,wayback,weekly_spi,https://www.pbs.gov.pk/sites/default/files/price_statistics/weekly_spi/SPI_Executive%20Sumary%26Report_08092022.pdf,https://web.archive.org/web/20220910112941id_/https://www.pbs.gov.pk/sites/default/files/price_statistics/weekly_spi/SPI_Executive%20Sumary%26Report_08092022.pdf,20220910112941
2022-09-15,annex,pdf,wayback,weekly_spi,https://www.pbs.gov.pk/sites/default/files/price_statistics/weekly_spi/SPI_Annex%26USCP_15092022.pdf,https://web.archive.org/web/20221114135807id_/https://www.pbs.gov.pk/sites/default/files/price_statistics/weekly_spi/SPI_Annex%26USCP_15092022.pdf,20221114135807
2022-09-15,summary,pdf,wayback,weekly_spi,https://www.pbs.gov.pk/sites/default/files/price_statistics/weekly_spi/SPI_Executive_Sumary%26Report_15092022.pdf,https://web.archive.org/web/20220924065923id_/https://www.pbs.gov.pk/sites/default/files/price_statistics/weekly_spi/SPI_Executive_Sumary%26Report_15092022.pdf,20220924065923
2022-09-22,annex,pdf,wayback,weekly_spi,https://www.pbs.gov.pk/sites/default/files/price_statistics/weekly_spi/SPI_Annex%26USCP_22092022.pdf,https://web.archive.org/web/20221114135744id_/https://www.pbs.gov.pk/sites/default/files/price_statistics/weekly_spi/SPI_Annex%26USCP_22092022.pdf,20221114135744
2022-09-22,summary,pdf,wayback,weekly_spi,https://www.pbs.gov.pk/sites/default/files/price_statistics/weekly_spi/SPI_Executive_Sumary%26Report_22092022.pdf,https://web.archive.org/web/20221001230802id_/https://www.pbs.gov.pk/sites/default/files/price_statistics/weekly_spi/SPI_Executive_Sumary%26Report_22092022.pdf,20221001230802
2022-09-29,annex,pdf,wayback,weekly_spi,https://www.pbs.gov.pk/sites/default/files/price_statistics/weekly_spi/SPI_Annex%26USCP_29092022.pdf,https://web.archive.org/web/20221114135718id_/https://www.pbs.gov.pk/sites/default/files/price_statistics/weekly_spi/SPI_Annex%26USCP_29092022.pdf,20221114135718
2022-09-29,summary,pdf,wayback,weekly_spi,https://www.pbs.gov.pk/sites/default/files/price_statistics/weekly_spi/SPI_Executive_Sumary%26Report_29092022.pdf,https://web.archive.org/web/20221008111643id_/https://www.pbs.gov.pk/sites/default/files/price_statistics/weekly_spi/SPI_Executive_Sumary%26Report_29092022.pdf,20221008111643
2022-10-06,annex,pdf,wayback,weekly_spi,https://www.pbs.gov.pk/sites/default/files/price_statistics/weekly_spi/SPI_Annex%26USCP_06102022.pdf,https://web.archive.org/web/20221114135655id_/https://www.pbs.gov.pk/sites/default/files/price_statistics/weekly_spi/SPI_Annex%26USCP_06102022.pdf,20221114135655
2022-10-06,summary,pdf,wayback,weekly_spi,https://www.pbs.gov.pk/sites/default/files/price_statistics/weekly_spi/SPI_Executive_Sumary%26Report_06102022.pdf,https://web.archive.org/web/20221015202047id_/https://www.pbs.gov.pk/sites/default/files/price_statistics/weekly_spi/SPI_Executive_Sumary%26Report_06102022.pdf,20221015202047
2022-10-13,annex,pdf,wayback,weekly_spi,https://www.pbs.gov.pk/sites/default/files/price_statistics/weekly_spi/SPI_Annex%26USCP_13102022.pdf,https://web.archive.org/web/20221114135631id_/https://www.pbs.gov.pk/sites/default/files/price_statistics/weekly_spi/SPI_Annex%26USCP_13102022.pdf,20221114135631
2022-10-13,summary,pdf,wayback,weekly_spi,https://www.pbs.gov.pk/sites/default/files/price_statistics/weekly_spi/SPI_Executive%20Sumary%26Report_13102022.pdf,https://web.archive.org/web/20221114135648id_/https://www.pbs.gov.pk/sites/default/files/price_statistics/weekly_spi/SPI_Executive%20Sumary%26Report_13102022.pdf,20221114135648
2022-10-20,annex,pdf,wayback,weekly_spi,https://www.pbs.gov.pk/sites/default/files/price_statistics/weekly_spi/SPI_Annex%26USCP_20102022.pdf,https://web.archive.org/web/20221114135609id_/https://www.pbs.gov.pk/sites/default/files/price_statistics/weekly_spi/SPI_Annex%26USCP_20102022.pdf,20221114135609
2022-10-20,summary,pdf,wayback,weekly_spi,https://www.pbs.gov.pk/sites/default/files/price_statistics/weekly_spi/SPI_Executive%20Sumary%26report_20102022.pdf,https://web.archive.org/web/20221029025737id_/https://www.pbs.gov.pk/sites/default/files/price_statistics/weekly_spi/SPI_Executive%20Sumary%26report_20102022.pdf,20221029025737
2022-10-27,annex,pdf,wayback,weekly_spi,https://www.pbs.gov.pk/sites/default/files/price_statistics/weekly_spi/SPI_Annex%26USCP_27102022.pdf,https://web.archive.org/web/20221114135506id_/https://www.pbs.gov.pk/sites/default/files/price_statistics/weekly_spi/SPI_Annex%26USCP_27102022.pdf,20221114135506
2022-10-27,summary,pdf,wayback,weekly_spi,https://www.pbs.gov.pk/sites/default/files/price_statistics/weekly_spi/SPI_Executive%20Sumary%26Report_27102022.pdf,https://web.archive.org/web/20221114135543id_/https://www.pbs.gov.pk/sites/default/files/price_statistics/weekly_spi/SPI_Executive%20Sumary%26Report_27102022.pdf,20221114135543
2022-11-03,annex,pdf,wayback,weekly_spi,https://www.pbs.gov.pk/sites/default/files/price_statistics/weekly_spi/SPI_Annex%26USCP_03112022.pdf,https://web.archive.org/web/20221114135435id_/https://www.pbs.gov.pk/sites/default/files/price_statistics/weekly_spi/SPI_Annex%26USCP_03112022.pdf,20221114135435
2022-11-03,summary,pdf,wayback,weekly_spi,https://www.pbs.gov.pk/sites/default/files/price_statistics/weekly_spi/SPI_Executive%20Sumary%26Report_03112022.pdf,https://web.archive.org/web/20221105011922id_/https://www.pbs.gov.pk/sites/default/files/price_statistics/weekly_spi/SPI_Executive%20Sumary%26Report_03112022.pdf,20221105011922
2022-11-10,annex,pdf,wayback,weekly_spi,https://www.pbs.gov.pk/sites/default/files/price_statistics/weekly_spi/SPI%20Annex_%26_USCP_comparison_10112022.pdf,https://web.archive.org/web/20221114135401id_/https://www.pbs.gov.pk/sites/default/files/price_statistics/weekly_spi/SPI%20Annex_%26_USCP_comparison_10112022.pdf,20221114135401
2022-11-10,summary,pdf,wayback,weekly_spi,https://www.pbs.gov.pk/sites/default/files/price_statistics/weekly_spi/Executive_Summary_%26_SPI_Report_10112022.pdf,https://web.archive.org/web/20221114135425id_/https://www.pbs.gov.pk/sites/default/files/price_statistics/weekly_spi/Executive_Summary_%26_SPI_Report_10112022.pdf,20221114135425
2022-11-17,annex,pdf,wayback,weekly_spi,https://www.pbs.gov.pk/sites/default/files/price_statistics/weekly_spi/SPI_Annex%26USCP_17112022.pdf,https://web.archive.org/web/20230519224138id_/https://www.pbs.gov.pk/sites/default/files/price_statistics/weekly_spi/SPI_Annex%26USCP_17112022.pdf,20230519224138
2022-11-17,summary,pdf,wayback,weekly_spi,https://www.pbs.gov.pk/sites/default/files/price_statistics/weekly_spi/SPI_Executive_Sumary%26Report_17112022.pdf,https://web.archive.org/web/20221118124341id_/https://www.pbs.gov.pk/sites/default/files/price_statistics/weekly_spi/SPI_Executive_Sumary%26Report_17112022.pdf,20221118124341
2022-11-24,annex,pdf,wayback,weekly_spi,https://www.pbs.gov.pk/sites/default/files/price_statistics/weekly_spi/SPI_Annex%26USCP_241122.pdf,https://web.archive.org/web/20230519224117id_/https://www.pbs.gov.pk/sites/default/files/price_statistics/weekly_spi/SPI_Annex%26USCP_241122.pdf,20230519224117
2022-11-24,summary,pdf,wayback,weekly_spi,https://www.pbs.gov.pk/sites/default/files/price_statistics/weekly_spi/SPI_Executive%20Sumary%26Report_24112022.pdf,https://web.archive.org/web/20230519224132id_/https://www.pbs.gov.pk/sites/default/files/price_statistics/weekly_spi/SPI_Executive%20Sumary%26Report_24112022.pdf,20230519224132
2022-12-01,annex,pdf,wayback,weekly_spi,https://www.pbs.gov.pk/sites/default/files/price_statistics/weekly_spi/SPI_Annex%26USCP_01122022.pdf,https://web.archive.org/web/20230519224051id_/https://www.pbs.gov.pk/sites/default/files/price_statistics/weekly_spi/SPI_Annex%26USCP_01122022.pdf,20230519224051
2022-12-01,summary,pdf,wayback,weekly_spi,https://www.pbs.gov.pk/sites/default/files/price_statistics/weekly_spi/SPI_%20Executive_Sumary%26Report_01122022.pdf,https://web.archive.org/web/20230519224108id_/https://www.pbs.gov.pk/sites/default/files/price_statistics/weekly_spi/SPI_%20Executive_Sumary%26Report_01122022.pdf,20230519224108
2022-12-08,annex,pdf,wayback,weekly_spi,https://www.pbs.gov.pk/sites/default/files/price_statistics/weekly_spi/SPI_Annex%26USCP_08122022.pdf,https://web.archive.org/web/20230517145314id_/https://www.pbs.gov.pk/sites/default/files/price_statistics/weekly_spi/SPI_Annex%26USCP_08122022.pdf,20230517145314
2022-12-08,summary,pdf,wayback,weekly_spi,https://www.pbs.gov.pk/sites/default/files/price_statistics/weekly_spi/SPI_Executive_Sumary%26Report_08.122022.pdf,https://web.archive.org/web/20230517145330id_/https://www.pbs.gov.pk/sites/default/files/price_statistics/weekly_spi/SPI_Executive_Sumary%26Report_08.122022.pdf,20230517145330
2022-12-15,annex,pdf,wayback,weekly_spi,https://www.pbs.gov.pk/sites/default/files/price_statistics/weekly_spi/SPI_Annex%26USCP_15122022.pdf,https://web.archive.org/web/20230517145235id_/https://www.pbs.gov.pk/sites/default/files/price_statistics/weekly_spi/SPI_Annex%26USCP_15122022.pdf,20230517145235
2022-12-15,summary,pdf,wayback,weekly_spi,https://www.pbs.gov.pk/sites/default/files/price_statistics/weekly_spi/SPI_Executive%20Sumary%26Report_15122022-1.pdf,https://web.archive.org/web/20230517145304id_/https://www.pbs.gov.pk/sites/default/files/price_statistics/weekly_spi/SPI_Executive%20Sumary%26Report_15122022-1.pdf,20230517145304
2022-12-22,annex,pdf,wayback,weekly_spi,https://www.pbs.gov.pk/sites/default/files/price_statistics/weekly_spi/SPI_Annex%26USCP_22122022.pdf,https://web.archive.org/web/20230517145205id_/https://www.pbs.gov.pk/sites/default/files/price_statistics/weekly_spi/SPI_Annex%26USCP_22122022.pdf,20230517145205
2022-12-22,summary,pdf,wayback,weekly_spi,https://www.pbs.gov.pk/sites/default/files/price_statistics/weekly_spi/SPI_Executive%20Sumary%26Report_22122022.pdf,https://web.archive.org/web/20230517145225id_/https://www.pbs.gov.pk/sites/default/files/price_statistics/weekly_spi/SPI_Executive%20Sumary%26Report_22122022.pdf,20230517145225
2022-12-29,annex,pdf,wayback,weekly_spi,https://www.pbs.gov.pk/sites/default/files/price_statistics/weekly_spi/SPI_Annex%26USCP_29122022.pdf,https://web.archive.org/web/20230517145118id_/https://www.pbs.gov.pk/sites/default/files/price_statistics/weekly_spi/SPI_Annex%26USCP_29122022.pdf,20230517145118
2022-12-29,summary,pdf,wayback,weekly_spi,https://www.pbs.gov.pk/sites/default/files/price_statistics/weekly_spi/SPI_Executive%20Sumary%26Report_29122022.pdf,https://web.archive.org/web/20230517145143id_/https://www.pbs.gov.pk/sites/default/files/price_statistics/weekly_spi/SPI_Executive%20Sumary%26Report_29122022.pdf,20230517145143
2023-01-05,annex,pdf,wayback,weekly_spi,https://www.pbs.gov.pk/sites/default/files/price_statistics/weekly_spi/SPI_Annex%26USCP_05012023.pdf,https://web.archive.org/web/20230517145032id_/https://www.pbs.gov.pk/sites/default/files/price_statistics/weekly_spi/SPI_Annex%26USCP_05012023.pdf,20230517145032
2023-01-05,summary,pdf,wayback,weekly_spi,https://www.pbs.gov.pk/sites/default/files/price_statistics/weekly_spi/SPI_Executive_Sumary%26Report_05012023.pdf,https://web.archive.org/web/20230517145057id_/https://www.pbs.gov.pk/sites/default/files/price_statistics/weekly_spi/SPI_Executive_Sumary%26Report_05012023.pdf,20230517145057
2023-01-12,annex,pdf,wayback,weekly_spi,https://www.pbs.gov.pk/sites/default/files/price_statistics/weekly_spi/SPI_Annex%26USCP_12012023.pdf,https://web.archive.org/web/20230322185752id_/https://www.pbs.gov.pk/sites/default/files/price_statistics/weekly_spi/SPI_Annex%26USCP_12012023.pdf,20230322185752
2023-01-12,summary,pdf,wayback,weekly_spi,https://www.pbs.gov.pk/sites/default/files/price_statistics/weekly_spi/SPI_Executive%20Sumary%26Report_12012023.pdf,https://web.archive.org/web/20230322183130id_/https://www.pbs.gov.pk/sites/default/files/price_statistics/weekly_spi/SPI_Executive%20Sumary%26Report_12012023.pdf,20230322183130
2023-01-19,annex,pdf,wayback,weekly_spi,https://www.pbs.gov.pk/sites/default/files/price_statistics/weekly_spi/SPI_Annex%26USCP_19012023.pdf,https://web.archive.org/web/20230322195736id_/https://www.pbs.gov.pk/sites/default/files/price_statistics/weekly_spi/SPI_Annex%26USCP_19012023.pdf,20230322195736
2023-01-19,summary,pdf,wayback,weekly_spi,https://www.pbs.gov.pk/sites/default/files/price_statistics/weekly_spi/SPI_Executive%20Sumary%26Report_19012023.pdf,https://web.archive.org/web/20230322184608id_/https://www.pbs.gov.pk/sites/default/files/price_statistics/weekly_spi/SPI_Executive%20Sumary%26Report_19012023.pdf,20230322184608
2023-01-26,annex,pdf,wayback,weekly_spi,https://www.pbs.gov.pk/sites/default/files/price_statistics/weekly_spi/SPI_Annex%26USCP_26012023_0.pdf,https://web.archive.org/web/20230322193846id_/https://www.pbs.gov.pk/sites/default/files/price_statistics/weekly_spi/SPI_Annex%26USCP_26012023_0.pdf,20230322193846
2023-01-26,summary,pdf,wayback,weekly_spi,https://www.pbs.gov.pk/sites/default/files/price_statistics/weekly_spi/SPI_%20Executive%20Sumary%26Report_26012023_0.pdf,https://web.archive.org/web/20230129020156id_/https://www.pbs.gov.pk/sites/default/files/price_statistics/weekly_spi/SPI_%20Executive%20Sumary%26Report_26012023_0.pdf,20230129020156
2023-02-02,annex,pdf,wayback,weekly_spi,https://www.pbs.gov.pk/sites/default/files/price_statistics/weekly_spi/SPI_Annex%26USCP_02022023.pdf,https://web.archive.org/web/20230322190840id_/https://www.pbs.gov.pk/sites/default/files/price_statistics/weekly_spi/SPI_Annex%26USCP_02022023.pdf,20230322190840
2023-02-02,summary,pdf,wayback,weekly_spi,https://www.pbs.gov.pk/sites/default/files/price_statistics/weekly_spi/SPI_Executive%20Sumary%26Report_02022023.pdf,https://web.archive.org/web/20230322184445id_/https://www.pbs.gov.pk/sites/default/files/price_statistics/weekly_spi/SPI_Executive%20Sumary%26Report_02022023.pdf,20230322184445
2023-02-09,annex,pdf,wayback,weekly_spi,https://www.pbs.gov.pk/sites/default/files/price_statistics/weekly_spi/SPI_Annex%26USCP_09022023%20%281%29.pdf,https://web.archive.org/web/20230322201006id_/https://www.pbs.gov.pk/sites/default/files/price_statistics/weekly_spi/SPI_Annex%26USCP_09022023%20%281%29.pdf,20230322201006
2023-02-09,summary,pdf,wayback,weekly_spi,https://www.pbs.gov.pk/sites/default/files/price_statistics/weekly_spi/SPI_Executive%20Sumary%26Report_09022023.pdf,https://web.archive.org/web/20230322190137id_/https://www.pbs.gov.pk/sites/default/files/price_statistics/weekly_spi/SPI_Executive%20Sumary%26Report_09022023.pdf,20230322190137
2023-02-16,annex,pdf,wayback,weekly_spi,https://www.pbs.gov.pk/sites/default/files/price_statistics/weekly_spi/SPI_Annex%26USCP_16022023.pdf,https://web.archive.org/web/20230322183704id_/https://www.pbs.gov.pk/sites/default/files/price_statistics/weekly_spi/SPI_Annex%26USCP_16022023.pdf,20230322183704
2023-02-16,summary,pdf,wayback,weekly_spi,https://www.pbs.gov.pk/sites/default/files/price_statistics/weekly_spi/SPI_Executive%20Sumary%26Report_16022023.pdf,https://web.archive.org/web/20230322191508id_/https://www.pbs.gov.pk/sites/default/files/price_statistics/weekly_spi/SPI_Executive%20Sumary%26Report_16022023.pdf,20230322191508
2023-02-23,annex,pdf,wayback,weekly_spi,https://www.pbs.gov.pk/sites/default/files/price_statistics/weekly_spi/SPI_Annex%26USCP_23022023.pdf,https://web.archive.org/web/20230322191243id_/https://www.pbs.gov.pk/sites/default/files/price_statistics/weekly_spi/SPI_Annex%26USCP_23022023.pdf,20230322191243
2023-02-23,summary,pdf,wayback,weekly_spi,https://www.pbs.gov.pk/sites/default/files/price_statistics/weekly_spi/SPI_Executive%20Sumary%26Report_23022023.pdf,https://web.archive.org/web/20230322192505id_/https://www.pbs.gov.pk/sites/default/files/price_statistics/weekly_spi/SPI_Executive%20Sumary%26Report_23022023.pdf,20230322192505
2023-03-02,annex,pdf,wayback,weekly_spi,https://www.pbs.gov.pk/sites/default/files/price_statistics/weekly_spi/SPI_Annex%26USCP_02032023.pdf,https://web.archive.org/web/20230322190759id_/https://www.pbs.gov.pk/sites/default/files/price_statistics/weekly_spi/SPI_Annex%26USCP_02032023.pdf,20230322190759
2023-03-02,summary,pdf,wayback,weekly_spi,https://www.pbs.gov.pk/sites/default/files/price_statistics/weekly_spi/SPI_Executive%20Sumary%26Report_02032023.pdf,https://web.archive.org/web/20230322191734id_/https://www.pbs.gov.pk/sites/default/files/price_statistics/weekly_spi/SPI_Executive%20Sumary%26Report_02032023.pdf,20230322191734
2023-03-09,annex,pdf,wayback,weekly_spi,https://www.pbs.gov.pk/sites/default/files/price_statistics/weekly_spi/SPI_Annex%26USCP_09032023.pdf,https://web.archive.org/web/20230322200904id_/https://www.pbs.gov.pk/sites/default/files/price_statistics/weekly_spi/SPI_Annex%26USCP_09032023.pdf,20230322200904
2023-03-09,summary,pdf,wayback,weekly_spi,https://www.pbs.gov.pk/sites/default/files/price_statistics/weekly_spi/SPI_Executive%20Sumary%26Report_09032023.pdf,https://web.archive.org/web/20230322192644id_/https://www.pbs.gov.pk/sites/default/files/price_statistics/weekly_spi/SPI_Executive%20Sumary%26Report_09032023.pdf,20230322192644
2023-03-16,annex,pdf,wayback,weekly_spi,https://www.pbs.gov.pk/sites/default/files/price_statistics/weekly_spi/SPI_Annex%26USCP_16032023.pdf,https://web.archive.org/web/20230322183521id_/https://www.pbs.gov.pk/sites/default/files/price_statistics/weekly_spi/SPI_Annex%26USCP_16032023.pdf,20230322183521
2023-03-16,summary,pdf,wayback,weekly_spi,https://www.pbs.gov.pk/sites/default/files/price_statistics/weekly_spi/SPI_Executive%20Sumary%26Report_16032023.pdf,https://web.archive.org/web/20230322194209id_/https://www.pbs.gov.pk/sites/default/files/price_statistics/weekly_spi/SPI_Executive%20Sumary%26Report_16032023.pdf,20230322194209
2023-03-22,annex,pdf,wayback,weekly_spi,https://www.pbs.gov.pk/sites/default/files/price_statistics/weekly_spi/SPI_Annex%26USCP_22032023_0.pdf,https://web.archive.org/web/20230422052957id_/https://www.pbs.gov.pk/sites/default/files/price_statistics/weekly_spi/SPI_Annex%26USCP_22032023_0.pdf,20230422052957
2023-03-22,summary,pdf,wayback,weekly_spi,https://www.pbs.gov.pk/sites/default/files/price_statistics/weekly_spi/SPI_Executive%20Sumary%26Report_22032023_0.pdf,https://web.archive.org/web/20230403091214id_/https://www.pbs.gov.pk/sites/default/files/price_statistics/weekly_spi/SPI_Executive%20Sumary%26Report_22032023_0.pdf,20230403091214
2023-03-30,annex,pdf,wayback,weekly_spi,https://www.pbs.gov.pk/sites/default/files/price_statistics/weekly_spi/SPI_Annex%26USCP_300323.pdf,https://web.archive.org/web/20230422052619id_/https://www.pbs.gov.pk/sites/default/files/price_statistics/weekly_spi/SPI_Annex%26USCP_300323.pdf,20230422052619
2023-03-30,summary,pdf,wayback,weekly_spi,https://www.pbs.gov.pk/sites/default/files/price_statistics/weekly_spi/SPI_Executive%20Sumary%26Report_30032023.pdf,https://web.archive.org/web/20230422052935id_/https://www.pbs.gov.pk/sites/default/files/price_statistics/weekly_spi/SPI_Executive%20Sumary%26Report_30032023.pdf,20230422052935
2023-04-06,annex,pdf,wayback,weekly_spi,https://www.pbs.gov.pk/sites/default/files/price_statistics/weekly_spi/SPI_Annex%26USCP_06042023.pdf,https://web.archive.org/web/20230422052254id_/https://www.pbs.gov.pk/sites/default/files/price_statistics/weekly_spi/SPI_Annex%26USCP_06042023.pdf,20230422052254
2023-04-06,summary,pdf,wayback,weekly_spi,https://www.pbs.gov.pk/sites/default/files/price_statistics/weekly_spi/SPI_Executive%20Sumary%26Report_06042023.pdf,https://web.archive.org/web/20230422052603id_/https://www.pbs.gov.pk/sites/default/files/price_statistics/weekly_spi/SPI_Executive%20Sumary%26Report_06042023.pdf,20230422052603
2023-04-13,summary,pdf,wayback,weekly_spi,https://www.pbs.gov.pk/sites/default/files/price_statistics/weekly_spi/SPI_Executive%20Sumary%26Report_13042023.pdf,https://web.archive.org/web/20230422052233id_/https://www.pbs.gov.pk/sites/default/files/price_statistics/weekly_spi/SPI_Executive%20Sumary%26Report_13042023.pdf,20230422052233
2023-04-19,annex,pdf,wayback,weekly_spi,https://www.pbs.gov.pk/sites/default/files/price_statistics/weekly_spi/SPI_Annex%26USCP_19042023.pdf,https://web.archive.org/web/20230817132331id_/https://www.pbs.gov.pk/sites/default/files/price_statistics/weekly_spi/SPI_Annex%26USCP_19042023.pdf,20230817132331
2023-04-19,summary,pdf,wayback,weekly_spi,https://www.pbs.gov.pk/sites/default/files/price_statistics/weekly_spi/SPI_Executive%20Sumary%26Report_19042023.pdf,https://web.archive.org/web/20230817132402id_/https://www.pbs.gov.pk/sites/default/files/price_statistics/weekly_spi/SPI_Executive%20Sumary%26Report_19042023.pdf,20230817132402
2023-04-27,annex,pdf,wayback,weekly_spi,https://www.pbs.gov.pk/sites/default/files/price_statistics/weekly_spi/SPI_Annex%26USCP_27042023.pdf,https://web.archive.org/web/20230817132252id_/https://www.pbs.gov.pk/sites/default/files/price_statistics/weekly_spi/SPI_Annex%26USCP_27042023.pdf,20230817132252
2023-04-27,summary,pdf,wayback,weekly_spi,https://www.pbs.gov.pk/sites/default/files/price_statistics/weekly_spi/SPI_Executive%20Sumary%26Report_27042023.pdf,https://web.archive.org/web/20230503125836id_/https://www.pbs.gov.pk/sites/default/files/price_statistics/weekly_spi/SPI_Executive%20Sumary%26Report_27042023.pdf,20230503125836
2023-05-04,annex,pdf,wayback,weekly_spi,https://www.pbs.gov.pk/sites/default/files/price_statistics/weekly_spi/SPI_Annex%26USCP_04052023.pdf,https://web.archive.org/web/20230817132226id_/https://www.pbs.gov.pk/sites/default/files/price_statistics/weekly_spi/SPI_Annex%26USCP_04052023.pdf,20230817132226
2023-05-04,summary,pdf,wayback,weekly_spi,https://www.pbs.gov.pk/sites/default/files/price_statistics/weekly_spi/SPI_Executive%20Sumary%26Report_04052023.pdf,https://web.archive.org/web/20230817132246id_/https://www.pbs.gov.pk/sites/default/files/price_statistics/weekly_spi/SPI_Executive%20Sumary%26Report_04052023.pdf,20230817132246
2023-05-11,annex,pdf,wayback,weekly_spi,https://www.pbs.gov.pk/sites/default/files/price_statistics/weekly_spi/SPI_Annex%26USCP_11052023.pdf,https://web.archive.org/web/20230817132147id_/https://www.pbs.gov.pk/sites/default/files/price_statistics/weekly_spi/SPI_Annex%26USCP_11052023.pdf,20230817132147
2023-05-11,summary,pdf,wayback,weekly_spi,https://www.pbs.gov.pk/sites/default/files/price_statistics/weekly_spi/SPI_Executive%20Sumary%26Report_11052023.pdf,https://web.archive.org/web/20230817132211id_/https://www.pbs.gov.pk/sites/default/files/price_statistics/weekly_spi/SPI_Executive%20Sumary%26Report_11052023.pdf,20230817132211
2023-05-18,annex,pdf,wayback,weekly_spi,https://www.pbs.gov.pk/sites/default/files/price_statistics/weekly_spi/SPI_Annex%26USCP_18052023.pdf,https://web.archive.org/web/20230909070433id_/https://www.pbs.gov.pk/sites/default/files/price_statistics/weekly_spi/SPI_Annex%26USCP_18052023.pdf,20230909070433
2023-05-18,summary,pdf,wayback,weekly_spi,https://www.pbs.gov.pk/sites/default/files/price_statistics/weekly_spi/SPI_Executive%20Sumary%26Report_18052023.pdf,https://web.archive.org/web/20230909070448id_/https://www.pbs.gov.pk/sites/default/files/price_statistics/weekly_spi/SPI_Executive%20Sumary%26Report_18052023.pdf,20230909070448
2023-05-25,annex,pdf,wayback,weekly_spi,https://www.pbs.gov.pk/sites/default/files/price_statistics/weekly_spi/SPI_Annex%26USCP_25052023.pdf,https://web.archive.org/web/20230909070405id_/https://www.pbs.gov.pk/sites/default/files/price_statistics/weekly_spi/SPI_Annex%26USCP_25052023.pdf,20230909070405
2023-05-25,summary,pdf,wayback,weekly_spi,https://www.pbs.gov.pk/sites/default/files/price_statistics/weekly_spi/SPI_Executive%20Sumary%26Report_25052023.pdf,https://web.archive.org/web/20230909070424id_/https://www.pbs.gov.pk/sites/default/files/price_statistics/weekly_spi/SPI_Executive%20Sumary%26Report_25052023.pdf,20230909070424
2023-06-01,annex,pdf,wayback,weekly_spi,https://www.pbs.gov.pk/sites/default/files/price_statistics/weekly_spi/SPI_Annex%26USCP_01062023.pdf,https://web.archive.org/web/20230909070330id_/https://www.pbs.gov.pk/sites/default/files/price_statistics/weekly_spi/SPI_Annex%26USCP_01062023.pdf,20230909070330
2023-06-01,summary,pdf,wayback,weekly_spi,https://www.pbs.gov.pk/sites/default/files/price_statistics/weekly_spi/SPI_Executive%20Sumary%26Report_01062023.pdf,https://web.archive.org/web/20230909070344id_/https://www.pbs.gov.pk/sites/default/files/price_statistics/weekly_spi/SPI_Executive%20Sumary%26Report_01062023.pdf,20230909070344
2023-06-08,annex,pdf,wayback,weekly_spi,https://www.pbs.gov.pk/sites/default/files/price_statistics/weekly_spi/SPI_Annex%26USCP_08062023.pdf,https://web.archive.org/web/20230909070300id_/https://www.pbs.gov.pk/sites/default/files/price_statistics/weekly_spi/SPI_Annex%26USCP_08062023.pdf,20230909070300
2023-06-08,summary,pdf,wayback,weekly_spi,https://www.pbs.gov.pk/sites/default/files/price_statistics/weekly_spi/SPI_Executive%20Sumary%26Report_08062023.pdf,https://web.archive.org/web/20230909070316id_/https://www.pbs.gov.pk/sites/default/files/price_statistics/weekly_spi/SPI_Executive%20Sumary%26Report_08062023.pdf,20230909070316
2023-06-13,annex,pdf,wayback,weekly_spi,https://www.pbs.gov.pk/sites/default/files/price_statistics/weekly_spi/SPI_Annex%26USCP_13062023.pdf,https://web.archive.org/web/20230422051928id_/https://www.pbs.gov.pk/sites/default/files/price_statistics/weekly_spi/SPI_Annex%26USCP_13062023.pdf,20230422051928
2023-06-15,annex,pdf,wayback,weekly_spi,https://www.pbs.gov.pk/sites/default/files/price_statistics/weekly_spi/SPI_Annex%26USCP_15062023.pdf,https://web.archive.org/web/20231116133540id_/https://www.pbs.gov.pk/sites/default/files/price_statistics/weekly_spi/SPI_Annex%26USCP_15062023.pdf,20231116133540
2023-06-15,summary,pdf,wayback,weekly_spi,https://www.pbs.gov.pk/sites/default/files/price_statistics/weekly_spi/SPI_Executive%20Sumary%26Report_15062023.pdf,https://web.archive.org/web/20231116133601id_/https://www.pbs.gov.pk/sites/default/files/price_statistics/weekly_spi/SPI_Executive%20Sumary%26Report_15062023.pdf,20231116133601
2023-06-22,annex,pdf,wayback,weekly_spi,https://www.pbs.gov.pk/sites/default/files/price_statistics/weekly_spi/SPI_Annex%26USCP_22062023.pdf,https://web.archive.org/web/20231116133306id_/https://www.pbs.gov.pk/sites/default/files/price_statistics/weekly_spi/SPI_Annex%26USCP_22062023.pdf,20231116133306
2023-06-22,summary,pdf,wayback,weekly_spi,https://www.pbs.gov.pk/sites/default/files/price_statistics/weekly_spi/SPI_Executive%20Sumary%26Report_22062023.pdf,https://web.archive.org/web/20231116133459id_/https://www.pbs.gov.pk/sites/default/files/price_statistics/weekly_spi/SPI_Executive%20Sumary%26Report_22062023.pdf,20231116133459
2023-07-06,annex,pdf,wayback,weekly_spi,https://www.pbs.gov.pk/sites/default/files/price_statistics/weekly_spi/SPI_Annex%26USCP_06072023.pdf,https://web.archive.org/web/20231116131921id_/https://www.pbs.gov.pk/sites/default/files/price_statistics/weekly_spi/SPI_Annex%26USCP_06072023.pdf,20231116131921
2023-07-06,summary,pdf,wayback,weekly_spi,https://www.pbs.gov.pk/sites/default/files/price_statistics/weekly_spi/SPI_Executive%20Sumary%26Report_06072023.pdf,https://web.archive.org/web/20231116132532id_/https://www.pbs.gov.pk/sites/default/files/price_statistics/weekly_spi/SPI_Executive%20Sumary%26Report_06072023.pdf,20231116132532
2023-07-13,annex,pdf,pbs_live,live,https://www.pbs.gov.pk/wp-content/uploads/2020/07/SPI_AnnexUSCP_13072023.pdf,https://www.pbs.gov.pk/wp-content/uploads/2020/07/SPI_AnnexUSCP_13072023.pdf,
2023-07-13,annex,pdf,wayback,weekly_spi,https://www.pbs.gov.pk/sites/default/files/price_statistics/weekly_spi/SPI_Annex%26USCP_13072023.pdf,https://web.archive.org/web/20231116131320id_/https://www.pbs.gov.pk/sites/default/files/price_statistics/weekly_spi/SPI_Annex%26USCP_13072023.pdf,20231116131320
2023-07-13,summary,pdf,pbs_live,live,https://www.pbs.gov.pk/wp-content/uploads/2020/07/SPI_Executive-SumaryReport_13072023.pdf,https://www.pbs.gov.pk/wp-content/uploads/2020/07/SPI_Executive-SumaryReport_13072023.pdf,
2023-07-13,summary,pdf,wayback,weekly_spi,https://www.pbs.gov.pk/sites/default/files/price_statistics/weekly_spi/SPI_Executive%20Sumary%26Report_13072023.pdf,https://web.archive.org/web/20231116131528id_/https://www.pbs.gov.pk/sites/default/files/price_statistics/weekly_spi/SPI_Executive%20Sumary%26Report_13072023.pdf,20231116131528
2023-07-20,annex,pdf,pbs_live,live,https://www.pbs.gov.pk/wp-content/uploads/2020/07/SPI_AnnexUSCP_20072023.pdf,https://www.pbs.gov.pk/wp-content/uploads/2020/07/SPI_AnnexUSCP_20072023.pdf,
2023-07-20,annex,pdf,wayback,weekly_spi,https://www.pbs.gov.pk/sites/default/files/price_statistics/weekly_spi/SPI_Annex%26USCP_20072023.pdf,https://web.archive.org/web/20231116121336id_/https://www.pbs.gov.pk/sites/default/files/price_statistics/weekly_spi/SPI_Annex%26USCP_20072023.pdf,20231116121336
2023-07-20,summary,pdf,pbs_live,live,https://www.pbs.gov.pk/wp-content/uploads/2020/07/SPI_Executive-SumaryReport_20072023.pdf,https://www.pbs.gov.pk/wp-content/uploads/2020/07/SPI_Executive-SumaryReport_20072023.pdf,
2023-07-20,summary,pdf,wayback,weekly_spi,https://www.pbs.gov.pk/sites/default/files/price_statistics/weekly_spi/SPI_Executive%20Sumary%26Report_20072023.pdf,https://web.archive.org/web/20231116131310id_/https://www.pbs.gov.pk/sites/default/files/price_statistics/weekly_spi/SPI_Executive%20Sumary%26Report_20072023.pdf,20231116131310
2023-07-25,annex,pdf,pbs_live,live,https://www.pbs.gov.pk/wp-content/uploads/2020/07/SPI_AnnexUSCP_25072023.pdf,https://www.pbs.gov.pk/wp-content/uploads/2020/07/SPI_AnnexUSCP_25072023.pdf,
2023-07-25,summary,pdf,pbs_live,live,https://www.pbs.gov.pk/wp-content/uploads/2020/07/SPI_Executive-SumaryReport_25072023.pdf,https://www.pbs.gov.pk/wp-content/uploads/2020/07/SPI_Executive-SumaryReport_25072023.pdf,
2023-07-26,annex,pdf,wayback,weekly_spi,https://www.pbs.gov.pk/sites/default/files/price_statistics/weekly_spi/SPI_Annex%26USCP_26072023.pdf,https://web.archive.org/web/20231116121254id_/https://www.pbs.gov.pk/sites/default/files/price_statistics/weekly_spi/SPI_Annex%26USCP_26072023.pdf,20231116121254
2023-07-26,summary,pdf,wayback,weekly_spi,https://www.pbs.gov.pk/sites/default/files/price_statistics/weekly_spi/SPI_Executive%20Sumary%26Report_26072023.pdf,https://web.archive.org/web/20231116121324id_/https://www.pbs.gov.pk/sites/default/files/price_statistics/weekly_spi/SPI_Executive%20Sumary%26Report_26072023.pdf,20231116121324
2023-08-03,annex,pdf,wayback,weekly_spi,https://www.pbs.gov.pk/sites/default/files/price_statistics/weekly_spi/SPI_Annex%26USCP_03082023.pdf,https://web.archive.org/web/20231116121212id_/https://www.pbs.gov.pk/sites/default/files/price_statistics/weekly_spi/SPI_Annex%26USCP_03082023.pdf,20231116121212
2023-08-03,summary,pdf,wayback,weekly_spi,https://www.pbs.gov.pk/sites/default/files/price_statistics/weekly_spi/SPI_Executive%20Sumary%26Report_03082023.pdf,https://web.archive.org/web/20231116121247id_/https://www.pbs.gov.pk/sites/default/files/price_statistics/weekly_spi/SPI_Executive%20Sumary%26Report_03082023.pdf,20231116121247
2023-08-10,annex,pdf,wayback,weekly_spi,https://www.pbs.gov.pk/sites/default/files/price_statistics/weekly_spi/SPI_Anex%26USCP_10082023.pdf,https://web.archive.org/web/20231116120334id_/https://www.pbs.gov.pk/sites/default/files/price_statistics/weekly_spi/SPI_Anex%26USCP_10082023.pdf,20231116120334
2023-08-10,summary,pdf,wayback,weekly_spi,https://www.pbs.gov.pk/sites/default/files/price_statistics/weekly_spi/SPI_Executive%20Sumary%26Report_10082023.pdf,https://web.archive.org/web/20231116121203id_/https://www.pbs.gov.pk/sites/default/files/price_statistics/weekly_spi/SPI_Executive%20Sumary%26Report_10082023.pdf,20231116121203
2023-08-17,annex,pdf,pbs_live,live,https://www.pbs.gov.pk/wp-content/uploads/2020/07/SPI_AnnexUSCP_17082023.pdf,https://www.pbs.gov.pk/wp-content/uploads/2020/07/SPI_AnnexUSCP_17082023.pdf,
2023-08-17,annex,pdf,wayback,weekly_spi,https://www.pbs.gov.pk/sites/default/files/price_statistics/weekly_spi/SPI_Annex%26USCP_17082023.pdf,https://web.archive.org/web/20231116120158id_/https://www.pbs.gov.pk/sites/default/files/price_statistics/weekly_spi/SPI_Annex%26USCP_17082023.pdf,20231116120158
2023-08-17,summary,pdf,pbs_live,live,https://www.pbs.gov.pk/wp-content/uploads/2020/07/SPI_Executive-SumaryReport_17082023.pdf,https://www.pbs.gov.pk/wp-content/uploads/2020/07/SPI_Executive-SumaryReport_17082023.pdf,
2023-08-17,summary,pdf,wayback,weekly_spi,https://www.pbs.gov.pk/sites/default/files/price_statistics/weekly_spi/SPI_Executive%20Sumary%26Report_17082023.pdf,https://web.archive.org/web/20231116120222id_/https://www.pbs.gov.pk/sites/default/files/price_statistics/weekly_spi/SPI_Executive%20Sumary%26Report_17082023.pdf,20231116120222
2023-08-24,annex,pdf,wayback,weekly_spi,https://www.pbs.gov.pk/sites/default/files/price_statistics/weekly_spi/SPI_Annex%26USCP_24082023.pdf,https://web.archive.org/web/20231116120041id_/https://www.pbs.gov.pk/sites/default/files/price_statistics/weekly_spi/SPI_Annex%26USCP_24082023.pdf,20231116120041
2023-08-24,summary,pdf,wayback,weekly_spi,https://www.pbs.gov.pk/sites/default/files/price_statistics/weekly_spi/SPI_Executive%20Sumary%26Report_24082023.pdf,https://web.archive.org/web/20231116120139id_/https://www.pbs.gov.pk/sites/default/files/price_statistics/weekly_spi/SPI_Executive%20Sumary%26Report_24082023.pdf,20231116120139
2023-08-26,annex,pdf,pbs_live,live,https://www.pbs.gov.pk/wp-content/uploads/2020/07/SPI_AnnexUSCP_26082023.pdf,https://www.pbs.gov.pk/wp-content/uploads/2020/07/SPI_AnnexUSCP_26082023.pdf,
2023-08-26,summary,pdf,pbs_live,live,https://www.pbs.gov.pk/wp-content/uploads/2020/07/SPI_Executive-SumaryReport_26082023.pdf,https://www.pbs.gov.pk/wp-content/uploads/2020/07/SPI_Executive-SumaryReport_26082023.pdf,
2023-08-31,annex,pdf,wayback,weekly_spi,https://www.pbs.gov.pk/sites/default/files/price_statistics/weekly_spi/SPI_Annex%26USCP_31082023.pdf,https://web.archive.org/web/20231116120009id_/https://www.pbs.gov.pk/sites/default/files/price_statistics/weekly_spi/SPI_Annex%26USCP_31082023.pdf,20231116120009
2023-08-31,summary,pdf,wayback,weekly_spi,https://www.pbs.gov.pk/sites/default/files/price_statistics/weekly_spi/SPI_Executive%20Sumary%26Report_31082023.pdf,https://web.archive.org/web/20231116120031id_/https://www.pbs.gov.pk/sites/default/files/price_statistics/weekly_spi/SPI_Executive%20Sumary%26Report_31082023.pdf,20231116120031
2023-09-07,annex,pdf,wayback,weekly_spi,https://www.pbs.gov.pk/sites/default/files/price_statistics/weekly_spi/SPI_Annex%26USCP_070923.pdf,https://web.archive.org/web/20231114171753id_/https://www.pbs.gov.pk/sites/default/files/price_statistics/weekly_spi/SPI_Annex%26USCP_070923.pdf,20231114171753
2023-09-07,summary,pdf,wayback,weekly_spi,https://www.pbs.gov.pk/sites/default/files/price_statistics/weekly_spi/SPI_Executive%20Sumary%26Report_07092023.pdf,https://web.archive.org/web/20231114171836id_/https://www.pbs.gov.pk/sites/default/files/price_statistics/weekly_spi/SPI_Executive%20Sumary%26Report_07092023.pdf,20231114171836
2023-09-14,annex,pdf,pbs_live,live,https://www.pbs.gov.pk/wp-content/uploads/2020/07/SPI_AnnexUSCP_14092023.pdf,https://www.pbs.gov.pk/wp-content/uploads/2020/07/SPI_AnnexUSCP_14092023.pdf,
2023-09-14,annex,pdf,wayback,weekly_spi,https://www.pbs.gov.pk/sites/default/files/price_statistics/weekly_spi/SPI_Annex%26USCP_14092023.pdf,https://web.archive.org/web/20231114171708id_/https://www.pbs.gov.pk/sites/default/files/price_statistics/weekly_spi/SPI_Annex%26USCP_14092023.pdf,20231114171708
2023-09-14,summary,pdf,pbs_live,live,https://www.pbs.gov.pk/wp-content/uploads/2020/07/SPI_-Executive-SumaryReport_14092023.pdf,https://www.pbs.gov.pk/wp-content/uploads/2020/07/SPI_-Executive-SumaryReport_14092023.pdf,
2023-09-14,summary,pdf,wayback,weekly_spi,https://www.pbs.gov.pk/sites/default/files/price_statistics/weekly_spi/SPI_%20Executive%20Sumary%26Report_14092023.pdf,https://web.archive.org/web/20231114171741id_/https://www.pbs.gov.pk/sites/default/files/price_statistics/weekly_spi/SPI_%20Executive%20Sumary%26Report_14092023.pdf,20231114171741
2023-09-21,annex,pdf,pbs_live,live,https://www.pbs.gov.pk/wp-content/uploads/2020/07/SPI_AnnexUSCP_21092023.pdf,https://www.pbs.gov.pk/wp-content/uploads/2020/07/SPI_AnnexUSCP_21092023.pdf,
2023-09-21,annex,pdf,wayback,weekly_spi,https://www.pbs.gov.pk/sites/default/files/price_statistics/weekly_spi/SPI_Annex%26USCP_21092023.pdf,https://web.archive.org/web/20231114171530id_/https://www.pbs.gov.pk/sites/default/files/price_statistics/weekly_spi/SPI_Annex%26USCP_21092023.pdf,20231114171530
2023-09-21,summary,pdf,pbs_live,live,https://www.pbs.gov.pk/wp-content/uploads/2020/07/SPI_Executive-SumaryReport_21092023.pdf,https://www.pbs.gov.pk/wp-content/uploads/2020/07/SPI_Executive-SumaryReport_21092023.pdf,
2023-09-21,summary,pdf,wayback,weekly_spi,https://www.pbs.gov.pk/sites/default/files/price_statistics/weekly_spi/SPI_Executive%20Sumary%26Report_21092023.pdf,https://web.archive.org/web/20231114171655id_/https://www.pbs.gov.pk/sites/default/files/price_statistics/weekly_spi/SPI_Executive%20Sumary%26Report_21092023.pdf,20231114171655
2023-09-27,annex,pdf,pbs_live,live,https://www.pbs.gov.pk/wp-content/uploads/2020/07/SPI_AnnexUSCP_27092023.pdf,https://www.pbs.gov.pk/wp-content/uploads/2020/07/SPI_AnnexUSCP_27092023.pdf,
2023-09-27,annex,pdf,wayback,weekly_spi,https://www.pbs.gov.pk/sites/default/files/price_statistics/weekly_spi/SPI_Annex%26USCP_27092023_0.pdf,https://web.archive.org/web/20231114171503id_/https://www.pbs.gov.pk/sites/default/files/price_statistics/weekly_spi/SPI_Annex%26USCP_27092023_0.pdf,20231114171503
2023-09-27,summary,pdf,pbs_live,live,https://www.pbs.gov.pk/wp-content/uploads/2020/07/SPI_Executive-SumaryReport_27092023.pdf,https://www.pbs.gov.pk/wp-content/uploads/2020/07/SPI_Executive-SumaryReport_27092023.pdf,
2023-09-27,summary,pdf,wayback,weekly_spi,https://www.pbs.gov.pk/sites/default/files/price_statistics/weekly_spi/SPI_Executive%20Sumary%26Report_%2027092023_0.pdf,https://web.archive.org/web/20231114171521id_/https://www.pbs.gov.pk/sites/default/files/price_statistics/weekly_spi/SPI_Executive%20Sumary%26Report_%2027092023_0.pdf,20231114171521
2023-10-05,annex,pdf,wayback,weekly_spi,https://www.pbs.gov.pk/sites/default/files/price_statistics/weekly_spi/SPI-Annex%26USCP_05102023.pdf,https://web.archive.org/web/20231114171422id_/https://www.pbs.gov.pk/sites/default/files/price_statistics/weekly_spi/SPI-Annex%26USCP_05102023.pdf,20231114171422
2023-10-05,summary,pdf,wayback,weekly_spi,https://www.pbs.gov.pk/sites/default/files/price_statistics/weekly_spi/SPI-Executive%20Summary%26Report_05102023.pdf,https://web.archive.org/web/20231114171454id_/https://www.pbs.gov.pk/sites/default/files/price_statistics/weekly_spi/SPI-Executive%20Summary%26Report_05102023.pdf,20231114171454
2023-10-12,annex,pdf,pbs_live,live,https://www.pbs.gov.pk/wp-content/uploads/2020/07/SPI_AnnexUSCP_12102023.pdf,https://www.pbs.gov.pk/wp-content/uploads/2020/07/SPI_AnnexUSCP_12102023.pdf,
2023-10-12,annex,pdf,wayback,weekly_spi,https://www.pbs.gov.pk/sites/default/files/price_statistics/weekly_spi/SPI-Annex%26USCP%2912102023.pdf,https://web.archive.org/web/20231114165834id_/https://www.pbs.gov.pk/sites/default/files/price_statistics/weekly_spi/SPI-Annex%26USCP%2912102023.pdf,20231114165834
2023-10-12,summary,pdf,pbs_live,live,https://www.pbs.gov.pk/wp-content/uploads/2020/07/SPI-Executive-SumaryReport_12102023.pdf,https://www.pbs.gov.pk/wp-content/uploads/2020/07/SPI-Executive-SumaryReport_12102023.pdf,
2023-10-12,summary,pdf,wayback,weekly_spi,https://www.pbs.gov.pk/sites/default/files/price_statistics/weekly_spi/SPI_Executive%20Summary%26Report_12102023.pdf,https://web.archive.org/web/20231114171414id_/https://www.pbs.gov.pk/sites/default/files/price_statistics/weekly_spi/SPI_Executive%20Summary%26Report_12102023.pdf,20231114171414
2023-10-19,annex,pdf,pbs_live,live,https://www.pbs.gov.pk/wp-content/uploads/2020/07/SPI-AnnexUSCP_19102023.pdf,https://www.pbs.gov.pk/wp-content/uploads/2020/07/SPI-AnnexUSCP_19102023.pdf,
2023-10-19,annex,pdf,wayback,weekly_spi,https://www.pbs.gov.pk/sites/default/files/price_statistics/weekly_spi/SPI-Annex%26USCP_19102023.pdf,https://web.archive.org/web/20231114163112id_/https://www.pbs.gov.pk/sites/default/files/price_statistics/weekly_spi/SPI-Annex%26USCP_19102023.pdf,20231114163112
2023-10-19,summary,pdf,pbs_live,live,https://www.pbs.gov.pk/wp-content/uploads/2020/07/SPI-Executive-SummaryReport_19102023.pdf,https://www.pbs.gov.pk/wp-content/uploads/2020/07/SPI-Executive-SummaryReport_19102023.pdf,
2023-10-19,summary,pdf,wayback,weekly_spi,https://www.pbs.gov.pk/sites/default/files/price_statistics/weekly_spi/SPI-Executive%20Summary%26Report_19102023.pdf,https://web.archive.org/web/20231114165817id_/https://www.pbs.gov.pk/sites/default/files/price_statistics/weekly_spi/SPI-Executive%20Summary%26Report_19102023.pdf,20231114165817
2023-10-22,annex,pdf,pbs_live,live,https://www.pbs.gov.pk/wp-content/uploads/2020/07/SPI_AnnexUSCP_22102023.pdf,https://www.pbs.gov.pk/wp-content/uploads/2020/07/SPI_AnnexUSCP_22102023.pdf,
2023-10-22,summary,pdf,pbs_live,live,https://www.pbs.gov.pk/wp-content/uploads/2020/07/SPI_Executive-SumaryReport_22102023.pdf,https://www.pbs.gov.pk/wp-content/uploads/2020/07/SPI_Executive-SumaryReport_22102023.pdf,
2023-10-26,annex,pdf,wayback,weekly_spi,https://www.pbs.gov.pk/sites/default/files/price_statistics/weekly_spi/SPI_Annex%26USCP_26102023_0.pdf,https://web.archive.org/web/20231114163021id_/https://www.pbs.gov.pk/sites/default/files/price_statistics/weekly_spi/SPI_Annex%26USCP_26102023_0.pdf,20231114163021
2023-10-26,summary,pdf,wayback,weekly_spi,https://www.pbs.gov.pk/sites/default/files/price_statistics/weekly_spi/SPI%20Executive%20Sumary%26SPI%20Report_26102023.pdf,https://web.archive.org/web/20231114163059id_/https://www.pbs.gov.pk/sites/default/files/price_statistics/weekly_spi/SPI%20Executive%20Sumary%26SPI%20Report_26102023.pdf,20231114163059
2023-10-28,annex,pdf,pbs_live,live,https://www.pbs.gov.pk/wp-content/uploads/2020/07/SPI_AnnexUSCP_28102023.pdf,https://www.pbs.gov.pk/wp-content/uploads/2020/07/SPI_AnnexUSCP_28102023.pdf,
2023-10-28,summary,pdf,pbs_live,live,https://www.pbs.gov.pk/wp-content/uploads/2020/07/SPI_Executive-SumaryReport_28102023.pdf,https://www.pbs.gov.pk/wp-content/uploads/2020/07/SPI_Executive-SumaryReport_28102023.pdf,
2023-11-02,annex,pdf,wayback,weekly_spi,https://www.pbs.gov.pk/sites/default/files/price_statistics/weekly_spi/SPI-Annex%26USCP_02112023.pdf,https://web.archive.org/web/20231114162931id_/https://www.pbs.gov.pk/sites/default/files/price_statistics/weekly_spi/SPI-Annex%26USCP_02112023.pdf,20231114162931
2023-11-02,summary,pdf,wayback,weekly_spi,https://www.pbs.gov.pk/sites/default/files/price_statistics/weekly_spi/SPI%20Executive%20Sumary%24Report_02112023.pdf,https://web.archive.org/web/20231114163003id_/https://www.pbs.gov.pk/sites/default/files/price_statistics/weekly_spi/SPI%20Executive%20Sumary%24Report_02112023.pdf,20231114163003
2023-11-08,annex,pdf,wayback,weekly_spi,https://www.pbs.gov.pk/sites/default/files/price_statistics/weekly_spi/SPI%20Annex%26USCP_08112023.pdf,https://web.archive.org/web/20231114162900id_/https://www.pbs.gov.pk/sites/default/files/price_statistics/weekly_spi/SPI%20Annex%26USCP_08112023.pdf,20231114162900
2023-11-08,summary,pdf,wayback,weekly_spi,https://www.pbs.gov.pk/sites/default/files/price_statistics/weekly_spi/SPI%20Executive%20Sumary%26SPI%20Report_08112023.pdf,https://web.archive.org/web/20231114162916id_/https://www.pbs.gov.pk/sites/default/files/price_statistics/weekly_spi/SPI%20Executive%20Sumary%26SPI%20Report_08112023.pdf,20231114162916
2023-11-11,annex,pdf,pbs_live,live,https://www.pbs.gov.pk/wp-content/uploads/2020/07/SPI_AnnexUSCP_11112023.pdf,https://www.pbs.gov.pk/wp-content/uploads/2020/07/SPI_AnnexUSCP_11112023.pdf,
2023-11-11,summary,pdf,pbs_live,live,https://www.pbs.gov.pk/wp-content/uploads/2020/07/SPI_Executive-SumaryReport_11112023.pdf,https://www.pbs.gov.pk/wp-content/uploads/2020/07/SPI_Executive-SumaryReport_11112023.pdf,
2023-11-16,annex,pdf,pbs_live,live,https://www.pbs.gov.pk/wp-content/uploads/2020/07/SPI_AnnexUSCP_16112023.pdf,https://www.pbs.gov.pk/wp-content/uploads/2020/07/SPI_AnnexUSCP_16112023.pdf,
2023-11-16,annex,pdf,wayback,weekly_spi,https://www.pbs.gov.pk/sites/default/files/price_statistics/weekly_spi/SPI_Annex%26USCP_16112023.pdf,https://web.archive.org/web/20240621143123id_/https://www.pbs.gov.pk/sites/default/files/price_statistics/weekly_spi/SPI_Annex%26USCP_16112023.pdf,20240621143123
2023-11-16,summary,pdf,pbs_live,live,https://www.pbs.gov.pk/wp-content/uploads/2020/07/SPI-Executive-SumaryReport_16112023.pdf,https://www.pbs.gov.pk/wp-content/uploads/2020/07/SPI-Executive-SumaryReport_16112023.pdf,
2023-11-16,summary,pdf,wayback,weekly_spi,https://www.pbs.gov.pk/sites/default/files/price_statistics/weekly_spi/SPI%20Executive%20Sumary%26Report_16112023.pdf,https://web.archive.org/web/20240621143211id_/https://www.pbs.gov.pk/sites/default/files/price_statistics/weekly_spi/SPI%20Executive%20Sumary%26Report_16112023.pdf,20240621143211
2023-11-23,annex,pdf,wayback,weekly_spi,https://www.pbs.gov.pk/sites/default/files/price_statistics/weekly_spi/SPI%20Annex%26USCP_23112023.pdf,https://web.archive.org/web/20240621143037id_/https://www.pbs.gov.pk/sites/default/files/price_statistics/weekly_spi/SPI%20Annex%26USCP_23112023.pdf,20240621143037
2023-11-23,summary,pdf,wayback,weekly_spi,https://www.pbs.gov.pk/sites/default/files/price_statistics/weekly_spi/SPI%20Executive%20Sumary%26SPI%20Report_23112023.pdf,https://web.archive.org/web/20240621143114id_/https://www.pbs.gov.pk/sites/default/files/price_statistics/weekly_spi/SPI%20Executive%20Sumary%26SPI%20Report_23112023.pdf,20240621143114
2023-11-24,annex,pdf,pbs_live,live,https://www.pbs.gov.pk/wp-content/uploads/2020/07/SPI_AnnexUSCP_24112023.pdf,https://www.pbs.gov.pk/wp-content/uploads/2020/07/SPI_AnnexUSCP_24112023.pdf,
2023-11-24,summary,pdf,pbs_live,live,https://www.pbs.gov.pk/wp-content/uploads/2020/07/SPI-Executive-SumaryReport_24112023.pdf,https://www.pbs.gov.pk/wp-content/uploads/2020/07/SPI-Executive-SumaryReport_24112023.pdf,
2023-11-29,annex,pdf,pbs_live,live,https://www.pbs.gov.pk/wp-content/uploads/2020/07/SPI_AnnexUSCP_29112023.pdf,https://www.pbs.gov.pk/wp-content/uploads/2020/07/SPI_AnnexUSCP_29112023.pdf,
2023-11-29,summary,pdf,pbs_live,live,https://www.pbs.gov.pk/wp-content/uploads/2020/07/SPI_Executive-SumaryReport_29112023.pdf,https://www.pbs.gov.pk/wp-content/uploads/2020/07/SPI_Executive-SumaryReport_29112023.pdf,
2023-11-30,annex,pdf,wayback,weekly_spi,https://www.pbs.gov.pk/sites/default/files/price_statistics/weekly_spi/SPI_Annex%26USCP_30112023.pdf,https://web.archive.org/web/20240617101716id_/https://www.pbs.gov.pk/sites/default/files/price_statistics/weekly_spi/SPI_Annex%26USCP_30112023.pdf,20240617101716
2023-11-30,summary,pdf,wayback,weekly_spi,https://www.pbs.gov.pk/sites/default/files/price_statistics/weekly_spi/SPI_Executive%20Sumary%26SPI%20Report_30112023.pdf,https://web.archive.org/web/20240617100618id_/https://www.pbs.gov.pk/sites/default/files/price_statistics/weekly_spi/SPI_Executive%20Sumary%26SPI%20Report_30112023.pdf,20240617100618
2023-12-07,annex,pdf,wayback,weekly_spi,https://www.pbs.gov.pk/sites/default/files/price_statistics/weekly_spi/SPI_Annex%26USCP_07122023.pdf,https://web.archive.org/web/20240621142910id_/https://www.pbs.gov.pk/sites/default/files/price_statistics/weekly_spi/SPI_Annex%26USCP_07122023.pdf,20240621142910
2023-12-07,summary,pdf,wayback,weekly_spi,https://www.pbs.gov.pk/sites/default/files/price_statistics/weekly_spi/SPI_Executive%20Sumary%26SPI%20Report_07122023.pdf,https://web.archive.org/web/20231210030227id_/https://www.pbs.gov.pk/sites/default/files/price_statistics/weekly_spi/SPI_Executive%20Sumary%26SPI%20Report_07122023.pdf,20231210030227
2023-12-10,annex,pdf,pbs_live,live,https://www.pbs.gov.pk/wp-content/uploads/2020/07/SPI_AnnexUSCP_10122023.pdf,https://www.pbs.gov.pk/wp-content/uploads/2020/07/SPI_AnnexUSCP_10122023.pdf,
2023-12-10,summary,pdf,pbs_live,live,https://www.pbs.gov.pk/wp-content/uploads/2020/07/SPI-Executive-SumaryReport_10122023.pdf,https://www.pbs.gov.pk/wp-content/uploads/2020/07/SPI-Executive-SumaryReport_10122023.pdf,
2023-12-14,annex,pdf,pbs_live,live,https://www.pbs.gov.pk/wp-content/uploads/2020/07/SPI-AnnexUSCP_14122023.pdf,https://www.pbs.gov.pk/wp-content/uploads/2020/07/SPI-AnnexUSCP_14122023.pdf,
2023-12-14,annex,pdf,wayback,weekly_spi,https://www.pbs.gov.pk/sites/default/files/price_statistics/weekly_spi/SPI%20Annex%26USCP_14122023.pdf,https://web.archive.org/web/20240621142822id_/https://www.pbs.gov.pk/sites/default/files/price_statistics/weekly_spi/SPI%20Annex%26USCP_14122023.pdf,20240621142822
2023-12-14,summary,pdf,pbs_live,live,https://www.pbs.gov.pk/wp-content/uploads/2020/07/SPI-Executive-SumarySPI-Report_14122023.pdf,https://www.pbs.gov.pk/wp-content/uploads/2020/07/SPI-Executive-SumarySPI-Report_14122023.pdf,
2023-12-14,summary,pdf,wayback,weekly_spi,https://www.pbs.gov.pk/sites/default/files/price_statistics/weekly_spi/SPI%20Executive%20Sumary%26SPI%20Report_14122023.pdf,https://web.archive.org/web/20240621142904id_/https://www.pbs.gov.pk/sites/default/files/price_statistics/weekly_spi/SPI%20Executive%20Sumary%26SPI%20Report_14122023.pdf,20240621142904
2023-12-21,annex,pdf,wayback,weekly_spi,https://www.pbs.gov.pk/sites/default/files/price_statistics/weekly_spi/SPI%20Annex%26USCP_21122023.pdf,https://web.archive.org/web/20240621142729id_/https://www.pbs.gov.pk/sites/default/files/price_statistics/weekly_spi/SPI%20Annex%26USCP_21122023.pdf,20240621142729
2023-12-21,summary,pdf,wayback,weekly_spi,https://www.pbs.gov.pk/sites/default/files/price_statistics/weekly_spi/SPI%20Executive%20Sumary%26SPI%20Report_21122023.pdf,https://web.archive.org/web/20231222104720id_/https://www.pbs.gov.pk/sites/default/files/price_statistics/weekly_spi/SPI%20Executive%20Sumary%26SPI%20Report_21122023.pdf,20231222104720
2023-12-23,annex,pdf,pbs_live,live,https://www.pbs.gov.pk/wp-content/uploads/2020/07/SPI_AnnexUSCP_23122023.pdf,https://www.pbs.gov.pk/wp-content/uploads/2020/07/SPI_AnnexUSCP_23122023.pdf,
2023-12-23,summary,pdf,pbs_live,live,https://www.pbs.gov.pk/wp-content/uploads/2020/07/SPI_Executive-SumaryReport_23122023.pdf,https://www.pbs.gov.pk/wp-content/uploads/2020/07/SPI_Executive-SumaryReport_23122023.pdf,
2023-12-28,annex,pdf,wayback,weekly_spi,https://www.pbs.gov.pk/sites/default/files/price_statistics/weekly_spi/SPI-Annex%26USCP_28122023.pdf,https://web.archive.org/web/20240621142555id_/https://www.pbs.gov.pk/sites/default/files/price_statistics/weekly_spi/SPI-Annex%26USCP_28122023.pdf,20240621142555
2023-12-28,summary,pdf,wayback,weekly_spi,https://www.pbs.gov.pk/sites/default/files/price_statistics/weekly_spi/SPI%20Executive%20Sumary%26SPI%20Report_28122023.pdf,https://web.archive.org/web/20240621142647id_/https://www.pbs.gov.pk/sites/default/files/price_statistics/weekly_spi/SPI%20Executive%20Sumary%26SPI%20Report_28122023.pdf,20240621142647
2023-12-30,annex,pdf,pbs_live,live,https://www.pbs.gov.pk/wp-content/uploads/2020/07/SPI_AnnexUSCP_30122023.pdf,https://www.pbs.gov.pk/wp-content/uploads/2020/07/SPI_AnnexUSCP_30122023.pdf,
2023-12-30,summary,pdf,pbs_live,live,https://www.pbs.gov.pk/wp-content/uploads/2020/07/SPI-Executive-SumaryReport_30122023.pdf,https://www.pbs.gov.pk/wp-content/uploads/2020/07/SPI-Executive-SumaryReport_30122023.pdf,
2024-01-04,annex,pdf,pbs_live,live,https://www.pbs.gov.pk/wp-content/uploads/2020/07/SPI-AnnexUSCP_04012024.pdf,https://www.pbs.gov.pk/wp-content/uploads/2020/07/SPI-AnnexUSCP_04012024.pdf,
2024-01-04,annex,pdf,wayback,weekly_spi,https://www.pbs.gov.pk/sites/default/files/price_statistics/weekly_spi/2024/SPI-Annex%26USCP_04012024.pdf,https://web.archive.org/web/20240621142517id_/https://www.pbs.gov.pk/sites/default/files/price_statistics/weekly_spi/2024/SPI-Annex%26USCP_04012024.pdf,20240621142517
2024-01-04,summary,pdf,pbs_live,live,https://www.pbs.gov.pk/wp-content/uploads/2020/07/Executive-SumarySPI-Report_04012024.pdf,https://www.pbs.gov.pk/wp-content/uploads/2020/07/Executive-SumarySPI-Report_04012024.pdf,
2024-01-04,summary,pdf,wayback,weekly_spi,https://www.pbs.gov.pk/sites/default/files/price_statistics/weekly_spi/2024/Executive%20Sumary%26SPI%20Report_04012024.pdf,https://web.archive.org/web/20240621142549id_/https://www.pbs.gov.pk/sites/default/files/price_statistics/weekly_spi/2024/Executive%20Sumary%26SPI%20Report_04012024.pdf,20240621142549
2024-01-11,annex,pdf,pbs_live,live,https://www.pbs.gov.pk/wp-content/uploads/2020/07/SPI-AnnexUSCP_11012024.pdf,https://www.pbs.gov.pk/wp-content/uploads/2020/07/SPI-AnnexUSCP_11012024.pdf,
2024-01-11,annex,pdf,wayback,weekly_spi,https://www.pbs.gov.pk/sites/default/files/price_statistics/weekly_spi/SPI%20Annex%26USCP_11012024.pdf,https://web.archive.org/web/20240621142428id_/https://www.pbs.gov.pk/sites/default/files/price_statistics/weekly_spi/SPI%20Annex%26USCP_11012024.pdf,20240621142428
2024-01-11,summary,pdf,pbs_live,live,https://www.pbs.gov.pk/wp-content/uploads/2020/07/SPI-Executive-SumarySPI-Report_11012024.pdf,https://www.pbs.gov.pk/wp-content/uploads/2020/07/SPI-Executive-SumarySPI-Report_11012024.pdf,
2024-01-11,summary,pdf,wayback,weekly_spi,https://www.pbs.gov.pk/sites/default/files/price_statistics/weekly_spi/SPI%20Executive%20Sumary%26SPI%20Report_11012024.pdf,https://web.archive.org/web/20240621142510id_/https://www.pbs.gov.pk/sites/default/files/price_statistics/weekly_spi/SPI%20Executive%20Sumary%26SPI%20Report_11012024.pdf,20240621142510
2024-01-18,annex,pdf,pbs_live,live,https://www.pbs.gov.pk/wp-content/uploads/2020/07/SPI-AnnexUSCP_18012024.pdf,https://www.pbs.gov.pk/wp-content/uploads/2020/07/SPI-AnnexUSCP_18012024.pdf,
2024-01-18,annex,pdf,wayback,weekly_spi,https://www.pbs.gov.pk/sites/default/files/price_statistics/weekly_spi/SPI%20Annex%26USCP_18012024.pdf,https://web.archive.org/web/20240621142330id_/https://www.pbs.gov.pk/sites/default/files/price_statistics/weekly_spi/SPI%20Annex%26USCP_18012024.pdf,20240621142330
2024-01-18,summary,pdf,pbs_live,live,https://www.pbs.gov.pk/wp-content/uploads/2020/07/SPI-Executive-SumarySPI-Report_18012024.pdf,https://www.pbs.gov.pk/wp-content/uploads/2020/07/SPI-Executive-SumarySPI-Report_18012024.pdf,
2024-01-18,summary,pdf,wayback,weekly_spi,https://www.pbs.gov.pk/sites/default/files/price_statistics/weekly_spi/SPI%20Executive%20Sumary%26SPI%20Report_18012024.pdf,https://web.archive.org/web/20240119112446id_/https://www.pbs.gov.pk/sites/default/files/price_statistics/weekly_spi/SPI%20Executive%20Sumary%26SPI%20Report_18012024.pdf,20240119112446
2024-01-25,annex,pdf,pbs_live,live,https://www.pbs.gov.pk/wp-content/uploads/2020/07/SPI-AnnexUSCP_25012024.pdf,https://www.pbs.gov.pk/wp-content/uploads/2020/07/SPI-AnnexUSCP_25012024.pdf,
2024-01-25,annex,pdf,wayback,weekly_spi,https://www.pbs.gov.pk/sites/default/files/price_statistics/weekly_spi/SPI%20Annex%26USCP_25012024.pdf,https://web.archive.org/web/20240621142236id_/https://www.pbs.gov.pk/sites/default/files/price_statistics/weekly_spi/SPI%20Annex%26USCP_25012024.pdf,20240621142236
2024-01-25,summary,pdf,pbs_live,live,https://www.pbs.gov.pk/wp-content/uploads/2020/07/SPI-Executive-SumarySPI-Report_25012024.pdf,https://www.pbs.gov.pk/wp-content/uploads/2020/07/SPI-Executive-SumarySPI-Report_25012024.pdf,
2024-01-25,summary,pdf,wayback,weekly_spi,https://www.pbs.gov.pk/sites/default/files/price_statistics/weekly_spi/SPI%20Executive%20Sumary%26SPI%20Report_25012024.pdf,https://web.archive.org/web/20240126110034id_/https://www.pbs.gov.pk/sites/default/files/price_statistics/weekly_spi/SPI%20Executive%20Sumary%26SPI%20Report_25012024.pdf,20240126110034
2024-02-01,annex,pdf,pbs_live,live,https://www.pbs.gov.pk/wp-content/uploads/2020/07/SPI-AnnexUSCP_01022024.pdf,https://www.pbs.gov.pk/wp-content/uploads/2020/07/SPI-AnnexUSCP_01022024.pdf,
2024-02-01,annex,pdf,wayback,weekly_spi,https://www.pbs.gov.pk/sites/default/files/price_statistics/weekly_spi/2024/SPI%20Annex%26USCP_01022024.pdf,https://web.archive.org/web/20240621142146id_/https://www.pbs.gov.pk/sites/default/files/price_statistics/weekly_spi/2024/SPI%20Annex%26USCP_01022024.pdf,20240621142146
2024-02-01,summary,pdf,pbs_live,live,https://www.pbs.gov.pk/wp-content/uploads/2020/07/SPI-Executive-SumarySPI-Report_01022024.pdf,https://www.pbs.gov.pk/wp-content/uploads/2020/07/SPI-Executive-SumarySPI-Report_01022024.pdf,
2024-02-01,summary,pdf,wayback,weekly_spi,https://www.pbs.gov.pk/sites/default/files/price_statistics/weekly_spi/2024/SPI%20Executive%20Sumary%26SPI%20Report_01022024.pdf,https://web.archive.org/web/20240202112406id_/https://www.pbs.gov.pk/sites/default/files/price_statistics/weekly_spi/2024/SPI%20Executive%20Sumary%26SPI%20Report_01022024.pdf,20240202112406
2024-02-15,annex,pdf,pbs_live,live,https://www.pbs.gov.pk/wp-content/uploads/2020/07/SPI-AnnexUSCP_15022024.pdf,https://www.pbs.gov.pk/wp-content/uploads/2020/07/SPI-AnnexUSCP_15022024.pdf,
2024-02-15,annex,pdf,wayback,weekly_spi,https://www.pbs.gov.pk/sites/default/files/price_statistics/weekly_spi/SPI%20Annex%26USCP_15022024.pdf,https://web.archive.org/web/20240621142104id_/https://www.pbs.gov.pk/sites/default/files/price_statistics/weekly_spi/SPI%20Annex%26USCP_15022024.pdf,20240621142104
2024-02-15,summary,pdf,pbs_live,live,https://www.pbs.gov.pk/wp-content/uploads/2020/07/SPI-Executive-SumarySPI-Repot_15022024.pdf,https://www.pbs.gov.pk/wp-content/uploads/2020/07/SPI-Executive-SumarySPI-Repot_15022024.pdf,
2024-02-15,summary,pdf,wayback,weekly_spi,https://www.pbs.gov.pk/sites/default/files/price_statistics/weekly_spi/SPI%20Executive%20Sumary%26SPI%20Repot_15022024.pdf,https://web.archive.org/web/20240621142136id_/https://www.pbs.gov.pk/sites/default/files/price_statistics/weekly_spi/SPI%20Executive%20Sumary%26SPI%20Repot_15022024.pdf,20240621142136
2024-02-22,annex,pdf,pbs_live,live,https://www.pbs.gov.pk/wp-content/uploads/2020/07/SPI-AnnexUSCP_22022024.pdf,https://www.pbs.gov.pk/wp-content/uploads/2020/07/SPI-AnnexUSCP_22022024.pdf,
2024-02-22,annex,pdf,wayback,weekly_spi,https://www.pbs.gov.pk/sites/default/files/price_statistics/weekly_spi/SPI%20Annex%26USCP_22022024.pdf,https://web.archive.org/web/20240621142036id_/https://www.pbs.gov.pk/sites/default/files/price_statistics/weekly_spi/SPI%20Annex%26USCP_22022024.pdf,20240621142036
2024-02-22,summary,pdf,pbs_live,live,https://www.pbs.gov.pk/wp-content/uploads/2020/07/SPI-Executive-SumarySPI-Report_22022024.pdf,https://www.pbs.gov.pk/wp-content/uploads/2020/07/SPI-Executive-SumarySPI-Report_22022024.pdf,
2024-02-22,summary,pdf,wayback,weekly_spi,https://www.pbs.gov.pk/sites/default/files/price_statistics/weekly_spi/SPI%20Executive%20Sumary%26SPI%20Report_22022024.pdf,https://web.archive.org/web/20240621142054id_/https://www.pbs.gov.pk/sites/default/files/price_statistics/weekly_spi/SPI%20Executive%20Sumary%26SPI%20Report_22022024.pdf,20240621142054
2024-02-29,annex,pdf,pbs_live,live,https://www.pbs.gov.pk/wp-content/uploads/2020/07/SPI-AnnexUSCP_29022024.pdf,https://www.pbs.gov.pk/wp-content/uploads/2020/07/SPI-AnnexUSCP_29022024.pdf,
2024-02-29,annex,pdf,wayback,weekly_spi,https://www.pbs.gov.pk/sites/default/files/price_statistics/weekly_spi/SPI%20Annex%26USCP_29022024.pdf,https://web.archive.org/web/20240527154432id_/https://www.pbs.gov.pk/sites/default/files/price_statistics/weekly_spi/SPI%20Annex%26USCP_29022024.pdf,20240527154432
2024-02-29,summary,pdf,pbs_live,live,https://www.pbs.gov.pk/uploads/2020/07/SPI-Executive-SumarySPI-Report_29022024.pdf,https://www.pbs.gov.pk/uploads/2020/07/SPI-Executive-SumarySPI-Report_29022024.pdf,
2024-02-29,summary,pdf,wayback,weekly_spi,https://www.pbs.gov.pk/sites/default/files/price_statistics/weekly_spi/SPI%20Executive%20Sumary%26SPI%20Report_29022024.pdf,https://web.archive.org/web/20240527154441id_/https://www.pbs.gov.pk/sites/default/files/price_statistics/weekly_spi/SPI%20Executive%20Sumary%26SPI%20Report_29022024.pdf,20240527154441
2024-03-07,annex,pdf,pbs_live,live,https://www.pbs.gov.pk/wp-content/uploads/2020/07/SPI20Annex26USCP_07032024.pdf,https://www.pbs.gov.pk/wp-content/uploads/2020/07/SPI20Annex26USCP_07032024.pdf,
2024-03-07,annex,pdf,wayback,weekly_spi,https://www.pbs.gov.pk/sites/default/files/price_statistics/weekly_spi/SPI%20Annex%26USCP_07032024.pdf,https://web.archive.org/web/20240527154420id_/https://www.pbs.gov.pk/sites/default/files/price_statistics/weekly_spi/SPI%20Annex%26USCP_07032024.pdf,20240527154420
2024-03-07,summary,pdf,pbs_live,live,https://www.pbs.gov.pk/wp-content/uploads/2020/07/SPI20Executive20Sumary26SPI20Report_07032024.pdf,https://www.pbs.gov.pk/wp-content/uploads/2020/07/SPI20Executive20Sumary26SPI20Report_07032024.pdf,
2024-03-07,summary,pdf,wayback,weekly_spi,https://www.pbs.gov.pk/sites/default/files/price_statistics/weekly_spi/SPI%20Executive%20Sumary%26SPI%20Report_07032024.pdf,https://web.archive.org/web/20240527154428id_/https://www.pbs.gov.pk/sites/default/files/price_statistics/weekly_spi/SPI%20Executive%20Sumary%26SPI%20Report_07032024.pdf,20240527154428
2024-03-14,annex,pdf,pbs_live,live,https://www.pbs.gov.pk/wp-content/uploads/2020/07/SPI-Annex26USCP_14032024.pdf,https://www.pbs.gov.pk/wp-content/uploads/2020/07/SPI-Annex26USCP_14032024.pdf,
2024-03-14,annex,pdf,wayback,weekly_spi,https://www.pbs.gov.pk/sites/default/files/price_statistics/weekly_spi/SPI-Annex%26USCP_14032024.pdf,https://web.archive.org/web/20240527154407id_/https://www.pbs.gov.pk/sites/default/files/price_statistics/weekly_spi/SPI-Annex%26USCP_14032024.pdf,20240527154407
2024-03-14,summary,pdf,pbs_live,live,https://www.pbs.gov.pk/wp-content/uploads/2020/07/SPI20Executive20Sumary26SPI20Report_14032024.pdf,https://www.pbs.gov.pk/wp-content/uploads/2020/07/SPI20Executive20Sumary26SPI20Report_14032024.pdf,
2024-03-14,summary,pdf,wayback,weekly_spi,https://www.pbs.gov.pk/sites/default/files/price_statistics/weekly_spi/SPI%20Executive%20Sumary%26SPI%20Report_14032024.pdf,https://web.archive.org/web/20240315134143id_/https://www.pbs.gov.pk/sites/default/files/price_statistics/weekly_spi/SPI%20Executive%20Sumary%26SPI%20Report_14032024.pdf,20240315134143
2024-03-21,annex,pdf,pbs_live,live,https://www.pbs.gov.pk/wp-content/uploads/2020/07/SPI20Annex26USCP_21032024.pdf,https://www.pbs.gov.pk/wp-content/uploads/2020/07/SPI20Annex26USCP_21032024.pdf,
2024-03-21,annex,pdf,wayback,weekly_spi,https://www.pbs.gov.pk/sites/default/files/price_statistics/weekly_spi/SPI%20Annex%26USCP_21032024.pdf,https://web.archive.org/web/20240527154355id_/https://www.pbs.gov.pk/sites/default/files/price_statistics/weekly_spi/SPI%20Annex%26USCP_21032024.pdf,20240527154355
2024-03-21,summary,pdf,pbs_live,live,https://www.pbs.gov.pk/wp-content/uploads/2020/07/SPI20Executive20Sumary26SPI20Report_21032024.pdf,https://www.pbs.gov.pk/wp-content/uploads/2020/07/SPI20Executive20Sumary26SPI20Report_21032024.pdf,
2024-03-21,summary,pdf,wayback,weekly_spi,https://www.pbs.gov.pk/sites/default/files/price_statistics/weekly_spi/SPI%20Executive%20Sumary%26SPI%20Report_21032024.pdf,https://web.archive.org/web/20240527154403id_/https://www.pbs.gov.pk/sites/default/files/price_statistics/weekly_spi/SPI%20Executive%20Sumary%26SPI%20Report_21032024.pdf,20240527154403
2024-03-28,annex,pdf,pbs_live,live,https://www.pbs.gov.pk/wp-content/uploads/2020/07/SPI20Annex26USCP_28032024.pdf,https://www.pbs.gov.pk/wp-content/uploads/2020/07/SPI20Annex26USCP_28032024.pdf,
2024-03-28,annex,pdf,wayback,weekly_spi,https://www.pbs.gov.pk/sites/default/files/price_statistics/weekly_spi/2024/SPI%20Annex%26USCP_28032024.pdf,https://web.archive.org/web/20240527154343id_/https://www.pbs.gov.pk/sites/default/files/price_statistics/weekly_spi/2024/SPI%20Annex%26USCP_28032024.pdf,20240527154343
2024-03-28,summary,pdf,pbs_live,live,https://www.pbs.gov.pk/wp-content/uploads/2020/07/SPI20Executive20Sumary26SPI20Report_28032024.pdf,https://www.pbs.gov.pk/wp-content/uploads/2020/07/SPI20Executive20Sumary26SPI20Report_28032024.pdf,
2024-03-28,summary,pdf,wayback,weekly_spi,https://www.pbs.gov.pk/sites/default/files/price_statistics/weekly_spi/2024/SPI%20Executive%20Sumary%26SPI%20Report_28032024.pdf,https://web.archive.org/web/20240527154351id_/https://www.pbs.gov.pk/sites/default/files/price_statistics/weekly_spi/2024/SPI%20Executive%20Sumary%26SPI%20Report_28032024.pdf,20240527154351
2024-04-04,annex,pdf,pbs_live,live,https://www.pbs.gov.pk/wp-content/uploads/2020/07/SPI20Annex26USCCP_04042024.pdf,https://www.pbs.gov.pk/wp-content/uploads/2020/07/SPI20Annex26USCCP_04042024.pdf,
2024-04-04,annex,pdf,wayback,weekly_spi,https://www.pbs.gov.pk/sites/default/files/price_statistics/weekly_spi/SPI%20Annex%26USCCP_04042024.pdf,https://web.archive.org/web/20240527154330id_/https://www.pbs.gov.pk/sites/default/files/price_statistics/weekly_spi/SPI%20Annex%26USCCP_04042024.pdf,20240527154330
2024-04-04,summary,pdf,pbs_live,live,https://www.pbs.gov.pk/wp-content/uploads/2020/07/SPI20Executive20Sumary26SPI20Report_04042024.pdf,https://www.pbs.gov.pk/wp-content/uploads/2020/07/SPI20Executive20Sumary26SPI20Report_04042024.pdf,
2024-04-04,summary,pdf,wayback,weekly_spi,https://www.pbs.gov.pk/sites/default/files/price_statistics/weekly_spi/SPI%20Executive%20Sumary%26SPI%20Report_04042024.pdf,https://web.archive.org/web/20240405100212id_/https://www.pbs.gov.pk/sites/default/files/price_statistics/weekly_spi/SPI%20Executive%20Sumary%26SPI%20Report_04042024.pdf,20240405100212
2024-04-18,annex,pdf,pbs_live,live,https://www.pbs.gov.pk/wp-content/uploads/2020/07/SPI20Annex26USCP_18042024.pdf,https://www.pbs.gov.pk/wp-content/uploads/2020/07/SPI20Annex26USCP_18042024.pdf,
2024-04-18,annex,pdf,wayback,weekly_spi,https://www.pbs.gov.pk/sites/default/files/price_statistics/weekly_spi/SPI%20Annex%26USCP_18042024.pdf,https://web.archive.org/web/20240527154318id_/https://www.pbs.gov.pk/sites/default/files/price_statistics/weekly_spi/SPI%20Annex%26USCP_18042024.pdf,20240527154318
2024-04-18,summary,pdf,pbs_live,live,https://www.pbs.gov.pk/wp-content/uploads/2020/07/SPI20Executive20Sumary26Report_18042024.pdf,https://www.pbs.gov.pk/wp-content/uploads/2020/07/SPI20Executive20Sumary26Report_18042024.pdf,
2024-04-18,summary,pdf,wayback,weekly_spi,https://www.pbs.gov.pk/sites/default/files/price_statistics/weekly_spi/SPI%20Executive%20Sumary%26Report_18042024.pdf,https://web.archive.org/web/20240527154326id_/https://www.pbs.gov.pk/sites/default/files/price_statistics/weekly_spi/SPI%20Executive%20Sumary%26Report_18042024.pdf,20240527154326
2024-04-25,annex,pdf,pbs_live,live,https://www.pbs.gov.pk/wp-content/uploads/2020/07/SPI20Annex26USCP_25042024.pdf,https://www.pbs.gov.pk/wp-content/uploads/2020/07/SPI20Annex26USCP_25042024.pdf,
2024-04-25,annex,pdf,wayback,weekly_spi,https://www.pbs.gov.pk/sites/default/files/price_statistics/weekly_spi/SPI%20Annex%26USCP_25042024.pdf,https://web.archive.org/web/20240527154306id_/https://www.pbs.gov.pk/sites/default/files/price_statistics/weekly_spi/SPI%20Annex%26USCP_25042024.pdf,20240527154306
2024-04-25,summary,pdf,pbs_live,live,https://www.pbs.gov.pk/wp-content/uploads/2020/07/SPI20Executive20Sumary26SPI20Report_25042024.pdf,https://www.pbs.gov.pk/wp-content/uploads/2020/07/SPI20Executive20Sumary26SPI20Report_25042024.pdf,
2024-04-25,summary,pdf,wayback,weekly_spi,https://www.pbs.gov.pk/sites/default/files/price_statistics/weekly_spi/SPI%20Executive%20Sumary%26SPI%20Report_25042024.pdf,https://web.archive.org/web/20240527154315id_/https://www.pbs.gov.pk/sites/default/files/price_statistics/weekly_spi/SPI%20Executive%20Sumary%26SPI%20Report_25042024.pdf,20240527154315
2024-05-02,annex,pdf,pbs_live,live,https://www.pbs.gov.pk/wp-content/uploads/2020/07/ANNEX202620USCP2002.05.2024.pdf,https://www.pbs.gov.pk/wp-content/uploads/2020/07/ANNEX202620USCP2002.05.2024.pdf,
2024-05-02,annex,pdf,wayback,weekly_spi,https://www.pbs.gov.pk/sites/default/files/price_statistics/weekly_spi/ANNEX%20%26%20USCP%2002.05.2024.pdf,https://web.archive.org/web/20240527154251id_/https://www.pbs.gov.pk/sites/default/files/price_statistics/weekly_spi/ANNEX%20%26%20USCP%2002.05.2024.pdf,20240527154251
2024-05-02,summary,pdf,pbs_live,live,https://www.pbs.gov.pk/wp-content/uploads/2020/07/SPI20Executive20Sumary202620Report2002.05.2024.pdf,https://www.pbs.gov.pk/wp-content/uploads/2020/07/SPI20Executive20Sumary202620Report2002.05.2024.pdf,
2024-05-02,summary,pdf,wayback,weekly_spi,https://www.pbs.gov.pk/sites/default/files/price_statistics/weekly_spi/SPI%20Executive%20Sumary%20%26%20Report%2002.05.2024.pdf,https://web.archive.org/web/20240503104932id_/https://www.pbs.gov.pk/sites/default/files/price_statistics/weekly_spi/SPI%20Executive%20Sumary%20%26%20Report%2002.05.2024.pdf,20240503104932
2024-05-09,annex,pdf,pbs_live,live,https://www.pbs.gov.pk/wp-content/uploads/2020/07/SPI20Annex26USCP_09052024.pdf,https://www.pbs.gov.pk/wp-content/uploads/2020/07/SPI20Annex26USCP_09052024.pdf,
2024-05-09,annex,pdf,wayback,weekly_spi,https://www.pbs.gov.pk/sites/default/files/price_statistics/weekly_spi/2024/SPI%20Annex%26USCP_09052024.pdf,https://web.archive.org/web/20240527154237id_/https://www.pbs.gov.pk/sites/default/files/price_statistics/weekly_spi/2024/SPI%20Annex%26USCP_09052024.pdf,20240527154237
2024-05-09,summary,pdf,pbs_live,live,https://www.pbs.gov.pk/wp-content/uploads/2020/07/SPI_Executive_Sumary_26_SPI_Report_09052024.pdf,https://www.pbs.gov.pk/wp-content/uploads/2020/07/SPI_Executive_Sumary_26_SPI_Report_09052024.pdf,
2024-05-09,summary,pdf,wayback,weekly_spi,https://www.pbs.gov.pk/sites/default/files/price_statistics/weekly_spi/2024/SPI_Executive_Sumary_%26_SPI_Report_09052024.pdf,https://web.archive.org/web/20240511225844id_/https://www.pbs.gov.pk/sites/default/files/price_statistics/weekly_spi/2024/SPI_Executive_Sumary_%26_SPI_Report_09052024.pdf,20240511225844
2024-05-16,annex,pdf,pbs_live,live,https://www.pbs.gov.pk/wp-content/uploads/2020/07/Annex26USCP_16052024.pdf,https://www.pbs.gov.pk/wp-content/uploads/2020/07/Annex26USCP_16052024.pdf,
2024-05-16,annex,pdf,wayback,weekly_spi,https://www.pbs.gov.pk/sites/default/files/price_statistics/weekly_spi/Annex%26USCP_16052024.pdf,https://web.archive.org/web/20240622005001id_/https://www.pbs.gov.pk/sites/default/files/price_statistics/weekly_spi/Annex%26USCP_16052024.pdf,20240622005001
2024-05-16,summary,pdf,pbs_live,live,https://www.pbs.gov.pk/wp-content/uploads/2020/07/SPI20Executive20Sumary26SPI20Report_16052024.pdf,https://www.pbs.gov.pk/wp-content/uploads/2020/07/SPI20Executive20Sumary26SPI20Report_16052024.pdf,
2024-05-16,summary,pdf,wayback,weekly_spi,https://www.pbs.gov.pk/sites/default/files/price_statistics/weekly_spi/SPI%20Executive%20Sumary%26SPI%20Report_16052024.pdf,https://web.archive.org/web/20240622005207id_/https://www.pbs.gov.pk/sites/default/files/price_statistics/weekly_spi/SPI%20Executive%20Sumary%26SPI%20Report_16052024.pdf,20240622005207
2024-05-23,annex,pdf,pbs_live,live,https://www.pbs.gov.pk/wp-content/uploads/2020/07/SPI-Annex26USCP_23052024.pdf,https://www.pbs.gov.pk/wp-content/uploads/2020/07/SPI-Annex26USCP_23052024.pdf,
2024-05-23,annex,pdf,wayback,weekly_spi,https://www.pbs.gov.pk/sites/default/files/price_statistics/weekly_spi/SPI-Annex%26USCP_23052024.pdf,https://web.archive.org/web/20240621231437id_/https://www.pbs.gov.pk/sites/default/files/price_statistics/weekly_spi/SPI-Annex%26USCP_23052024.pdf,20240621231437
2024-05-23,summary,pdf,pbs_live,live,https://www.pbs.gov.pk/wp-content/uploads/2020/07/SPI20Executive20Sumary26SPI20Report_23052024.pdf,https://www.pbs.gov.pk/wp-content/uploads/2020/07/SPI20Executive20Sumary26SPI20Report_23052024.pdf,
2024-05-23,summary,pdf,wayback,weekly_spi,https://www.pbs.gov.pk/sites/default/files/price_statistics/weekly_spi/SPI%20Executive%20Sumary%26SPI%20Report_23052024.pdf,https://web.archive.org/web/20240622004534id_/https://www.pbs.gov.pk/sites/default/files/price_statistics/weekly_spi/SPI%20Executive%20Sumary%26SPI%20Report_23052024.pdf,20240622004534
2024-05-30,annex,pdf,pbs_live,live,https://www.pbs.gov.pk/wp-content/uploads/2020/07/SPI-Annex26USCP_30052024.pdf,https://www.pbs.gov.pk/wp-content/uploads/2020/07/SPI-Annex26USCP_30052024.pdf,
2024-05-30,annex,pdf,wayback,weekly_spi,https://www.pbs.gov.pk/sites/default/files/price_statistics/weekly_spi/SPI-Annex%26USCP_30052024.pdf,https://web.archive.org/web/20241117110032id_/https://www.pbs.gov.pk/sites/default/files/price_statistics/weekly_spi/SPI-Annex%26USCP_30052024.pdf,20241117110032
2024-05-30,summary,pdf,pbs_live,live,https://www.pbs.gov.pk/wp-content/uploads/2020/07/SPI20Executive20Sumary26SPI20Report_30052024.pdf,https://www.pbs.gov.pk/wp-content/uploads/2020/07/SPI20Executive20Sumary26SPI20Report_30052024.pdf,
2024-05-30,summary,pdf,wayback,weekly_spi,https://www.pbs.gov.pk/sites/default/files/price_statistics/weekly_spi/SPI%20Executive%20Sumary%26SPI%20Report_30052024.pdf,https://web.archive.org/web/20241117110055id_/https://www.pbs.gov.pk/sites/default/files/price_statistics/weekly_spi/SPI%20Executive%20Sumary%26SPI%20Report_30052024.pdf,20241117110055
2024-06-06,annex,pdf,pbs_live,live,https://www.pbs.gov.pk/wp-content/uploads/2020/07/SPI20Annex26USCP_06062024.pdf,https://www.pbs.gov.pk/wp-content/uploads/2020/07/SPI20Annex26USCP_06062024.pdf,
2024-06-06,annex,pdf,wayback,weekly_spi,https://www.pbs.gov.pk/sites/default/files/price_statistics/weekly_spi/2024/SPI%20Annex%26USCP_06062024.pdf,https://web.archive.org/web/20241117110003id_/https://www.pbs.gov.pk/sites/default/files/price_statistics/weekly_spi/2024/SPI%20Annex%26USCP_06062024.pdf,20241117110003
2024-06-06,summary,pdf,pbs_live,live,https://www.pbs.gov.pk/wp-content/uploads/2020/07/SPI20Executive20Sumary26SPI20Report_06062024.pdf,https://www.pbs.gov.pk/wp-content/uploads/2020/07/SPI20Executive20Sumary26SPI20Report_06062024.pdf,
2024-06-06,summary,pdf,wayback,weekly_spi,https://www.pbs.gov.pk/sites/default/files/price_statistics/weekly_spi/2024/SPI%20Executive%20Sumary%26SPI%20Report_06062024.pdf,https://web.archive.org/web/20241117110026id_/https://www.pbs.gov.pk/sites/default/files/price_statistics/weekly_spi/2024/SPI%20Executive%20Sumary%26SPI%20Report_06062024.pdf,20241117110026
2024-06-13,annex,pdf,pbs_live,live,https://www.pbs.gov.pk/wp-content/uploads/2020/07/SPI20Annexture_13.06.2024202620USCP-merged.pdf,https://www.pbs.gov.pk/wp-content/uploads/2020/07/SPI20Annexture_13.06.2024202620USCP-merged.pdf,
2024-06-13,annex,pdf,wayback,weekly_spi,https://www.pbs.gov.pk/sites/default/files/price_statistics/weekly_spi/2024/SPI%20Annexture_13.06.2024%20%26%20USCP-merged.pdf,https://web.archive.org/web/20241117105933id_/https://www.pbs.gov.pk/sites/default/files/price_statistics/weekly_spi/2024/SPI%20Annexture_13.06.2024%20%26%20USCP-merged.pdf,20241117105933
2024-06-13,summary,pdf,pbs_live,live,https://www.pbs.gov.pk/wp-content/uploads/2020/07/SPI20Executive20Sumary202620SPI20Report_13.06.2024-merged.pdf,https://www.pbs.gov.pk/wp-content/uploads/2020/07/SPI20Executive20Sumary202620SPI20Report_13.06.2024-merged.pdf,
2024-06-13,summary,pdf,wayback,weekly_spi,https://www.pbs.gov.pk/sites/default/files/price_statistics/weekly_spi/2024/SPI%20Executive%20Sumary%20%26%20SPI%20Report_13.06.2024-merged.pdf,https://web.archive.org/web/20240614122133id_/https://www.pbs.gov.pk/sites/default/files/price_statistics/weekly_spi/2024/SPI%20Executive%20Sumary%20%26%20SPI%20Report_13.06.2024-merged.pdf,20240614122133
2024-06-20,annex,pdf,pbs_live,live,https://www.pbs.gov.pk/wp-content/uploads/2020/07/SPI20Annex202620USCP_20.06.2024.pdf,https://www.pbs.gov.pk/wp-content/uploads/2020/07/SPI20Annex202620USCP_20.06.2024.pdf,
2024-06-20,annex,pdf,wayback,weekly_spi,https://www.pbs.gov.pk/sites/default/files/price_statistics/weekly_spi/2024/SPI%20Annex%20%26%20USCP_20.06.2024.pdf,https://web.archive.org/web/20241117105652id_/https://www.pbs.gov.pk/sites/default/files/price_statistics/weekly_spi/2024/SPI%20Annex%20%26%20USCP_20.06.2024.pdf,20241117105652
2024-06-20,summary,pdf,pbs_live,live,https://www.pbs.gov.pk/wp-content/uploads/2020/07/SPI20Executive20Sumary202620SPI20Report2020.06.2024.pdf,https://www.pbs.gov.pk/wp-content/uploads/2020/07/SPI20Executive20Sumary202620SPI20Report2020.06.2024.pdf,
2024-06-20,summary,pdf,wayback,weekly_spi,https://www.pbs.gov.pk/sites/default/files/price_statistics/weekly_spi/2024/SPI%20Executive%20Sumary%20%26%20SPI%20Report%2020.06.2024.pdf,https://web.archive.org/web/20240621104801id_/https://www.pbs.gov.pk/sites/default/files/price_statistics/weekly_spi/2024/SPI%20Executive%20Sumary%20%26%20SPI%20Report%2020.06.2024.pdf,20240621104801
2024-06-27,annex,pdf,pbs_live,live,https://www.pbs.gov.pk/wp-content/uploads/2020/07/SPI20Annex_USCP_27062024.pdf,https://www.pbs.gov.pk/wp-content/uploads/2020/07/SPI20Annex_USCP_27062024.pdf,
2024-06-27,annex,pdf,wayback,weekly_spi,https://www.pbs.gov.pk/sites/default/files/price_statistics/weekly_spi/2024/SPI%20Annex_USCP_27062024.pdf,https://web.archive.org/web/20241117105348id_/https://www.pbs.gov.pk/sites/default/files/price_statistics/weekly_spi/2024/SPI%20Annex_USCP_27062024.pdf,20241117105348
2024-06-27,summary,pdf,pbs_live,live,https://www.pbs.gov.pk/wp-content/uploads/2020/07/SPI20Executive20Sumary_Report_27.06.2024.pdf,https://www.pbs.gov.pk/wp-content/uploads/2020/07/SPI20Executive20Sumary_Report_27.06.2024.pdf,
2024-06-27,summary,pdf,wayback,weekly_spi,https://www.pbs.gov.pk/sites/default/files/price_statistics/weekly_spi/2024/SPI%20Executive%20Sumary_Report_27.06.2024.pdf,https://web.archive.org/web/20241117105403id_/https://www.pbs.gov.pk/sites/default/files/price_statistics/weekly_spi/2024/SPI%20Executive%20Sumary_Report_27.06.2024.pdf,20241117105403
2024-07-04,annex,pdf,wayback,weekly_spi,https://www.pbs.gov.pk/sites/default/files/price_statistics/weekly_spi/2024/Worksheet_USCP_04.07.2024.pdf,https://web.archive.org/web/20241117105323id_/https://www.pbs.gov.pk/sites/default/files/price_statistics/weekly_spi/2024/Worksheet_USCP_04.07.2024.pdf,20241117105323
2024-07-04,summary,pdf,pbs_live,live,https://www.pbs.gov.pk/wp-content/uploads/2020/07/SPI-Executive-Sumary_SPI-Report_04.07.2024.pdf,https://www.pbs.gov.pk/wp-content/uploads/2020/07/SPI-Executive-Sumary_SPI-Report_04.07.2024.pdf,
2024-07-04,summary,pdf,pbs_live,live,https://www.pbs.gov.pk/wp-content/uploads/2020/07/SPI20Executive20Sumary_SPI20Report_04.07.2024.pdf,https://www.pbs.gov.pk/wp-content/uploads/2020/07/SPI20Executive20Sumary_SPI20Report_04.07.2024.pdf,
2024-07-04,summary,pdf,wayback,weekly_spi,https://www.pbs.gov.pk/sites/default/files/price_statistics/weekly_spi/2024/SPI%20Executive%20Sumary_SPI%20Report_04.07.2024.pdf,https://web.archive.org/web/20241117105339id_/https://www.pbs.gov.pk/sites/default/files/price_statistics/weekly_spi/2024/SPI%20Executive%20Sumary_SPI%20Report_04.07.2024.pdf,20241117105339
2024-07-11,annex,pdf,pbs_live,live,https://www.pbs.gov.pk/wp-content/uploads/2020/07/Annexture202620USCP_11.07.2024.pdf,https://www.pbs.gov.pk/wp-content/uploads/2020/07/Annexture202620USCP_11.07.2024.pdf,
2024-07-11,annex,pdf,wayback,weekly_spi,https://www.pbs.gov.pk/sites/default/files/price_statistics/weekly_spi/2024/Annexture%20%26%20USCP_11.07.2024.pdf,https://web.archive.org/web/20241117105301id_/https://www.pbs.gov.pk/sites/default/files/price_statistics/weekly_spi/2024/Annexture%20%26%20USCP_11.07.2024.pdf,20241117105301
2024-07-11,summary,pdf,pbs_live,live,https://www.pbs.gov.pk/wp-content/uploads/2020/07/SPI20Executive20Sumary202620Report_11.07.2024.pdf,https://www.pbs.gov.pk/wp-content/uploads/2020/07/SPI20Executive20Sumary202620Report_11.07.2024.pdf,
2024-07-11,summary,pdf,wayback,weekly_spi,https://www.pbs.gov.pk/sites/default/files/price_statistics/weekly_spi/2024/SPI%20Executive%20Sumary%20%26%20Report_11.07.2024.pdf,https://web.archive.org/web/20241117105315id_/https://www.pbs.gov.pk/sites/default/files/price_statistics/weekly_spi/2024/SPI%20Executive%20Sumary%20%26%20Report_11.07.2024.pdf,20241117105315
2024-07-18,annex,pdf,pbs_live,live,https://www.pbs.gov.pk/wp-content/uploads/2020/07/SPI20Annexture202620USCP_18.07.2024.pdf,https://www.pbs.gov.pk/wp-content/uploads/2020/07/SPI20Annexture202620USCP_18.07.2024.pdf,
2024-07-18,annex,pdf,wayback,weekly_spi,https://www.pbs.gov.pk/sites/default/files/price_statistics/weekly_spi/2024/SPI%20Annexture%20%26%20USCP_18.07.2024.pdf,https://web.archive.org/web/20241117105232id_/https://www.pbs.gov.pk/sites/default/files/price_statistics/weekly_spi/2024/SPI%20Annexture%20%26%20USCP_18.07.2024.pdf,20241117105232
2024-07-18,summary,pdf,pbs_live,live,https://www.pbs.gov.pk/wp-content/uploads/2020/07/SPI20Executive20Summary202620Report_2018.07.2024.pdf,https://www.pbs.gov.pk/wp-content/uploads/2020/07/SPI20Executive20Summary202620Report_2018.07.2024.pdf,
2024-07-18,summary,pdf,wayback,weekly_spi,https://www.pbs.gov.pk/sites/default/files/price_statistics/weekly_spi/2024/SPI%20Executive%20Summary%20%26%20Report_%2018.07.2024.pdf,https://web.archive.org/web/20240912102242id_/https://www.pbs.gov.pk/sites/default/files/price_statistics/weekly_spi/2024/SPI%20Executive%20Summary%20%26%20Report_%2018.07.2024.pdf,20240912102242
2024-07-25,annex,pdf,pbs_live,live,https://www.pbs.gov.pk/wp-content/uploads/2020/07/SPI-AnnexUSCP_25072024.pdf,https://www.pbs.gov.pk/wp-content/uploads/2020/07/SPI-AnnexUSCP_25072024.pdf,
2024-07-25,annex,pdf,wayback,weekly_spi,https://www.pbs.gov.pk/sites/default/files/price_statistics/weekly_spi/2024/SPI%20Annex%26USCP_25072024.pdf,https://web.archive.org/web/20241117105039id_/https://www.pbs.gov.pk/sites/default/files/price_statistics/weekly_spi/2024/SPI%20Annex%26USCP_25072024.pdf,20241117105039
2024-07-25,summary,pdf,pbs_live,live,https://www.pbs.gov.pk/wp-content/uploads/2020/07/SPI-Executive-SumarySPI-Report_25072024.pdf,https://www.pbs.gov.pk/wp-content/uploads/2020/07/SPI-Executive-SumarySPI-Report_25072024.pdf,
2024-07-25,summary,pdf,wayback,weekly_spi,https://www.pbs.gov.pk/sites/default/files/price_statistics/weekly_spi/2024/SPI%20Executive%20Sumary%26SPI%20Report_25072024.pdf,https://web.archive.org/web/20241117105221id_/https://www.pbs.gov.pk/sites/default/files/price_statistics/weekly_spi/2024/SPI%20Executive%20Sumary%26SPI%20Report_25072024.pdf,20241117105221
2024-08-01,annex,pdf,pbs_live,live,https://www.pbs.gov.pk/wp-content/uploads/2020/07/SPI-AnnexUSCP_01082024-1.pdf,https://www.pbs.gov.pk/wp-content/uploads/2020/07/SPI-AnnexUSCP_01082024-1.pdf,
2024-08-01,annex,pdf,wayback,weekly_spi,https://www.pbs.gov.pk/sites/default/files/price_statistics/weekly_spi/SPI-Annex%26USCP_01082024.pdf,https://web.archive.org/web/20241102154821id_/https://www.pbs.gov.pk/sites/default/files/price_statistics/weekly_spi/SPI-Annex%26USCP_01082024.pdf,20241102154821
2024-08-01,summary,pdf,pbs_live,live,https://www.pbs.gov.pk/wp-content/uploads/2020/07/SPI-Executive-SumarySPI-Report_01082024-1.pdf,https://www.pbs.gov.pk/wp-content/uploads/2020/07/SPI-Executive-SumarySPI-Report_01082024-1.pdf,
2024-08-01,summary,pdf,wayback,weekly_spi,https://www.pbs.gov.pk/sites/default/files/price_statistics/weekly_spi/SPI%20Executive%20Sumary%26SPI%20Report_01082024.pdf,https://web.archive.org/web/20241102144327id_/https://www.pbs.gov.pk/sites/default/files/price_statistics/weekly_spi/SPI%20Executive%20Sumary%26SPI%20Report_01082024.pdf,20241102144327
2024-08-08,annex,pdf,pbs_live,live,https://www.pbs.gov.pk/wp-content/uploads/2020/07/SPI-AnnexUSCP_08082024-1.pdf,https://www.pbs.gov.pk/wp-content/uploads/2020/07/SPI-AnnexUSCP_08082024-1.pdf,
2024-08-08,annex,pdf,wayback,weekly_spi,https://www.pbs.gov.pk/sites/default/files/price_statistics/weekly_spi/SPI%20Annex%26USCP_08082024.pdf,https://web.archive.org/web/20241102150359id_/https://www.pbs.gov.pk/sites/default/files/price_statistics/weekly_spi/SPI%20Annex%26USCP_08082024.pdf,20241102150359
2024-08-08,summary,pdf,pbs_live,live,https://www.pbs.gov.pk/wp-content/uploads/2020/07/SPI-Executive-SumarySPI-Report_08082024-1.pdf,https://www.pbs.gov.pk/wp-content/uploads/2020/07/SPI-Executive-SumarySPI-Report_08082024-1.pdf,
2024-08-08,summary,pdf,wayback,weekly_spi,https://www.pbs.gov.pk/sites/default/files/price_statistics/weekly_spi/SPI%20Executive%20Sumary%26SPI%20Report_08082024.pdf,https://web.archive.org/web/20241102143451id_/https://www.pbs.gov.pk/sites/default/files/price_statistics/weekly_spi/SPI%20Executive%20Sumary%26SPI%20Report_08082024.pdf,20241102143451
2024-08-15,annex,pdf,pbs_live,live,https://www.pbs.gov.pk/wp-content/uploads/2020/07/SPI-AnnexUSCP_15082024-1.pdf,https://www.pbs.gov.pk/wp-content/uploads/2020/07/SPI-AnnexUSCP_15082024-1.pdf,
2024-08-15,annex,pdf,wayback,weekly_spi,https://www.pbs.gov.pk/sites/default/files/price_statistics/weekly_spi/SPI%20Annex%26USCP_15082024.pdf,https://web.archive.org/web/20241102144221id_/https://www.pbs.gov.pk/sites/default/files/price_statistics/weekly_spi/SPI%20Annex%26USCP_15082024.pdf,20241102144221
2024-08-15,summary,pdf,pbs_live,live,https://www.pbs.gov.pk/wp-content/uploads/2020/07/SPI-Executive-SumarySPI-Report_15082024-1.pdf,https://www.pbs.gov.pk/wp-content/uploads/2020/07/SPI-Executive-SumarySPI-Report_15082024-1.pdf,
2024-08-15,summary,pdf,wayback,weekly_spi,https://www.pbs.gov.pk/sites/default/files/price_statistics/weekly_spi/SPI%20Executive%20Sumary%26SPI%20Report_15082024.pdf,https://web.archive.org/web/20240816135907id_/https://www.pbs.gov.pk/sites/default/files/price_statistics/weekly_spi/SPI%20Executive%20Sumary%26SPI%20Report_15082024.pdf,20240816135907
2024-08-22,annex,pdf,pbs_live,live,https://www.pbs.gov.pk/wp-content/uploads/2020/07/SPI-AnnexUSCP_22082024-1.pdf,https://www.pbs.gov.pk/wp-content/uploads/2020/07/SPI-AnnexUSCP_22082024-1.pdf,
2024-08-22,annex,pdf,wayback,weekly_spi,https://www.pbs.gov.pk/sites/default/files/price_statistics/weekly_spi/2024/SPI%20Annex%26USCP_22082024.pdf,https://web.archive.org/web/20241102141326id_/https://www.pbs.gov.pk/sites/default/files/price_statistics/weekly_spi/2024/SPI%20Annex%26USCP_22082024.pdf,20241102141326
2024-08-22,summary,pdf,pbs_live,live,https://www.pbs.gov.pk/wp-content/uploads/2020/07/SPI-Executive-SumarySPI-Report_22082024-1.pdf,https://www.pbs.gov.pk/wp-content/uploads/2020/07/SPI-Executive-SumarySPI-Report_22082024-1.pdf,
2024-08-22,summary,pdf,wayback,weekly_spi,https://www.pbs.gov.pk/sites/default/files/price_statistics/weekly_spi/2024/SPI%20Executive%20Sumary%26SPI%20Report_22082024.pdf,https://web.archive.org/web/20240909140132id_/https://www.pbs.gov.pk/sites/default/files/price_statistics/weekly_spi/2024/SPI%20Executive%20Sumary%26SPI%20Report_22082024.pdf,20240909140132
2024-08-29,annex,pdf,pbs_live,live,https://www.pbs.gov.pk/wp-content/uploads/2020/07/SPI-Annex_29082024-1.pdf,https://www.pbs.gov.pk/wp-content/uploads/2020/07/SPI-Annex_29082024-1.pdf,
2024-08-29,annex,pdf,wayback,weekly_spi,https://www.pbs.gov.pk/sites/default/files/price_statistics/weekly_spi/2024/SPI%20Annex_29082024.pdf,https://web.archive.org/web/20241102150256id_/https://www.pbs.gov.pk/sites/default/files/price_statistics/weekly_spi/2024/SPI%20Annex_29082024.pdf,20241102150256
2024-08-29,summary,pdf,pbs_live,live,https://www.pbs.gov.pk/wp-content/uploads/2020/07/SPI-Executive-SumarySPI-Report_29082024-1.pdf,https://www.pbs.gov.pk/wp-content/uploads/2020/07/SPI-Executive-SumarySPI-Report_29082024-1.pdf,
2024-08-29,summary,pdf,wayback,weekly_spi,https://www.pbs.gov.pk/sites/default/files/price_statistics/weekly_spi/2024/SPI%20Executive%20Sumary%26SPI%20Report_29082024.pdf,https://web.archive.org/web/20240831161238id_/https://www.pbs.gov.pk/sites/default/files/price_statistics/weekly_spi/2024/SPI%20Executive%20Sumary%26SPI%20Report_29082024.pdf,20240831161238
2024-09-05,annex,pdf,pbs_live,live,https://www.pbs.gov.pk/wp-content/uploads/2020/07/AnnexUSCP_05092024-1.pdf,https://www.pbs.gov.pk/wp-content/uploads/2020/07/AnnexUSCP_05092024-1.pdf,
2024-09-05,annex,pdf,wayback,weekly_spi,https://www.pbs.gov.pk/sites/default/files/price_statistics/weekly_spi/Annex%26USCP_05092024.pdf,https://web.archive.org/web/20241102143607id_/https://www.pbs.gov.pk/sites/default/files/price_statistics/weekly_spi/Annex%26USCP_05092024.pdf,20241102143607
2024-09-05,summary,pdf,pbs_live,live,https://www.pbs.gov.pk/wp-content/uploads/2020/07/SPI-Executive-SumarySPI-Report_05092024-1.pdf,https://www.pbs.gov.pk/wp-content/uploads/2020/07/SPI-Executive-SumarySPI-Report_05092024-1.pdf,
2024-09-05,summary,pdf,wayback,weekly_spi,https://www.pbs.gov.pk/sites/default/files/price_statistics/weekly_spi/SPI%20Executive%20Sumary%26SPI%20Report_05092024.pdf,https://web.archive.org/web/20241102155229id_/https://www.pbs.gov.pk/sites/default/files/price_statistics/weekly_spi/SPI%20Executive%20Sumary%26SPI%20Report_05092024.pdf,20241102155229
2024-09-12,annex,pdf,pbs_live,live,https://www.pbs.gov.pk/wp-content/uploads/2020/07/SPI-AnnexUSCP_12092024-1.pdf,https://www.pbs.gov.pk/wp-content/uploads/2020/07/SPI-AnnexUSCP_12092024-1.pdf,
2024-09-12,annex,pdf,wayback,weekly_spi,https://www.pbs.gov.pk/sites/default/files/price_statistics/weekly_spi/SPI%20Annex%26USCP_12092024.pdf,https://web.archive.org/web/20241102141919id_/https://www.pbs.gov.pk/sites/default/files/price_statistics/weekly_spi/SPI%20Annex%26USCP_12092024.pdf,20241102141919
2024-09-12,summary,pdf,pbs_live,live,https://www.pbs.gov.pk/wp-content/uploads/2020/07/SPI-Executive-SumarySPI-Report_12092024-1.pdf,https://www.pbs.gov.pk/wp-content/uploads/2020/07/SPI-Executive-SumarySPI-Report_12092024-1.pdf,
2024-09-12,summary,pdf,wayback,weekly_spi,https://www.pbs.gov.pk/sites/default/files/price_statistics/weekly_spi/SPI%20Executive%20Sumary%26SPI%20Report_12092024.pdf,https://web.archive.org/web/20241102154855id_/https://www.pbs.gov.pk/sites/default/files/price_statistics/weekly_spi/SPI%20Executive%20Sumary%26SPI%20Report_12092024.pdf,20241102154855
2024-09-19,annex,pdf,wayback,weekly_spi,https://www.pbs.gov.pk/sites/default/files/price_statistics/weekly_spi/SPI%20Annex%26USCP_19092024.pdf,https://web.archive.org/web/20241102141711id_/https://www.pbs.gov.pk/sites/default/files/price_statistics/weekly_spi/SPI%20Annex%26USCP_19092024.pdf,20241102141711
2024-09-19,summary,pdf,wayback,weekly_spi,https://www.pbs.gov.pk/sites/default/files/price_statistics/weekly_spi/SPI%20Executive%20Sumary%26SPI%20Report_19092024.pdf,https://web.archive.org/web/20241102153558id_/https://www.pbs.gov.pk/sites/default/files/price_statistics/weekly_spi/SPI%20Executive%20Sumary%26SPI%20Report_19092024.pdf,20241102153558
2024-09-26,annex,pdf,wayback,weekly_spi,https://www.pbs.gov.pk/sites/default/files/price_statistics/weekly_spi/-SPI%20Annex%26USCP_26092024.pdf,https://web.archive.org/web/20241102152447id_/https://www.pbs.gov.pk/sites/default/files/price_statistics/weekly_spi/-SPI%20Annex%26USCP_26092024.pdf,20241102152447
2024-09-26,summary,pdf,wayback,weekly_spi,https://www.pbs.gov.pk/sites/default/files/price_statistics/weekly_spi/-SPI%20Executive%20Sumary%26SPI%20Report_26092024.pdf,https://web.archive.org/web/20241102154553id_/https://www.pbs.gov.pk/sites/default/files/price_statistics/weekly_spi/-SPI%20Executive%20Sumary%26SPI%20Report_26092024.pdf,20241102154553
2024-10-03,annex,pdf,wayback,weekly_spi,https://www.pbs.gov.pk/sites/default/files/price_statistics/weekly_spi/SPI%20Annex%26USCP_03102024.pdf,https://web.archive.org/web/20241102134950id_/https://www.pbs.gov.pk/sites/default/files/price_statistics/weekly_spi/SPI%20Annex%26USCP_03102024.pdf,20241102134950
2024-10-03,summary,pdf,wayback,weekly_spi,https://www.pbs.gov.pk/sites/default/files/price_statistics/weekly_spi/SPI%20Executive%20Sumary%26SPI%20Report_03102024.pdf,https://web.archive.org/web/20241102152638id_/https://www.pbs.gov.pk/sites/default/files/price_statistics/weekly_spi/SPI%20Executive%20Sumary%26SPI%20Report_03102024.pdf,20241102152638
2024-10-10,annex,pdf,wayback,weekly_spi,https://www.pbs.gov.pk/sites/default/files/price_statistics/weekly_spi/-SPI%20Annex%26USCP_10102024.pdf,https://web.archive.org/web/20241115063224id_/https://www.pbs.gov.pk/sites/default/files/price_statistics/weekly_spi/-SPI%20Annex%26USCP_10102024.pdf,20241115063224
2024-10-10,summary,pdf,wayback,weekly_spi,https://www.pbs.gov.pk/sites/default/files/price_statistics/weekly_spi/-SPI%20Executive%20Sumary%26SPI%20Report_10102024.pdf,https://web.archive.org/web/20241115063253id_/https://www.pbs.gov.pk/sites/default/files/price_statistics/weekly_spi/-SPI%20Executive%20Sumary%26SPI%20Report_10102024.pdf,20241115063253
2024-10-17,annex,pdf,wayback,weekly_spi,https://www.pbs.gov.pk/sites/default/files/price_statistics/weekly_spi/-SPI-Annex%26USCP_17102024.pdf,https://web.archive.org/web/20241115063151id_/https://www.pbs.gov.pk/sites/default/files/price_statistics/weekly_spi/-SPI-Annex%26USCP_17102024.pdf,20241115063151
2024-10-17,summary,pdf,wayback,weekly_spi,https://www.pbs.gov.pk/sites/default/files/price_statistics/weekly_spi/-SPI%20Executive%20Sumary%26SPI%20Report_17102024.pdf,https://web.archive.org/web/20241115063209id_/https://www.pbs.gov.pk/sites/default/files/price_statistics/weekly_spi/-SPI%20Executive%20Sumary%26SPI%20Report_17102024.pdf,20241115063209
2024-10-24,annex,pdf,wayback,weekly_spi,https://www.pbs.gov.pk/sites/default/files/price_statistics/weekly_spi/-SPI-Annex%26USCP_24102024.pdf,https://web.archive.org/web/20241115063009id_/https://www.pbs.gov.pk/sites/default/files/price_statistics/weekly_spi/-SPI-Annex%26USCP_24102024.pdf,20241115063009
2024-10-24,summary,pdf,wayback,weekly_spi,https://www.pbs.gov.pk/sites/default/files/price_statistics/weekly_spi/-SPI%20Executive%20Sumary%26SPI-Report_24102024.pdf,https://web.archive.org/web/20241115063126id_/https://www.pbs.gov.pk/sites/default/files/price_statistics/weekly_spi/-SPI%20Executive%20Sumary%26SPI-Report_24102024.pdf,20241115063126
2024-10-31,annex,pdf,wayback,weekly_spi,https://www.pbs.gov.pk/sites/default/files/price_statistics/weekly_spi/SPI_Annex%26USCP_31102024.pdf,https://web.archive.org/web/20241115062908id_/https://www.pbs.gov.pk/sites/default/files/price_statistics/weekly_spi/SPI_Annex%26USCP_31102024.pdf,20241115062908
2024-10-31,summary,pdf,wayback,weekly_spi,https://www.pbs.gov.pk/sites/default/files/price_statistics/weekly_spi/SPI_Executive_Sumary%26SPI_Report_31102024.pdf,https://web.archive.org/web/20241115062933id_/https://www.pbs.gov.pk/sites/default/files/price_statistics/weekly_spi/SPI_Executive_Sumary%26SPI_Report_31102024.pdf,20241115062933
2024-11-07,annex,pdf,pbs_live,live,https://www.pbs.gov.pk/wp-content/uploads/2020/07/SPI_AnnexUSCP_07112024.pdf,https://www.pbs.gov.pk/wp-content/uploads/2020/07/SPI_AnnexUSCP_07112024.pdf,
2024-11-07,annex,pdf,wayback,weekly_spi,https://www.pbs.gov.pk/sites/default/files/price_statistics/weekly_spi/-SPI_Annex%26USCP_07112024.pdf,https://web.archive.org/web/20241115062842id_/https://www.pbs.gov.pk/sites/default/files/price_statistics/weekly_spi/-SPI_Annex%26USCP_07112024.pdf,20241115062842
2024-11-07,summary,pdf,pbs_live,live,https://www.pbs.gov.pk/wp-content/uploads/2020/07/SPI-Executive-SumarySPI-Reprot_07112024.pdf,https://www.pbs.gov.pk/wp-content/uploads/2020/07/SPI-Executive-SumarySPI-Reprot_07112024.pdf,
2024-11-07,summary,pdf,wayback,weekly_spi,https://www.pbs.gov.pk/sites/default/files/price_statistics/weekly_spi/-SPI%20Executive%20Sumary%26SPI%20Reprot_07112024.pdf,https://web.archive.org/web/20241115062857id_/https://www.pbs.gov.pk/sites/default/files/price_statistics/weekly_spi/-SPI%20Executive%20Sumary%26SPI%20Reprot_07112024.pdf,20241115062857
2024-11-14,annex,pdf,pbs_live,live,https://www.pbs.gov.pk/wp-content/uploads/2020/07/SPI-AnnexUSCP_14112024.pdf,https://www.pbs.gov.pk/wp-content/uploads/2020/07/SPI-AnnexUSCP_14112024.pdf,
2024-11-14,annex,pdf,wayback,weekly_spi,https://www.pbs.gov.pk/sites/default/files/price_statistics/weekly_spi/-SPI-Annex%26USCP_14112024.pdf,https://web.archive.org/web/20250607041049id_/https://www.pbs.gov.pk/sites/default/files/price_statistics/weekly_spi/-SPI-Annex%26USCP_14112024.pdf,20250607041049
2024-11-14,summary,pdf,pbs_live,live,https://www.pbs.gov.pk/wp-content/uploads/2020/07/SPI-Executive-SumarySPI-Report_14112024.pdf,https://www.pbs.gov.pk/wp-content/uploads/2020/07/SPI-Executive-SumarySPI-Report_14112024.pdf,
2024-11-14,summary,pdf,wayback,weekly_spi,https://www.pbs.gov.pk/sites/default/files/price_statistics/weekly_spi/-SPI%20Executive%20Sumary%26SPI-Report_14112024.pdf,https://web.archive.org/web/20250607041152id_/https://www.pbs.gov.pk/sites/default/files/price_statistics/weekly_spi/-SPI%20Executive%20Sumary%26SPI-Report_14112024.pdf,20250607041152
2024-11-21,annex,pdf,pbs_live,live,https://www.pbs.gov.pk/wp-content/uploads/2020/07/SPI-AnnexUSCP_21112024.pdf,https://www.pbs.gov.pk/wp-content/uploads/2020/07/SPI-AnnexUSCP_21112024.pdf,
2024-11-21,annex,pdf,wayback,weekly_spi,https://www.pbs.gov.pk/sites/default/files/price_statistics/weekly_spi/-SPI%20Annex%26USCP_21112024.pdf,https://web.archive.org/web/20250607040951id_/https://www.pbs.gov.pk/sites/default/files/price_statistics/weekly_spi/-SPI%20Annex%26USCP_21112024.pdf,20250607040951
2024-11-21,summary,pdf,pbs_live,live,https://www.pbs.gov.pk/wp-content/uploads/2020/07/SPI-Executive-SumarySPI-Report_21112024.pdf,https://www.pbs.gov.pk/wp-content/uploads/2020/07/SPI-Executive-SumarySPI-Report_21112024.pdf,
2024-11-21,summary,pdf,wayback,weekly_spi,https://www.pbs.gov.pk/sites/default/files/price_statistics/weekly_spi/-SPI%20Executive%20Sumary%26SPI%20Report_21112024.pdf,https://web.archive.org/web/20250607041040id_/https://www.pbs.gov.pk/sites/default/files/price_statistics/weekly_spi/-SPI%20Executive%20Sumary%26SPI%20Report_21112024.pdf,20250607041040
2024-11-28,annex,pdf,pbs_live,live,https://www.pbs.gov.pk/wp-content/uploads/2020/07/SPI-AnnexUSCP_28112024.pdf,https://www.pbs.gov.pk/wp-content/uploads/2020/07/SPI-AnnexUSCP_28112024.pdf,
2024-11-28,annex,pdf,wayback,weekly_spi,https://www.pbs.gov.pk/sites/default/files/price_statistics/weekly_spi/-SPI-Annex%26USCP_28112024.pdf,https://web.archive.org/web/20250607040836id_/https://www.pbs.gov.pk/sites/default/files/price_statistics/weekly_spi/-SPI-Annex%26USCP_28112024.pdf,20250607040836
2024-11-28,summary,pdf,pbs_live,live,https://www.pbs.gov.pk/wp-content/uploads/2020/07/SPI-Executive-SumarySPI-Report_-28112024.pdf,https://www.pbs.gov.pk/wp-content/uploads/2020/07/SPI-Executive-SumarySPI-Report_-28112024.pdf,
2024-11-28,summary,pdf,wayback,weekly_spi,https://www.pbs.gov.pk/sites/default/files/price_statistics/weekly_spi/-SPI%20Executive%20Sumary%26SPI%20Report_%2028112024.pdf,https://web.archive.org/web/20250607040944id_/https://www.pbs.gov.pk/sites/default/files/price_statistics/weekly_spi/-SPI%20Executive%20Sumary%26SPI%20Report_%2028112024.pdf,20250607040944
2024-12-05,annex,pdf,pbs_live,live,https://www.pbs.gov.pk/wp-content/uploads/2020/07/SPI-AnnexUSCP_05122024.pdf,https://www.pbs.gov.pk/wp-content/uploads/2020/07/SPI-AnnexUSCP_05122024.pdf,
2024-12-05,annex,pdf,wayback,weekly_spi,https://www.pbs.gov.pk/sites/default/files/price_statistics/weekly_spi/-SPI%20Annex%26USCP_05122024.pdf,https://web.archive.org/web/20250607040704id_/https://www.pbs.gov.pk/sites/default/files/price_statistics/weekly_spi/-SPI%20Annex%26USCP_05122024.pdf,20250607040704
2024-12-05,summary,pdf,pbs_live,live,https://www.pbs.gov.pk/wp-content/uploads/2020/07/SPI-Executive-SumarySPI-Report_05122024.pdf,https://www.pbs.gov.pk/wp-content/uploads/2020/07/SPI-Executive-SumarySPI-Report_05122024.pdf,
2024-12-05,summary,pdf,wayback,weekly_spi,https://www.pbs.gov.pk/sites/default/files/price_statistics/weekly_spi/-SPI%20Executive%20Sumary%26SPI%20Report_05122024.pdf,https://web.archive.org/web/20250607040828id_/https://www.pbs.gov.pk/sites/default/files/price_statistics/weekly_spi/-SPI%20Executive%20Sumary%26SPI%20Report_05122024.pdf,20250607040828
2024-12-12,annex,pdf,pbs_live,live,https://www.pbs.gov.pk/wp-content/uploads/2020/07/SPI-AnnexUSCP_12122024.pdf,https://www.pbs.gov.pk/wp-content/uploads/2020/07/SPI-AnnexUSCP_12122024.pdf,
2024-12-12,annex,pdf,wayback,weekly_spi,https://www.pbs.gov.pk/sites/default/files/price_statistics/weekly_spi/--SPI%20Annex%26USCP_12122024.pdf,https://web.archive.org/web/20250607040535id_/https://www.pbs.gov.pk/sites/default/files/price_statistics/weekly_spi/--SPI%20Annex%26USCP_12122024.pdf,20250607040535
2024-12-12,summary,pdf,pbs_live,live,https://www.pbs.gov.pk/wp-content/uploads/2020/07/SPI-Executive-SumarySPI-Report_12122024.pdf.pdf,https://www.pbs.gov.pk/wp-content/uploads/2020/07/SPI-Executive-SumarySPI-Report_12122024.pdf.pdf,
2024-12-12,summary,pdf,wayback,weekly_spi,https://www.pbs.gov.pk/sites/default/files/price_statistics/weekly_spi/--SPI%20Executive%20Sumary%26SPI%20Report_12122024.pdf,https://web.archive.org/web/20241227142941id_/https://www.pbs.gov.pk/sites/default/files/price_statistics/weekly_spi/--SPI%20Executive%20Sumary%26SPI%20Report_12122024.pdf,20241227142941
2024-12-19,annex,pdf,pbs_live,live,https://www.pbs.gov.pk/wp-content/uploads/2020/07/SPI-AnnexUSCP_19122024.pdf,https://www.pbs.gov.pk/wp-content/uploads/2020/07/SPI-AnnexUSCP_19122024.pdf,
2024-12-19,annex,pdf,wayback,weekly_spi,https://www.pbs.gov.pk/sites/default/files/price_statistics/weekly_spi/--SPI%20Annex%26USCP_19122024.pdf,https://web.archive.org/web/20250607040407id_/https://www.pbs.gov.pk/sites/default/files/price_statistics/weekly_spi/--SPI%20Annex%26USCP_19122024.pdf,20250607040407
2024-12-19,summary,pdf,pbs_live,live,https://www.pbs.gov.pk/wp-content/uploads/2020/07/SPI-Executive-SumarySPI-Report_19122024.pdf,https://www.pbs.gov.pk/wp-content/uploads/2020/07/SPI-Executive-SumarySPI-Report_19122024.pdf,
2024-12-19,summary,pdf,wayback,weekly_spi,https://www.pbs.gov.pk/sites/default/files/price_statistics/weekly_spi/--SPI%20Executive%20Sumary%26SPI%20Report_19122024.pdf,https://web.archive.org/web/20241228053250id_/https://www.pbs.gov.pk/sites/default/files/price_statistics/weekly_spi/--SPI%20Executive%20Sumary%26SPI%20Report_19122024.pdf,20241228053250
2024-12-26,annex,pdf,pbs_live,live,https://www.pbs.gov.pk/wp-content/uploads/2020/07/SPI-AnnexUSCP_26122024-1.pdf,https://www.pbs.gov.pk/wp-content/uploads/2020/07/SPI-AnnexUSCP_26122024-1.pdf,
2024-12-26,annex,pdf,wayback,weekly_spi,https://www.pbs.gov.pk/sites/default/files/price_statistics/weekly_spi/SPI%20Annex%26USCP_26122024.pdf,https://web.archive.org/web/20250607040303id_/https://www.pbs.gov.pk/sites/default/files/price_statistics/weekly_spi/SPI%20Annex%26USCP_26122024.pdf,20250607040303
2024-12-26,summary,pdf,pbs_live,live,https://www.pbs.gov.pk/wp-content/uploads/2020/07/SPI-Executive-SumarySPI-Report_26122024.pdf,https://www.pbs.gov.pk/wp-content/uploads/2020/07/SPI-Executive-SumarySPI-Report_26122024.pdf,
2024-12-26,summary,pdf,wayback,weekly_spi,https://www.pbs.gov.pk/sites/default/files/price_statistics/weekly_spi/SPI%20Executive%20Sumary%26SPI%20Report_26122024.pdf,https://web.archive.org/web/20241227143523id_/https://www.pbs.gov.pk/sites/default/files/price_statistics/weekly_spi/SPI%20Executive%20Sumary%26SPI%20Report_26122024.pdf,20241227143523
2025-01-02,annex,pdf,pbs_live,live,https://www.pbs.gov.pk/wp-content/uploads/2020/07/SPI-AnnexUSCP_02012025.pdf,https://www.pbs.gov.pk/wp-content/uploads/2020/07/SPI-AnnexUSCP_02012025.pdf,
2025-01-02,annex,pdf,wayback,weekly_spi,https://www.pbs.gov.pk/sites/default/files/price_statistics/weekly_spi/--SPI%20Annex%26USCP_02012025.pdf,https://web.archive.org/web/20250607040208id_/https://www.pbs.gov.pk/sites/default/files/price_statistics/weekly_spi/--SPI%20Annex%26USCP_02012025.pdf,20250607040208
2025-01-02,summary,pdf,pbs_live,live,https://www.pbs.gov.pk/wp-content/uploads/2020/07/SPI-Executive-SumarySPI-Report_02012025.pdf,https://www.pbs.gov.pk/wp-content/uploads/2020/07/SPI-Executive-SumarySPI-Report_02012025.pdf,
2025-01-02,summary,pdf,wayback,weekly_spi,https://www.pbs.gov.pk/sites/default/files/price_statistics/weekly_spi/--SPI%20Executive%20Sumary%26SPI%20Report_02012025.pdf,https://web.archive.org/web/20250104143408id_/https://www.pbs.gov.pk/sites/default/files/price_statistics/weekly_spi/--SPI%20Executive%20Sumary%26SPI%20Report_02012025.pdf,20250104143408
2025-01-09,annex,pdf,pbs_live,live,https://www.pbs.gov.pk/wp-content/uploads/2020/07/SPI-AnnexUSCP_09012025.pdf,https://www.pbs.gov.pk/wp-content/uploads/2020/07/SPI-AnnexUSCP_09012025.pdf,
2025-01-09,annex,pdf,wayback,weekly_spi,https://www.pbs.gov.pk/sites/default/files/price_statistics/weekly_spi/--SPI%20Annex%26USCP_09012025.pdf,https://web.archive.org/web/20250607040047id_/https://www.pbs.gov.pk/sites/default/files/price_statistics/weekly_spi/--SPI%20Annex%26USCP_09012025.pdf,20250607040047
2025-01-09,summary,pdf,pbs_live,live,https://www.pbs.gov.pk/wp-content/uploads/2020/07/SPI-Executive-SumarySPI-Report_09012025.pdf,https://www.pbs.gov.pk/wp-content/uploads/2020/07/SPI-Executive-SumarySPI-Report_09012025.pdf,
2025-01-09,summary,pdf,wayback,weekly_spi,https://www.pbs.gov.pk/sites/default/files/price_statistics/weekly_spi/--SPI%20Executive%20Sumary%26SPI%20Report_09012025.pdf,https://web.archive.org/web/20250607040158id_/https://www.pbs.gov.pk/sites/default/files/price_statistics/weekly_spi/--SPI%20Executive%20Sumary%26SPI%20Report_09012025.pdf,20250607040158
2025-01-16,annex,pdf,pbs_live,live,https://www.pbs.gov.pk/wp-content/uploads/2020/07/SPI-Annex-USCP_16012025.pdf,https://www.pbs.gov.pk/wp-content/uploads/2020/07/SPI-Annex-USCP_16012025.pdf,
2025-01-16,annex,pdf,wayback,weekly_spi,https://www.pbs.gov.pk/sites/default/files/price_statistics/weekly_spi/--SPI%20Annex%20%26%20USCP_16012025.pdf,https://web.archive.org/web/20250607035940id_/https://www.pbs.gov.pk/sites/default/files/price_statistics/weekly_spi/--SPI%20Annex%20%26%20USCP_16012025.pdf,20250607035940
2025-01-16,summary,pdf,pbs_live,live,https://www.pbs.gov.pk/wp-content/uploads/2020/07/SPI-Executive-Sumary-SPI-Report_16012025.pdf,https://www.pbs.gov.pk/wp-content/uploads/2020/07/SPI-Executive-Sumary-SPI-Report_16012025.pdf,
2025-01-16,summary,pdf,wayback,weekly_spi,https://www.pbs.gov.pk/sites/default/files/price_statistics/weekly_spi/--SPI%20Executive%20Sumary%20%26%20SPI%20Report_16012025.pdf,https://web.archive.org/web/20250607040038id_/https://www.pbs.gov.pk/sites/default/files/price_statistics/weekly_spi/--SPI%20Executive%20Sumary%20%26%20SPI%20Report_16012025.pdf,20250607040038
2025-01-23,annex,pdf,pbs_live,live,https://www.pbs.gov.pk/wp-content/uploads/2020/07/SPI-Annex-USCP_23012025.pdf,https://www.pbs.gov.pk/wp-content/uploads/2020/07/SPI-Annex-USCP_23012025.pdf,
2025-01-23,annex,pdf,wayback,weekly_spi,https://www.pbs.gov.pk/sites/default/files/price_statistics/weekly_spi/--SPI%20Annex%20%26%20USCP_23012025.pdf,https://web.archive.org/web/20250607035840id_/https://www.pbs.gov.pk/sites/default/files/price_statistics/weekly_spi/--SPI%20Annex%20%26%20USCP_23012025.pdf,20250607035840
2025-01-23,summary,pdf,pbs_live,live,https://www.pbs.gov.pk/wp-content/uploads/2020/07/SPI-Executive-SumarySPI-Report-23012025.pdf,https://www.pbs.gov.pk/wp-content/uploads/2020/07/SPI-Executive-SumarySPI-Report-23012025.pdf,
2025-01-23,summary,pdf,wayback,weekly_spi,https://www.pbs.gov.pk/sites/default/files/price_statistics/weekly_spi/--SPI%20Executive%20Sumary%26SPI%20Report%2023012025.pdf,https://web.archive.org/web/20250607035932id_/https://www.pbs.gov.pk/sites/default/files/price_statistics/weekly_spi/--SPI%20Executive%20Sumary%26SPI%20Report%2023012025.pdf,20250607035932
2025-01-30,annex,pdf,pbs_live,live,https://www.pbs.gov.pk/wp-content/uploads/2020/07/SPI-AnnexUSCP_30012025.pdf,https://www.pbs.gov.pk/wp-content/uploads/2020/07/SPI-AnnexUSCP_30012025.pdf,
2025-01-30,annex,pdf,wayback,weekly_spi,https://www.pbs.gov.pk/sites/default/files/price_statistics/weekly_spi/--SPI%20Annex%26USCP_30012025.pdf,https://web.archive.org/web/20250607035711id_/https://www.pbs.gov.pk/sites/default/files/price_statistics/weekly_spi/--SPI%20Annex%26USCP_30012025.pdf,20250607035711
2025-01-30,summary,pdf,pbs_live,live,https://www.pbs.gov.pk/wp-content/uploads/2020/07/SPI-Executive-Sumary-SPI-Report_30012025.pdf,https://www.pbs.gov.pk/wp-content/uploads/2020/07/SPI-Executive-Sumary-SPI-Report_30012025.pdf,
2025-01-30,summary,pdf,wayback,weekly_spi,https://www.pbs.gov.pk/sites/default/files/price_statistics/weekly_spi/--SPI%20Executive%20Sumary%20%26%20SPI%20Report_30012025.pdf,https://web.archive.org/web/20250607035833id_/https://www.pbs.gov.pk/sites/default/files/price_statistics/weekly_spi/--SPI%20Executive%20Sumary%20%26%20SPI%20Report_30012025.pdf,20250607035833
2025-02-06,annex,pdf,pbs_live,live,https://www.pbs.gov.pk/wp-content/uploads/2020/07/SPI-AnnexUSCP_06022025.pdf,https://www.pbs.gov.pk/wp-content/uploads/2020/07/SPI-AnnexUSCP_06022025.pdf,
2025-02-06,annex,pdf,wayback,weekly_spi,https://www.pbs.gov.pk/sites/default/files/price_statistics/weekly_spi/--SPI-Annex%26USCP_06022025.pdf,https://web.archive.org/web/20250607035556id_/https://www.pbs.gov.pk/sites/default/files/price_statistics/weekly_spi/--SPI-Annex%26USCP_06022025.pdf,20250607035556
2025-02-06,summary,pdf,pbs_live,live,https://www.pbs.gov.pk/wp-content/uploads/2020/07/SPI-Executive-SumarySPI-Report_06022025.pdf,https://www.pbs.gov.pk/wp-content/uploads/2020/07/SPI-Executive-SumarySPI-Report_06022025.pdf,
2025-02-06,summary,pdf,wayback,weekly_spi,https://www.pbs.gov.pk/sites/default/files/price_statistics/weekly_spi/--SPI%20Executive%20Sumary%26SPI%20Report_06022025.pdf,https://web.archive.org/web/20250607035703id_/https://www.pbs.gov.pk/sites/default/files/price_statistics/weekly_spi/--SPI%20Executive%20Sumary%26SPI%20Report_06022025.pdf,20250607035703
2025-02-13,annex,pdf,pbs_live,live,https://www.pbs.gov.pk/wp-content/uploads/2020/07/SPI-Annex-USCP_13022025.pdf,https://www.pbs.gov.pk/wp-content/uploads/2020/07/SPI-Annex-USCP_13022025.pdf,
2025-02-13,annex,pdf,wayback,weekly_spi,https://www.pbs.gov.pk/sites/default/files/price_statistics/weekly_spi/--SPI%20Annex%20%26%20USCP_13022025.pdf,https://web.archive.org/web/20250607035450id_/https://www.pbs.gov.pk/sites/default/files/price_statistics/weekly_spi/--SPI%20Annex%20%26%20USCP_13022025.pdf,20250607035450
2025-02-13,summary,pdf,pbs_live,live,https://www.pbs.gov.pk/wp-content/uploads/2020/07/SPI-Executive-Sumary-SPI-Report_13022025.pdf,https://www.pbs.gov.pk/wp-content/uploads/2020/07/SPI-Executive-Sumary-SPI-Report_13022025.pdf,
2025-02-13,summary,pdf,wayback,weekly_spi,https://www.pbs.gov.pk/sites/default/files/price_statistics/weekly_spi/SPI%20Executive%20Sumary%20%26%20SPI%20Report_13022025.pdf,https://web.archive.org/web/20250607035550id_/https://www.pbs.gov.pk/sites/default/files/price_statistics/weekly_spi/SPI%20Executive%20Sumary%20%26%20SPI%20Report_13022025.pdf,20250607035550
2025-02-20,annex,pdf,pbs_live,live,https://www.pbs.gov.pk/wp-content/uploads/2020/07/SPI-Annex-USCP_20022025-1.pdf,https://www.pbs.gov.pk/wp-content/uploads/2020/07/SPI-Annex-USCP_20022025-1.pdf,
2025-02-20,annex,pdf,wayback,weekly_spi,https://www.pbs.gov.pk/sites/default/files/price_statistics/weekly_spi/--SPI%20Annex%20%26%20USCP_20022025.pdf,https://web.archive.org/web/20250607035346id_/https://www.pbs.gov.pk/sites/default/files/price_statistics/weekly_spi/--SPI%20Annex%20%26%20USCP_20022025.pdf,20250607035346
2025-02-20,summary,pdf,pbs_live,live,https://www.pbs.gov.pk/wp-content/uploads/2020/07/SPI-Executive-Sumary-SPI-Report_20022025-1.pdf,https://www.pbs.gov.pk/wp-content/uploads/2020/07/SPI-Executive-Sumary-SPI-Report_20022025-1.pdf,
2025-02-20,summary,pdf,wayback,weekly_spi,https://www.pbs.gov.pk/sites/default/files/price_statistics/weekly_spi/--SPI%20Executive%20Sumary%20%26%20SPI%20Report_20022025.pdf,https://web.archive.org/web/20250221092555id_/https://www.pbs.gov.pk/sites/default/files/price_statistics/weekly_spi/--SPI%20Executive%20Sumary%20%26%20SPI%20Report_20022025.pdf,20250221092555
2025-02-27,annex,pdf,pbs_live,live,https://www.pbs.gov.pk/wp-content/uploads/2020/07/SPI-Annex-USCP_27022025-1.pdf,https://www.pbs.gov.pk/wp-content/uploads/2020/07/SPI-Annex-USCP_27022025-1.pdf,
2025-02-27,annex,pdf,wayback,weekly_spi,https://www.pbs.gov.pk/sites/default/files/price_statistics/weekly_spi/--SPI%20Annex%20%26%20USCP_27022025.pdf,https://web.archive.org/web/20250607035222id_/https://www.pbs.gov.pk/sites/default/files/price_statistics/weekly_spi/--SPI%20Annex%20%26%20USCP_27022025.pdf,20250607035222
2025-02-27,summary,pdf,pbs_live,live,https://www.pbs.gov.pk/wp-content/uploads/2020/07/SPI-Executive-Sumary-SPI-Report_27022025-1.pdf,https://www.pbs.gov.pk/wp-content/uploads/2020/07/SPI-Executive-Sumary-SPI-Report_27022025-1.pdf,
2025-02-27,summary,pdf,wayback,weekly_spi,https://www.pbs.gov.pk/sites/default/files/price_statistics/weekly_spi/--SPI%20Executive%20Sumary%20%26%20SPI%20Report_27022025.pdf,https://web.archive.org/web/20250607035339id_/https://www.pbs.gov.pk/sites/default/files/price_statistics/weekly_spi/--SPI%20Executive%20Sumary%20%26%20SPI%20Report_27022025.pdf,20250607035339
2025-03-06,annex,pdf,pbs_live,live,https://www.pbs.gov.pk/wp-content/uploads/2020/07/SPI-Annex-USCP_06032025-1.pdf,https://www.pbs.gov.pk/wp-content/uploads/2020/07/SPI-Annex-USCP_06032025-1.pdf,
2025-03-06,annex,pdf,wayback,weekly_spi,https://www.pbs.gov.pk/sites/default/files/price_statistics/weekly_spi/SPI%20Annex%20%26%20USCP_06032025.pdf,https://web.archive.org/web/20250607035115id_/https://www.pbs.gov.pk/sites/default/files/price_statistics/weekly_spi/SPI%20Annex%20%26%20USCP_06032025.pdf,20250607035115
2025-03-06,summary,pdf,pbs_live,live,https://www.pbs.gov.pk/wp-content/uploads/2020/07/SPI-Executive-Sumary-SPI-Report_06032025-1.pdf,https://www.pbs.gov.pk/wp-content/uploads/2020/07/SPI-Executive-Sumary-SPI-Report_06032025-1.pdf,
2025-03-06,summary,pdf,wayback,weekly_spi,https://www.pbs.gov.pk/sites/default/files/price_statistics/weekly_spi/SPI%20Executive%20Sumary%20%26%20SPI%20Report_06032025.pdf,https://web.archive.org/web/20250607035214id_/https://www.pbs.gov.pk/sites/default/files/price_statistics/weekly_spi/SPI%20Executive%20Sumary%20%26%20SPI%20Report_06032025.pdf,20250607035214
2025-03-13,annex,pdf,pbs_live,live,https://www.pbs.gov.pk/wp-content/uploads/2020/07/SPI-AnnexUSCP_13032025.pdf,https://www.pbs.gov.pk/wp-content/uploads/2020/07/SPI-AnnexUSCP_13032025.pdf,
2025-03-13,annex,pdf,wayback,weekly_spi,https://www.pbs.gov.pk/sites/default/files/price_statistics/weekly_spi/--SPI-Annex%26USCP_13032025.pdf,https://web.archive.org/web/20250607035008id_/https://www.pbs.gov.pk/sites/default/files/price_statistics/weekly_spi/--SPI-Annex%26USCP_13032025.pdf,20250607035008
2025-03-13,summary,pdf,pbs_live,live,https://www.pbs.gov.pk/wp-content/uploads/2020/07/SPI-Executive-Sumary-SPI-Report_13032025.pdf,https://www.pbs.gov.pk/wp-content/uploads/2020/07/SPI-Executive-Sumary-SPI-Report_13032025.pdf,
2025-03-13,summary,pdf,wayback,weekly_spi,https://www.pbs.gov.pk/sites/default/files/price_statistics/weekly_spi/--SPI%20Executive%20Sumary%20%26%20SPI%20Report_13032025.pdf,https://web.archive.org/web/20250607035101id_/https://www.pbs.gov.pk/sites/default/files/price_statistics/weekly_spi/--SPI%20Executive%20Sumary%20%26%20SPI%20Report_13032025.pdf,20250607035101
2025-03-20,annex,pdf,pbs_live,live,https://www.pbs.gov.pk/wp-content/uploads/2020/07/SPI-AnnexUSCP_20032025-1.pdf,https://www.pbs.gov.pk/wp-content/uploads/2020/07/SPI-AnnexUSCP_20032025-1.pdf,
2025-03-20,annex,pdf,wayback,weekly_spi,https://www.pbs.gov.pk/sites/default/files/price_statistics/weekly_spi/--SPI%20Annex%26USCP_20032025.pdf,https://web.archive.org/web/20250529030408id_/https://www.pbs.gov.pk/sites/default/files/price_statistics/weekly_spi/--SPI%20Annex%26USCP_20032025.pdf,20250529030408
2025-03-20,summary,pdf,pbs_live,live,https://www.pbs.gov.pk/wp-content/uploads/2020/07/SPI-Executive-SumarySPI-Report_20032025-1.pdf,https://www.pbs.gov.pk/wp-content/uploads/2020/07/SPI-Executive-SumarySPI-Report_20032025-1.pdf,
2025-03-20,summary,pdf,wayback,weekly_spi,https://www.pbs.gov.pk/sites/default/files/price_statistics/weekly_spi/--SPI%20Executive%20Sumary%26SPI%20Report_20032025.pdf,https://web.archive.org/web/20250325143942id_/https://www.pbs.gov.pk/sites/default/files/price_statistics/weekly_spi/--SPI%20Executive%20Sumary%26SPI%20Report_20032025.pdf,20250325143942
2025-03-27,annex,pdf,pbs_live,live,https://www.pbs.gov.pk/wp-content/uploads/2020/07/SPI-AnnexUSCP_27032025.pdf,https://www.pbs.gov.pk/wp-content/uploads/2020/07/SPI-AnnexUSCP_27032025.pdf,
2025-03-27,annex,pdf,wayback,weekly_spi,https://www.pbs.gov.pk/sites/default/files/price_statistics/weekly_spi/--SPI%20Annex%26USCP_27032025.pdf,https://web.archive.org/web/20250328142902id_/https://www.pbs.gov.pk/sites/default/files/price_statistics/weekly_spi/--SPI%20Annex%26USCP_27032025.pdf,20250328142902
2025-03-27,summary,pdf,pbs_live,live,https://www.pbs.gov.pk/wp-content/uploads/2020/07/SPI-Executive-Sumary-SPI-Report_27032025.pdf,https://www.pbs.gov.pk/wp-content/uploads/2020/07/SPI-Executive-Sumary-SPI-Report_27032025.pdf,
2025-03-27,summary,pdf,wayback,weekly_spi,https://www.pbs.gov.pk/sites/default/files/price_statistics/weekly_spi/--SPI%20Executive%20Sumary%20%26%20SPI%20Report_27032025.pdf,https://web.archive.org/web/20250529030402id_/https://www.pbs.gov.pk/sites/default/files/price_statistics/weekly_spi/--SPI%20Executive%20Sumary%20%26%20SPI%20Report_27032025.pdf,20250529030402
2025-04-03,annex,pdf,pbs_live,live,https://www.pbs.gov.pk/wp-content/uploads/2020/07/SPI-Annex-USCP_03042025.pdf,https://www.pbs.gov.pk/wp-content/uploads/2020/07/SPI-Annex-USCP_03042025.pdf,
2025-04-03,annex,pdf,wayback,weekly_spi,https://www.pbs.gov.pk/sites/default/files/price_statistics/weekly_spi/--SPI-Annex%20%26%20USCP_03042025.pdf,https://web.archive.org/web/20250529030257id_/https://www.pbs.gov.pk/sites/default/files/price_statistics/weekly_spi/--SPI-Annex%20%26%20USCP_03042025.pdf,20250529030257
2025-04-03,summary,pdf,pbs_live,live,https://www.pbs.gov.pk/wp-content/uploads/2020/07/SPI-Executive-Sumary-SPI-Report_03042025.pdf,https://www.pbs.gov.pk/wp-content/uploads/2020/07/SPI-Executive-Sumary-SPI-Report_03042025.pdf,
2025-04-03,summary,pdf,wayback,weekly_spi,https://www.pbs.gov.pk/sites/default/files/price_statistics/weekly_spi/SPI%20Executive%20Sumary%20%26%20SPI%20Report_03042025.pdf,https://web.archive.org/web/20250529030316id_/https://www.pbs.gov.pk/sites/default/files/price_statistics/weekly_spi/SPI%20Executive%20Sumary%20%26%20SPI%20Report_03042025.pdf,20250529030316
2025-04-10,annex,pdf,pbs_live,live,https://www.pbs.gov.pk/wp-content/uploads/2020/07/SPI-Annex-USCP_10042025.pdf,https://www.pbs.gov.pk/wp-content/uploads/2020/07/SPI-Annex-USCP_10042025.pdf,
2025-04-10,annex,pdf,wayback,weekly_spi,https://www.pbs.gov.pk/sites/default/files/price_statistics/weekly_spi/--SPI-Annex%20%26%20USCP_10042025.pdf,https://web.archive.org/web/20250529030230id_/https://www.pbs.gov.pk/sites/default/files/price_statistics/weekly_spi/--SPI-Annex%20%26%20USCP_10042025.pdf,20250529030230
2025-04-10,summary,pdf,pbs_live,live,https://www.pbs.gov.pk/wp-content/uploads/2020/07/SPI-Executive-Sumary-SPI-Report_10042025.pdf,https://www.pbs.gov.pk/wp-content/uploads/2020/07/SPI-Executive-Sumary-SPI-Report_10042025.pdf,
2025-04-10,summary,pdf,wayback,weekly_spi,https://www.pbs.gov.pk/sites/default/files/price_statistics/weekly_spi/--SPI%20Executive%20Sumary%20%26%20SPI%20Report_10042025.pdf,https://web.archive.org/web/20250529030253id_/https://www.pbs.gov.pk/sites/default/files/price_statistics/weekly_spi/--SPI%20Executive%20Sumary%20%26%20SPI%20Report_10042025.pdf,20250529030253
2025-04-17,annex,pdf,pbs_live,live,https://www.pbs.gov.pk/wp-content/uploads/2020/07/SPI-Annex-USCP_17042025.pdf,https://www.pbs.gov.pk/wp-content/uploads/2020/07/SPI-Annex-USCP_17042025.pdf,
2025-04-17,annex,pdf,wayback,weekly_spi,https://www.pbs.gov.pk/sites/default/files/price_statistics/weekly_spi/--SPI%20Annex%20%26%20USCP_17042025.pdf,https://web.archive.org/web/20250529030155id_/https://www.pbs.gov.pk/sites/default/files/price_statistics/weekly_spi/--SPI%20Annex%20%26%20USCP_17042025.pdf,20250529030155
2025-04-17,summary,pdf,pbs_live,live,https://www.pbs.gov.pk/wp-content/uploads/2020/07/SPI-Executive-Sumary-SPI-Report_17042025.pdf,https://www.pbs.gov.pk/wp-content/uploads/2020/07/SPI-Executive-Sumary-SPI-Report_17042025.pdf,
2025-04-17,summary,pdf,wayback,weekly_spi,https://www.pbs.gov.pk/sites/default/files/price_statistics/weekly_spi/--SPI%20Executive%20Sumary%20%26%20SPI%20Report_17042025.pdf,https://web.archive.org/web/20250529030226id_/https://www.pbs.gov.pk/sites/default/files/price_statistics/weekly_spi/--SPI%20Executive%20Sumary%20%26%20SPI%20Report_17042025.pdf,20250529030226
2025-04-24,annex,pdf,pbs_live,live,https://www.pbs.gov.pk/wp-content/uploads/2020/07/SPI-Annex_24.04.2025.pdf,https://www.pbs.gov.pk/wp-content/uploads/2020/07/SPI-Annex_24.04.2025.pdf,
2025-04-24,annex,pdf,wayback,weekly_spi,https://www.pbs.gov.pk/sites/default/files/price_statistics/weekly_spi/--SPI-Annex_24.04.2025.pdf,https://web.archive.org/web/20250529030132id_/https://www.pbs.gov.pk/sites/default/files/price_statistics/weekly_spi/--SPI-Annex_24.04.2025.pdf,20250529030132
2025-04-24,annex,xlsx,wayback,weekly_spi,https://www.pbs.gov.pk/sites/default/files/price_statistics/weekly_spi/SPI-Annex_24.04.2025.xlsx,https://web.archive.org/web/20250529030140id_/https://www.pbs.gov.pk/sites/default/files/price_statistics/weekly_spi/SPI-Annex_24.04.2025.xlsx,20250529030140
2025-04-24,summary,pdf,pbs_live,live,https://www.pbs.gov.pk/wp-content/uploads/2020/07/SPI-Executive-Sumary-SPI-Report_24042025.pdf,https://www.pbs.gov.pk/wp-content/uploads/2020/07/SPI-Executive-Sumary-SPI-Report_24042025.pdf,
2025-04-24,summary,pdf,wayback,weekly_spi,https://www.pbs.gov.pk/sites/default/files/price_statistics/weekly_spi/--SPI%20Executive%20Sumary%20%26%20SPI%20Report_24042025.pdf,https://web.archive.org/web/20250529030144id_/https://www.pbs.gov.pk/sites/default/files/price_statistics/weekly_spi/--SPI%20Executive%20Sumary%20%26%20SPI%20Report_24042025.pdf,20250529030144
2025-04-24,summary,xlsx,wayback,weekly_spi,https://www.pbs.gov.pk/sites/default/files/price_statistics/weekly_spi/3.%20SPI%20Report%2024.04.2025.xlsx,https://web.archive.org/web/20250529030151id_/https://www.pbs.gov.pk/sites/default/files/price_statistics/weekly_spi/3.%20SPI%20Report%2024.04.2025.xlsx,20250529030151
2025-04-30,annex,pdf,pbs_live,live,https://www.pbs.gov.pk/wp-content/uploads/2020/07/SPI-Annex_30.04.2025.pdf,https://www.pbs.gov.pk/wp-content/uploads/2020/07/SPI-Annex_30.04.2025.pdf,
2025-04-30,annex,pdf,wayback,weekly_spi,https://www.pbs.gov.pk/sites/default/files/price_statistics/weekly_spi/-SPI%20Annex_30.04.2025.pdf,https://web.archive.org/web/20250529030110id_/https://www.pbs.gov.pk/sites/default/files/price_statistics/weekly_spi/-SPI%20Annex_30.04.2025.pdf,20250529030110
2025-04-30,annex,xlsx,wayback,weekly_spi,https://www.pbs.gov.pk/sites/default/files/price_statistics/weekly_spi/Annex_30.04.2025.xlsx,https://web.archive.org/web/20250529030117id_/https://www.pbs.gov.pk/sites/default/files/price_statistics/weekly_spi/Annex_30.04.2025.xlsx,20250529030117
2025-04-30,summary,pdf,pbs_live,live,https://www.pbs.gov.pk/wp-content/uploads/2020/07/SPI-Executive-SumarySPI-Report_30042025.pdf,https://www.pbs.gov.pk/wp-content/uploads/2020/07/SPI-Executive-SumarySPI-Report_30042025.pdf,
2025-04-30,summary,pdf,wayback,weekly_spi,https://www.pbs.gov.pk/sites/default/files/price_statistics/weekly_spi/--SPI%20Executive%20Sumary%26SPI%20Report_30042025.pdf,https://web.archive.org/web/20250529030120id_/https://www.pbs.gov.pk/sites/default/files/price_statistics/weekly_spi/--SPI%20Executive%20Sumary%26SPI%20Report_30042025.pdf,20250529030120
2025-04-30,summary,xlsx,wayback,weekly_spi,https://www.pbs.gov.pk/sites/default/files/price_statistics/weekly_spi/3.%20SPI%20Report%2030.04.2025.xlsx,https://web.archive.org/web/20250529030128id_/https://www.pbs.gov.pk/sites/default/files/price_statistics/weekly_spi/3.%20SPI%20Report%2030.04.2025.xlsx,20250529030128
2025-05-08,annex,pdf,pbs_live,live,https://www.pbs.gov.pk/wp-content/uploads/2020/07/SPI_Annex_08052025.pdf,https://www.pbs.gov.pk/wp-content/uploads/2020/07/SPI_Annex_08052025.pdf,
2025-05-08,annex,xlsx,wayback,weekly_spi,https://www.pbs.gov.pk/sites/default/files/price_statistics/weekly_spi/SPI_Annex_08.05.2025.xlsx,https://web.archive.org/web/20250529030050id_/https://www.pbs.gov.pk/sites/default/files/price_statistics/weekly_spi/SPI_Annex_08.05.2025.xlsx,20250529030050
2025-05-08,annex,pdf,wayback,weekly_spi,https://www.pbs.gov.pk/sites/default/files/price_statistics/weekly_spi/SPI_Annex_08052025.pdf,https://web.archive.org/web/20250529030040id_/https://www.pbs.gov.pk/sites/default/files/price_statistics/weekly_spi/SPI_Annex_08052025.pdf,20250529030040
2025-05-08,summary,pdf,pbs_live,live,https://www.pbs.gov.pk/wp-content/uploads/2020/07/SPI_Executive_Sumary__SPI_Report_08052025.pdf,https://www.pbs.gov.pk/wp-content/uploads/2020/07/SPI_Executive_Sumary__SPI_Report_08052025.pdf,
2025-05-08,summary,pdf,wayback,weekly_spi,https://www.pbs.gov.pk/sites/default/files/price_statistics/weekly_spi/SPI_Executive_Sumary_%26_SPI_Report_08052025.pdf,https://web.archive.org/web/20250529030055id_/https://www.pbs.gov.pk/sites/default/files/price_statistics/weekly_spi/SPI_Executive_Sumary_%26_SPI_Report_08052025.pdf,20250529030055
2025-05-08,summary,xlsx,wayback,weekly_spi,https://www.pbs.gov.pk/sites/default/files/price_statistics/weekly_spi/SPI_Report_08.05.2025.xlsx,https://web.archive.org/web/20250529030102id_/https://www.pbs.gov.pk/sites/default/files/price_statistics/weekly_spi/SPI_Report_08.05.2025.xlsx,20250529030102
2025-05-15,annex,pdf,pbs_live,live,https://www.pbs.gov.pk/wp-content/uploads/2020/07/SPI-Annex_15.05.2025.pdf,https://www.pbs.gov.pk/wp-content/uploads/2020/07/SPI-Annex_15.05.2025.pdf,
2025-05-15,annex,pdf,wayback,weekly_spi,https://www.pbs.gov.pk/sites/default/files/price_statistics/weekly_spi/--SPI-Annex_15.05.2025.pdf,https://web.archive.org/web/20250516134429id_/https://www.pbs.gov.pk/sites/default/files/price_statistics/weekly_spi/--SPI-Annex_15.05.2025.pdf,20250516134429
2025-05-15,annex,xlsx,wayback,weekly_spi,https://www.pbs.gov.pk/sites/default/files/price_statistics/weekly_spi/Annex_15.05.2025.xlsx,https://web.archive.org/web/20250529030022id_/https://www.pbs.gov.pk/sites/default/files/price_statistics/weekly_spi/Annex_15.05.2025.xlsx,20250529030022
2025-05-15,summary,pdf,pbs_live,live,https://www.pbs.gov.pk/wp-content/uploads/2020/07/SPI-Executive-Sumary-SPI-Report_15052025.pdf,https://www.pbs.gov.pk/wp-content/uploads/2020/07/SPI-Executive-Sumary-SPI-Report_15052025.pdf,
2025-05-15,summary,pdf,wayback,weekly_spi,https://www.pbs.gov.pk/sites/default/files/price_statistics/weekly_spi/--SPI%20Executive%20Sumary%20%26%20SPI%20Report_15052025.pdf,https://web.archive.org/web/20250529030026id_/https://www.pbs.gov.pk/sites/default/files/price_statistics/weekly_spi/--SPI%20Executive%20Sumary%20%26%20SPI%20Report_15052025.pdf,20250529030026
2025-05-15,summary,xlsx,wayback,weekly_spi,https://www.pbs.gov.pk/sites/default/files/price_statistics/weekly_spi/3.%20SPI%20Report%2015.05.2025.xlsx,https://web.archive.org/web/20250529030034id_/https://www.pbs.gov.pk/sites/default/files/price_statistics/weekly_spi/3.%20SPI%20Report%2015.05.2025.xlsx,20250529030034
2025-05-22,annex,pdf,pbs_live,live,https://www.pbs.gov.pk/wp-content/uploads/2020/07/3.-Annexure-22-05-2025.pdf,https://www.pbs.gov.pk/wp-content/uploads/2020/07/3.-Annexure-22-05-2025.pdf,
2025-05-22,annex,pdf,wayback,weekly_spi,https://www.pbs.gov.pk/sites/default/files/price_statistics/weekly_spi/3.%20Annexure%2022-05-2025.pdf,https://web.archive.org/web/20250529025957id_/https://www.pbs.gov.pk/sites/default/files/price_statistics/weekly_spi/3.%20Annexure%2022-05-2025.pdf,20250529025957
2025-05-22,annex,xlsx,wayback,weekly_spi,https://www.pbs.gov.pk/sites/default/files/price_statistics/weekly_spi/Annexure%2022-05-2025.xlsx,https://web.archive.org/web/20250529030005id_/https://www.pbs.gov.pk/sites/default/files/price_statistics/weekly_spi/Annexure%2022-05-2025.xlsx,20250529030005
2025-05-22,summary,pdf,pbs_live,live,https://www.pbs.gov.pk/wp-content/uploads/2020/07/SPI_Report_upload.pdf,https://www.pbs.gov.pk/wp-content/uploads/2020/07/SPI_Report_upload.pdf,
2025-05-22,summary,xlsx,wayback,weekly_spi,https://www.pbs.gov.pk/sites/default/files/price_statistics/weekly_spi/SPI%20Report%2022.05.2025.xlsx,https://web.archive.org/web/20250529030011id_/https://www.pbs.gov.pk/sites/default/files/price_statistics/weekly_spi/SPI%20Report%2022.05.2025.xlsx,20250529030011
2025-05-29,annex,pdf,pbs_live,live,https://www.pbs.gov.pk/wp-content/uploads/2020/07/Annex-29-05-2025.pdf,https://www.pbs.gov.pk/wp-content/uploads/2020/07/Annex-29-05-2025.pdf,
2025-05-29,annex,pdf,wayback,weekly_spi,https://www.pbs.gov.pk/sites/default/files/price_statistics/weekly_spi/Annex%2029-05-2025.pdf,https://web.archive.org/web/20250715114940id_/https://www.pbs.gov.pk/sites/default/files/price_statistics/weekly_spi/Annex%2029-05-2025.pdf,20250715114940
2025-05-29,annex,xlsx,wayback,weekly_spi,https://www.pbs.gov.pk/sites/default/files/price_statistics/weekly_spi/Annex%2029-05-2025.xlsx,https://web.archive.org/web/20250715114950id_/https://www.pbs.gov.pk/sites/default/files/price_statistics/weekly_spi/Annex%2029-05-2025.xlsx,20250715114950
2025-05-29,summary,pdf,pbs_live,live,https://www.pbs.gov.pk/wp-content/uploads/2020/07/SPI-Summary-Report_29.05.2025.pdf,https://www.pbs.gov.pk/wp-content/uploads/2020/07/SPI-Summary-Report_29.05.2025.pdf,
2025-05-29,summary,xlsx,wayback,weekly_spi,https://www.pbs.gov.pk/sites/default/files/price_statistics/weekly_spi/3.%20SPI%20Report%2029.05.2025.xlsx,https://web.archive.org/web/20250715114959id_/https://www.pbs.gov.pk/sites/default/files/price_statistics/weekly_spi/3.%20SPI%20Report%2029.05.2025.xlsx,20250715114959
2025-05-29,summary,pdf,wayback,weekly_spi,https://www.pbs.gov.pk/sites/default/files/price_statistics/weekly_spi/SPI%20Summary%20%26%20Report_29.05.2025.pdf,https://web.archive.org/web/20250715114953id_/https://www.pbs.gov.pk/sites/default/files/price_statistics/weekly_spi/SPI%20Summary%20%26%20Report_29.05.2025.pdf,20250715114953
2025-06-04,annex,pdf,pbs_live,live,https://www.pbs.gov.pk/wp-content/uploads/2020/07/Annex.pdf,https://www.pbs.gov.pk/wp-content/uploads/2020/07/Annex.pdf,
2025-06-04,summary,pdf,pbs_live,live,https://www.pbs.gov.pk/wp-content/uploads/2020/07/SPI-Executive-Sumary-SPI-Report_04.06.2025.pdf,https://www.pbs.gov.pk/wp-content/uploads/2020/07/SPI-Executive-Sumary-SPI-Report_04.06.2025.pdf,
2025-06-04,summary,xlsx,wayback,weekly_spi,https://www.pbs.gov.pk/sites/default/files/price_statistics/weekly_spi/3.%20SPI%20Report%2004.06.2025.xlsx,https://web.archive.org/web/20250715114937id_/https://www.pbs.gov.pk/sites/default/files/price_statistics/weekly_spi/3.%20SPI%20Report%2004.06.2025.xlsx,20250715114937
2025-06-04,summary,pdf,wayback,weekly_spi,https://www.pbs.gov.pk/sites/default/files/price_statistics/weekly_spi/SPI%20Executive%20Sumary%20%26%20SPI%20Report_04.06.2025.pdf,https://web.archive.org/web/20250715114931id_/https://www.pbs.gov.pk/sites/default/files/price_statistics/weekly_spi/SPI%20Executive%20Sumary%20%26%20SPI%20Report_04.06.2025.pdf,20250715114931
2025-06-12,annex,pdf,pbs_live,live,https://www.pbs.gov.pk/wp-content/uploads/2020/07/Annex-12-06-2025.pdf,https://www.pbs.gov.pk/wp-content/uploads/2020/07/Annex-12-06-2025.pdf,
2025-06-12,summary,pdf,pbs_live,live,https://www.pbs.gov.pk/wp-content/uploads/2020/07/SPI-Summary-SPI-Report_12.06.2025.pdf,https://www.pbs.gov.pk/wp-content/uploads/2020/07/SPI-Summary-SPI-Report_12.06.2025.pdf,
2025-06-26,annex,pdf,pbs_live,live,https://www.pbs.gov.pk//wp-content/uploads/2020/07/Annex_26.06.2025.pdf,https://www.pbs.gov.pk//wp-content/uploads/2020/07/Annex_26.06.2025.pdf,
2025-06-26,summary,pdf,pbs_live,live,https://www.pbs.gov.pk/wp-content/uploads/2020/07/SPI-Executive-Sumary-SPI-Report_-26062025.pdf,https://www.pbs.gov.pk/wp-content/uploads/2020/07/SPI-Executive-Sumary-SPI-Report_-26062025.pdf,
2025-06-26,summary,pdf,wayback,weekly_spi,https://www.pbs.gov.pk/sites/default/files/price_statistics/weekly_spi/-SPI%20Executive%20Sumary%20%26%20SPI%20Report_%2026062025.pdf,https://web.archive.org/web/20250717083415id_/https://www.pbs.gov.pk/sites/default/files/price_statistics/weekly_spi/-SPI%20Executive%20Sumary%20%26%20SPI%20Report_%2026062025.pdf,20250717083415
2025-07-03,annex,pdf,pbs_live,live,https://www.pbs.gov.pk/wp-content/uploads/2020/07/4.-Annex-03-07-2025.pdf,https://www.pbs.gov.pk/wp-content/uploads/2020/07/4.-Annex-03-07-2025.pdf,
2025-07-03,summary,pdf,pbs_live,live,https://www.pbs.gov.pk/wp-content/uploads/2020/07/SPI-Executive-Summary-Report-03.07.2025.pdf,https://www.pbs.gov.pk/wp-content/uploads/2020/07/SPI-Executive-Summary-Report-03.07.2025.pdf,
2025-07-10,annex,pdf,pbs_live,live,https://www.pbs.gov.pk/wp-content/uploads/2020/07/Annex_10.07.2025.pdf,https://www.pbs.gov.pk/wp-content/uploads/2020/07/Annex_10.07.2025.pdf,
2025-07-10,other,pdf,pbs_live,live,https://www.pbs.gov.pk/wp-content/uploads/2020/07/Monthly-Review-June-2025.pdf,https://www.pbs.gov.pk/wp-content/uploads/2020/07/Monthly-Review-June-2025.pdf,
2025-07-17,annex,xlsx,pbs_live,live,https://www.pbs.gov.pk/wp-content/uploads/2020/07/Annex_17.07.2025.xlsx,https://www.pbs.gov.pk/wp-content/uploads/2020/07/Annex_17.07.2025.xlsx,
2025-07-17,summary,xlsx,pbs_live,live,https://www.pbs.gov.pk/wp-content/uploads/2020/07/3.-SPI-Report-17.07.2025.xlsx,https://www.pbs.gov.pk/wp-content/uploads/2020/07/3.-SPI-Report-17.07.2025.xlsx,
2025-07-24,annex,xlsx,pbs_live,live,https://www.pbs.gov.pk/wp-content/uploads/2020/07/Annex_24.07.2025.xlsx,https://www.pbs.gov.pk/wp-content/uploads/2020/07/Annex_24.07.2025.xlsx,
2025-07-24,annex,pdf,wayback,weekly_spi,https://www.pbs.gov.pk/sites/default/files/price_statistics/weekly_spi/--Annex_24.07.2025.pdf,https://web.archive.org/web/20250725135152id_/https://www.pbs.gov.pk/sites/default/files/price_statistics/weekly_spi/--Annex_24.07.2025.pdf,20250725135152
2025-07-24,summary,xlsx,pbs_live,live,https://www.pbs.gov.pk/wp-content/uploads/2020/07/3.-SPI-Report-24.07.2025.xlsx,https://www.pbs.gov.pk/wp-content/uploads/2020/07/3.-SPI-Report-24.07.2025.xlsx,
2025-07-24,summary,pdf,wayback,weekly_spi,https://www.pbs.gov.pk/sites/default/files/price_statistics/weekly_spi/--SPI%20Executive%20Sumary%20%26%20SPI%20Report_24.07.2025.pdf,https://web.archive.org/web/20250725131228id_/https://www.pbs.gov.pk/sites/default/files/price_statistics/weekly_spi/--SPI%20Executive%20Sumary%20%26%20SPI%20Report_24.07.2025.pdf,20250725131228
2025-07-31,annex,xlsx,pbs_live,live,https://www.pbs.gov.pk/wp-content/uploads/2020/07/Annex_31.07.2025.xlsx,https://www.pbs.gov.pk/wp-content/uploads/2020/07/Annex_31.07.2025.xlsx,
2025-07-31,summary,xlsx,pbs_live,live,https://www.pbs.gov.pk/wp-content/uploads/2020/07/SPI-Report-31.07.2025.xlsx,https://www.pbs.gov.pk/wp-content/uploads/2020/07/SPI-Report-31.07.2025.xlsx,
2025-08-07,annex,pdf,pbs_live,live,https://www.pbs.gov.pk/wp-content/uploads/2020/07/Annex_07.08.2025.pdf,https://www.pbs.gov.pk/wp-content/uploads/2020/07/Annex_07.08.2025.pdf,
2025-08-07,summary,pdf,pbs_live,live,https://www.pbs.gov.pk/wp-content/uploads/2020/07/SPI-Executive-Summary-SPI-Report_07.08.2025.pdf,https://www.pbs.gov.pk/wp-content/uploads/2020/07/SPI-Executive-Summary-SPI-Report_07.08.2025.pdf,
2025-08-13,annex,pdf,pbs_live,live,https://www.pbs.gov.pk/wp-content/uploads/2020/07/Annex_13.08.2025.pdf,https://www.pbs.gov.pk/wp-content/uploads/2020/07/Annex_13.08.2025.pdf,
2025-08-13,summary,pdf,pbs_live,live,https://www.pbs.gov.pk/wp-content/uploads/2020/07/SPI-Executive-Summary-SPI-Report_13.08.2025.pdf,https://www.pbs.gov.pk/wp-content/uploads/2020/07/SPI-Executive-Summary-SPI-Report_13.08.2025.pdf,
2025-08-21,annex,pdf,pbs_live,live,https://www.pbs.gov.pk/wp-content/uploads/2020/07/Annex_13.08.2025.pdf,https://www.pbs.gov.pk/wp-content/uploads/2020/07/Annex_13.08.2025.pdf,
2025-08-21,summary,pdf,pbs_live,live,https://www.pbs.gov.pk/wp-content/uploads/2020/07/SPI-Executive-Summary-SPI-Report_-21.08.2025.pdf,https://www.pbs.gov.pk/wp-content/uploads/2020/07/SPI-Executive-Summary-SPI-Report_-21.08.2025.pdf,
2025-08-28,annex,pdf,pbs_live,live,https://www.pbs.gov.pk/wp-content/uploads/2020/07/Annex_28.08.2025.pdf,https://www.pbs.gov.pk/wp-content/uploads/2020/07/Annex_28.08.2025.pdf,
2025-08-28,annex,pdf,wayback,weekly_spi,https://www.pbs.gov.pk/sites/default/files/price_statistics/weekly_spi/Annex_28.08.2025.pdf,https://web.archive.org/web/20250830080238id_/https://www.pbs.gov.pk/sites/default/files/price_statistics/weekly_spi/Annex_28.08.2025.pdf,20250830080238
2025-08-28,summary,pdf,pbs_live,live,https://www.pbs.gov.pk/wp-content/uploads/2020/07/SPI-Executive-Summary-SPI-Report_-28.08.2025.pdf,https://www.pbs.gov.pk/wp-content/uploads/2020/07/SPI-Executive-Summary-SPI-Report_-28.08.2025.pdf,
2025-08-28,summary,pdf,wayback,weekly_spi,https://www.pbs.gov.pk/sites/default/files/price_statistics/weekly_spi/SPI%20Executive%20Summary%20%26%20SPI%20Report_%2028.08.2025.pdf,https://web.archive.org/web/20250829205603id_/https://www.pbs.gov.pk/sites/default/files/price_statistics/weekly_spi/SPI%20Executive%20Summary%20%26%20SPI%20Report_%2028.08.2025.pdf,20250829205603
2025-09-04,annex,pdf,pbs_live,live,https://www.pbs.gov.pk/wp-content/uploads/2020/07/Annex_04.09.2025.pdf,https://www.pbs.gov.pk/wp-content/uploads/2020/07/Annex_04.09.2025.pdf,
2025-09-04,annex,pdf,wayback,weekly_spi,https://www.pbs.gov.pk/sites/default/files/price_statistics/weekly_spi/Annex_04.09.2025.pdf,https://web.archive.org/web/20250905135400id_/https://www.pbs.gov.pk/sites/default/files/price_statistics/weekly_spi/Annex_04.09.2025.pdf,20250905135400
2025-09-04,summary,pdf,pbs_live,live,https://www.pbs.gov.pk/wp-content/uploads/2020/07/SPI-Executive-Summary-SPI-Report_04.09.2025.pdf,https://www.pbs.gov.pk/wp-content/uploads/2020/07/SPI-Executive-Summary-SPI-Report_04.09.2025.pdf,
2025-09-04,summary,pdf,wayback,weekly_spi,https://www.pbs.gov.pk/sites/default/files/price_statistics/weekly_spi/SPI%20Executive%20Summary%20%26%20SPI%20Report_04.09.2025.pdf,https://web.archive.org/web/20250905144636id_/https://www.pbs.gov.pk/sites/default/files/price_statistics/weekly_spi/SPI%20Executive%20Summary%20%26%20SPI%20Report_04.09.2025.pdf,20250905144636
2025-09-11,annex,pdf,pbs_live,live,https://www.pbs.gov.pk/wp-content/uploads/2020/07/Annex_11.09.2025.pdf,https://www.pbs.gov.pk/wp-content/uploads/2020/07/Annex_11.09.2025.pdf,
2025-09-11,summary,pdf,pbs_live,live,https://www.pbs.gov.pk/wp-content/uploads/2020/07/SPI-Executive-Summary-SPI-Report_11.09.2025.pdf,https://www.pbs.gov.pk/wp-content/uploads/2020/07/SPI-Executive-Summary-SPI-Report_11.09.2025.pdf,
2025-09-18,annex,pdf,pbs_live,live,https://www.pbs.gov.pk/wp-content/uploads/2020/07/Annex_18.09.2025.pdf,https://www.pbs.gov.pk/wp-content/uploads/2020/07/Annex_18.09.2025.pdf,
2025-09-18,summary,pdf,pbs_live,live,https://www.pbs.gov.pk/wp-content/uploads/2020/07/SPI-Executive-Summary-SPI-Report-18.09.2025.pdf,https://www.pbs.gov.pk/wp-content/uploads/2020/07/SPI-Executive-Summary-SPI-Report-18.09.2025.pdf,
2025-09-25,annex,pdf,pbs_live,live,https://www.pbs.gov.pk/wp-content/uploads/2020/07/Annex-25.09.2025.pdf,https://www.pbs.gov.pk/wp-content/uploads/2020/07/Annex-25.09.2025.pdf,
2025-09-25,summary,pdf,pbs_live,live,https://www.pbs.gov.pk/wp-content/uploads/2020/07/SPI-Executive-Summary-Report_25.09.2025.pdf,https://www.pbs.gov.pk/wp-content/uploads/2020/07/SPI-Executive-Summary-Report_25.09.2025.pdf,
2025-10-02,annex,pdf,pbs_live,live,https://www.pbs.gov.pk/wp-content/uploads/2020/07/Annex_02.10.2025.pdf,https://www.pbs.gov.pk/wp-content/uploads/2020/07/Annex_02.10.2025.pdf,
2025-10-02,summary,pdf,pbs_live,live,https://www.pbs.gov.pk/wp-content/uploads/2020/07/SPI-Executive-Summary-SPI-Report_-02.10.2025.pdf,https://www.pbs.gov.pk/wp-content/uploads/2020/07/SPI-Executive-Summary-SPI-Report_-02.10.2025.pdf,
2025-10-02,summary,pdf,wayback,weekly_spi,https://www.pbs.gov.pk/sites/default/files/price_statistics/weekly_spi/-SPI%20Executive%20Summary%20%26%20SPI%20Report_%2002.10.2025.pdf,https://web.archive.org/web/20251003111452id_/https://www.pbs.gov.pk/sites/default/files/price_statistics/weekly_spi/-SPI%20Executive%20Summary%20%26%20SPI%20Report_%2002.10.2025.pdf,20251003111452
2025-10-09,annex,pdf,pbs_live,live,https://www.pbs.gov.pk/wp-content/uploads/2020/07/Annex-09.10.2025-1.pdf,https://www.pbs.gov.pk/wp-content/uploads/2020/07/Annex-09.10.2025-1.pdf,
2025-10-09,summary,pdf,pbs_live,live,https://www.pbs.gov.pk/wp-content/uploads/2020/07/SPI-Executive-Summary-SPI-Report-09.10.2025-1.pdf,https://www.pbs.gov.pk/wp-content/uploads/2020/07/SPI-Executive-Summary-SPI-Report-09.10.2025-1.pdf,
2025-10-09,summary,pdf,wayback,weekly_spi,https://www.pbs.gov.pk/sites/default/files/price_statistics/weekly_spi/-SPI%20Executive%20Summary%20%26%20SPI%20Report%2009.10.2025.pdf,https://web.archive.org/web/20251010111812id_/https://www.pbs.gov.pk/sites/default/files/price_statistics/weekly_spi/-SPI%20Executive%20Summary%20%26%20SPI%20Report%2009.10.2025.pdf,20251010111812
2025-10-16,annex,xlsx,pbs_live,live,https://www.pbs.gov.pk/wp-content/uploads/2020/07/Annex_16.10.2025.xlsx,https://www.pbs.gov.pk/wp-content/uploads/2020/07/Annex_16.10.2025.xlsx,
2025-10-16,summary,xlsx,pbs_live,live,https://www.pbs.gov.pk/wp-content/uploads/2020/07/SPI-Report-16.10.2025.xlsx,https://www.pbs.gov.pk/wp-content/uploads/2020/07/SPI-Report-16.10.2025.xlsx,
2025-10-23,annex,pdf,pbs_live,live,https://www.pbs.gov.pk/wp-content/uploads/2020/07/Annex_23.10.2025.pdf,https://www.pbs.gov.pk/wp-content/uploads/2020/07/Annex_23.10.2025.pdf,
2025-10-23,annex,xlsx,pbs_live,live,https://www.pbs.gov.pk/wp-content/uploads/2020/07/Annex_23.10.2025.xlsx,https://www.pbs.gov.pk/wp-content/uploads/2020/07/Annex_23.10.2025.xlsx,
2025-10-23,summary,pdf,pbs_live,live,https://www.pbs.gov.pk/wp-content/uploads/2020/07/SPI-Executive-Summary-SPI-Report_-23.10.2025.pdf,https://www.pbs.gov.pk/wp-content/uploads/2020/07/SPI-Executive-Summary-SPI-Report_-23.10.2025.pdf,
2025-10-23,summary,xlsx,pbs_live,live,https://www.pbs.gov.pk/wp-content/uploads/2020/07/SPI-Executive-Summary-SPI-Report_-23.10.2025.xlsx,https://www.pbs.gov.pk/wp-content/uploads/2020/07/SPI-Executive-Summary-SPI-Report_-23.10.2025.xlsx,
2025-10-30,annex,pdf,pbs_live,live,https://www.pbs.gov.pk/wp-content/uploads/2020/07/Annex_30.10.2025.pdf,https://www.pbs.gov.pk/wp-content/uploads/2020/07/Annex_30.10.2025.pdf,
2025-10-30,annex,xlsx,pbs_live,live,https://www.pbs.gov.pk/wp-content/uploads/2020/07/Annex_30.10.2025.xlsx,https://www.pbs.gov.pk/wp-content/uploads/2020/07/Annex_30.10.2025.xlsx,
2025-10-30,summary,pdf,pbs_live,live,https://www.pbs.gov.pk/wp-content/uploads/2020/07/SPI-Executive-Summary-SPI-Report_30.10.2025.pdf,https://www.pbs.gov.pk/wp-content/uploads/2020/07/SPI-Executive-Summary-SPI-Report_30.10.2025.pdf,
2025-10-30,summary,xlsx,pbs_live,live,https://www.pbs.gov.pk/wp-content/uploads/2020/07/3.-SPI-Report-30.10.2025.xlsx,https://www.pbs.gov.pk/wp-content/uploads/2020/07/3.-SPI-Report-30.10.2025.xlsx,
2025-11-06,annex,pdf,pbs_live,live,https://www.pbs.gov.pk/wp-content/uploads/2020/07/Annex_06.11.2025.pdf,https://www.pbs.gov.pk/wp-content/uploads/2020/07/Annex_06.11.2025.pdf,
2025-11-06,annex,xlsx,pbs_live,live,https://www.pbs.gov.pk/wp-content/uploads/2020/07/Annex_06.11.2025.xlsx,https://www.pbs.gov.pk/wp-content/uploads/2020/07/Annex_06.11.2025.xlsx,
2025-11-06,summary,pdf,pbs_live,live,https://www.pbs.gov.pk/wp-content/uploads/2020/07/SPI-Executive-Summary-SPI-Report_-06.11.2025.pdf,https://www.pbs.gov.pk/wp-content/uploads/2020/07/SPI-Executive-Summary-SPI-Report_-06.11.2025.pdf,
2025-11-06,summary,xlsx,pbs_live,live,https://www.pbs.gov.pk/wp-content/uploads/2020/07/3.-SPI-Report-06.11.2025.xlsx,https://www.pbs.gov.pk/wp-content/uploads/2020/07/3.-SPI-Report-06.11.2025.xlsx,
2025-11-13,annex,pdf,pbs_live,live,https://www.pbs.gov.pk/wp-content/uploads/2020/07/Annex_13.11.2025.pdf,https://www.pbs.gov.pk/wp-content/uploads/2020/07/Annex_13.11.2025.pdf,
2025-11-13,annex,xlsx,pbs_live,live,https://www.pbs.gov.pk/wp-content/uploads/2020/07/Annex_13.11.2025.xlsx,https://www.pbs.gov.pk/wp-content/uploads/2020/07/Annex_13.11.2025.xlsx,
2025-11-13,summary,pdf,pbs_live,live,https://www.pbs.gov.pk/wp-content/uploads/2020/07/SPI-Executive-Summary-SPI-Report_-13.11.2025.pdf,https://www.pbs.gov.pk/wp-content/uploads/2020/07/SPI-Executive-Summary-SPI-Report_-13.11.2025.pdf,
2025-11-13,summary,xlsx,pbs_live,live,https://www.pbs.gov.pk/wp-content/uploads/2020/07/3.-SPI-Report-13.11.2025.xlsx,https://www.pbs.gov.pk/wp-content/uploads/2020/07/3.-SPI-Report-13.11.2025.xlsx,
2025-11-20,annex,pdf,pbs_live,live,https://www.pbs.gov.pk/wp-content/uploads/2020/07/Annex_20.11.2025.pdf,https://www.pbs.gov.pk/wp-content/uploads/2020/07/Annex_20.11.2025.pdf,
2025-11-20,annex,xlsx,pbs_live,live,https://www.pbs.gov.pk/wp-content/uploads/2020/07/Annex_20.11.2025.xlsx,https://www.pbs.gov.pk/wp-content/uploads/2020/07/Annex_20.11.2025.xlsx,
2025-11-20,summary,pdf,pbs_live,live,https://www.pbs.gov.pk/wp-content/uploads/2020/07/SPI-Executive-Summary-SPI-Report_-20.11.2025.pdf,https://www.pbs.gov.pk/wp-content/uploads/2020/07/SPI-Executive-Summary-SPI-Report_-20.11.2025.pdf,
2025-11-20,summary,xlsx,pbs_live,live,https://www.pbs.gov.pk/wp-content/uploads/2020/07/3.-SPI-Report-20.11.2025.xlsx,https://www.pbs.gov.pk/wp-content/uploads/2020/07/3.-SPI-Report-20.11.2025.xlsx,
2025-11-27,annex,pdf,pbs_live,live,https://www.pbs.gov.pk/wp-content/uploads/2020/07/Annex_27.11.2025.pdf,https://www.pbs.gov.pk/wp-content/uploads/2020/07/Annex_27.11.2025.pdf,
2025-11-27,annex,xlsx,pbs_live,live,https://www.pbs.gov.pk/wp-content/uploads/2020/07/Annex_27.11.2025.xlsx,https://www.pbs.gov.pk/wp-content/uploads/2020/07/Annex_27.11.2025.xlsx,
2025-11-27,summary,pdf,pbs_live,live,https://www.pbs.gov.pk/wp-content/uploads/2020/07/SPI-Executive-Summary-SPI-Report_27.11.2025.pdf,https://www.pbs.gov.pk/wp-content/uploads/2020/07/SPI-Executive-Summary-SPI-Report_27.11.2025.pdf,
2025-11-27,summary,xlsx,pbs_live,live,https://www.pbs.gov.pk/wp-content/uploads/2020/07/3.-SPI-Report-27.11.2025.xlsx,https://www.pbs.gov.pk/wp-content/uploads/2020/07/3.-SPI-Report-27.11.2025.xlsx,
2025-12-04,annex,pdf,pbs_live,live,https://www.pbs.gov.pk/wp-content/uploads/2020/07/Annex_04-12-2025.pdf,https://www.pbs.gov.pk/wp-content/uploads/2020/07/Annex_04-12-2025.pdf,
2025-12-04,annex,xlsx,pbs_live,live,https://www.pbs.gov.pk/wp-content/uploads/2020/07/Annex_04-12-2025.xlsx,https://www.pbs.gov.pk/wp-content/uploads/2020/07/Annex_04-12-2025.xlsx,
2025-12-04,summary,pdf,pbs_live,live,https://www.pbs.gov.pk/wp-content/uploads/2020/07/SPI-Executive-Summary-SPI-Report_04-12-2025.pdf,https://www.pbs.gov.pk/wp-content/uploads/2020/07/SPI-Executive-Summary-SPI-Report_04-12-2025.pdf,
2025-12-04,summary,xlsx,pbs_live,live,https://www.pbs.gov.pk/wp-content/uploads/2020/07/SPI-Report-04.12.2025.xlsx,https://www.pbs.gov.pk/wp-content/uploads/2020/07/SPI-Report-04.12.2025.xlsx,
2025-12-11,annex,pdf,pbs_live,live,https://www.pbs.gov.pk/wp-content/uploads/2020/07/Annex_11.12.2025.pdf,https://www.pbs.gov.pk/wp-content/uploads/2020/07/Annex_11.12.2025.pdf,
2025-12-11,annex,xlsx,pbs_live,live,https://www.pbs.gov.pk/wp-content/uploads/2020/07/Annex_11.12.2025.xlsx,https://www.pbs.gov.pk/wp-content/uploads/2020/07/Annex_11.12.2025.xlsx,
2025-12-11,summary,pdf,pbs_live,live,https://www.pbs.gov.pk/wp-content/uploads/2020/07/SPI-Executive-Summary-SPI-Report_-11.12.2025.pdf,https://www.pbs.gov.pk/wp-content/uploads/2020/07/SPI-Executive-Summary-SPI-Report_-11.12.2025.pdf,
2025-12-11,summary,xlsx,pbs_live,live,https://www.pbs.gov.pk/wp-content/uploads/2020/07/3.-SPI-Report-11.12.2025.xlsx,https://www.pbs.gov.pk/wp-content/uploads/2020/07/3.-SPI-Report-11.12.2025.xlsx,
2025-12-18,annex,pdf,pbs_live,live,https://www.pbs.gov.pk/wp-content/uploads/2020/07/Annex_18.12.2025.pdf,https://www.pbs.gov.pk/wp-content/uploads/2020/07/Annex_18.12.2025.pdf,
2025-12-18,annex,xlsx,pbs_live,live,https://www.pbs.gov.pk/wp-content/uploads/2020/07/Annex_18.12.2025.xlsx,https://www.pbs.gov.pk/wp-content/uploads/2020/07/Annex_18.12.2025.xlsx,
2025-12-18,summary,pdf,pbs_live,live,https://www.pbs.gov.pk/wp-content/uploads/2020/07/Excecutive-Summary-SPI-Report_18.12.2025.pdf,https://www.pbs.gov.pk/wp-content/uploads/2020/07/Excecutive-Summary-SPI-Report_18.12.2025.pdf,
2025-12-18,summary,xlsx,pbs_live,live,https://www.pbs.gov.pk/wp-content/uploads/2020/07/SPI-Report-18.12.2025.xlsx,https://www.pbs.gov.pk/wp-content/uploads/2020/07/SPI-Report-18.12.2025.xlsx,
2025-12-24,annex,pdf,pbs_live,live,https://www.pbs.gov.pk/wp-content/uploads/2020/07/Annex_24.12.2025.pdf,https://www.pbs.gov.pk/wp-content/uploads/2020/07/Annex_24.12.2025.pdf,
2025-12-24,annex,xlsx,pbs_live,live,https://www.pbs.gov.pk/wp-content/uploads/2020/07/Annex_24.12.2025.xlsx,https://www.pbs.gov.pk/wp-content/uploads/2020/07/Annex_24.12.2025.xlsx,
2025-12-24,summary,pdf,pbs_live,live,https://www.pbs.gov.pk/wp-content/uploads/2020/07/SPI-Executive-Summary-SPI-Report_24.12.2025.pdf,https://www.pbs.gov.pk/wp-content/uploads/2020/07/SPI-Executive-Summary-SPI-Report_24.12.2025.pdf,
2025-12-24,summary,xlsx,pbs_live,live,https://www.pbs.gov.pk/wp-content/uploads/2020/07/3.-SPI-Report-24.12.2025.xlsx,https://www.pbs.gov.pk/wp-content/uploads/2020/07/3.-SPI-Report-24.12.2025.xlsx,
2026-01-01,annex,pdf,pbs_live,live,https://www.pbs.gov.pk/wp-content/uploads/2020/07/Annex_01.01.2026.pdf,https://www.pbs.gov.pk/wp-content/uploads/2020/07/Annex_01.01.2026.pdf,
2026-01-01,annex,xlsx,pbs_live,live,https://www.pbs.gov.pk/wp-content/uploads/2020/07/Annex_01.01.2026.xlsx,https://www.pbs.gov.pk/wp-content/uploads/2020/07/Annex_01.01.2026.xlsx,
2026-01-01,summary,pdf,pbs_live,live,https://www.pbs.gov.pk/wp-content/uploads/2020/07/Excecutive-Summary-SPI-Report_01.01.2026.pdf,https://www.pbs.gov.pk/wp-content/uploads/2020/07/Excecutive-Summary-SPI-Report_01.01.2026.pdf,
2026-01-01,summary,xlsx,pbs_live,live,https://www.pbs.gov.pk/wp-content/uploads/2020/07/3.-SPI-Report-01.01.2026.xlsx,https://www.pbs.gov.pk/wp-content/uploads/2020/07/3.-SPI-Report-01.01.2026.xlsx,
2026-01-08,annex,pdf,pbs_live,live,https://www.pbs.gov.pk/wp-content/uploads/2020/07/Annex_08.01.2026.pdf,https://www.pbs.gov.pk/wp-content/uploads/2020/07/Annex_08.01.2026.pdf,
2026-01-08,annex,xlsx,pbs_live,live,https://www.pbs.gov.pk/wp-content/uploads/2020/07/Annex_08.01.2026.xlsx,https://www.pbs.gov.pk/wp-content/uploads/2020/07/Annex_08.01.2026.xlsx,
2026-01-08,summary,pdf,pbs_live,live,https://www.pbs.gov.pk/wp-content/uploads/2020/07/SPI-Executive-Summary-SPI-Report_08.01.2026.pdf,https://www.pbs.gov.pk/wp-content/uploads/2020/07/SPI-Executive-Summary-SPI-Report_08.01.2026.pdf,
2026-01-08,summary,xlsx,pbs_live,live,https://www.pbs.gov.pk/wp-content/uploads/2020/07/SPI-Report-08.01.2026.xlsx,https://www.pbs.gov.pk/wp-content/uploads/2020/07/SPI-Report-08.01.2026.xlsx,
2026-01-15,annex,pdf,pbs_live,live,https://www.pbs.gov.pk/wp-content/uploads/2020/07/Annex_15.01.2026.pdf,https://www.pbs.gov.pk/wp-content/uploads/2020/07/Annex_15.01.2026.pdf,
2026-01-15,annex,xlsx,pbs_live,live,https://www.pbs.gov.pk/wp-content/uploads/2020/07/Annex_15.01.2026.xlsx,https://www.pbs.gov.pk/wp-content/uploads/2020/07/Annex_15.01.2026.xlsx,
2026-01-15,summary,pdf,pbs_live,live,https://www.pbs.gov.pk/wp-content/uploads/2020/07/Executive-Summary-SPI-Report_15.01.2026.pdf,https://www.pbs.gov.pk/wp-content/uploads/2020/07/Executive-Summary-SPI-Report_15.01.2026.pdf,
2026-01-15,summary,xlsx,pbs_live,live,https://www.pbs.gov.pk/wp-content/uploads/2020/07/3.-SPI-Report-15.01.2026.xlsx,https://www.pbs.gov.pk/wp-content/uploads/2020/07/3.-SPI-Report-15.01.2026.xlsx,
2026-01-22,annex,pdf,pbs_live,live,https://www.pbs.gov.pk/wp-content/uploads/2020/07/Annex_22.01.2026.pdf,https://www.pbs.gov.pk/wp-content/uploads/2020/07/Annex_22.01.2026.pdf,
2026-01-22,annex,xlsx,pbs_live,live,https://www.pbs.gov.pk/wp-content/uploads/2020/07/Annex_22.01.2026.xlsx,https://www.pbs.gov.pk/wp-content/uploads/2020/07/Annex_22.01.2026.xlsx,
2026-01-22,summary,pdf,pbs_live,live,https://www.pbs.gov.pk/wp-content/uploads/2020/07/SPI-Executive-Summary-SPI-Report_22.01.2026.pdf,https://www.pbs.gov.pk/wp-content/uploads/2020/07/SPI-Executive-Summary-SPI-Report_22.01.2026.pdf,
2026-01-22,summary,xlsx,pbs_live,live,https://www.pbs.gov.pk/wp-content/uploads/2020/07/3.-SPI-Report-22.01.2026.xlsx,https://www.pbs.gov.pk/wp-content/uploads/2020/07/3.-SPI-Report-22.01.2026.xlsx,
2026-01-29,annex,pdf,pbs_live,live,https://www.pbs.gov.pk/wp-content/uploads/2020/07/Annex_29.01.2026.pdf,https://www.pbs.gov.pk/wp-content/uploads/2020/07/Annex_29.01.2026.pdf,
2026-01-29,annex,xlsx,pbs_live,live,https://www.pbs.gov.pk/wp-content/uploads/2020/07/Annex_29.01.2026.xlsx,https://www.pbs.gov.pk/wp-content/uploads/2020/07/Annex_29.01.2026.xlsx,
2026-01-29,summary,pdf,pbs_live,live,https://www.pbs.gov.pk/wp-content/uploads/2020/07/SPI-Executive-Summary-SPI-Report_29.01.2026.pdf,https://www.pbs.gov.pk/wp-content/uploads/2020/07/SPI-Executive-Summary-SPI-Report_29.01.2026.pdf,
2026-01-29,summary,xlsx,pbs_live,live,https://www.pbs.gov.pk/wp-content/uploads/2020/07/3.-SPI-Report-29.01.2026.xlsx,https://www.pbs.gov.pk/wp-content/uploads/2020/07/3.-SPI-Report-29.01.2026.xlsx,
2026-02-04,annex,pdf,pbs_live,live,https://www.pbs.gov.pk/wp-content/uploads/2020/07/Annex_04.02.2026.pdf,https://www.pbs.gov.pk/wp-content/uploads/2020/07/Annex_04.02.2026.pdf,
2026-02-04,annex,xlsx,pbs_live,live,https://www.pbs.gov.pk/wp-content/uploads/2020/07/Annex_04.02.2026.xlsx,https://www.pbs.gov.pk/wp-content/uploads/2020/07/Annex_04.02.2026.xlsx,
2026-02-04,summary,pdf,pbs_live,live,https://www.pbs.gov.pk/wp-content/uploads/2020/07/Executive-Summary-SPI-Report_04.02.2026.pdf,https://www.pbs.gov.pk/wp-content/uploads/2020/07/Executive-Summary-SPI-Report_04.02.2026.pdf,
2026-02-04,summary,xlsx,pbs_live,live,https://www.pbs.gov.pk/wp-content/uploads/2020/07/3.-SPI-Report-04.02.2026.xlsx,https://www.pbs.gov.pk/wp-content/uploads/2020/07/3.-SPI-Report-04.02.2026.xlsx,
2026-02-12,annex,pdf,pbs_live,live,https://www.pbs.gov.pk/wp-content/uploads/2020/07/Annex_12.02.2026.pdf,https://www.pbs.gov.pk/wp-content/uploads/2020/07/Annex_12.02.2026.pdf,
2026-02-12,annex,xlsx,pbs_live,live,https://www.pbs.gov.pk/wp-content/uploads/2020/07/Annex_12.02.2026.xlsx,https://www.pbs.gov.pk/wp-content/uploads/2020/07/Annex_12.02.2026.xlsx,
2026-02-12,summary,pdf,pbs_live,live,https://www.pbs.gov.pk/wp-content/uploads/2020/07/SPI-Executive-Summary-SPI-Report_12.02.2026.pdf,https://www.pbs.gov.pk/wp-content/uploads/2020/07/SPI-Executive-Summary-SPI-Report_12.02.2026.pdf,
2026-02-12,summary,xlsx,pbs_live,live,https://www.pbs.gov.pk/wp-content/uploads/2020/07/3.-SPI-Report-12.02.2026.xlsx,https://www.pbs.gov.pk/wp-content/uploads/2020/07/3.-SPI-Report-12.02.2026.xlsx,
2026-02-19,annex,pdf,pbs_live,live,https://www.pbs.gov.pk/wp-content/uploads/2020/07/Annex_19.02.2026.pdf,https://www.pbs.gov.pk/wp-content/uploads/2020/07/Annex_19.02.2026.pdf,
2026-02-19,annex,xlsx,pbs_live,live,https://www.pbs.gov.pk/wp-content/uploads/2020/07/Annex_19.02.2026.xlsx,https://www.pbs.gov.pk/wp-content/uploads/2020/07/Annex_19.02.2026.xlsx,
2026-02-19,summary,pdf,pbs_live,live,https://www.pbs.gov.pk/wp-content/uploads/2020/07/Executive-Summary-SPI-Report_20.02.2026.pdf,https://www.pbs.gov.pk/wp-content/uploads/2020/07/Executive-Summary-SPI-Report_20.02.2026.pdf,
2026-02-19,summary,xlsx,pbs_live,live,https://www.pbs.gov.pk/wp-content/uploads/2020/07/3.-SPI-Report-19.02.2026.xlsx,https://www.pbs.gov.pk/wp-content/uploads/2020/07/3.-SPI-Report-19.02.2026.xlsx,
2026-02-26,annex,pdf,pbs_live,live,https://www.pbs.gov.pk/wp-content/uploads/2020/07/Annex_26.02.2026.pdf,https://www.pbs.gov.pk/wp-content/uploads/2020/07/Annex_26.02.2026.pdf,
2026-02-26,annex,xlsx,pbs_live,live,https://www.pbs.gov.pk/wp-content/uploads/2020/07/Annex_26.02.2026.xlsx,https://www.pbs.gov.pk/wp-content/uploads/2020/07/Annex_26.02.2026.xlsx,
2026-02-26,summary,pdf,pbs_live,live,https://www.pbs.gov.pk/wp-content/uploads/2020/07/Executive-Summary-SPI-Report_26.02.2026.pdf,https://www.pbs.gov.pk/wp-content/uploads/2020/07/Executive-Summary-SPI-Report_26.02.2026.pdf,
2026-02-26,summary,xlsx,pbs_live,live,https://www.pbs.gov.pk/wp-content/uploads/2020/07/3.-SPI-Report-26.02.2026.xlsx,https://www.pbs.gov.pk/wp-content/uploads/2020/07/3.-SPI-Report-26.02.2026.xlsx,
2026-03-05,annex,pdf,pbs_live,live,https://www.pbs.gov.pk/wp-content/uploads/2020/07/Annex_05.03.2026.pdf,https://www.pbs.gov.pk/wp-content/uploads/2020/07/Annex_05.03.2026.pdf,
2026-03-05,annex,xlsx,pbs_live,live,https://www.pbs.gov.pk/wp-content/uploads/2020/07/Annex_05.03.2026.xlsx,https://www.pbs.gov.pk/wp-content/uploads/2020/07/Annex_05.03.2026.xlsx,
2026-03-05,summary,pdf,pbs_live,live,https://www.pbs.gov.pk/wp-content/uploads/2020/07/Executive-Summary-SPI-Report_05.03.2026.pdf,https://www.pbs.gov.pk/wp-content/uploads/2020/07/Executive-Summary-SPI-Report_05.03.2026.pdf,
2026-03-05,summary,xlsx,pbs_live,live,https://www.pbs.gov.pk/wp-content/uploads/2020/07/3.-SPI-Report-05.03.2026.xlsx,https://www.pbs.gov.pk/wp-content/uploads/2020/07/3.-SPI-Report-05.03.2026.xlsx,
2026-03-11,annex,pdf,pbs_live,live,https://www.pbs.gov.pk/wp-content/uploads/2020/07/Annex_11.03.2026.pdf,https://www.pbs.gov.pk/wp-content/uploads/2020/07/Annex_11.03.2026.pdf,
2026-03-11,annex,xlsx,pbs_live,live,https://www.pbs.gov.pk/wp-content/uploads/2020/07/Annex_11.03.2026.xlsx,https://www.pbs.gov.pk/wp-content/uploads/2020/07/Annex_11.03.2026.xlsx,
2026-03-11,summary,pdf,pbs_live,live,https://www.pbs.gov.pk/wp-content/uploads/2020/07/Executive-Summary-SPI-Report_11.03.2026.pdf,https://www.pbs.gov.pk/wp-content/uploads/2020/07/Executive-Summary-SPI-Report_11.03.2026.pdf,
2026-03-11,summary,xlsx,pbs_live,live,https://www.pbs.gov.pk/wp-content/uploads/2020/07/SPI-Report-11.03.2026.xlsx,https://www.pbs.gov.pk/wp-content/uploads/2020/07/SPI-Report-11.03.2026.xlsx,
2026-03-18,annex,pdf,pbs_live,live,https://www.pbs.gov.pk/wp-content/uploads/2020/07/Annex_18.03.2026.pdf,https://www.pbs.gov.pk/wp-content/uploads/2020/07/Annex_18.03.2026.pdf,
2026-03-18,annex,xlsx,pbs_live,live,https://www.pbs.gov.pk/wp-content/uploads/2020/07/Annex_18.03.2026.xlsx,https://www.pbs.gov.pk/wp-content/uploads/2020/07/Annex_18.03.2026.xlsx,
2026-03-18,summary,pdf,pbs_live,live,https://www.pbs.gov.pk/wp-content/uploads/2020/07/SPI-Executive-Summary-SPI-Report_18.03.2026.pdf,https://www.pbs.gov.pk/wp-content/uploads/2020/07/SPI-Executive-Summary-SPI-Report_18.03.2026.pdf,
2026-03-18,summary,xlsx,pbs_live,live,https://www.pbs.gov.pk/wp-content/uploads/2020/07/3.-SPI-Report-18.03.2026.xlsx,https://www.pbs.gov.pk/wp-content/uploads/2020/07/3.-SPI-Report-18.03.2026.xlsx,
2026-03-26,annex,pdf,pbs_live,live,https://www.pbs.gov.pk/wp-content/uploads/2020/07/Annex_26.03.2026.pdf,https://www.pbs.gov.pk/wp-content/uploads/2020/07/Annex_26.03.2026.pdf,
2026-03-26,annex,xlsx,pbs_live,live,https://www.pbs.gov.pk/wp-content/uploads/2020/07/Annex_26.03.2026.xlsx,https://www.pbs.gov.pk/wp-content/uploads/2020/07/Annex_26.03.2026.xlsx,
2026-03-26,summary,pdf,pbs_live,live,https://www.pbs.gov.pk/wp-content/uploads/2020/07/SPI-Executive-Summary-SPI-Report_26.03.2026.pdf,https://www.pbs.gov.pk/wp-content/uploads/2020/07/SPI-Executive-Summary-SPI-Report_26.03.2026.pdf,
2026-03-26,summary,xlsx,pbs_live,live,https://www.pbs.gov.pk/wp-content/uploads/2020/07/3.-SPI-Report-26.03.2026.xlsx,https://www.pbs.gov.pk/wp-content/uploads/2020/07/3.-SPI-Report-26.03.2026.xlsx,
2026-04-02,annex,pdf,pbs_live,live,https://www.pbs.gov.pk/wp-content/uploads/2020/07/Annex_02.04.2026.pdf,https://www.pbs.gov.pk/wp-content/uploads/2020/07/Annex_02.04.2026.pdf,
2026-04-02,annex,xlsx,pbs_live,live,https://www.pbs.gov.pk/wp-content/uploads/2020/07/Annex_02.04.2026.xlsx,https://www.pbs.gov.pk/wp-content/uploads/2020/07/Annex_02.04.2026.xlsx,
2026-04-02,summary,pdf,pbs_live,live,https://www.pbs.gov.pk/wp-content/uploads/2020/07/Executive-Summary-SPI-Report_02.04.2026.pdf,https://www.pbs.gov.pk/wp-content/uploads/2020/07/Executive-Summary-SPI-Report_02.04.2026.pdf,
2026-04-02,summary,xlsx,pbs_live,live,https://www.pbs.gov.pk/wp-content/uploads/2020/07/3.-SPI-Report-02.04.2026.xlsx,https://www.pbs.gov.pk/wp-content/uploads/2020/07/3.-SPI-Report-02.04.2026.xlsx,
2026-04-09,annex,pdf,pbs_live,live,https://www.pbs.gov.pk/wp-content/uploads/2020/07/Annex_09.04.2026.pdf,https://www.pbs.gov.pk/wp-content/uploads/2020/07/Annex_09.04.2026.pdf,
2026-04-09,annex,xlsx,pbs_live,live,https://www.pbs.gov.pk/wp-content/uploads/2020/07/Annex_09.04.2026.xlsx,https://www.pbs.gov.pk/wp-content/uploads/2020/07/Annex_09.04.2026.xlsx,
2026-04-09,summary,pdf,pbs_live,live,https://www.pbs.gov.pk/wp-content/uploads/2020/07/Executive-Summary-SPI-Report_09.04.2026.pdf,https://www.pbs.gov.pk/wp-content/uploads/2020/07/Executive-Summary-SPI-Report_09.04.2026.pdf,
2026-04-09,summary,xlsx,pbs_live,live,https://www.pbs.gov.pk/wp-content/uploads/2020/07/3.-SPI-Report-09.04.2026.xlsx,https://www.pbs.gov.pk/wp-content/uploads/2020/07/3.-SPI-Report-09.04.2026.xlsx,
2026-04-16,annex,pdf,pbs_live,live,https://www.pbs.gov.pk/wp-content/uploads/2020/07/Annex_16.04.2026.pdf,https://www.pbs.gov.pk/wp-content/uploads/2020/07/Annex_16.04.2026.pdf,
2026-04-16,annex,xlsx,pbs_live,live,https://www.pbs.gov.pk/wp-content/uploads/2020/07/Annex_16.04.2026.xlsx,https://www.pbs.gov.pk/wp-content/uploads/2020/07/Annex_16.04.2026.xlsx,
2026-04-16,summary,pdf,pbs_live,live,https://www.pbs.gov.pk/wp-content/uploads/2020/07/Executive-Summary-SPI-Report_16.04.2026.pdf,https://www.pbs.gov.pk/wp-content/uploads/2020/07/Executive-Summary-SPI-Report_16.04.2026.pdf,
2026-04-16,summary,xlsx,pbs_live,live,https://www.pbs.gov.pk/wp-content/uploads/2020/07/3.-SPI-Report-16.04.2026.xlsx,https://www.pbs.gov.pk/wp-content/uploads/2020/07/3.-SPI-Report-16.04.2026.xlsx,
2026-04-23,annex,pdf,pbs_live,live,https://www.pbs.gov.pk/wp-content/uploads/2020/07/Annex_23.04.2026.pdf,https://www.pbs.gov.pk/wp-content/uploads/2020/07/Annex_23.04.2026.pdf,
2026-04-23,annex,xlsx,pbs_live,live,https://www.pbs.gov.pk/wp-content/uploads/2020/07/Annex_23.04.2026.xlsx,https://www.pbs.gov.pk/wp-content/uploads/2020/07/Annex_23.04.2026.xlsx,
2026-04-23,summary,pdf,pbs_live,live,https://www.pbs.gov.pk/wp-content/uploads/2020/07/Executive-Summary-SPI-Report_23.04.2026.pdf,https://www.pbs.gov.pk/wp-content/uploads/2020/07/Executive-Summary-SPI-Report_23.04.2026.pdf,
2026-04-23,summary,xlsx,pbs_live,live,https://www.pbs.gov.pk/wp-content/uploads/2020/07/3.-SPI-Report-23.04.2026.xlsx,https://www.pbs.gov.pk/wp-content/uploads/2020/07/3.-SPI-Report-23.04.2026.xlsx,
2026-04-30,annex,pdf,pbs_live,live,https://www.pbs.gov.pk/wp-content/uploads/2020/07/Annex_30.04.2026.pdf,https://www.pbs.gov.pk/wp-content/uploads/2020/07/Annex_30.04.2026.pdf,
2026-04-30,annex,xlsx,pbs_live,live,https://www.pbs.gov.pk/wp-content/uploads/2020/07/Annex_30.04.2026.xlsx,https://www.pbs.gov.pk/wp-content/uploads/2020/07/Annex_30.04.2026.xlsx,
2026-04-30,summary,pdf,pbs_live,live,https://www.pbs.gov.pk/wp-content/uploads/2020/07/Executive-Summary-SPI-Report_30.04.2026.pdf,https://www.pbs.gov.pk/wp-content/uploads/2020/07/Executive-Summary-SPI-Report_30.04.2026.pdf,
2026-04-30,summary,xlsx,pbs_live,live,https://www.pbs.gov.pk/wp-contet/uploads/2020/07/3.-SPI-Report-30.04.2026.xlsx,https://www.pbs.gov.pk/wp-contet/uploads/2020/07/3.-SPI-Report-30.04.2026.xlsx,
2026-05-07,annex,pdf,pbs_live,live,https://www.pbs.gov.pk/wp-content/uploads/2020/07/Annex_07.05.2026.pdf,https://www.pbs.gov.pk/wp-content/uploads/2020/07/Annex_07.05.2026.pdf,
2026-05-07,annex,xlsx,pbs_live,live,https://www.pbs.gov.pk/wp-content/uploads/2020/07/Annex_07.05.2026.xlsx,https://www.pbs.gov.pk/wp-content/uploads/2020/07/Annex_07.05.2026.xlsx,
2026-05-07,summary,pdf,pbs_live,live,https://www.pbs.gov.pk/wp-content/uploads/2020/07/Executive-Summary-SPI-Report_07.05.2026.pdf,https://www.pbs.gov.pk/wp-content/uploads/2020/07/Executive-Summary-SPI-Report_07.05.2026.pdf,
2026-05-07,summary,xlsx,pbs_live,live,https://www.pbs.gov.pk/wp-content/uploads/2020/07/3.-SPI-Report-07.05.2026.xlsx,https://www.pbs.gov.pk/wp-content/uploads/2020/07/3.-SPI-Report-07.05.2026.xlsx,
2026-05-14,annex,pdf,pbs_live,live,https://www.pbs.gov.pk/wp-content/uploads/2020/07/Annex_14.05.2026.pdf,https://www.pbs.gov.pk/wp-content/uploads/2020/07/Annex_14.05.2026.pdf,
2026-05-14,annex,xlsx,pbs_live,live,https://www.pbs.gov.pk/wp-content/uploads/2020/07/Annex_14.05.2026.xlsx,https://www.pbs.gov.pk/wp-content/uploads/2020/07/Annex_14.05.2026.xlsx,
2026-05-14,summary,pdf,pbs_live,live,https://www.pbs.gov.pk/wp-content/uploads/2020/07/Eexecutive-Summary-SPI-Report_14.05.2026.pdf,https://www.pbs.gov.pk/wp-content/uploads/2020/07/Eexecutive-Summary-SPI-Report_14.05.2026.pdf,
2026-05-14,summary,xlsx,pbs_live,live,https://www.pbs.gov.pk/wp-content/uploads/2020/07/3.-SPI-Report-14.05.2026.xlsx,https://www.pbs.gov.pk/wp-content/uploads/2020/07/3.-SPI-Report-14.05.2026.xlsx,
2026-05-21,annex,pdf,pbs_live,live,https://www.pbs.gov.pk/wp-content/uploads/2020/07/Annex_21.05.2026.pdf,https://www.pbs.gov.pk/wp-content/uploads/2020/07/Annex_21.05.2026.pdf,
2026-05-21,annex,xlsx,pbs_live,live,https://www.pbs.gov.pk/wp-content/uploads/2020/07/Annex_21.05.2026.xlsx,https://www.pbs.gov.pk/wp-content/uploads/2020/07/Annex_21.05.2026.xlsx,
2026-05-21,summary,pdf,pbs_live,live,https://www.pbs.gov.pk/wp-content/uploads/2020/07/Executive-Summary-SPI-Report_21.05.2026.pdf,https://www.pbs.gov.pk/wp-content/uploads/2020/07/Executive-Summary-SPI-Report_21.05.2026.pdf,
2026-05-21,summary,xlsx,pbs_live,live,https://www.pbs.gov.pk/wp-content/uploads/2020/07/3.-SPI-Report-21.05.2026.xlsx,https://www.pbs.gov.pk/wp-content/uploads/2020/07/3.-SPI-Report-21.05.2026.xlsx,
2026-06-04,annex,pdf,pbs_live,live,https://www.pbs.gov.pk/wp-content/uploads/2020/07/Annex_04.06.2026.pdf,https://www.pbs.gov.pk/wp-content/uploads/2020/07/Annex_04.06.2026.pdf,
2026-06-04,annex,xlsx,pbs_live,live,https://www.pbs.gov.pk/wp-content/uploads/2020/07/Annex_04.06.2026.xlsx,https://www.pbs.gov.pk/wp-content/uploads/2020/07/Annex_04.06.2026.xlsx,
2026-06-04,summary,pdf,pbs_live,live,https://www.pbs.gov.pk/wp-content/uploads/2020/07/Executive-Summary-SPI-Report_04.06.2026.pdf,https://www.pbs.gov.pk/wp-content/uploads/2020/07/Executive-Summary-SPI-Report_04.06.2026.pdf,
2026-06-04,summary,xlsx,pbs_live,live,https://www.pbs.gov.pk/wp-content/uploads/2020/07/3.-SPI-Report-04.06.2026.xlsx,https://www.pbs.gov.pk/wp-content/uploads/2020/07/3.-SPI-Report-04.06.2026.xlsx,
2026-06-11,annex,pdf,pbs_live,live,https://www.pbs.gov.pk/wp-content/uploads/2020/07/Annex_11.06.2026.pdf,https://www.pbs.gov.pk/wp-content/uploads/2020/07/Annex_11.06.2026.pdf,
2026-06-11,annex,xlsx,pbs_live,live,https://www.pbs.gov.pk/wp-content/uploads/2020/07/Annex_11.06.2026.xlsx,https://www.pbs.gov.pk/wp-content/uploads/2020/07/Annex_11.06.2026.xlsx,
2026-06-11,summary,pdf,pbs_live,live,https://www.pbs.gov.pk/wp-content/uploads/2020/07/Executive-Summary-SPI-Report_11.06.2026.pdf,https://www.pbs.gov.pk/wp-content/uploads/2020/07/Executive-Summary-SPI-Report_11.06.2026.pdf,
2026-06-11,summary,xlsx,pbs_live,live,https://www.pbs.gov.pk/wp-content/uploads/2020/07/3.-SPI-Report-11.06.2026.xlsx,https://www.pbs.gov.pk/wp-content/uploads/2020/07/3.-SPI-Report-11.06.2026.xlsx,
2026-06-18,annex,pdf,pbs_live,live,https://www.pbs.gov.pk/wp-content/uploads/2020/07/Annex_18.06.2026.pdf,https://www.pbs.gov.pk/wp-content/uploads/2020/07/Annex_18.06.2026.pdf,
2026-06-18,annex,xlsx,pbs_live,live,https://www.pbs.gov.pk/wp-content/uploads/2020/07/Annex_18.06.2026.xlsx,https://www.pbs.gov.pk/wp-content/uploads/2020/07/Annex_18.06.2026.xlsx,
2026-06-18,summary,pdf,pbs_live,live,https://www.pbs.gov.pk/wp-content/uploads/2020/07/Executive-Summary-SPI-Report_18.06.2026.pdf,https://www.pbs.gov.pk/wp-content/uploads/2020/07/Executive-Summary-SPI-Report_18.06.2026.pdf,
2026-06-18,summary,xlsx,pbs_live,live,https://www.pbs.gov.pk/wp-content/uploads/2020/07/3.-SPI-Report-18.06.2026.xlsx,https://www.pbs.gov.pk/wp-content/uploads/2020/07/3.-SPI-Report-18.06.2026.xlsx,
2026-07-02,annex,pdf,pbs_live,live,https://www.pbs.gov.pk/wp-content/uploads/2020/07/Annex_02.07.2026.pdf,https://www.pbs.gov.pk/wp-content/uploads/2020/07/Annex_02.07.2026.pdf,
2026-07-02,annex,xlsx,pbs_live,live,https://www.pbs.gov.pk/wp-content/uploads/2020/07/Annex_02.07.2026.xlsx,https://www.pbs.gov.pk/wp-content/uploads/2020/07/Annex_02.07.2026.xlsx,
2026-07-02,summary,pdf,pbs_live,live,https://www.pbs.gov.pk/wp-content/uploads/2020/07/Executive-SummarySPI-Report_02.07.2026.pdf,https://www.pbs.gov.pk/wp-content/uploads/2020/07/Executive-SummarySPI-Report_02.07.2026.pdf,
2026-07-02,summary,xlsx,pbs_live,live,https://www.pbs.gov.pk/wp-content/uploads/2020/07/3.-SPI-Report-02.07.2026.xlsx,https://www.pbs.gov.pk/wp-content/uploads/2020/07/3.-SPI-Report-02.07.2026.xlsx,
2026-07-09,annex,pdf,pbs_live,live,https://www.pbs.gov.pk/wp-content/uploads/2020/07/Annex_09.07.2026.pdf,https://www.pbs.gov.pk/wp-content/uploads/2020/07/Annex_09.07.2026.pdf,
2026-07-09,annex,xlsx,pbs_live,live,https://www.pbs.gov.pk/wp-content/uploads/2020/07/Annex_09.07.2026.xlsx,https://www.pbs.gov.pk/wp-content/uploads/2020/07/Annex_09.07.2026.xlsx,
2026-07-09,summary,pdf,pbs_live,live,https://www.pbs.gov.pk/wp-content/uploads/2020/07/Executive-Summary-SPI-Report_09.07.2026.pdf,https://www.pbs.gov.pk/wp-content/uploads/2020/07/Executive-Summary-SPI-Report_09.07.2026.pdf,
2026-07-09,summary,xlsx,pbs_live,live,https://www.pbs.gov.pk/wp-content/uploads/2020/07/SPI-Report-09.07.2026.xlsx,https://www.pbs.gov.pk/wp-content/uploads/2020/07/SPI-Report-09.07.2026.xlsx,
2026-07-16,annex,pdf,pbs_live,live,https://www.pbs.gov.pk/wp-content/uploads/2020/07/Annex_16.07.2026.pdf,https://www.pbs.gov.pk/wp-content/uploads/2020/07/Annex_16.07.2026.pdf,
2026-07-16,annex,xlsx,pbs_live,live,https://www.pbs.gov.pk/wp-content/uploads/2020/07/Annex_16.07.2026.xlsx,https://www.pbs.gov.pk/wp-content/uploads/2020/07/Annex_16.07.2026.xlsx,
2026-07-16,summary,pdf,pbs_live,live,https://www.pbs.gov.pk/wp-content/uploads/2020/07/Executive-Summary-SPI-Report_16.07.2026.pdf,https://www.pbs.gov.pk/wp-content/uploads/2020/07/Executive-Summary-SPI-Report_16.07.2026.pdf,
2026-07-16,summary,xlsx,pbs_live,live,https://www.pbs.gov.pk/wp-content/uploads/2020/07/SPI-Report-16.07.2026.xlsx,https://www.pbs.gov.pk/wp-content/uploads/2020/07/SPI-Report-16.07.2026.xlsx,
2026-07-23,annex,pdf,pbs_live,live,https://www.pbs.gov.pk/wp-content/uploads/2020/07/Annex_23.07.2026.pdf,https://www.pbs.gov.pk/wp-content/uploads/2020/07/Annex_23.07.2026.pdf,
2026-07-23,annex,xlsx,pbs_live,live,https://www.pbs.gov.pk/wp-content/uploads/2020/07/Annex_23.07.2026.xlsx,https://www.pbs.gov.pk/wp-content/uploads/2020/07/Annex_23.07.2026.xlsx,
2026-07-23,summary,pdf,pbs_live,live,https://www.pbs.gov.pk/wp-content/uploads/2020/07/Executive-Summary-SPI-Report_23.07.2026.pdf,https://www.pbs.gov.pk/wp-content/uploads/2020/07/Executive-Summary-SPI-Report_23.07.2026.pdf,
2026-07-23,summary,xlsx,pbs_live,live,https://www.pbs.gov.pk/wp-content/uploads/2020/07/3.-SPI-Report-23.07.2026.xlsx,https://www.pbs.gov.pk/wp-content/uploads/2020/07/3.-SPI-Report-23.07.2026.xlsx,
2026-07-30,annex,pdf,pbs_live,live,https://www.pbs.gov.pk/wp-content/uploads/2020/07/Annex_30.07.2026.pdf,https://www.pbs.gov.pk/wp-content/uploads/2020/07/Annex_30.07.2026.pdf,
2026-07-30,annex,xlsx,pbs_live,live,https://www.pbs.gov.pk/wp-content/uploads/2020/07/Annex_30.07.2026.xlsx,https://www.pbs.gov.pk/wp-content/uploads/2020/07/Annex_30.07.2026.xlsx,
2026-07-30,summary,pdf,pbs_live,live,https://www.pbs.gov.pk/wp-content/uploads/2020/07/Executive-Summary-SPI-Report_30.07.2026.pdf,https://www.pbs.gov.pk/wp-content/uploads/2020/07/Executive-Summary-SPI-Report_30.07.2026.pdf,
2026-07-30,summary,xlsx,pbs_live,live,https://www.pbs.gov.pk/wp-content/uploads/2020/07/3.-SPI-Report-30.07.2026.xlsx,https://www.pbs.gov.pk/wp-content/uploads/2020/07/3.-SPI-Report-30.07.2026.xlsx,
2026-08-06,annex,pdf,pbs_live,live,https://www.pbs.gov.pk/wp-content/uploads/2020/07/Annex_06.08.2026.pdf,https://www.pbs.gov.pk/wp-content/uploads/2020/07/Annex_06.08.2026.pdf,
2026-08-06,annex,xlsx,pbs_live,live,https://www.pbs.gov.pk/wp-content/uploads/2020/07/Annex_06.08.2026.xlsx,https://www.pbs.gov.pk/wp-content/uploads/2020/07/Annex_06.08.2026.xlsx,
2026-08-06,summary,pdf,pbs_live,live,https://www.pbs.gov.pk/wp-content/uploads/2020/07/Executive-Summary-SPI-Report_06.08.2026.pdf,https://www.pbs.gov.pk/wp-content/uploads/2020/07/Executive-Summary-SPI-Report_06.08.2026.pdf,
2026-08-06,summary,xlsx,pbs_live,live,https://www.pbs.gov.pk/wp-content/uploads/2020/07/3.-SPI-Report-06.08.2026.xlsx,https://www.pbs.gov.pk/wp-content/uploads/2020/07/3.-SPI-Report-06.08.2026.xlsx,
2026-08-13,annex,pdf,pbs_live,live,https://www.pbs.gov.pk/wp-content/uploads/2020/07/Annex_13.08.2026.pdf,https://www.pbs.gov.pk/wp-content/uploads/2020/07/Annex_13.08.2026.pdf,
2026-08-13,annex,xlsx,pbs_live,live,https://www.pbs.gov.pk/wp-content/uploads/2020/07/Annex_13.08.2026.xlsx,https://www.pbs.gov.pk/wp-content/uploads/2020/07/Annex_13.08.2026.xlsx,
2026-08-13,summary,pdf,pbs_live,live,https://www.pbs.gov.pk/wp-content/uploads/2020/07/Executive-Summary-SPI-Report-13.08.2026.pdf,https://www.pbs.gov.pk/wp-content/uploads/2020/07/Executive-Summary-SPI-Report-13.08.2026.pdf,
2026-08-13,summary,xlsx,pbs_live,live,https://www.pbs.gov.pk/wp-content/uploads/2020/07/3.-SPI-Report-13.08.2026.xlsx,https://www.pbs.gov.pk/wp-content/uploads/2020/07/3.-SPI-Report-13.08.2026.xlsx,
2026-08-20,annex,pdf,pbs_live,live,https://www.pbs.gov.pk/wp-content/uploads/2020/07/Annex_20.08.2026.pdf,https://www.pbs.gov.pk/wp-content/uploads/2020/07/Annex_20.08.2026.pdf,
2026-08-20,annex,xlsx,pbs_live,live,https://www.pbs.gov.pk/wp-content/uploads/2020/07/Annex_20.08.2026.xlsx,https://www.pbs.gov.pk/wp-content/uploads/2020/07/Annex_20.08.2026.xlsx,
2026-08-20,summary,pdf,pbs_live,live,https://www.pbs.gov.pk/wp-content/uploads/2020/07/Executive-Summary-SPI-Report_20.08.2026.pdf,https://www.pbs.gov.pk/wp-content/uploads/2020/07/Executive-Summary-SPI-Report_20.08.2026.pdf,
2026-08-20,summary,xlsx,pbs_live,live,https://www.pbs.gov.pk/wp-content/uploads/2020/07/SPI-Report-20.08.2026.xlsx,https://www.pbs.gov.pk/wp-content/uploads/2020/07/SPI-Report-20.08.2026.xlsx,
2026-08-27,annex,pdf,pbs_live,live,https://www.pbs.gov.pk/wp-content/uploads/2020/07/Annex_27.08.2026.pdf,https://www.pbs.gov.pk/wp-content/uploads/2020/07/Annex_27.08.2026.pdf,
2026-08-27,annex,xlsx,pbs_live,live,https://www.pbs.gov.pk/wp-content/uploads/2020/07/Annex_27.08.2026.xlsx,https://www.pbs.gov.pk/wp-content/uploads/2020/07/Annex_27.08.2026.xlsx,
2026-08-27,summary,pdf,pbs_live,live,https://www.pbs.gov.pk/wp-content/uploads/2020/07/Executive-Summary-SPI-Report_27.08.2026.pdf,https://www.pbs.gov.pk/wp-content/uploads/2020/07/Executive-Summary-SPI-Report_27.08.2026.pdf,
2026-08-27,summary,xlsx,pbs_live,live,https://www.pbs.gov.pk/wp-content/uploads/2020/07/3.-SPI-Report-27.08.2026.xlsx,https://www.pbs.gov.pk/wp-content/uploads/2020/07/3.-SPI-Report-27.08.2026.xlsx,
2026-09-03,annex,pdf,pbs_live,live,https://www.pbs.gov.pk/wp-content/uploads/2020/07/Annex_03.09.2026.pdf,https://www.pbs.gov.pk/wp-content/uploads/2020/07/Annex_03.09.2026.pdf,
2026-09-03,annex,xlsx,pbs_live,live,https://www.pbs.gov.pk/wp-content/uploads/2020/07/Annex_03.09.2026.xlsx,https://www.pbs.gov.pk/wp-content/uploads/2020/07/Annex_03.09.2026.xlsx,
2026-09-03,summary,pdf,pbs_live,live,https://www.pbs.gov.pk/wp-content/uploads/2020/07/Executive-Summary-SPI-Report_03.09.2026.pdf,https://www.pbs.gov.pk/wp-content/uploads/2020/07/Executive-Summary-SPI-Report_03.09.2026.pdf,
2026-09-03,summary,xlsx,pbs_live,live,https://www.pbs.gov.pk/wp-content/uploads/2020/07/3.-SPI-Report-03.09.2026.xlsx,https://www.pbs.gov.pk/wp-content/uploads/2020/07/3.-SPI-Report-03.09.2026.xlsx,
2026-09-10,annex,pdf,pbs_live,live,https://www.pbs.gov.pk/wp-content/uploads/2020/07/Annex_10.09.2026.pdf,https://www.pbs.gov.pk/wp-content/uploads/2020/07/Annex_10.09.2026.pdf,
2026-09-10,annex,xlsx,pbs_live,live,https://www.pbs.gov.pk/wp-content/uploads/2020/07/Annex_10.09.2026.xlsx,https://www.pbs.gov.pk/wp-content/uploads/2020/07/Annex_10.09.2026.xlsx,
2026-09-10,summary,pdf,pbs_live,live,https://www.pbs.gov.pk/wp-content/uploads/2020/07/Exective-Summary-SPI-Report_10.09.2026.pdf,https://www.pbs.gov.pk/wp-content/uploads/2020/07/Exective-Summary-SPI-Report_10.09.2026.pdf,
2026-09-10,summary,xlsx,pbs_live,live,https://www.pbs.gov.pk/wp-content/uploads/2020/07/SPI-Report-10.09.2026.xlsx,https://www.pbs.gov.pk/wp-content/uploads/2020/07/SPI-Report-10.09.2026.xlsx,
2026-09-17,annex,pdf,pbs_live,live,https://www.pbs.gov.pk/wp-content/uploads/2020/07/Annex_17.09.2026.pdf,https://www.pbs.gov.pk/wp-content/uploads/2020/07/Annex_17.09.2026.pdf,
2026-09-17,annex,xlsx,pbs_live,live,https://www.pbs.gov.pk/wp-content/uploads/2020/07/Annex_17.09.2026.xlsx,https://www.pbs.gov.pk/wp-content/uploads/2020/07/Annex_17.09.2026.xlsx,
2026-09-17,summary,pdf,pbs_live,live,https://www.pbs.gov.pk/wp-content/uploads/2020/07/Executive-Summary-SPI-Report_17.09.2026.pdf,https://www.pbs.gov.pk/wp-content/uploads/2020/07/Executive-Summary-SPI-Report_17.09.2026.pdf,
2026-09-17,summary,xlsx,pbs_live,live,https://www.pbs.gov.pk/wp-content/uploads/2020/07/SPI-Report-17.09.2026.xlsx,https://www.pbs.gov.pk/wp-content/uploads/2020/07/SPI-Report-17.09.2026.xlsx,
2026-09-24,annex,pdf,pbs_live,live,https://www.pbs.gov.pk/wp-content/uploads/2020/07/Annex_24.09.2026.pdf,https://www.pbs.gov.pk/wp-content/uploads/2020/07/Annex_24.09.2026.pdf,
2026-09-24,annex,xlsx,pbs_live,live,https://www.pbs.gov.pk/wp-content/uploads/2020/07/Annex_24.09.2026.xlsx,https://www.pbs.gov.pk/wp-content/uploads/2020/07/Annex_24.09.2026.xlsx,
2026-09-24,summary,pdf,pbs_live,live,https://www.pbs.gov.pk/wp-content/uploads/2020/07/Executive-Summary-SPI-Report_24.09.2026.pdf,https://www.pbs.gov.pk/wp-content/uploads/2020/07/Executive-Summary-SPI-Report_24.09.2026.pdf,
2026-09-24,summary,xlsx,pbs_live,live,https://www.pbs.gov.pk/wp-content/uploads/2020/07/3.-SPI-Report-24.09.2026.xlsx,https://www.pbs.gov.pk/wp-content/uploads/2020/07/3.-SPI-Report-24.09.2026.xlsx,
2026-10-01,annex,pdf,pbs_live,live,https://www.pbs.gov.pk/wp-content/uploads/2020/07/Annex_01.10.2026.pdf,https://www.pbs.gov.pk/wp-content/uploads/2020/07/Annex_01.10.2026.pdf,
2026-10-01,annex,xlsx,pbs_live,live,https://www.pbs.gov.pk/wp-content/uploads/2020/07/Annex_01.10.2026.xlsx,https://www.pbs.gov.pk/wp-content/uploads/2020/07/Annex_01.10.2026.xlsx,
2026-10-01,summary,pdf,pbs_live,live,https://www.pbs.gov.pk/wp-content/uploads/2020/07/Executive-Summary-SPI-Report_01.10.2026.pdf,https://www.pbs.gov.pk/wp-content/uploads/2020/07/Executive-Summary-SPI-Report_01.10.2026.pdf,
2026-10-01,summary,xlsx,pbs_live,live,https://www.pbs.gov.pk/wp-content/uploads/2020/07/3.-SPI-Report-01.10.2026.xlsx,https://www.pbs.gov.pk/wp-content/uploads/2020/07/3.-SPI-Report-01.10.2026.xlsx,
,annex,pdf,wayback,weekly_spi,https://www.pbs.gov.pk/sites/default/files/price_statistics/weekly_spi/Annex.pdf,https://web.archive.org/web/20250715114921id_/https://www.pbs.gov.pk/sites/default/files/price_statistics/weekly_spi/Annex.pdf,20250715114921
,annex,xlsx,wayback,weekly_spi,https://www.pbs.gov.pk/sites/default/files/price_statistics/weekly_spi/Annex.xlsx,https://web.archive.org/web/20250715114927id_/https://www.pbs.gov.pk/sites/default/files/price_statistics/weekly_spi/Annex.xlsx,20250715114927
,annex,pdf,wayback,weekly_spi,http://pbs.gov.pk/sites/default/files//price_statistics/weekly_spi/Annexure%2007.08.201.pdf,https://web.archive.org/web/20150421085347id_/http://pbs.gov.pk/sites/default/files//price_statistics/weekly_spi/Annexure%2007.08.201.pdf,20150421085347
,annex,pdf,wayback,weekly_spi,http://pbs.gov.pk/sites/default/files//price_statistics/weekly_spi/Annexure.pdf,https://web.archive.org/web/20150421071423id_/http://pbs.gov.pk/sites/default/files//price_statistics/weekly_spi/Annexure.pdf,20150421071423
,annex,pdf,wayback,weekly_spi,http://pbs.gov.pk/sites/default/files//price_statistics/weekly_spi/Annexure_0.pdf,https://web.archive.org/web/20150420052849id_/http://pbs.gov.pk/sites/default/files//price_statistics/weekly_spi/Annexure_0.pdf,20150420052849
,annex,pdf,wayback,weekly_spi,http://pbs.gov.pk/sites/default/files//price_statistics/weekly_spi/spi_annex_26_feburary_2015.pdf,https://web.archive.org/web/20150317145428id_/http://pbs.gov.pk/sites/default/files//price_statistics/weekly_spi/spi_annex_26_feburary_2015.pdf,20150317145428
,summary,pdf,wayback,weekly_spi,http://pbs.gov.pk/sites/default/files//price_statistics/weekly_spi/spi_report_26_feburary_2015.pdf,https://web.archive.org/web/20150317142015id_/http://pbs.gov.pk/sites/default/files//price_statistics/weekly_spi/spi_report_26_feburary_2015.pdf,20150317142015
,summary,pdf,wayback,weekly_spi,https://www.pbs.gov.pk/sites/default/files/price_statistics/weekly_spi/SPI_Report_upload.pdf,https://web.archive.org/web/20250529030008id_/https://www.pbs.gov.pk/sites/default/files/price_statistics/weekly_spi/SPI_Report_upload.pdf,20250529030008
