week_date,kind,source,folder,url,fetch_url,local_path,status,bytes,sha256,base_check,downloaded_at,note
2019-08-01,summary,wayback,weekly_spi,http://www.pbs.gov.pk/sites/default/files/price_statistics/weekly_spi/spi_report_01082019.pdf,https://web.archive.org/web/20190922101724id_/http://www.pbs.gov.pk/sites/default/files/price_statistics/weekly_spi/spi_report_01082019.pdf,data/raw/spi_weekly/wayback/summary/2019-08-01_summary_weekly_spi.pdf,base_mismatch,141807,2f010a5d227b430114cafe12ee8f082e87ffe9056ae5bd1788ff66c835e39798,2007-08,2026-10-03T15:36:17,
2019-08-08,summary,wayback,weekly_spi,http://www.pbs.gov.pk/sites/default/files/price_statistics/weekly_spi/SPI%20Report%2008.08.2019.pdf,https://web.archive.org/web/20190922095304id_/http://www.pbs.gov.pk/sites/default/files/price_statistics/weekly_spi/SPI%20Report%2008.08.2019.pdf,data/raw/spi_weekly/wayback/summary/2019-08-08_summary_weekly_spi.pdf,base_mismatch,144288,0e81449f58c738ebaafbea5257dfd83b148529f046997da382766f0e402c0080,2007-08,2026-10-03T15:36:21,
2019-08-16,summary,wayback,weekly_spi,http://www.pbs.gov.pk/sites/default/files/price_statistics/weekly_spi/spi_report_16082019.pdf,https://web.archive.org/web/20190916160453id_/http://www.pbs.gov.pk/sites/default/files/price_statistics/weekly_spi/spi_report_16082019.pdf,data/raw/spi_weekly/wayback/summary/2019-08-16_summary_weekly_spi.pdf,base_mismatch,144290,fbf448f919e525d86d97771ffde7b5151bafacec8197abb7c83d944c2d78b16e,2007-08,2026-10-03T15:36:24,
2019-08-22,summary,wayback,weekly_spi,http://www.pbs.gov.pk/sites/default/files/price_statistics/weekly_spi/SPI%20Report%2022.08.2019.pdf,https://web.archive.org/web/20190916160952id_/http://www.pbs.gov.pk/sites/default/files/price_statistics/weekly_spi/SPI%20Report%2022.08.2019.pdf,data/raw/spi_weekly/wayback/summary/2019-08-22_summary_weekly_spi.pdf,base_mismatch,144439,1878e235ad97672ffce561850f78ca5e8a1d3b510bf4ae0000d508cd80f785ec,2007-08,2026-10-03T15:36:28,
2019-08-29,summary,wayback,weekly_spi,http://www.pbs.gov.pk/sites/default/files/price_statistics/weekly_spi/SPI%20Report%2029.08.2019.pdf,https://web.archive.org/web/20190916161038id_/http://www.pbs.gov.pk/sites/default/files/price_statistics/weekly_spi/SPI%20Report%2029.08.2019.pdf,data/raw/spi_weekly/wayback/summary/2019-08-29_summary_weekly_spi.pdf,base_mismatch,144265,988924f4167600c480fe37aeae35033ea5be3cabf7320c8da4af315164127529,2007-08,2026-10-03T15:36:31,
2019-09-05,summary,wayback,weekly_spi_nb,http://www.pbs.gov.pk/sites/default/files//price_statistics/weekly_spi_nb/spi_report_nb_050919.pdf,https://web.archive.org/web/20191113160729id_/http://www.pbs.gov.pk/sites/default/files//price_statistics/weekly_spi_nb/spi_report_nb_050919.pdf,data/raw/spi_weekly/wayback/summary/2019-09-05_summary_weekly_spi_nb.pdf,ok,96443,26e31c0670af9a630c7ce52b67c0af667a123fb0e9a6d8f32b49afaf8ecaca16,2015-16,2026-10-03T15:36:46,
2019-09-12,summary,wayback,weekly_spi_nb,http://www.pbs.gov.pk/sites/default/files//price_statistics/weekly_spi_nb/spi_report_12-09-2019_0.pdf,https://web.archive.org/web/20191113160701id_/http://www.pbs.gov.pk/sites/default/files//price_statistics/weekly_spi_nb/spi_report_12-09-2019_0.pdf,data/raw/spi_weekly/wayback/summary/2019-09-12_summary_weekly_spi_nb.pdf,ok,96445,f283615baf18981d693f506b9bed9075c4c664f0457c2ed91636a23003afa494,2015-16,2026-10-03T15:36:49,
2019-09-19,summary,wayback,weekly_spi_nb,http://www.pbs.gov.pk/sites/default/files//price_statistics/weekly_spi_nb/spi_report_19092019.pdf,https://web.archive.org/web/20191113160633id_/http://www.pbs.gov.pk/sites/default/files//price_statistics/weekly_spi_nb/spi_report_19092019.pdf,data/raw/spi_weekly/wayback/summary/2019-09-19_summary_weekly_spi_nb.pdf,ok,96647,5a07079eb87298bdf2efdd8285c8487dcd1e1b03a4288e659ee34cc612e38168,2015-16,2026-10-03T15:36:52,
2019-09-26,summary,wayback,weekly_spi_nb,http://www.pbs.gov.pk/sites/default/files//price_statistics/weekly_spi_nb/spi_report_260919.pdf,https://web.archive.org/web/20191113160603id_/http://www.pbs.gov.pk/sites/default/files//price_statistics/weekly_spi_nb/spi_report_260919.pdf,data/raw/spi_weekly/wayback/summary/2019-09-26_summary_weekly_spi_nb.pdf,ok,96514,0bc31a799ec68c7ad56aa907056cdfe053e8ddb96c51b6f7e62af3996b07bfa0,2015-16,2026-10-03T15:36:55,
2019-10-03,summary,wayback,weekly_spi_nb,http://www.pbs.gov.pk/sites/default/files//price_statistics/weekly_spi_nb/spi_report_031019.pdf,https://web.archive.org/web/20191113160534id_/http://www.pbs.gov.pk/sites/default/files//price_statistics/weekly_spi_nb/spi_report_031019.pdf,data/raw/spi_weekly/wayback/summary/2019-10-03_summary_weekly_spi_nb.pdf,ok,96993,d1169e572ff249a5e2f2f739e4e89d5db41432f5ee2c46259050c02b4ebcfa2a,2015-16,2026-10-03T15:36:59,
2019-10-10,summary,wayback,weekly_spi_nb,http://www.pbs.gov.pk/sites/default/files//price_statistics/weekly_spi_nb/spi_report_10102019.pdf,https://web.archive.org/web/20191113160451id_/http://www.pbs.gov.pk/sites/default/files//price_statistics/weekly_spi_nb/spi_report_10102019.pdf,data/raw/spi_weekly/wayback/summary/2019-10-10_summary_weekly_spi_nb.pdf,ok,97059,638d595a5a8bb260f7467e27f0f310a24bd14f22d9e960473adde8d8be6f0f3a,2015-16,2026-10-03T15:37:03,
2019-10-17,summary,wayback,weekly_spi_nb,http://www.pbs.gov.pk/sites/default/files//price_statistics/weekly_spi_nb/spi_report_17102019.pdf,https://web.archive.org/web/20191113160424id_/http://www.pbs.gov.pk/sites/default/files//price_statistics/weekly_spi_nb/spi_report_17102019.pdf,data/raw/spi_weekly/wayback/summary/2019-10-17_summary_weekly_spi_nb.pdf,ok,96970,956962213ba9771753e96284e61e3c58d390d323ec4f7453f72cefc22475f7f4,2015-16,2026-10-03T15:37:06,
2019-10-24,summary,wayback,weekly_spi_nb,http://www.pbs.gov.pk/sites/default/files//price_statistics/weekly_spi_nb/spi_report_24102019.pdf,https://web.archive.org/web/20191113160232id_/http://www.pbs.gov.pk/sites/default/files//price_statistics/weekly_spi_nb/spi_report_24102019.pdf,data/raw/spi_weekly/wayback/summary/2019-10-24_summary_weekly_spi_nb.pdf,ok,19957,5eaa4fce58a795316ad8365d28086d5598be117b43cd8ca628da10a9db07aa6b,2015-16,2026-10-03T15:37:09,
2019-10-31,summary,wayback,weekly_spi_nb,http://www.pbs.gov.pk/sites/default/files//price_statistics/weekly_spi_nb/spi_report_311019.pdf,https://web.archive.org/web/20191113160148id_/http://www.pbs.gov.pk/sites/default/files//price_statistics/weekly_spi_nb/spi_report_311019.pdf,data/raw/spi_weekly/wayback/summary/2019-10-31_summary_weekly_spi_nb.pdf,ok,96930,c823b7efe4ed4fecaa1b6ca7c593d13897c13efe58f2e27f7e8c5fe5a46cd4e9,2015-16,2026-10-03T15:37:12,
2019-11-07,summary,wayback,weekly_spi_nb,http://www.pbs.gov.pk/sites/default/files//price_statistics/weekly_spi_nb/spi_report_071119.pdf,https://web.archive.org/web/20191113160123id_/http://www.pbs.gov.pk/sites/default/files//price_statistics/weekly_spi_nb/spi_report_071119.pdf,data/raw/spi_weekly/wayback/summary/2019-11-07_summary_weekly_spi_nb.pdf,ok,97794,2ddb878c8b3d289d927b100662191ef7283ae5871d9197a5200c1ddb27ab948a,2015-16,2026-10-03T15:37:16,
2019-11-14,summary,wayback,weekly_spi_nb,http://www.pbs.gov.pk:80/sites/default/files/price_statistics/weekly_spi_nb/spi_report_141119.pdf,https://web.archive.org/web/20191126125611id_/http://www.pbs.gov.pk:80/sites/default/files/price_statistics/weekly_spi_nb/spi_report_141119.pdf,data/raw/spi_weekly/wayback/summary/2019-11-14_summary_weekly_spi_nb.pdf,ok,97804,8b2f256a7fe3b2d6b1e9318e0c67b485af7fdc9379904775e8e2c53a544043a1,2015-16,2026-10-03T15:37:21,
2019-11-21,summary,wayback,weekly_spi_nb,http://www.pbs.gov.pk/sites/default/files//price_statistics/weekly_spi_nb/spi_report_211119.pdf,https://web.archive.org/web/20201116081147id_/http://www.pbs.gov.pk/sites/default/files//price_statistics/weekly_spi_nb/spi_report_211119.pdf,data/raw/spi_weekly/wayback/summary/2019-11-21_summary_weekly_spi_nb.pdf,ok,98072,f5120a40c4a424b2ac4c80e7e39969b9b26223e9d2486d556e5656eb73dc4d2c,2015-16,2026-10-03T15:37:26,
2019-11-28,summary,wayback,weekly_spi_nb,http://www.pbs.gov.pk/sites/default/files/price_statistics/weekly_spi_nb/SPI_report_281119.pdf,https://web.archive.org/web/20200921164857id_/http://www.pbs.gov.pk/sites/default/files/price_statistics/weekly_spi_nb/SPI_report_281119.pdf,data/raw/spi_weekly/wayback/summary/2019-11-28_summary_weekly_spi_nb.pdf,ok,98101,f3c91a60ff64505b3c5c1c42f9b188834ba35df23d9bf7fb03275bf21baeb92f,2015-16,2026-10-03T15:37:30,
2019-12-05,summary,wayback,weekly_spi_nb,http://www.pbs.gov.pk/sites/default/files/price_statistics/weekly_spi_nb/spi_report_051219.pdf,https://web.archive.org/web/20200921145313id_/http://www.pbs.gov.pk/sites/default/files/price_statistics/weekly_spi_nb/spi_report_051219.pdf,data/raw/spi_weekly/wayback/summary/2019-12-05_summary_weekly_spi_nb.pdf,ok,98372,b54eab53f59cf011b693ed21d451577426094c107e70fce68256a5264687c36d,2015-16,2026-10-03T15:37:33,
2019-12-12,summary,wayback,weekly_spi_nb,http://www.pbs.gov.pk/sites/default/files/price_statistics/weekly_spi_nb/SPI_Report_121219.pdf,https://web.archive.org/web/20200921163510id_/http://www.pbs.gov.pk/sites/default/files/price_statistics/weekly_spi_nb/SPI_Report_121219.pdf,data/raw/spi_weekly/wayback/summary/2019-12-12_summary_weekly_spi_nb.pdf,ok,98266,476fa74ad90515225eea1f7a2b5d78d8d8119b976b95f83482507d08f78f4e9e,2015-16,2026-10-03T15:37:37,
2019-12-19,summary,wayback,weekly_spi_nb,http://www.pbs.gov.pk/sites/default/files/price_statistics/weekly_spi_nb/spi_report_191219.pdf,https://web.archive.org/web/20200921164352id_/http://www.pbs.gov.pk/sites/default/files/price_statistics/weekly_spi_nb/spi_report_191219.pdf,data/raw/spi_weekly/wayback/summary/2019-12-19_summary_weekly_spi_nb.pdf,ok,98474,bd0fb3718cea453a686cf1b90e0d7c6cfa1df8a4a645902ace714e4307606742,2015-16,2026-10-03T15:37:41,
2019-12-26,summary,wayback,weekly_spi_nb,http://www.pbs.gov.pk/sites/default/files/price_statistics/weekly_spi_nb/spi_report_261219.pdf,https://web.archive.org/web/20200921162845id_/http://www.pbs.gov.pk/sites/default/files/price_statistics/weekly_spi_nb/spi_report_261219.pdf,data/raw/spi_weekly/wayback/summary/2019-12-26_summary_weekly_spi_nb.pdf,ok,98244,9f43b71d227df4834c747cc447b679ee1f3858cc73b5e17120e07d432ac89829,2015-16,2026-10-03T15:37:44,
2020-01-02,summary,wayback,weekly_spi_nb,http://www.pbs.gov.pk/sites/default/files/price_statistics/weekly_spi_nb/spi_report_020120.pdf,https://web.archive.org/web/20200921154008id_/http://www.pbs.gov.pk/sites/default/files/price_statistics/weekly_spi_nb/spi_report_020120.pdf,data/raw/spi_weekly/wayback/summary/2020-01-02_summary_weekly_spi_nb.pdf,ok,99954,b265136c60b54d600415dbcb82693181245d9cda7b96e3ade2c2ea155469be9d,2015-16,2026-10-03T15:37:47,
2020-01-09,summary,wayback,weekly_spi_nb,http://www.pbs.gov.pk/sites/default/files/price_statistics/weekly_spi_nb/spi_report_09012020.pdf,https://web.archive.org/web/20200921154828id_/http://www.pbs.gov.pk/sites/default/files/price_statistics/weekly_spi_nb/spi_report_09012020.pdf,data/raw/spi_weekly/wayback/summary/2020-01-09_summary_weekly_spi_nb.pdf,ok,99749,26fd02ac4f0a859733833c8d2139d3332387cea6b5bcbf56cc604a547efa05e9,2015-16,2026-10-03T15:37:51,
2020-01-16,summary,wayback,weekly_spi_nb,http://www.pbs.gov.pk/sites/default/files/price_statistics/weekly_spi_nb/spi_report_16012020.pdf,https://web.archive.org/web/20200921153913id_/http://www.pbs.gov.pk/sites/default/files/price_statistics/weekly_spi_nb/spi_report_16012020.pdf,data/raw/spi_weekly/wayback/summary/2020-01-16_summary_weekly_spi_nb.pdf,ok,56612,201e73fa7ad697ef2134fdff3d9e2905a3c4cd1ddb6697c706cfc38b15ba9d59,2015-16,2026-10-03T15:37:55,
2020-01-23,summary,wayback,weekly_spi_nb,http://www.pbs.gov.pk/sites/default/files/price_statistics/weekly_spi_nb/spi_report_23012020.pdf,https://web.archive.org/web/20200921152911id_/http://www.pbs.gov.pk/sites/default/files/price_statistics/weekly_spi_nb/spi_report_23012020.pdf,data/raw/spi_weekly/wayback/summary/2020-01-23_summary_weekly_spi_nb.pdf,ok,99835,d58c850871e145958083d9f69a062842b5c09111d9daccc05a469267a554ca9d,2015-16,2026-10-03T15:37:58,
2020-01-30,summary,wayback,weekly_spi_nb,http://www.pbs.gov.pk/sites/default/files/price_statistics/weekly_spi_nb/spi_report_%2030012020.pdf,https://web.archive.org/web/20200921155007id_/http://www.pbs.gov.pk/sites/default/files/price_statistics/weekly_spi_nb/spi_report_%2030012020.pdf,data/raw/spi_weekly/wayback/summary/2020-01-30_summary_weekly_spi_nb.pdf,ok,99608,e40c06df002c3375907db7739fbbdf7e1ca39b9b400b51fc17eef110423eb4ef,2015-16,2026-10-03T15:38:04,
2020-02-06,summary,wayback,weekly_spi_nb,http://www.pbs.gov.pk/sites/default/files/price_statistics/weekly_spi_nb/spi_report_06022020.pdf,https://web.archive.org/web/20200921170912id_/http://www.pbs.gov.pk/sites/default/files/price_statistics/weekly_spi_nb/spi_report_06022020.pdf,data/raw/spi_weekly/wayback/summary/2020-02-06_summary_weekly_spi_nb.pdf,ok,100157,da01d27cd5b1fc1496c4db182ea6002cd7efd10160ae23f8359b9bb2bd1f69b5,2015-16,2026-10-03T15:38:10,
2020-02-13,summary,wayback,weekly_spi_nb,http://www.pbs.gov.pk/sites/default/files//price_statistics/weekly_spi_nb/spi_report_13022020.pdf,https://web.archive.org/web/20200510194650id_/http://www.pbs.gov.pk/sites/default/files//price_statistics/weekly_spi_nb/spi_report_13022020.pdf,data/raw/spi_weekly/wayback/summary/2020-02-13_summary_weekly_spi_nb.pdf,ok,100341,467ea51ad519afbba7ae8bfb374225061f5af4d08e427064043ee1cd35696eb1,2015-16,2026-10-03T15:38:15,
2020-02-20,summary,wayback,weekly_spi_nb,http://www.pbs.gov.pk/sites/default/files//price_statistics/weekly_spi_nb/SPI_Report_20022020.pdf,https://web.archive.org/web/20200510203024id_/http://www.pbs.gov.pk/sites/default/files//price_statistics/weekly_spi_nb/SPI_Report_20022020.pdf,data/raw/spi_weekly/wayback/summary/2020-02-20_summary_weekly_spi_nb.pdf,ok,100238,9263e6d271ea2093d8dc79a676fab3f5e69ce02424899f46d9aaad1bce4471ae,2015-16,2026-10-03T15:38:19,
2020-02-27,summary,wayback,weekly_spi_nb,http://www.pbs.gov.pk:80/sites/default/files/price_statistics/weekly_spi_nb/Spi_report_27022020.pdf,https://web.archive.org/web/20200331135947id_/http://www.pbs.gov.pk:80/sites/default/files/price_statistics/weekly_spi_nb/Spi_report_27022020.pdf,data/raw/spi_weekly/wayback/summary/2020-02-27_summary_weekly_spi_nb.pdf,ok,100277,25e98a080d3c01354b0c46fd2cca45da9180f1961121e536c730169075071c83,2015-16,2026-10-03T15:38:23,
2020-03-05,summary,wayback,weekly_spi_nb,http://www.pbs.gov.pk/sites/default/files//price_statistics/weekly_spi_nb/SPI_Report_05032020_.pdf,https://web.archive.org/web/20200511000517id_/http://www.pbs.gov.pk/sites/default/files//price_statistics/weekly_spi_nb/SPI_Report_05032020_.pdf,data/raw/spi_weekly/wayback/summary/2020-03-05_summary_weekly_spi_nb.pdf,ok,252741,acc0c586105b5cccd43f18bb7f8b853b34070c9a12f410a9883f004fe9ae23e4,unknown,2026-10-03T15:38:28,
2020-03-12,summary,wayback,weekly_spi_nb,http://www.pbs.gov.pk/sites/default/files//price_statistics/weekly_spi_nb/SPI%20Report%2012.03.2020.pdf,https://web.archive.org/web/20200510194634id_/http://www.pbs.gov.pk/sites/default/files//price_statistics/weekly_spi_nb/SPI%20Report%2012.03.2020.pdf,data/raw/spi_weekly/wayback/summary/2020-03-12_summary_weekly_spi_nb.pdf,ok,246930,9362c3f163e29fac8bee1624f14c865f2b0afb3e9d1691ca00cb953f8c7ff090,unknown,2026-10-03T15:38:33,
2020-03-19,summary,wayback,weekly_spi_nb,http://www.pbs.gov.pk/sites/default/files//price_statistics/weekly_spi_nb/spi_report_19032020.pdf,https://web.archive.org/web/20200511021726id_/http://www.pbs.gov.pk/sites/default/files//price_statistics/weekly_spi_nb/spi_report_19032020.pdf,data/raw/spi_weekly/wayback/summary/2020-03-19_summary_weekly_spi_nb.pdf,ok,252001,165ecb320a6cf554e1aab4a3bfa856b0abd956a23877b38f4375305d267f4925,unknown,2026-10-03T15:38:38,
2020-03-26,summary,wayback,weekly_spi_nb,http://www.pbs.gov.pk:80/sites/default/files/price_statistics/weekly_spi_nb/SPI_report_26032020.pdf,https://web.archive.org/web/20200331135938id_/http://www.pbs.gov.pk:80/sites/default/files/price_statistics/weekly_spi_nb/SPI_report_26032020.pdf,data/raw/spi_weekly/wayback/summary/2020-03-26_summary_weekly_spi_nb.pdf,ok,301082,424927f901fa81afe5600930f37032e6f223903294c2fba313f629c983abaa18,unknown,2026-10-03T15:38:42,
2020-04-02,summary,wayback,weekly_spi_nb,http://www.pbs.gov.pk/sites/default/files//price_statistics/weekly_spi_nb/SPI_report_0204202.pdf,https://web.archive.org/web/20200511021043id_/http://www.pbs.gov.pk/sites/default/files//price_statistics/weekly_spi_nb/SPI_report_0204202.pdf,data/raw/spi_weekly/wayback/summary/2020-04-02_summary_weekly_spi_nb.pdf,ok,300246,5f0b28a0a815621fb9545bd6dfb257575104d51e9be785f3dffc4fb423b8bc68,unknown,2026-10-03T15:38:50,
2020-04-09,summary,wayback,weekly_spi_nb,http://www.pbs.gov.pk/sites/default/files//price_statistics/weekly_spi_nb/SPI_report_09042020.pdf,https://web.archive.org/web/20200511051039id_/http://www.pbs.gov.pk/sites/default/files//price_statistics/weekly_spi_nb/SPI_report_09042020.pdf,data/raw/spi_weekly/wayback/summary/2020-04-09_summary_weekly_spi_nb.pdf,ok,301851,edd55743cff7bd07cc4ccfdc79b354a82714b8f3ef348d43b5305092d1ef06ac,unknown,2026-10-03T15:38:54,
2020-04-16,summary,wayback,weekly_spi_nb,http://www.pbs.gov.pk/sites/default/files//price_statistics/weekly_spi_nb/SPI_report_16042020.pdf,https://web.archive.org/web/20200511025325id_/http://www.pbs.gov.pk/sites/default/files//price_statistics/weekly_spi_nb/SPI_report_16042020.pdf,data/raw/spi_weekly/wayback/summary/2020-04-16_summary_weekly_spi_nb.pdf,ok,300283,116de3ca1d9328efed7d38c5939c0906d4f147af4828640aeb696f5ed351167b,unknown,2026-10-03T15:38:59,
2020-04-23,summary,wayback,weekly_spi_nb,http://www.pbs.gov.pk/sites/default/files//price_statistics/weekly_spi_nb/SPI_report_23042020.pdf,https://web.archive.org/web/20200510194611id_/http://www.pbs.gov.pk/sites/default/files//price_statistics/weekly_spi_nb/SPI_report_23042020.pdf,data/raw/spi_weekly/wayback/summary/2020-04-23_summary_weekly_spi_nb.pdf,ok,301259,db208aa99ce872cb60b8477123405f0026a0dcfa35ce44f95268c86449e48264,unknown,2026-10-03T15:39:04,
2020-04-30,summary,wayback,weekly_spi_nb,http://www.pbs.gov.pk/sites/default/files//price_statistics/weekly_spi_nb/SPI_report_30042020.pdf,https://web.archive.org/web/20200511005200id_/http://www.pbs.gov.pk/sites/default/files//price_statistics/weekly_spi_nb/SPI_report_30042020.pdf,data/raw/spi_weekly/wayback/summary/2020-04-30_summary_weekly_spi_nb.pdf,ok,295323,d942a02cd1712b54b9e2ccbc63e7392a3f013a35d2c621e3705e693223eba28b,unknown,2026-10-03T15:39:09,
2020-05-07,summary,wayback,weekly_spi_nb,http://www.pbs.gov.pk/sites/default/files//price_statistics/weekly_spi_nb/SPI_report_07052020.pdf,https://web.archive.org/web/20201116072059id_/http://www.pbs.gov.pk/sites/default/files//price_statistics/weekly_spi_nb/SPI_report_07052020.pdf,data/raw/spi_weekly/wayback/summary/2020-05-07_summary_weekly_spi_nb.pdf,ok,296834,1b81c1f982cbc284959958faebfb77bdc2996cb93925be30e44acc8cad90e57b,unknown,2026-10-03T15:39:15,
2020-05-14,summary,wayback,weekly_spi_nb,http://www.pbs.gov.pk/sites/default/files//price_statistics/weekly_spi_nb/SPI_Report_14052020.pdf,https://web.archive.org/web/20201116072007id_/http://www.pbs.gov.pk/sites/default/files//price_statistics/weekly_spi_nb/SPI_Report_14052020.pdf,data/raw/spi_weekly/wayback/summary/2020-05-14_summary_weekly_spi_nb.pdf,ok,256135,c9a9b10d92d9ffcf44e3a26eef66042a6f1990aefb13712ec8ebd951a3e8262c,unknown,2026-10-03T15:39:20,
2020-05-21,summary,wayback,weekly_spi_nb,http://www.pbs.gov.pk/sites/default/files//price_statistics/weekly_spi_nb/SPI_Report%2021052020.pdf,https://web.archive.org/web/20201116071933id_/http://www.pbs.gov.pk/sites/default/files//price_statistics/weekly_spi_nb/SPI_Report%2021052020.pdf,data/raw/spi_weekly/wayback/summary/2020-05-21_summary_weekly_spi_nb.pdf,ok,246860,caedb06f96a22190eeac41298a996271ea1a8ae02815db450dbac6161238fc51,unknown,2026-10-03T15:39:26,
2020-05-28,summary,wayback,weekly_spi_nb,http://www.pbs.gov.pk/sites/default/files//price_statistics/weekly_spi_nb/SPI%20Report%2028-05-2020.pdf,https://web.archive.org/web/20201116071900id_/http://www.pbs.gov.pk/sites/default/files//price_statistics/weekly_spi_nb/SPI%20Report%2028-05-2020.pdf,data/raw/spi_weekly/wayback/summary/2020-05-28_summary_weekly_spi_nb.pdf,ok,251203,28679a42402e7ad44a661f846a01985ff216949ae6d51ed82e2354407e70ab09,unknown,2026-10-03T15:39:32,
2020-06-04,summary,wayback,weekly_spi_nb,http://www.pbs.gov.pk/sites/default/files//price_statistics/weekly_spi_nb/spi_report_%2004062020.pdf,https://web.archive.org/web/20201116071757id_/http://www.pbs.gov.pk/sites/default/files//price_statistics/weekly_spi_nb/spi_report_%2004062020.pdf,data/raw/spi_weekly/wayback/summary/2020-06-04_summary_weekly_spi_nb.pdf,ok,252919,b13b33e4b292c581b174957af50ef83040863bc2188c555a3ae4ce0d777b3d48,unknown,2026-10-03T15:39:40,
2020-06-11,summary,wayback,weekly_spi_nb,http://www.pbs.gov.pk/sites/default/files//price_statistics/weekly_spi_nb/SPI_Report_11-06-2020.pdf,https://web.archive.org/web/20201116071717id_/http://www.pbs.gov.pk/sites/default/files//price_statistics/weekly_spi_nb/SPI_Report_11-06-2020.pdf,data/raw/spi_weekly/wayback/summary/2020-06-11_summary_weekly_spi_nb.pdf,ok,247735,a43817f507a1edd155d1644185fb12baad38349c7c49d0188d1bdc18d01ba09b,unknown,2026-10-03T15:39:46,
2020-06-18,summary,wayback,weekly_spi_nb,http://www.pbs.gov.pk/sites/default/files//price_statistics/weekly_spi_nb/SPI_report_1806202.pdf,https://web.archive.org/web/20201116071612id_/http://www.pbs.gov.pk/sites/default/files//price_statistics/weekly_spi_nb/SPI_report_1806202.pdf,data/raw/spi_weekly/wayback/summary/2020-06-18_summary_weekly_spi_nb.pdf,ok,294619,b3958424feb84f5af3d52ad107d898c8c0f5ace01cbf1f3ed420ddf3332817ff,unknown,2026-10-03T15:39:52,
2020-06-25,summary,wayback,weekly_spi_nb,http://www.pbs.gov.pk/sites/default/files/price_statistics/weekly_spi_nb/SPI_report_25062020.pdf,https://web.archive.org/web/20200927072725id_/http://www.pbs.gov.pk/sites/default/files/price_statistics/weekly_spi_nb/SPI_report_25062020.pdf,data/raw/spi_weekly/wayback/summary/2020-06-25_summary_weekly_spi_nb.pdf,ok,291138,c80a26a60503f7f0a562432e95d07f3592ae183af99df33b77d007819c665903,unknown,2026-10-03T15:39:56,
2020-07-02,summary,wayback,weekly_spi_nb,http://www.pbs.gov.pk/sites/default/files/price_statistics/weekly_spi_nb/SPI_report_02072020.pdf,https://web.archive.org/web/20200927074719id_/http://www.pbs.gov.pk/sites/default/files/price_statistics/weekly_spi_nb/SPI_report_02072020.pdf,data/raw/spi_weekly/wayback/summary/2020-07-02_summary_weekly_spi_nb.pdf,ok,292020,fb05eeed92f3c548f08a550a73545548d0f170525ec6672a2c9aaf52ad22b270,unknown,2026-10-03T15:40:01,
2020-07-09,summary,wayback,weekly_spi_nb,http://www.pbs.gov.pk/sites/default/files/price_statistics/weekly_spi_nb/SPI_report_09072020.pdf,https://web.archive.org/web/20200927073229id_/http://www.pbs.gov.pk/sites/default/files/price_statistics/weekly_spi_nb/SPI_report_09072020.pdf,data/raw/spi_weekly/wayback/summary/2020-07-09_summary_weekly_spi_nb.pdf,ok,297421,908870d6626c797b9e6b1776f73d2d53488478d74e7898efab4db0649c8b6273,unknown,2026-10-03T15:40:06,
2020-07-16,summary,wayback,weekly_spi_nb,http://www.pbs.gov.pk/sites/default/files/price_statistics/weekly_spi_nb/spi_report_16072020.pdf,https://web.archive.org/web/20200927072143id_/http://www.pbs.gov.pk/sites/default/files/price_statistics/weekly_spi_nb/spi_report_16072020.pdf,data/raw/spi_weekly/wayback/summary/2020-07-16_summary_weekly_spi_nb.pdf,ok,249990,9a945cbb4c22939feb5376cff8eb43aff2135aeefa94bfb5e9d881c9c0508e2e,unknown,2026-10-03T15:40:10,
2020-07-23,summary,wayback,weekly_spi_nb,http://www.pbs.gov.pk/sites/default/files/price_statistics/weekly_spi_nb/spi_report_23072020.pdf,https://web.archive.org/web/20200927070928id_/http://www.pbs.gov.pk/sites/default/files/price_statistics/weekly_spi_nb/spi_report_23072020.pdf,data/raw/spi_weekly/wayback/summary/2020-07-23_summary_weekly_spi_nb.pdf,ok,290302,9be81aac516282d915266e89a528657a1ac3903aef01290dd14b034ffd2aaaad,unknown,2026-10-03T15:40:14,
2020-07-29,summary,wayback,weekly_spi_nb,http://www.pbs.gov.pk/sites/default/files/price_statistics/weekly_spi_nb/SPI_Report_29072020.pdf,https://web.archive.org/web/20200927055514id_/http://www.pbs.gov.pk/sites/default/files/price_statistics/weekly_spi_nb/SPI_Report_29072020.pdf,data/raw/spi_weekly/wayback/summary/2020-07-29_summary_weekly_spi_nb.pdf,ok,292894,158cc7fd584bcc45e83d8d6b10eadd4f2450cdce06468ad58a84c2bb48bc9dcc,unknown,2026-10-03T15:40:18,
2020-08-06,summary,wayback,weekly_spi_nb,http://www.pbs.gov.pk/sites/default/files/price_statistics/weekly_spi_nb/spi_report_06082020_0.pdf,https://web.archive.org/web/20200927070851id_/http://www.pbs.gov.pk/sites/default/files/price_statistics/weekly_spi_nb/spi_report_06082020_0.pdf,data/raw/spi_weekly/wayback/summary/2020-08-06_summary_weekly_spi_nb.pdf,ok,256984,9a687946f633d749ccee8f853f45cc9bc785a2a0b8321389df5d0100bee97e7e,unknown,2026-10-03T15:40:22,
2020-08-13,summary,wayback,weekly_spi_nb,http://www.pbs.gov.pk/sites/default/files/price_statistics/weekly_spi_nb/spi_report_13082020_0.pdf,https://web.archive.org/web/20200927070113id_/http://www.pbs.gov.pk/sites/default/files/price_statistics/weekly_spi_nb/spi_report_13082020_0.pdf,data/raw/spi_weekly/wayback/summary/2020-08-13_summary_weekly_spi_nb.pdf,ok,255540,bf3a78d1429c6f58e7429ecd3c7b1f40cc68ed1f64ef31ef860c40528e1b8c76,unknown,2026-10-03T15:40:27,
2020-08-20,summary,wayback,weekly_spi_nb,http://www.pbs.gov.pk/sites/default/files/price_statistics/weekly_spi_nb/spi_report_20082020.pdf,https://web.archive.org/web/20200927060534id_/http://www.pbs.gov.pk/sites/default/files/price_statistics/weekly_spi_nb/spi_report_20082020.pdf,data/raw/spi_weekly/wayback/summary/2020-08-20_summary_weekly_spi_nb.pdf,ok,255933,d89ee8ac08b78fb88a133a8a24b619a51a53e014279bd00410bcbe5bd32c7b4a,unknown,2026-10-03T15:40:31,
2020-08-27,summary,wayback,weekly_spi_nb,http://www.pbs.gov.pk/sites/default/files/price_statistics/weekly_spi_nb/spi_report_27082020.pdf,https://web.archive.org/web/20200927055210id_/http://www.pbs.gov.pk/sites/default/files/price_statistics/weekly_spi_nb/spi_report_27082020.pdf,data/raw/spi_weekly/wayback/summary/2020-08-27_summary_weekly_spi_nb.pdf,ok,255435,a9c3d3c7f1e2024508e0f5a5f55542ae87f0709dd89624297f04e09d0c516c92,unknown,2026-10-03T15:40:36,
2020-09-03,summary,wayback,weekly_spi_nb,http://www.pbs.gov.pk/sites/default/files/price_statistics/weekly_spi_nb/SPI_report_03092020.pdf,https://web.archive.org/web/20200927075323id_/http://www.pbs.gov.pk/sites/default/files/price_statistics/weekly_spi_nb/SPI_report_03092020.pdf,data/raw/spi_weekly/wayback/summary/2020-09-03_summary_weekly_spi_nb.pdf,ok,266928,e7feae91350109fa248dc627615372394cc6924ef703943807910c1439668e0d,unknown,2026-10-03T15:40:41,
2020-09-10,summary,wayback,weekly_spi_nb,http://www.pbs.gov.pk/sites/default/files/price_statistics/weekly_spi_nb/SPI_report_10092020.pdf,https://web.archive.org/web/20200927073833id_/http://www.pbs.gov.pk/sites/default/files/price_statistics/weekly_spi_nb/SPI_report_10092020.pdf,data/raw/spi_weekly/wayback/summary/2020-09-10_summary_weekly_spi_nb.pdf,ok,476457,168524206fd592296230dbed9a5a8c67327b6217a1eeb1d4f5737b25c4d00cc6,unknown,2026-10-03T15:40:48,
2020-09-17,summary,wayback,weekly_spi_nb,http://www.pbs.gov.pk/sites/default/files//price_statistics/weekly_spi_nb/SPI_report_170920200.pdf,https://web.archive.org/web/20201114035101id_/http://www.pbs.gov.pk/sites/default/files//price_statistics/weekly_spi_nb/SPI_report_170920200.pdf,data/raw/spi_weekly/wayback/summary/2020-09-17_summary_weekly_spi_nb.pdf,ok,302848,5fac43128c25ba062cf7acf7327517ed572f36d013588d66b7028264d59a1b1b,unknown,2026-10-03T15:40:54,
2020-09-24,summary,wayback,weekly_spi_nb,http://www.pbs.gov.pk/sites/default/files//price_statistics/weekly_spi_nb/SPI_report_24092020.pdf,https://web.archive.org/web/20201103083621id_/http://www.pbs.gov.pk/sites/default/files//price_statistics/weekly_spi_nb/SPI_report_24092020.pdf,data/raw/spi_weekly/wayback/summary/2020-09-24_summary_weekly_spi_nb.pdf,ok,304117,60ad1fbc9ab11f4b83691972b1286dea613118385225e35d913346a47160f8ca,unknown,2026-10-03T15:41:01,
2020-10-01,summary,wayback,weekly_spi_nb,http://www.pbs.gov.pk/sites/default/files//price_statistics/weekly_spi_nb/SPI_report_01102020.pdf,https://web.archive.org/web/20201101214119id_/http://www.pbs.gov.pk/sites/default/files//price_statistics/weekly_spi_nb/SPI_report_01102020.pdf,data/raw/spi_weekly/wayback/summary/2020-10-01_summary_weekly_spi_nb.pdf,ok,300246,71e0a160be26221e68cd82ebf172f5c1ff094db0d205bc50df46adcdf48e059c,unknown,2026-10-03T15:41:06,
2020-10-08,summary,wayback,weekly_spi_nb,http://www.pbs.gov.pk/sites/default/files//price_statistics/weekly_spi_nb/spi_report_08102020.pdf,https://web.archive.org/web/20201101024720id_/http://www.pbs.gov.pk/sites/default/files//price_statistics/weekly_spi_nb/spi_report_08102020.pdf,data/raw/spi_weekly/wayback/summary/2020-10-08_summary_weekly_spi_nb.pdf,ok,296571,bed826fcd2c93b224ef9b2490bbdffbd3db940f4c909d6e032347be9b39eca8d,unknown,2026-10-03T15:41:12,
2020-10-15,summary,wayback,weekly_spi_nb,http://www.pbs.gov.pk/sites/default/files//price_statistics/weekly_spi_nb/SPI_report_15102020.pdf,https://web.archive.org/web/20201114034708id_/http://www.pbs.gov.pk/sites/default/files//price_statistics/weekly_spi_nb/SPI_report_15102020.pdf,data/raw/spi_weekly/wayback/summary/2020-10-15_summary_weekly_spi_nb.pdf,ok,297332,6a4cc6fa1fcefb411dd10d28e827a14c1f7d6ba14df6de13f5f3c9357091dfb7,unknown,2026-10-03T15:41:17,
2020-10-22,summary,wayback,weekly_spi_nb,http://www.pbs.gov.pk/sites/default/files//price_statistics/weekly_spi_nb/spi_report_22102020.pdf,https://web.archive.org/web/20201031095639id_/http://www.pbs.gov.pk/sites/default/files//price_statistics/weekly_spi_nb/spi_report_22102020.pdf,data/raw/spi_weekly/wayback/summary/2020-10-22_summary_weekly_spi_nb.pdf,ok,320792,fd0162617a9eef43b6a9aebf478330b8617f95ed6e05afcf9f0543ac08a681cd,unknown,2026-10-03T15:41:24,
2020-10-29,summary,wayback,weekly_spi_nb,http://www.pbs.gov.pk/sites/default/files//price_statistics/weekly_spi_nb/SPI_report_29102020.pdf,https://web.archive.org/web/20201114034542id_/http://www.pbs.gov.pk/sites/default/files//price_statistics/weekly_spi_nb/SPI_report_29102020.pdf,data/raw/spi_weekly/wayback/summary/2020-10-29_summary_weekly_spi_nb.pdf,ok,299449,79bf43364ec0e5de39e184582c98d36155b40806a1dd344432b06962a60e39e3,unknown,2026-10-03T15:41:29,
2020-11-05,summary,wayback,weekly_spi_nb,http://www.pbs.gov.pk/sites/default/files//price_statistics/weekly_spi_nb/SPI_report_05112020.pdf,https://web.archive.org/web/20201106142839id_/http://www.pbs.gov.pk/sites/default/files//price_statistics/weekly_spi_nb/SPI_report_05112020.pdf,data/raw/spi_weekly/wayback/summary/2020-11-05_summary_weekly_spi_nb.pdf,ok,305960,8de9d98824809633291ddcbe5efacf0962a61853a3b7594427ff6f6eacd1aa90,unknown,2026-10-03T15:41:34,
2020-11-12,summary,wayback,weekly_spi_nb,http://www.pbs.gov.pk/sites/default/files//price_statistics/weekly_spi_nb/SPI_report_12112020.pdf,https://web.archive.org/web/20201113221953id_/http://www.pbs.gov.pk/sites/default/files//price_statistics/weekly_spi_nb/SPI_report_12112020.pdf,data/raw/spi_weekly/wayback/summary/2020-11-12_summary_weekly_spi_nb.pdf,ok,301043,b12492bcdf4c15f982de84b6b429a58415d6e97eb7b1e4230043ba62fcd1b9fb,unknown,2026-10-03T15:41:39,
2020-11-19,summary,wayback,weekly_spi_nb,https://www.pbs.gov.pk/sites/default/files//price_statistics/weekly_spi_nb/spi_report_19112020.pdf,https://web.archive.org/web/20210505172641id_/https://www.pbs.gov.pk/sites/default/files//price_statistics/weekly_spi_nb/spi_report_19112020.pdf,data/raw/spi_weekly/wayback/summary/2020-11-19_summary_weekly_spi_nb.pdf,ok,304461,8f1f0a073da993589a8ea48829faa769a0c2d824b46526ca3e2036c9c13231d3,unknown,2026-10-03T15:41:44,
2020-11-26,summary,wayback,weekly_spi_nb,http://www.pbs.gov.pk/sites/default/files//price_statistics/weekly_spi_nb/spi_report_26.11.2020.pdf,https://web.archive.org/web/20201204084514id_/http://www.pbs.gov.pk/sites/default/files//price_statistics/weekly_spi_nb/spi_report_26.11.2020.pdf,data/raw/spi_weekly/wayback/summary/2020-11-26_summary_weekly_spi_nb.pdf,ok,303764,d246987fe1346bfa84986aa2af34fa7d4bbe968f6bb8d38edb3cbfeda4e1bf3a,unknown,2026-10-03T15:41:48,
2020-12-03,summary,wayback,weekly_spi_nb,https://www.pbs.gov.pk/sites/default/files//price_statistics/weekly_spi_nb/spi_report_executive%20_03122020.pdf,https://web.archive.org/web/20210505172540id_/https://www.pbs.gov.pk/sites/default/files//price_statistics/weekly_spi_nb/spi_report_executive%20_03122020.pdf,data/raw/spi_weekly/wayback/summary/2020-12-03_summary_weekly_spi_nb.pdf,ok,309963,23bf96404b574aea7cdbbb4714534b73a1fd511512f105a890920a409719629e,unknown,2026-10-03T15:41:54,
2020-12-10,summary,wayback,weekly_spi_nb,http://www.pbs.gov.pk/sites/default/files//price_statistics/weekly_spi_nb/spi_report_10122020.pdf,https://web.archive.org/web/20201212132500id_/http://www.pbs.gov.pk/sites/default/files//price_statistics/weekly_spi_nb/spi_report_10122020.pdf,data/raw/spi_weekly/wayback/summary/2020-12-10_summary_weekly_spi_nb.pdf,ok,304583,203e72ae80a0bcf0ef320ce4987b9e28c991bab63fcf32cf7270f9f368bad71d,unknown,2026-10-03T15:41:59,
2020-12-17,summary,wayback,weekly_spi_nb,https://www.pbs.gov.pk/sites/default/files//price_statistics/weekly_spi_nb/spi_report_17122020.pdf,https://web.archive.org/web/20210502152819id_/https://www.pbs.gov.pk/sites/default/files//price_statistics/weekly_spi_nb/spi_report_17122020.pdf,data/raw/spi_weekly/wayback/summary/2020-12-17_summary_weekly_spi_nb.pdf,ok,301437,8c09e5b803fe7559c113c0c562317d38d6f8788be6a410911f87325f0663c5f2,unknown,2026-10-03T15:42:05,
2020-12-24,summary,wayback,weekly_spi_nb,https://www.pbs.gov.pk/sites/default/files//price_statistics/weekly_spi_nb/SPI_report_24122020.pdf,https://web.archive.org/web/20210502152749id_/https://www.pbs.gov.pk/sites/default/files//price_statistics/weekly_spi_nb/SPI_report_24122020.pdf,data/raw/spi_weekly/wayback/summary/2020-12-24_summary_weekly_spi_nb.pdf,ok,300093,8a1685ee91dfc42bcbf802ad8096c64581420275d466b57f21f1446acd96c52a,unknown,2026-10-03T15:42:14,
2020-12-31,summary,wayback,weekly_spi_nb,https://www.pbs.gov.pk/sites/default/files//price_statistics/weekly_spi_nb/spi_report_31122020.pdf,https://web.archive.org/web/20210502152715id_/https://www.pbs.gov.pk/sites/default/files//price_statistics/weekly_spi_nb/spi_report_31122020.pdf,data/raw/spi_weekly/wayback/summary/2020-12-31_summary_weekly_spi_nb.pdf,ok,300067,0d8d9e7aa006d1a38f4982f6ebd36daaebc0e528def91524cf788236bc4e54f1,unknown,2026-10-03T15:42:20,
2021-01-07,summary,wayback,weekly_spi_nb,https://www.pbs.gov.pk/sites/default/files//price_statistics/weekly_spi_nb/spi_report_07012021.pdf,https://web.archive.org/web/20210502152642id_/https://www.pbs.gov.pk/sites/default/files//price_statistics/weekly_spi_nb/spi_report_07012021.pdf,data/raw/spi_weekly/wayback/summary/2021-01-07_summary_weekly_spi_nb.pdf,ok,302421,d8e56e47c8691dc4a3ae32352efb90f5d0d045a83af56d30cbe14cf53ecc5b3c,unknown,2026-10-03T15:42:26,
2021-01-14,summary,wayback,weekly_spi_nb,https://www.pbs.gov.pk/sites/default/files//price_statistics/weekly_spi_nb/SPI_report_14012021.pdf,https://web.archive.org/web/20210502152608id_/https://www.pbs.gov.pk/sites/default/files//price_statistics/weekly_spi_nb/SPI_report_14012021.pdf,data/raw/spi_weekly/wayback/summary/2021-01-14_summary_weekly_spi_nb.pdf,ok,306941,129383638b702af13ddeb7f641a9d2b4c90976f4ff6a7ba3e5f913dfdd3a48a5,unknown,2026-10-03T15:42:32,
2021-01-21,summary,wayback,weekly_spi_nb,https://www.pbs.gov.pk/sites/default/files//price_statistics/weekly_spi_nb/SPI_Report_21012021.pdf,https://web.archive.org/web/20210502152535id_/https://www.pbs.gov.pk/sites/default/files//price_statistics/weekly_spi_nb/SPI_Report_21012021.pdf,data/raw/spi_weekly/wayback/summary/2021-01-21_summary_weekly_spi_nb.pdf,ok,306245,72bc5e38e3e166bf6cb3ac63421fd287263278267ca1a47063d3085eb153ac03,unknown,2026-10-03T15:42:38,
2021-01-28,summary,wayback,weekly_spi_nb,https://www.pbs.gov.pk/sites/default/files//price_statistics/weekly_spi_nb/SPI_report_28012021.pdf,https://web.archive.org/web/20210422192924id_/https://www.pbs.gov.pk/sites/default/files//price_statistics/weekly_spi_nb/SPI_report_28012021.pdf,data/raw/spi_weekly/wayback/summary/2021-01-28_summary_weekly_spi_nb.pdf,ok,428894,4f40d6e02e7db07589598d1c7a19c0cc734fa267171568cbd5f746e492a94d81,unknown,2026-10-03T15:42:46,
2021-02-04,summary,wayback,weekly_spi_nb,https://www.pbs.gov.pk/sites/default/files//price_statistics/weekly_spi_nb/SPI_report_04022021.pdf,https://web.archive.org/web/20210422192856id_/https://www.pbs.gov.pk/sites/default/files//price_statistics/weekly_spi_nb/SPI_report_04022021.pdf,data/raw/spi_weekly/wayback/summary/2021-02-04_summary_weekly_spi_nb.pdf,ok,430713,aa0165ca4a4bc9040b89484bae925cc6e3829e662cb23dd2ab3632615f6fa26a,unknown,2026-10-03T15:42:53,
2021-02-11,summary,wayback,weekly_spi_nb,https://www.pbs.gov.pk/sites/default/files//price_statistics/weekly_spi_nb/spi_report_11022021.pdf,https://web.archive.org/web/20210212165542id_/https://www.pbs.gov.pk/sites/default/files//price_statistics/weekly_spi_nb/spi_report_11022021.pdf,data/raw/spi_weekly/wayback/summary/2021-02-11_summary_weekly_spi_nb.pdf,ok,305189,5a8c4fd05b6056b0c049fbb18fa403fffb1f76197898bad6f2113f9e86f936a0,unknown,2026-10-03T15:42:59,
2021-02-18,summary,wayback,weekly_spi_nb,https://www.pbs.gov.pk/sites/default/files//price_statistics/weekly_spi_nb/spi_report_18022021.pdf,https://web.archive.org/web/20210422123558id_/https://www.pbs.gov.pk/sites/default/files//price_statistics/weekly_spi_nb/spi_report_18022021.pdf,data/raw/spi_weekly/wayback/summary/2021-02-18_summary_weekly_spi_nb.pdf,ok,306351,de7c12a970ddfe1c2ca0e48cf3feb8e86239aae45c1c43bcba3719c17ed4014d,unknown,2026-10-03T15:43:09,
2021-02-25,summary,wayback,weekly_spi_nb,https://www.pbs.gov.pk/sites/default/files//price_statistics/weekly_spi_nb/spi_report_25022021.pdf,https://web.archive.org/web/20210422123527id_/https://www.pbs.gov.pk/sites/default/files//price_statistics/weekly_spi_nb/spi_report_25022021.pdf,data/raw/spi_weekly/wayback/summary/2021-02-25_summary_weekly_spi_nb.pdf,ok,295209,19d27ba6816625454a0426c1c51e89e517f6f3e8d8c4bb83415964f8aeeb0f6b,unknown,2026-10-03T15:43:16,
2021-03-04,summary,wayback,weekly_spi_nb,https://www.pbs.gov.pk/sites/default/files//price_statistics/weekly_spi_nb/spi_report_04032021.pdf,https://web.archive.org/web/20210422123441id_/https://www.pbs.gov.pk/sites/default/files//price_statistics/weekly_spi_nb/spi_report_04032021.pdf,data/raw/spi_weekly/wayback/summary/2021-03-04_summary_weekly_spi_nb.pdf,ok,291904,94f2eb19967cf8a734cdbb77a53feafa27be770c4db2be5f103a7b714549faaf,unknown,2026-10-03T15:43:26,
2021-03-11,summary,wayback,weekly_spi_nb,https://www.pbs.gov.pk/sites/default/files//price_statistics/weekly_spi_nb/SPI_Executive_Sumary_and_Report_11032021.pdf,https://web.archive.org/web/20210422123410id_/https://www.pbs.gov.pk/sites/default/files//price_statistics/weekly_spi_nb/SPI_Executive_Sumary_and_Report_11032021.pdf,data/raw/spi_weekly/wayback/summary/2021-03-11_summary_weekly_spi_nb.pdf,ok,299593,a936c47d643fb6432c7a443a9f99dc30ef92830e576b37ebc7b5f0aad7aa71fe,unknown,2026-10-03T15:43:32,
2021-03-18,summary,wayback,weekly_spi_nb,https://www.pbs.gov.pk/sites/default/files//price_statistics/weekly_spi_nb/spi_executive_summary_report_18_03_2021.pdf,https://web.archive.org/web/20210422123339id_/https://www.pbs.gov.pk/sites/default/files//price_statistics/weekly_spi_nb/spi_executive_summary_report_18_03_2021.pdf,data/raw/spi_weekly/wayback/summary/2021-03-18_summary_weekly_spi_nb.pdf,ok,300797,15d411aa89df54aacba452235c3195b121b6efa47da1392662465d7e191ad066,unknown,2026-10-03T15:43:38,
2021-03-25,summary,wayback,weekly_spi_nb,https://www.pbs.gov.pk/sites/default/files//price_statistics/weekly_spi_nb/SPI_Report_25032021.pdf,https://web.archive.org/web/20210422123306id_/https://www.pbs.gov.pk/sites/default/files//price_statistics/weekly_spi_nb/SPI_Report_25032021.pdf,data/raw/spi_weekly/wayback/summary/2021-03-25_summary_weekly_spi_nb.pdf,ok,297134,d604f77daab6f6e1a78084e6033c9497453aab2673bef657c3841b0d7adbbe73,unknown,2026-10-03T15:43:45,
2021-04-01,summary,wayback,weekly_spi_nb,https://www.pbs.gov.pk/sites/default/files//price_statistics/weekly_spi_nb/spi_executive_report_01042021.pdf,https://web.archive.org/web/20210422123232id_/https://www.pbs.gov.pk/sites/default/files//price_statistics/weekly_spi_nb/spi_executive_report_01042021.pdf,data/raw/spi_weekly/wayback/summary/2021-04-01_summary_weekly_spi_nb.pdf,ok,303533,f133960e81ca3399dc6587d7f1f060080eb5ab2376cb2bde164cd2e6979a87a4,unknown,2026-10-03T15:43:52,
2021-04-08,summary,wayback,weekly_spi_nb,https://www.pbs.gov.pk/sites/default/files//price_statistics/weekly_spi_nb/spi_report_executive_sumary_08042021.pdf,https://web.archive.org/web/20210422123201id_/https://www.pbs.gov.pk/sites/default/files//price_statistics/weekly_spi_nb/spi_report_executive_sumary_08042021.pdf,data/raw/spi_weekly/wayback/summary/2021-04-08_summary_weekly_spi_nb.pdf,ok,300201,aa6d1f7e592fac955a25b56dd2cb61f2fcb52ae6793fe4c067cac72634fe4bda,unknown,2026-10-03T15:43:58,
2021-04-15,summary,wayback,weekly_spi_nb,https://www.pbs.gov.pk/sites/default/files//price_statistics/weekly_spi_nb/spi_executive_report_15042021.pdf,https://web.archive.org/web/20210421140557id_/https://www.pbs.gov.pk/sites/default/files//price_statistics/weekly_spi_nb/spi_executive_report_15042021.pdf,data/raw/spi_weekly/wayback/summary/2021-04-15_summary_weekly_spi_nb.pdf,ok,304272,752c5e4650731eac386acf37287338ddea120898a0f999b201bffd0dbb5eeb97,unknown,2026-10-03T15:44:04,
2021-04-22,summary,wayback,weekly_spi_nb,https://www.pbs.gov.pk/sites/default/files//price_statistics/weekly_spi_nb/spi_executive_report_22042021.pdf,https://web.archive.org/web/20210930131223id_/https://www.pbs.gov.pk/sites/default/files//price_statistics/weekly_spi_nb/spi_executive_report_22042021.pdf,data/raw/spi_weekly/wayback/summary/2021-04-22_summary_weekly_spi_nb.pdf,ok,298953,ce80eeb6b5ecd4b476e6dcfa6ce636a02354953fe3da6f6413c8be0d0ee56626,unknown,2026-10-03T15:44:09,
2021-04-29,summary,wayback,weekly_spi_nb,https://www.pbs.gov.pk/sites/default/files//price_statistics/weekly_spi_nb/spi_report_executive_summary_29042021.pdf,https://web.archive.org/web/20210930131147id_/https://www.pbs.gov.pk/sites/default/files//price_statistics/weekly_spi_nb/spi_report_executive_summary_29042021.pdf,data/raw/spi_weekly/wayback/summary/2021-04-29_summary_weekly_spi_nb.pdf,ok,298131,1b2de205a9a79b2500c0144385952063693f20ceacb93d187c944ff2d8384b96,unknown,2026-10-03T15:44:15,
2021-05-06,summary,wayback,weekly_spi_nb,https://www.pbs.gov.pk/sites/default/files//price_statistics/weekly_spi_nb/spi_report_06052021.pdf,https://web.archive.org/web/20210930131115id_/https://www.pbs.gov.pk/sites/default/files//price_statistics/weekly_spi_nb/spi_report_06052021.pdf,data/raw/spi_weekly/wayback/summary/2021-05-06_summary_weekly_spi_nb.pdf,ok,295970,3ee23031f61313febdcf1d2487a1d6dcee9dd8120da5b0495e7ae752c8227e02,unknown,2026-10-03T15:44:19,
2021-05-20,summary,wayback,weekly_spi_nb,https://www.pbs.gov.pk/sites/default/files//price_statistics/weekly_spi_nb/spi_report_20052021.pdf,https://web.archive.org/web/20210930131043id_/https://www.pbs.gov.pk/sites/default/files//price_statistics/weekly_spi_nb/spi_report_20052021.pdf,data/raw/spi_weekly/wayback/summary/2021-05-20_summary_weekly_spi_nb.pdf,ok,298093,773bcd74a16f21727353da5ea8589406c2784ede6283174bea80362a48fe3326,unknown,2026-10-03T15:44:23,
2021-05-27,summary,wayback,weekly_spi_nb,https://www.pbs.gov.pk/sites/default/files//price_statistics/weekly_spi_nb/spi_report_27052021.pdf,https://web.archive.org/web/20210603134801id_/https://www.pbs.gov.pk/sites/default/files//price_statistics/weekly_spi_nb/spi_report_27052021.pdf,data/raw/spi_weekly/wayback/summary/2021-05-27_summary_weekly_spi_nb.pdf,ok,301390,6fc26b9645fe3583cb8d5d46d5bcd3344dd811a5e8daf72281e51ab87cc40c71,unknown,2026-10-03T15:44:28,
2021-06-03,summary,wayback,weekly_spi_nb,https://www.pbs.gov.pk/sites/default/files//price_statistics/weekly_spi_nb/spi_report_03062021.pdf,https://web.archive.org/web/20210912155911id_/https://www.pbs.gov.pk/sites/default/files//price_statistics/weekly_spi_nb/spi_report_03062021.pdf,data/raw/spi_weekly/wayback/summary/2021-06-03_summary_weekly_spi_nb.pdf,ok,298471,07ae27844fdbc61dc0ddb6d5a045ffcf4415229b30b47f2157e27119767a7a0f,unknown,2026-10-03T15:44:33,
2021-06-10,summary,wayback,weekly_spi_nb,https://www.pbs.gov.pk/sites/default/files//price_statistics/weekly_spi_nb/SPI%20Executive%20Sumary%26Report10062021-merged.pdf,https://web.archive.org/web/20210614025345id_/https://www.pbs.gov.pk/sites/default/files//price_statistics/weekly_spi_nb/SPI%20Executive%20Sumary%26Report10062021-merged.pdf,data/raw/spi_weekly/wayback/summary/2021-06-10_summary_weekly_spi_nb.pdf,ok,283129,78cf8b9953e717d51bac58caf89477c963b57e2ea84ae3fa298b61eed5ab7f2a,unknown,2026-10-03T15:44:39,
2021-06-17,summary,wayback,weekly_spi_nb,https://www.pbs.gov.pk/sites/default/files//price_statistics/weekly_spi_nb/spi_report_17062021.pdf,https://web.archive.org/web/20210912155803id_/https://www.pbs.gov.pk/sites/default/files//price_statistics/weekly_spi_nb/spi_report_17062021.pdf,data/raw/spi_weekly/wayback/summary/2021-06-17_summary_weekly_spi_nb.pdf,ok,274992,1ef402914a7da4fdafcbd0e7d758db0834545feb94de65f7b4a3f6e8eb731f8f,unknown,2026-10-03T15:44:46,
2021-06-24,summary,wayback,weekly_spi_nb,https://www.pbs.gov.pk/sites/default/files//price_statistics/weekly_spi_nb/spiI_sumary_24062021.pdf,https://web.archive.org/web/20210912155732id_/https://www.pbs.gov.pk/sites/default/files//price_statistics/weekly_spi_nb/spiI_sumary_24062021.pdf,data/raw/spi_weekly/wayback/summary/2021-06-24_summary_weekly_spi_nb.pdf,ok,283118,94ec5a6e7828820a2113415546ee3773eb01e2acef578ababbf970cc598ad13c,unknown,2026-10-03T15:44:51,
2021-07-01,summary,wayback,weekly_spi_nb,https://www.pbs.gov.pk/sites/default/files//price_statistics/weekly_spi_nb/spi_report_01072021.pdf,https://web.archive.org/web/20210912155648id_/https://www.pbs.gov.pk/sites/default/files//price_statistics/weekly_spi_nb/spi_report_01072021.pdf,data/raw/spi_weekly/wayback/summary/2021-07-01_summary_weekly_spi_nb.pdf,ok,286434,8dabc21aa1c9bd0c4df58dddec0e2837277f6649f950cbc1067b9e3b4228f1e1,unknown,2026-10-03T15:44:57,
2021-07-08,summary,wayback,weekly_spi_nb,https://www.pbs.gov.pk/sites/default/files//price_statistics/weekly_spi_nb/spi_report_08072021.pdf,https://web.archive.org/web/20210912155606id_/https://www.pbs.gov.pk/sites/default/files//price_statistics/weekly_spi_nb/spi_report_08072021.pdf,data/raw/spi_weekly/wayback/summary/2021-07-08_summary_weekly_spi_nb.pdf,ok,290162,d12b30ece6682b77a79c6d044ffc572b050c1e494ac3b0126d1883c2a101863b,unknown,2026-10-03T15:45:02,
2021-07-15,summary,wayback,weekly_spi_nb,https://www.pbs.gov.pk/sites/default/files//price_statistics/weekly_spi_nb/spi_report_15072021.pdf,https://web.archive.org/web/20210912155522id_/https://www.pbs.gov.pk/sites/default/files//price_statistics/weekly_spi_nb/spi_report_15072021.pdf,data/raw/spi_weekly/wayback/summary/2021-07-15_summary_weekly_spi_nb.pdf,ok,290589,d33fb727885bec49427c0675f32a3589ec66de33d5afd9c3878be593a07ee0e1,unknown,2026-10-03T15:45:07,
2021-07-29,summary,wayback,weekly_spi_nb,https://www.pbs.gov.pk/sites/default/files//price_statistics/weekly_spi_nb/spi_report_29072021.pdf,https://web.archive.org/web/20210912155443id_/https://www.pbs.gov.pk/sites/default/files//price_statistics/weekly_spi_nb/spi_report_29072021.pdf,data/raw/spi_weekly/wayback/summary/2021-07-29_summary_weekly_spi_nb.pdf,ok,280777,3f4e2b12c4f9f205f6f1c3b975a5495e95e157624f3f7fdb5e04c946db486f6e,unknown,2026-10-03T15:45:12,
2021-08-05,summary,wayback,weekly_spi_nb,https://www.pbs.gov.pk/sites/default/files//price_statistics/weekly_spi_nb/spi_report_05082021.pdf,https://web.archive.org/web/20210912155358id_/https://www.pbs.gov.pk/sites/default/files//price_statistics/weekly_spi_nb/spi_report_05082021.pdf,data/raw/spi_weekly/wayback/summary/2021-08-05_summary_weekly_spi_nb.pdf,ok,284100,b9a12dc682a9c4d9f7f2352001462e7f6e8c8fbd3e767c8c4894016d7e194698,unknown,2026-10-03T15:45:18,
2021-08-12,summary,wayback,weekly_spi_nb,https://www.pbs.gov.pk/sites/default/files//price_statistics/weekly_spi_nb/spi_report_12082021.pdf,https://web.archive.org/web/20210912064832id_/https://www.pbs.gov.pk/sites/default/files//price_statistics/weekly_spi_nb/spi_report_12082021.pdf,data/raw/spi_weekly/wayback/summary/2021-08-12_summary_weekly_spi_nb.pdf,ok,277188,1028d5ea032f6d9a188b37a0fcd1e238db14b4fa9668a2bf2a956d237ab44493,unknown,2026-10-03T15:45:23,
2021-08-26,summary,wayback,weekly_spi_nb,https://www.pbs.gov.pk/sites/default/files//price_statistics/weekly_spi_nb/spi_report_26082021.pdf,https://web.archive.org/web/20210912064746id_/https://www.pbs.gov.pk/sites/default/files//price_statistics/weekly_spi_nb/spi_report_26082021.pdf,data/raw/spi_weekly/wayback/summary/2021-08-26_summary_weekly_spi_nb.pdf,ok,281726,a9ab754532c42fd7970769dca38414f204596950742aebf7594202b98afd3bab,unknown,2026-10-03T15:45:28,
2021-09-02,summary,wayback,weekly_spi_nb,https://www.pbs.gov.pk/sites/default/files//price_statistics/weekly_spi_nb/spi_report_02092021_1.pdf,https://web.archive.org/web/20210912064428id_/https://www.pbs.gov.pk/sites/default/files//price_statistics/weekly_spi_nb/spi_report_02092021_1.pdf,data/raw/spi_weekly/wayback/summary/2021-09-02_summary_weekly_spi_nb.pdf,ok,284862,aff44ca264baa53001b20baeb628c99791555e11bb83e9a551b5024cbc5c1edb,unknown,2026-10-03T15:45:32,
2021-09-09,summary,wayback,weekly_spi_nb,https://www.pbs.gov.pk/sites/default/files//price_statistics/weekly_spi_nb/spi_report_0909021.pdf,https://web.archive.org/web/20211112090829id_/https://www.pbs.gov.pk/sites/default/files//price_statistics/weekly_spi_nb/spi_report_0909021.pdf,data/raw/spi_weekly/wayback/summary/2021-09-09_summary_weekly_spi_nb.pdf,ok,285055,cbedb5cdfd7d51a76ccb042f0430aaba4f9d041125f01ed721bf017738a49e02,unknown,2026-10-03T15:45:38,
2021-09-16,summary,wayback,weekly_spi_nb,https://www.pbs.gov.pk/sites/default/files//price_statistics/weekly_spi_nb/spi_report_16092021.pdf,https://web.archive.org/web/20211112090746id_/https://www.pbs.gov.pk/sites/default/files//price_statistics/weekly_spi_nb/spi_report_16092021.pdf,data/raw/spi_weekly/wayback/summary/2021-09-16_summary_weekly_spi_nb.pdf,ok,286570,17edda389991609aa7395a88eac39e80452ed7547b33d3f97500e860c9b9cdbd,unknown,2026-10-03T15:45:45,
2021-09-23,summary,wayback,weekly_spi_nb,https://www.pbs.gov.pk/sites/default/files//price_statistics/weekly_spi_nb/spi_report_23092021.pdf,https://web.archive.org/web/20211112090648id_/https://www.pbs.gov.pk/sites/default/files//price_statistics/weekly_spi_nb/spi_report_23092021.pdf,data/raw/spi_weekly/wayback/summary/2021-09-23_summary_weekly_spi_nb.pdf,ok,494477,2d86d8256455bdd9aff5c8ef777df5aa645f79e4d8de2f0b455ecbb54402dc58,unknown,2026-10-03T15:45:52,
2021-09-30,summary,wayback,weekly_spi_nb,https://www.pbs.gov.pk/sites/default/files//price_statistics/weekly_spi_nb/spi_report_30092021.pdf,https://web.archive.org/web/20211001143220id_/https://www.pbs.gov.pk/sites/default/files//price_statistics/weekly_spi_nb/spi_report_30092021.pdf,data/raw/spi_weekly/wayback/summary/2021-09-30_summary_weekly_spi_nb.pdf,ok,490707,572fd2c547d02a5ce9e772d6f8f705f3a8dc853d130fab97f249e33682cb6473,unknown,2026-10-03T15:46:01,
2021-10-07,summary,wayback,weekly_spi_nb,https://www.pbs.gov.pk/sites/default/files//price_statistics/weekly_spi_nb/SPI_Executive%20Sumary%26Report_07.10.2021-merged.pdf,https://web.archive.org/web/20211112090521id_/https://www.pbs.gov.pk/sites/default/files//price_statistics/weekly_spi_nb/SPI_Executive%20Sumary%26Report_07.10.2021-merged.pdf,data/raw/spi_weekly/wayback/summary/2021-10-07_summary_weekly_spi_nb.pdf,ok,281675,45bbb3776ee30c54a1f4f5e38b319e7b3925506407f29e078aeddd46ea2bf0f0,unknown,2026-10-03T15:46:07,
2021-10-14,summary,wayback,weekly_spi_nb,https://www.pbs.gov.pk/sites/default/files//price_statistics/weekly_spi_nb/spi_report_14_10_2021.pdf,https://web.archive.org/web/20211112090438id_/https://www.pbs.gov.pk/sites/default/files//price_statistics/weekly_spi_nb/spi_report_14_10_2021.pdf,data/raw/spi_weekly/wayback/summary/2021-10-14_summary_weekly_spi_nb.pdf,ok,285557,8a137e5931a32c501e23b23cc897e410ecc89f5dc4b6b564177da6122918f9a7,unknown,2026-10-03T15:46:12,
2021-10-21,summary,wayback,weekly_spi_nb,https://www.pbs.gov.pk/sites/default/files//price_statistics/weekly_spi_nb/SPI_Executive%20Sumary%26Report_21.10.2021-merged.pdf,https://web.archive.org/web/20211112090352id_/https://www.pbs.gov.pk/sites/default/files//price_statistics/weekly_spi_nb/SPI_Executive%20Sumary%26Report_21.10.2021-merged.pdf,data/raw/spi_weekly/wayback/summary/2021-10-21_summary_weekly_spi_nb.pdf,ok,282976,3e7498ebdf58fb690b8bca59cb41a16373b7bc4d3d1297f813435cf60cd6fa4b,unknown,2026-10-03T15:46:16,
2021-10-28,summary,wayback,weekly_spi_nb,https://www.pbs.gov.pk/sites/default/files//price_statistics/weekly_spi_nb/SPI_Executive%20Sumary%26Report_28.10.2021-merged.pdf,https://web.archive.org/web/20211112090303id_/https://www.pbs.gov.pk/sites/default/files//price_statistics/weekly_spi_nb/SPI_Executive%20Sumary%26Report_28.10.2021-merged.pdf,data/raw/spi_weekly/wayback/summary/2021-10-28_summary_weekly_spi_nb.pdf,ok,497208,16a1164ca1902d20e24dd5130dce2c67d5643fa1e78990b05f05319cc67094de,unknown,2026-10-03T15:46:21,
2021-11-04,summary,wayback,weekly_spi_nb,https://www.pbs.gov.pk/sites/default/files//price_statistics/weekly_spi_nb/spi_summary_report_04.11.2021.pdf,https://web.archive.org/web/20211112090206id_/https://www.pbs.gov.pk/sites/default/files//price_statistics/weekly_spi_nb/spi_summary_report_04.11.2021.pdf,data/raw/spi_weekly/wayback/summary/2021-11-04_summary_weekly_spi_nb.pdf,ok,288822,e60bef50f4782ec46b3b0d62438d5e2e4982d527587675404de093bdac8701ed,unknown,2026-10-03T15:46:26,
2021-11-11,summary,wayback,weekly_spi_nb,https://www.pbs.gov.pk/sites/default/files//price_statistics/weekly_spi_nb/SPI_Executive%20Sumary%26Report_11112021-merged.pdf,https://web.archive.org/web/20211112164924id_/https://www.pbs.gov.pk/sites/default/files//price_statistics/weekly_spi_nb/SPI_Executive%20Sumary%26Report_11112021-merged.pdf,data/raw/spi_weekly/wayback/summary/2021-11-11_summary_weekly_spi_nb.pdf,ok,493932,c34d307ab081e2e8cbb9d8ec612cf8b4c4faf5ee01dcf9f527d14eb3f7237db8,unknown,2026-10-03T15:46:35,
2021-11-18,summary,wayback,weekly_spi_nb,https://www.pbs.gov.pk/sites/default/files//price_statistics/weekly_spi_nb/spi_report_18112021.pdf,https://web.archive.org/web/20220207082909id_/https://www.pbs.gov.pk/sites/default/files//price_statistics/weekly_spi_nb/spi_report_18112021.pdf,data/raw/spi_weekly/wayback/summary/2021-11-18_summary_weekly_spi_nb.pdf,ok,495544,35ab93d0d7887d3146fb25476ea1afb6840c29e9785ee1813974131ad612780f,unknown,2026-10-03T15:46:43,
2021-11-25,summary,wayback,weekly_spi_nb,https://www.pbs.gov.pk/sites/default/files//price_statistics/weekly_spi_nb/spi_report_25112021.pdf,https://web.archive.org/web/20220207082803id_/https://www.pbs.gov.pk/sites/default/files//price_statistics/weekly_spi_nb/spi_report_25112021.pdf,data/raw/spi_weekly/wayback/summary/2021-11-25_summary_weekly_spi_nb.pdf,ok,492520,95cd6f9af9c52be95d34a5e42b2ee2d4916930638e1288528d13d19c914721ff,unknown,2026-10-03T15:46:49,
2021-12-02,summary,wayback,weekly_spi_nb,https://www.pbs.gov.pk/sites/default/files//price_statistics/weekly_spi_nb/SPI_Executive%20Sumary%26Reprt_02122021.pdf,https://web.archive.org/web/20220207082709id_/https://www.pbs.gov.pk/sites/default/files//price_statistics/weekly_spi_nb/SPI_Executive%20Sumary%26Reprt_02122021.pdf,data/raw/spi_weekly/wayback/summary/2021-12-02_summary_weekly_spi_nb.pdf,ok,494227,ec62bc51956d1a2bf1c378357388a866195f66b4b89adde7e80a3a9440e8ec98,unknown,2026-10-03T15:46:56,
2021-12-09,summary,wayback,weekly_spi_nb,https://www.pbs.gov.pk/sites/default/files//price_statistics/weekly_spi_nb/SPI_Executive%20Sumary%26Report_09122021-merged.pdf,https://web.archive.org/web/20220207082558id_/https://www.pbs.gov.pk/sites/default/files//price_statistics/weekly_spi_nb/SPI_Executive%20Sumary%26Report_09122021-merged.pdf,data/raw/spi_weekly/wayback/summary/2021-12-09_summary_weekly_spi_nb.pdf,ok,493925,0647e35a279791cb35048e930bb9d79b5a9b045511afa1c9fece309e9c7de1a1,unknown,2026-10-03T15:47:03,
2021-12-16,summary,wayback,weekly_spi_nb,https://www.pbs.gov.pk/sites/default/files//price_statistics/weekly_spi_nb/SPI_Executive%20Sumary%26Report_16122021-merged.pdf,https://web.archive.org/web/20220207082441id_/https://www.pbs.gov.pk/sites/default/files//price_statistics/weekly_spi_nb/SPI_Executive%20Sumary%26Report_16122021-merged.pdf,data/raw/spi_weekly/wayback/summary/2021-12-16_summary_weekly_spi_nb.pdf,ok,495347,dd8468b09540dde28b7977ab87fdc31ccdfef2d81e6f9e5459ce1f6f49ab5c82,unknown,2026-10-03T15:47:09,
2021-12-23,summary,wayback,weekly_spi_nb,https://www.pbs.gov.pk/sites/default/files//price_statistics/weekly_spi_nb/SPI_Executive%20Sumary%26Report_23.12.2021-merged.pdf,https://web.archive.org/web/20211225143529id_/https://www.pbs.gov.pk/sites/default/files//price_statistics/weekly_spi_nb/SPI_Executive%20Sumary%26Report_23.12.2021-merged.pdf,data/raw/spi_weekly/wayback/summary/2021-12-23_summary_weekly_spi_nb.pdf,ok,495061,0f36d8e17e86beacce27be5764753a3aaf27e9eadba7d29a23747be1986466f9,unknown,2026-10-03T15:47:14,
2021-12-30,summary,wayback,weekly_spi_nb,https://www.pbs.gov.pk/sites/default/files//price_statistics/weekly_spi_nb/SPI_Executive%20Sumary%26report_30122021-merged.pdf,https://web.archive.org/web/20220207082309id_/https://www.pbs.gov.pk/sites/default/files//price_statistics/weekly_spi_nb/SPI_Executive%20Sumary%26report_30122021-merged.pdf,data/raw/spi_weekly/wayback/summary/2021-12-30_summary_weekly_spi_nb.pdf,ok,492383,94495549dd6ceca1e3b2869c55dd745f0e57ab5f9f8999f41fab0bb21ebaed68,unknown,2026-10-03T15:47:21,
2022-01-06,summary,wayback,weekly_spi_nb,https://www.pbs.gov.pk/sites/default/files//price_statistics/weekly_spi_nb/SPI_Executive%20Sumary%26Report_06012022.pdf,https://web.archive.org/web/20220111142205id_/https://www.pbs.gov.pk/sites/default/files//price_statistics/weekly_spi_nb/SPI_Executive%20Sumary%26Report_06012022.pdf,data/raw/spi_weekly/wayback/summary/2022-01-06_summary_weekly_spi_nb.pdf,ok,500320,10a24dcca67606de46c1365138fa1d65cc87cfaf991234214ee40824120faee1,unknown,2026-10-03T15:47:28,
2022-01-13,summary,wayback,weekly_spi_nb,https://www.pbs.gov.pk/sites/default/files//price_statistics/weekly_spi_nb/SPI_Executive%20Sumary%26Report_13012022-merged.pdf,https://web.archive.org/web/20220207081649id_/https://www.pbs.gov.pk/sites/default/files//price_statistics/weekly_spi_nb/SPI_Executive%20Sumary%26Report_13012022-merged.pdf,data/raw/spi_weekly/wayback/summary/2022-01-13_summary_weekly_spi_nb.pdf,ok,498942,983cd7c50d8785933ef7cbc5bba5ab66219f49a1610c46bc633df182ae0f107e,unknown,2026-10-03T15:47:35,
2022-01-20,summary,wayback,weekly_spi_nb,https://www.pbs.gov.pk/sites/default/files//price_statistics/weekly_spi_nb/SPI_Executive%20Sumary%26Report_20012022.pdf,https://web.archive.org/web/20220207081216id_/https://www.pbs.gov.pk/sites/default/files//price_statistics/weekly_spi_nb/SPI_Executive%20Sumary%26Report_20012022.pdf,data/raw/spi_weekly/wayback/summary/2022-01-20_summary_weekly_spi_nb.pdf,ok,499046,6b54185b48f823d48bb2b531eb9838acd90fdfda6604e42ed1536db4b06f9769,unknown,2026-10-03T15:47:41,
2022-01-27,summary,wayback,weekly_spi_nb,https://www.pbs.gov.pk/sites/default/files//price_statistics/weekly_spi_nb/SPI_Executive%20Sumary%26Report_27012022.pdf,https://web.archive.org/web/20220130180522id_/https://www.pbs.gov.pk/sites/default/files//price_statistics/weekly_spi_nb/SPI_Executive%20Sumary%26Report_27012022.pdf,data/raw/spi_weekly/wayback/summary/2022-01-27_summary_weekly_spi_nb.pdf,ok,496508,8f7e21e9d1d8958deface14b4a1fda0114fbb479fbbfa9732d6ba19f1cf21857,unknown,2026-10-03T15:47:48,
2022-02-03,summary,wayback,weekly_spi_nb,https://www.pbs.gov.pk/sites/default/files//price_statistics/weekly_spi_nb/SPI_Executive%20Sumary%26Report_03022022.pdf,https://web.archive.org/web/20220207080822id_/https://www.pbs.gov.pk/sites/default/files//price_statistics/weekly_spi_nb/SPI_Executive%20Sumary%26Report_03022022.pdf,data/raw/spi_weekly/wayback/summary/2022-02-03_summary_weekly_spi_nb.pdf,ok,499191,4c9ccd9efbcd29ac2edc0e0b0f520553c091dccf7e665d7fe1b2bdd437bb13d7,unknown,2026-10-03T15:47:55,
2022-02-10,summary,wayback,weekly_spi,https://www.pbs.gov.pk/sites/default/files/price_statistics/weekly_spi/spi_report_10022022.pdf,https://web.archive.org/web/20220728093057id_/https://www.pbs.gov.pk/sites/default/files/price_statistics/weekly_spi/spi_report_10022022.pdf,data/raw/spi_weekly/wayback/summary/2022-02-10_summary_weekly_spi.pdf,ok,498800,56d3700e8101b769089ee1a63463dbddd9031af3538e9fc5702a172be70872e4,unknown,2026-10-03T15:48:02,
2022-02-17,summary,wayback,weekly_spi,https://www.pbs.gov.pk/sites/default/files/price_statistics/weekly_spi/spi_report_17022022.pdf,https://web.archive.org/web/20220728093042id_/https://www.pbs.gov.pk/sites/default/files/price_statistics/weekly_spi/spi_report_17022022.pdf,data/raw/spi_weekly/wayback/summary/2022-02-17_summary_weekly_spi.pdf,ok,500901,416458fee0d6d05185b27c372f4e2e910b90e93abcf933966af29617c2056df1,unknown,2026-10-03T15:48:10,
2022-02-24,summary,wayback,weekly_spi,https://www.pbs.gov.pk/sites/default/files/price_statistics/weekly_spi/spi_report_24022022.pdf,https://web.archive.org/web/20220728093027id_/https://www.pbs.gov.pk/sites/default/files/price_statistics/weekly_spi/spi_report_24022022.pdf,data/raw/spi_weekly/wayback/summary/2022-02-24_summary_weekly_spi.pdf,ok,494166,cce3f95b2ed34d40376a1d746cc5678fcbd1e42a45fb0ab3e50d8bf848fff611,unknown,2026-10-03T15:48:18,
2022-03-03,summary,wayback,weekly_spi,https://www.pbs.gov.pk/sites/default/files/price_statistics/weekly_spi/spi_report_03032022.pdf,https://web.archive.org/web/20220619064815id_/https://www.pbs.gov.pk/sites/default/files/price_statistics/weekly_spi/spi_report_03032022.pdf,data/raw/spi_weekly/wayback/summary/2022-03-03_summary_weekly_spi.pdf,ok,499993,c9cb8c00b5208d075d74472af50d2da7c0d0ee55a3522f064c781f92424a9c31,unknown,2026-10-03T15:48:24,
2022-03-10,summary,wayback,weekly_spi,https://www.pbs.gov.pk/sites/default/files/price_statistics/weekly_spi/spi_report_10032022.pdf,https://web.archive.org/web/20220619064747id_/https://www.pbs.gov.pk/sites/default/files/price_statistics/weekly_spi/spi_report_10032022.pdf,data/raw/spi_weekly/wayback/summary/2022-03-10_summary_weekly_spi.pdf,ok,243678,111da83fa6fcda7a65929c8bd31e0ee0c070c94937cc7a56365648135ecc3a37,unknown,2026-10-03T15:48:30,
2022-03-17,summary,wayback,weekly_spi,https://www.pbs.gov.pk/sites/default/files/price_statistics/weekly_spi/spi_report_17032022.pdf,https://web.archive.org/web/20220619064719id_/https://www.pbs.gov.pk/sites/default/files/price_statistics/weekly_spi/spi_report_17032022.pdf,data/raw/spi_weekly/wayback/summary/2022-03-17_summary_weekly_spi.pdf,ok,288943,31ea39c5faf1edf74ff8a3fcdce25882327a8b15456d893b4b942674a4fae16a,unknown,2026-10-03T15:48:35,
2022-03-24,summary,wayback,weekly_spi,https://www.pbs.gov.pk/sites/default/files/price_statistics/weekly_spi/spi_report_24032022.pdf,https://web.archive.org/web/20220619064659id_/https://www.pbs.gov.pk/sites/default/files/price_statistics/weekly_spi/spi_report_24032022.pdf,data/raw/spi_weekly/wayback/summary/2022-03-24_summary_weekly_spi.pdf,ok,500084,43d9e622eebde9a3019a05ccc30e5dfef67defac80eb03485144b67c6966179d,2015-16,2026-10-03T15:57:53,
2022-03-31,summary,wayback,weekly_spi,https://www.pbs.gov.pk/sites/default/files/price_statistics/weekly_spi/spi_report_31032022.pdf,https://web.archive.org/web/20220619064635id_/https://www.pbs.gov.pk/sites/default/files/price_statistics/weekly_spi/spi_report_31032022.pdf,data/raw/spi_weekly/wayback/summary/2022-03-31_summary_weekly_spi.pdf,ok,501163,75c7022575bc050b0cd0164c44d3078f14f2bf35a5f143b9cfdccfe125409a01,2015-16,2026-10-03T15:58:00,
2022-04-07,summary,wayback,weekly_spi,https://www.pbs.gov.pk/sites/default/files/price_statistics/weekly_spi/spi_report_07042022.pdf,https://web.archive.org/web/20220619064614id_/https://www.pbs.gov.pk/sites/default/files/price_statistics/weekly_spi/spi_report_07042022.pdf,data/raw/spi_weekly/wayback/summary/2022-04-07_summary_weekly_spi.pdf,ok,245571,ad4e2cd0c20faf3270cc21aa7521198d0709df119e504eeeaaa61fcd84a97663,2015-16,2026-10-03T15:58:08,
2022-04-14,summary,wayback,weekly_spi,https://www.pbs.gov.pk/sites/default/files/price_statistics/weekly_spi/spi_report_14042022.pdf,https://web.archive.org/web/20220619064552id_/https://www.pbs.gov.pk/sites/default/files/price_statistics/weekly_spi/spi_report_14042022.pdf,data/raw/spi_weekly/wayback/summary/2022-04-14_summary_weekly_spi.pdf,ok,496754,8e27f3ac14248939e1e880ce82e690c85730992c22c8cbc8faf5bed88fcf717c,2015-16,2026-10-03T15:58:20,
2022-04-21,summary,wayback,weekly_spi,https://www.pbs.gov.pk/sites/default/files/price_statistics/weekly_spi/spi_report_21042022.pdf,https://web.archive.org/web/20220619064522id_/https://www.pbs.gov.pk/sites/default/files/price_statistics/weekly_spi/spi_report_21042022.pdf,data/raw/spi_weekly/wayback/summary/2022-04-21_summary_weekly_spi.pdf,ok,503162,80cefb02d76460ad8648532ea0711657446007a950beb5270313dace646749a7,2015-16,2026-10-03T15:58:32,
2022-04-28,summary,wayback,weekly_spi,https://www.pbs.gov.pk/sites/default/files/price_statistics/weekly_spi/spi_report_28042022.pdf,https://web.archive.org/web/20220619064457id_/https://www.pbs.gov.pk/sites/default/files/price_statistics/weekly_spi/spi_report_28042022.pdf,data/raw/spi_weekly/wayback/summary/2022-04-28_summary_weekly_spi.pdf,ok,244968,0e554b404c55f5e7afcb6801743940d64315dd565e99e95b264c058de66b46de,2015-16,2026-10-03T15:58:40,
2022-05-12,summary,wayback,weekly_spi,https://www.pbs.gov.pk/sites/default/files/price_statistics/weekly_spi/SPI_Executive_Sumary%26Report_12052022.pdf,https://web.archive.org/web/20220619064435id_/https://www.pbs.gov.pk/sites/default/files/price_statistics/weekly_spi/SPI_Executive_Sumary%26Report_12052022.pdf,data/raw/spi_weekly/wayback/summary/2022-05-12_summary_weekly_spi.pdf,ok,505807,194902bc9451c501634f5327fc0c291916ac956aabda81b1dca8737da89c8280,2015-16,2026-10-03T15:58:50,
2022-05-19,summary,wayback,weekly_spi,https://www.pbs.gov.pk/sites/default/files/price_statistics/weekly_spi/SPI_Executive%20Sumary%26Report_19052022.pdf,https://web.archive.org/web/20220706215516id_/https://www.pbs.gov.pk/sites/default/files/price_statistics/weekly_spi/SPI_Executive%20Sumary%26Report_19052022.pdf,data/raw/spi_weekly/wayback/summary/2022-05-19_summary_weekly_spi.pdf,ok,246560,a74fd68baf191bea3a10153f92039e5491a5d9785f481b46d4b0ece405b5c534,2015-16,2026-10-03T15:58:57,
2022-05-26,summary,wayback,weekly_spi,https://www.pbs.gov.pk/sites/default/files/price_statistics/weekly_spi/SPI_Executive%20Sumary%26Report_26052022.pdf,https://web.archive.org/web/20220706215502id_/https://www.pbs.gov.pk/sites/default/files/price_statistics/weekly_spi/SPI_Executive%20Sumary%26Report_26052022.pdf,data/raw/spi_weekly/wayback/summary/2022-05-26_summary_weekly_spi.pdf,ok,245658,4dfafb8c7be3932ed4e4821a3c443a6ee68879f171ff4d9ca9fbd68115e0225d,2015-16,2026-10-03T15:59:05,
2022-06-02,summary,wayback,weekly_spi,https://www.pbs.gov.pk/sites/default/files/price_statistics/weekly_spi/SPI_Executive%20Sumary%26Report_02062022.pdf,https://web.archive.org/web/20220706215447id_/https://www.pbs.gov.pk/sites/default/files/price_statistics/weekly_spi/SPI_Executive%20Sumary%26Report_02062022.pdf,data/raw/spi_weekly/wayback/summary/2022-06-02_summary_weekly_spi.pdf,ok,244582,3ea2063cc043b5e10ddbe5529441cef56271e5d190b1ca1993ca54b0b91b26a5,2015-16,2026-10-03T15:59:14,
2022-06-09,summary,wayback,weekly_spi,https://www.pbs.gov.pk/sites/default/files/price_statistics/weekly_spi/SPI_Executive%20Sumary%26Report_09062022.pdf,https://web.archive.org/web/20220706215433id_/https://www.pbs.gov.pk/sites/default/files/price_statistics/weekly_spi/SPI_Executive%20Sumary%26Report_09062022.pdf,data/raw/spi_weekly/wayback/summary/2022-06-09_summary_weekly_spi.pdf,ok,506166,bdf3b101254a474ae3141aada5596c20c77d49943912bffd8b43594d2f8a2a8e,2015-16,2026-10-03T15:59:25,
2022-06-16,summary,wayback,weekly_spi,https://www.pbs.gov.pk/sites/default/files/price_statistics/weekly_spi/SPI_Executive_Sumary%26Report_16062022.pdf,https://web.archive.org/web/20220706215420id_/https://www.pbs.gov.pk/sites/default/files/price_statistics/weekly_spi/SPI_Executive_Sumary%26Report_16062022.pdf,data/raw/spi_weekly/wayback/summary/2022-06-16_summary_weekly_spi.pdf,ok,244557,108b5ca37dfa65873f5f115cd85d78c19e2b0e4a97a9789a60e681d3bbb1f437,2015-16,2026-10-03T15:59:35,
2022-06-23,summary,wayback,weekly_spi,https://www.pbs.gov.pk/sites/default/files/price_statistics/weekly_spi/SPI_Executive_Sumary%26Report_23062022.pdf,https://web.archive.org/web/20220627052645id_/https://www.pbs.gov.pk/sites/default/files/price_statistics/weekly_spi/SPI_Executive_Sumary%26Report_23062022.pdf,data/raw/spi_weekly/wayback/summary/2022-06-23_summary_weekly_spi.pdf,ok,243953,35f013b15b87cb4fa7e525858bf9a8245676610f9fe2d2bf0116a1351d74016a,2015-16,2026-10-03T15:59:46,
2022-07-01,summary,wayback,weekly_spi,https://www.pbs.gov.pk/sites/default/files/price_statistics/weekly_spi/SPI_Executive_Sumary%26Report_01072022.pdf,https://web.archive.org/web/20220704170359id_/https://www.pbs.gov.pk/sites/default/files/price_statistics/weekly_spi/SPI_Executive_Sumary%26Report_01072022.pdf,data/raw/spi_weekly/wayback/summary/2022-07-01_summary_weekly_spi.pdf,ok,412195,51662f1c2403e9c4890b082df2cb8ae9702e42c4ec2d8d8edf85be5acd7b4055,2015-16,2026-10-03T15:59:59,
2022-07-06,summary,wayback,weekly_spi,https://www.pbs.gov.pk/sites/default/files/price_statistics/weekly_spi/SPI_Executive_Sumary%26Report_06072022.pdf,https://web.archive.org/web/20220817121148id_/https://www.pbs.gov.pk/sites/default/files/price_statistics/weekly_spi/SPI_Executive_Sumary%26Report_06072022.pdf,data/raw/spi_weekly/wayback/summary/2022-07-06_summary_weekly_spi.pdf,ok,243132,71edca68cba0ecda03b30dcb9a43566ad294f4546742a20793cd3ccc8eb8525d,2015-16,2026-10-03T16:00:06,
2022-07-14,summary,wayback,weekly_spi,https://www.pbs.gov.pk/sites/default/files/price_statistics/weekly_spi/SPI_Executive_Sumary%26Report_14072022.pdf,https://web.archive.org/web/20220817121137id_/https://www.pbs.gov.pk/sites/default/files/price_statistics/weekly_spi/SPI_Executive_Sumary%26Report_14072022.pdf,data/raw/spi_weekly/wayback/summary/2022-07-14_summary_weekly_spi.pdf,ok,504378,dba6e44db96342fd4dd9372f3bf6d73709f5cd8ad412ec414c1283e00a33e96d,2015-16,2026-10-03T16:00:14,
2022-07-21,summary,wayback,weekly_spi,https://www.pbs.gov.pk/sites/default/files/price_statistics/weekly_spi/SPI_Executive_Sumary%26Report_21072022.pdf,https://web.archive.org/web/20220817121125id_/https://www.pbs.gov.pk/sites/default/files/price_statistics/weekly_spi/SPI_Executive_Sumary%26Report_21072022.pdf,data/raw/spi_weekly/wayback/summary/2022-07-21_summary_weekly_spi.pdf,ok,239192,277da74b2a6b39f4cb179dc37190cc094c684513d41177c7e35e170ce5cd8dac,2015-16,2026-10-03T16:00:21,
2022-07-28,summary,wayback,weekly_spi,https://www.pbs.gov.pk/sites/default/files/price_statistics/weekly_spi/SPI_Executive_Sumary%26Report_28072022.pdf,https://web.archive.org/web/20221117113848id_/https://www.pbs.gov.pk/sites/default/files/price_statistics/weekly_spi/SPI_Executive_Sumary%26Report_28072022.pdf,data/raw/spi_weekly/wayback/summary/2022-07-28_summary_weekly_spi.pdf,ok,245597,c9c99f3956579261192d8f22e612d810f824e000e3e2528004fff064b13ee8d8,2015-16,2026-10-03T16:00:29,
2022-08-04,summary,wayback,weekly_spi,https://www.pbs.gov.pk/sites/default/files/price_statistics/weekly_spi/SPI_Executive_Sumary%26Report_04082022.pdf,https://web.archive.org/web/20220806090748id_/https://www.pbs.gov.pk/sites/default/files/price_statistics/weekly_spi/SPI_Executive_Sumary%26Report_04082022.pdf,data/raw/spi_weekly/wayback/summary/2022-08-04_summary_weekly_spi.pdf,ok,508954,c6ebfb95778a3645ce25c08941e5530ba038f5cc5a3bc9d392b451cc83428f5f,2015-16,2026-10-03T16:00:38,
2022-08-11,summary,wayback,weekly_spi,https://www.pbs.gov.pk/sites/default/files/price_statistics/weekly_spi/SPI_Executive%20Sumary%26Report_11082022.pdf,https://web.archive.org/web/20220826073521id_/https://www.pbs.gov.pk/sites/default/files/price_statistics/weekly_spi/SPI_Executive%20Sumary%26Report_11082022.pdf,data/raw/spi_weekly/wayback/summary/2022-08-11_summary_weekly_spi.pdf,ok,510790,034c0d842dbf31ba03d05b8ecd6853d2c4cdbfa1a14ad9fd648c4afc4a60711a,2015-16,2026-10-03T16:00:47,
2022-08-18,summary,wayback,weekly_spi,https://www.pbs.gov.pk/sites/default/files/price_statistics/weekly_spi/SPI_Executive_Sumary%26Report_18082022.pdf,https://web.archive.org/web/20220831063048id_/https://www.pbs.gov.pk/sites/default/files/price_statistics/weekly_spi/SPI_Executive_Sumary%26Report_18082022.pdf,data/raw/spi_weekly/wayback/summary/2022-08-18_summary_weekly_spi.pdf,ok,318653,16d265012487dea22175903f8d41d352e522fbdcc13f39ea00a111de6b0fce58,2015-16,2026-10-03T16:00:55,
2022-08-25,summary,wayback,weekly_spi,https://www.pbs.gov.pk/sites/default/files/price_statistics/weekly_spi/SPI_Executive%20Sumary%26Report_25082022.pdf,https://web.archive.org/web/20220828055014id_/https://www.pbs.gov.pk/sites/default/files/price_statistics/weekly_spi/SPI_Executive%20Sumary%26Report_25082022.pdf,data/raw/spi_weekly/wayback/summary/2022-08-25_summary_weekly_spi.pdf,ok,319641,f88c7efd17dcd1cb16e9952281e6254ad638163c87516e147056fb487f12fabc,2015-16,2026-10-03T16:01:04,
2022-09-01,summary,wayback,weekly_spi,https://www.pbs.gov.pk/sites/default/files/price_statistics/weekly_spi/SPI_Executive%20Sumary%26Report_01092022.pdf,https://web.archive.org/web/20221117113555id_/https://www.pbs.gov.pk/sites/default/files/price_statistics/weekly_spi/SPI_Executive%20Sumary%26Report_01092022.pdf,data/raw/spi_weekly/wayback/summary/2022-09-01_summary_weekly_spi.pdf,ok,319770,180a5639dd4a2199bf790db2619dd64f78b0af4ee59a2cd1ce085b227e9c1458,2015-16,2026-10-03T16:01:11,
2022-09-08,summary,wayback,weekly_spi,https://www.pbs.gov.pk/sites/default/files/price_statistics/weekly_spi/SPI_Executive%20Sumary%26Report_08092022.pdf,https://web.archive.org/web/20220910112941id_/https://www.pbs.gov.pk/sites/default/files/price_statistics/weekly_spi/SPI_Executive%20Sumary%26Report_08092022.pdf,data/raw/spi_weekly/wayback/summary/2022-09-08_summary_weekly_spi.pdf,ok,320560,14037b59c80fafb178f821dea1bcb79d54300273d11d39fe863f899cab0912f9,2015-16,2026-10-03T16:01:20,
2022-09-15,summary,wayback,weekly_spi,https://www.pbs.gov.pk/sites/default/files/price_statistics/weekly_spi/SPI_Executive_Sumary%26Report_15092022.pdf,https://web.archive.org/web/20220924065923id_/https://www.pbs.gov.pk/sites/default/files/price_statistics/weekly_spi/SPI_Executive_Sumary%26Report_15092022.pdf,data/raw/spi_weekly/wayback/summary/2022-09-15_summary_weekly_spi.pdf,ok,321900,0176b1dc2d6cc82713b90b436fe5a4ba9399047faf499d3331e5297577d61061,2015-16,2026-10-03T16:01:27,
2022-09-22,summary,wayback,weekly_spi,https://www.pbs.gov.pk/sites/default/files/price_statistics/weekly_spi/SPI_Executive_Sumary%26Report_22092022.pdf,https://web.archive.org/web/20221001230802id_/https://www.pbs.gov.pk/sites/default/files/price_statistics/weekly_spi/SPI_Executive_Sumary%26Report_22092022.pdf,data/raw/spi_weekly/wayback/summary/2022-09-22_summary_weekly_spi.pdf,ok,322103,c103388a7fb8a08447e812497e694af3bcaeab0150c1e421551a89404a995493,2015-16,2026-10-03T16:01:34,
2022-09-29,summary,wayback,weekly_spi,https://www.pbs.gov.pk/sites/default/files/price_statistics/weekly_spi/SPI_Executive_Sumary%26Report_29092022.pdf,https://web.archive.org/web/20221008111643id_/https://www.pbs.gov.pk/sites/default/files/price_statistics/weekly_spi/SPI_Executive_Sumary%26Report_29092022.pdf,data/raw/spi_weekly/wayback/summary/2022-09-29_summary_weekly_spi.pdf,ok,320465,6e656939eaa0f133b3d3041ed406215a220ce8203ca91c4439bfeab16319c617,2015-16,2026-10-03T16:01:43,
2022-10-06,summary,wayback,weekly_spi,https://www.pbs.gov.pk/sites/default/files/price_statistics/weekly_spi/SPI_Executive_Sumary%26Report_06102022.pdf,https://web.archive.org/web/20221015202047id_/https://www.pbs.gov.pk/sites/default/files/price_statistics/weekly_spi/SPI_Executive_Sumary%26Report_06102022.pdf,data/raw/spi_weekly/wayback/summary/2022-10-06_summary_weekly_spi.pdf,ok,321323,d5b238173563bf094ccdeccdde8af534b613a188e500645d08d343814ef6b78b,2015-16,2026-10-03T16:01:52,
2022-10-13,summary,wayback,weekly_spi,https://www.pbs.gov.pk/sites/default/files/price_statistics/weekly_spi/SPI_Executive%20Sumary%26Report_13102022.pdf,https://web.archive.org/web/20221114135648id_/https://www.pbs.gov.pk/sites/default/files/price_statistics/weekly_spi/SPI_Executive%20Sumary%26Report_13102022.pdf,data/raw/spi_weekly/wayback/summary/2022-10-13_summary_weekly_spi.pdf,ok,320723,6e64288b5ec5c5d342127aeebe19f22806645718999276c6a7d8f3e3c1578bf6,2015-16,2026-10-03T16:02:01,
2022-10-20,summary,wayback,weekly_spi,https://www.pbs.gov.pk/sites/default/files/price_statistics/weekly_spi/SPI_Executive%20Sumary%26report_20102022.pdf,https://web.archive.org/web/20221029025737id_/https://www.pbs.gov.pk/sites/default/files/price_statistics/weekly_spi/SPI_Executive%20Sumary%26report_20102022.pdf,data/raw/spi_weekly/wayback/summary/2022-10-20_summary_weekly_spi.pdf,ok,321601,5e21043f6056925cd5e78bccdf1c11719ed7c7a69a19c5d29a8b28e1293787c6,2015-16,2026-10-03T16:02:11,
2022-10-27,summary,wayback,weekly_spi,https://www.pbs.gov.pk/sites/default/files/price_statistics/weekly_spi/SPI_Executive%20Sumary%26Report_27102022.pdf,https://web.archive.org/web/20221114135543id_/https://www.pbs.gov.pk/sites/default/files/price_statistics/weekly_spi/SPI_Executive%20Sumary%26Report_27102022.pdf,data/raw/spi_weekly/wayback/summary/2022-10-27_summary_weekly_spi.pdf,ok,322685,9ead9a913a118ea5671e1326f0e0886cba25fc72edfbdf208e8abc13b8c9e53b,2015-16,2026-10-03T16:02:22,
2022-11-03,summary,wayback,weekly_spi,https://www.pbs.gov.pk/sites/default/files/price_statistics/weekly_spi/SPI_Executive%20Sumary%26Report_03112022.pdf,https://web.archive.org/web/20221105011922id_/https://www.pbs.gov.pk/sites/default/files/price_statistics/weekly_spi/SPI_Executive%20Sumary%26Report_03112022.pdf,data/raw/spi_weekly/wayback/summary/2022-11-03_summary_weekly_spi.pdf,ok,315154,f276f13027aa1500892499b630d1f412148be69e3a31ee29a051e13f076b383a,2015-16,2026-10-03T16:02:31,
2022-11-10,summary,wayback,weekly_spi,https://www.pbs.gov.pk/sites/default/files/price_statistics/weekly_spi/Executive_Summary_%26_SPI_Report_10112022.pdf,https://web.archive.org/web/20221114135425id_/https://www.pbs.gov.pk/sites/default/files/price_statistics/weekly_spi/Executive_Summary_%26_SPI_Report_10112022.pdf,data/raw/spi_weekly/wayback/summary/2022-11-10_summary_weekly_spi.pdf,ok,436685,bf9790bd9ed45fa54307e0bcebfeda2987d898ed069260f5b517db29ec7f1c07,2015-16,2026-10-03T16:02:40,
2022-11-17,summary,wayback,weekly_spi,https://www.pbs.gov.pk/sites/default/files/price_statistics/weekly_spi/SPI_Executive_Sumary%26Report_17112022.pdf,https://web.archive.org/web/20221118124341id_/https://www.pbs.gov.pk/sites/default/files/price_statistics/weekly_spi/SPI_Executive_Sumary%26Report_17112022.pdf,data/raw/spi_weekly/wayback/summary/2022-11-17_summary_weekly_spi.pdf,ok,322241,1007c7ba133e43ae0bb03ddc18bcf3d5ade0d25acbe3e11e0f6c9c7290d55051,2015-16,2026-10-03T16:02:47,
2022-11-24,summary,wayback,weekly_spi,https://www.pbs.gov.pk/sites/default/files/price_statistics/weekly_spi/SPI_Executive%20Sumary%26Report_24112022.pdf,https://web.archive.org/web/20230519224132id_/https://www.pbs.gov.pk/sites/default/files/price_statistics/weekly_spi/SPI_Executive%20Sumary%26Report_24112022.pdf,data/raw/spi_weekly/wayback/summary/2022-11-24_summary_weekly_spi.pdf,ok,320294,006d4580c719149e4454d77286b98f115d813e968715d4e11cb7d3425e2ad773,2015-16,2026-10-03T16:02:54,
2022-12-01,summary,wayback,weekly_spi,https://www.pbs.gov.pk/sites/default/files/price_statistics/weekly_spi/SPI_%20Executive_Sumary%26Report_01122022.pdf,https://web.archive.org/web/20230519224108id_/https://www.pbs.gov.pk/sites/default/files/price_statistics/weekly_spi/SPI_%20Executive_Sumary%26Report_01122022.pdf,data/raw/spi_weekly/wayback/summary/2022-12-01_summary_weekly_spi.pdf,ok,321058,7b4a3ab3d5505a543b85c5f9609ac04f12cd48b91d6bc4749f379ec7970c8c3f,2015-16,2026-10-03T16:03:02,
2022-12-08,summary,wayback,weekly_spi,https://www.pbs.gov.pk/sites/default/files/price_statistics/weekly_spi/SPI_Executive_Sumary%26Report_08.122022.pdf,https://web.archive.org/web/20230517145330id_/https://www.pbs.gov.pk/sites/default/files/price_statistics/weekly_spi/SPI_Executive_Sumary%26Report_08.122022.pdf,data/raw/spi_weekly/wayback/summary/2022-12-08_summary_weekly_spi.pdf,ok,161230,0ae4649c1baea9a3485a569e368c8327d400fbb7eb3eade9e596076988ea4c59,2015-16,2026-10-03T16:03:08,
2022-12-15,summary,wayback,weekly_spi,https://www.pbs.gov.pk/sites/default/files/price_statistics/weekly_spi/SPI_Executive%20Sumary%26Report_15122022-1.pdf,https://web.archive.org/web/20230517145304id_/https://www.pbs.gov.pk/sites/default/files/price_statistics/weekly_spi/SPI_Executive%20Sumary%26Report_15122022-1.pdf,data/raw/spi_weekly/wayback/summary/2022-12-15_summary_weekly_spi.pdf,ok,322248,cca95bb8cfac55dc34e17a3f9f803122a7e38f38a6e4a1cfbe99f5b7b31de4f8,2015-16,2026-10-03T16:03:17,
2022-12-22,summary,wayback,weekly_spi,https://www.pbs.gov.pk/sites/default/files/price_statistics/weekly_spi/SPI_Executive%20Sumary%26Report_22122022.pdf,https://web.archive.org/web/20230517145225id_/https://www.pbs.gov.pk/sites/default/files/price_statistics/weekly_spi/SPI_Executive%20Sumary%26Report_22122022.pdf,data/raw/spi_weekly/wayback/summary/2022-12-22_summary_weekly_spi.pdf,ok,322455,438a8d1e0f9bfaa45659da4ddff7993f5bd5f8b3a34794fbab837bc2494fb43c,2015-16,2026-10-03T16:03:25,
2022-12-29,summary,wayback,weekly_spi,https://www.pbs.gov.pk/sites/default/files/price_statistics/weekly_spi/SPI_Executive%20Sumary%26Report_29122022.pdf,https://web.archive.org/web/20230517145143id_/https://www.pbs.gov.pk/sites/default/files/price_statistics/weekly_spi/SPI_Executive%20Sumary%26Report_29122022.pdf,data/raw/spi_weekly/wayback/summary/2022-12-29_summary_weekly_spi.pdf,ok,316203,f7e66e0aec2d45d3e3a97cf29e962a92a01accc7fc2cdd1a1936e5653b1c2d79,2015-16,2026-10-03T16:03:33,
2023-01-05,summary,wayback,weekly_spi,https://www.pbs.gov.pk/sites/default/files/price_statistics/weekly_spi/SPI_Executive_Sumary%26Report_05012023.pdf,https://web.archive.org/web/20230517145057id_/https://www.pbs.gov.pk/sites/default/files/price_statistics/weekly_spi/SPI_Executive_Sumary%26Report_05012023.pdf,data/raw/spi_weekly/wayback/summary/2023-01-05_summary_weekly_spi.pdf,ok,319997,38de08587a715088ecbde01fff15361cdb3b26764915426c2276249def528343,2015-16,2026-10-03T16:03:43,
2023-01-12,summary,wayback,weekly_spi,https://www.pbs.gov.pk/sites/default/files/price_statistics/weekly_spi/SPI_Executive%20Sumary%26Report_12012023.pdf,https://web.archive.org/web/20230322183130id_/https://www.pbs.gov.pk/sites/default/files/price_statistics/weekly_spi/SPI_Executive%20Sumary%26Report_12012023.pdf,data/raw/spi_weekly/wayback/summary/2023-01-12_summary_weekly_spi.pdf,ok,318990,7c3d1b961ab1dea21cb3d1db0f8c05aea41410cdfde7280a6c8b316b4e9fa74a,2015-16,2026-10-03T16:03:51,
2023-01-19,summary,wayback,weekly_spi,https://www.pbs.gov.pk/sites/default/files/price_statistics/weekly_spi/SPI_Executive%20Sumary%26Report_19012023.pdf,https://web.archive.org/web/20230322184608id_/https://www.pbs.gov.pk/sites/default/files/price_statistics/weekly_spi/SPI_Executive%20Sumary%26Report_19012023.pdf,data/raw/spi_weekly/wayback/summary/2023-01-19_summary_weekly_spi.pdf,ok,319667,56c42c7918b2eac5965d113811a73b2ee18391da921584d0ee578a712009bac0,2015-16,2026-10-03T16:03:58,
2023-01-26,summary,wayback,weekly_spi,https://www.pbs.gov.pk/sites/default/files/price_statistics/weekly_spi/SPI_%20Executive%20Sumary%26Report_26012023_0.pdf,https://web.archive.org/web/20230129020156id_/https://www.pbs.gov.pk/sites/default/files/price_statistics/weekly_spi/SPI_%20Executive%20Sumary%26Report_26012023_0.pdf,data/raw/spi_weekly/wayback/summary/2023-01-26_summary_weekly_spi.pdf,ok,503920,d12e7435f631ff257050b01fc1f52daee2cf5131aaa903eefecb7ffb11ec8ce1,2015-16,2026-10-03T16:04:05,
2023-02-02,summary,wayback,weekly_spi,https://www.pbs.gov.pk/sites/default/files/price_statistics/weekly_spi/SPI_Executive%20Sumary%26Report_02022023.pdf,https://web.archive.org/web/20230322184445id_/https://www.pbs.gov.pk/sites/default/files/price_statistics/weekly_spi/SPI_Executive%20Sumary%26Report_02022023.pdf,data/raw/spi_weekly/wayback/summary/2023-02-02_summary_weekly_spi.pdf,ok,320509,7e9c5a13aa0402321c12edd49247e3fd163317ebb3185820190952118a8287bf,2015-16,2026-10-03T16:04:13,
2023-02-09,summary,wayback,weekly_spi,https://www.pbs.gov.pk/sites/default/files/price_statistics/weekly_spi/SPI_Executive%20Sumary%26Report_09022023.pdf,https://web.archive.org/web/20230322190137id_/https://www.pbs.gov.pk/sites/default/files/price_statistics/weekly_spi/SPI_Executive%20Sumary%26Report_09022023.pdf,data/raw/spi_weekly/wayback/summary/2023-02-09_summary_weekly_spi.pdf,ok,319886,517a8c41962bc41b2e2edbe1611abd457b56ab0b266c09792036b3616e28487a,2015-16,2026-10-03T16:04:21,
2023-02-16,summary,wayback,weekly_spi,https://www.pbs.gov.pk/sites/default/files/price_statistics/weekly_spi/SPI_Executive%20Sumary%26Report_16022023.pdf,https://web.archive.org/web/20230322191508id_/https://www.pbs.gov.pk/sites/default/files/price_statistics/weekly_spi/SPI_Executive%20Sumary%26Report_16022023.pdf,data/raw/spi_weekly/wayback/summary/2023-02-16_summary_weekly_spi.pdf,ok,317860,1e88fa338b793be3c3aac0e42d8459dcf81dfcd8ed18f01e642c10a31421a8ba,2015-16,2026-10-03T16:04:28,
2023-02-23,summary,wayback,weekly_spi,https://www.pbs.gov.pk/sites/default/files/price_statistics/weekly_spi/SPI_Executive%20Sumary%26Report_23022023.pdf,https://web.archive.org/web/20230322192505id_/https://www.pbs.gov.pk/sites/default/files/price_statistics/weekly_spi/SPI_Executive%20Sumary%26Report_23022023.pdf,data/raw/spi_weekly/wayback/summary/2023-02-23_summary_weekly_spi.pdf,ok,319272,8387b961cc4ed00382b6a3ec1057525975dd926a2803b8878dbb3d2d96fbcd10,2015-16,2026-10-03T16:04:35,
2023-03-02,summary,wayback,weekly_spi,https://www.pbs.gov.pk/sites/default/files/price_statistics/weekly_spi/SPI_Executive%20Sumary%26Report_02032023.pdf,https://web.archive.org/web/20230322191734id_/https://www.pbs.gov.pk/sites/default/files/price_statistics/weekly_spi/SPI_Executive%20Sumary%26Report_02032023.pdf,data/raw/spi_weekly/wayback/summary/2023-03-02_summary_weekly_spi.pdf,ok,320334,68e72a56be3c21ee7573de4ae0cde022072f3b8034a1aa7d2ffdabfec4db2090,2015-16,2026-10-03T16:04:43,
2023-03-09,summary,wayback,weekly_spi,https://www.pbs.gov.pk/sites/default/files/price_statistics/weekly_spi/SPI_Executive%20Sumary%26Report_09032023.pdf,https://web.archive.org/web/20230322192644id_/https://www.pbs.gov.pk/sites/default/files/price_statistics/weekly_spi/SPI_Executive%20Sumary%26Report_09032023.pdf,data/raw/spi_weekly/wayback/summary/2023-03-09_summary_weekly_spi.pdf,ok,320018,b9f55474d00eba5318a18b1bf03b25f876c7c9b9bab9b7451b100b0032c93ac4,2015-16,2026-10-03T16:04:51,
2023-03-16,summary,wayback,weekly_spi,https://www.pbs.gov.pk/sites/default/files/price_statistics/weekly_spi/SPI_Executive%20Sumary%26Report_16032023.pdf,https://web.archive.org/web/20230322194209id_/https://www.pbs.gov.pk/sites/default/files/price_statistics/weekly_spi/SPI_Executive%20Sumary%26Report_16032023.pdf,data/raw/spi_weekly/wayback/summary/2023-03-16_summary_weekly_spi.pdf,ok,319639,db5149ecd70a8f6502c776563ae6972dd6da82f18e79f65b5d9dc1e9412d2dc2,2015-16,2026-10-03T16:05:01,
2023-03-22,summary,wayback,weekly_spi,https://www.pbs.gov.pk/sites/default/files/price_statistics/weekly_spi/SPI_Executive%20Sumary%26Report_22032023_0.pdf,https://web.archive.org/web/20230403091214id_/https://www.pbs.gov.pk/sites/default/files/price_statistics/weekly_spi/SPI_Executive%20Sumary%26Report_22032023_0.pdf,data/raw/spi_weekly/wayback/summary/2023-03-22_summary_weekly_spi.pdf,ok,318976,c5d39ad00de5bc28474f10b62e346acefc200c846ba3569d225011c9fe6385b8,2015-16,2026-10-03T16:05:09,
2023-03-30,summary,wayback,weekly_spi,https://www.pbs.gov.pk/sites/default/files/price_statistics/weekly_spi/SPI_Executive%20Sumary%26Report_30032023.pdf,https://web.archive.org/web/20230422052935id_/https://www.pbs.gov.pk/sites/default/files/price_statistics/weekly_spi/SPI_Executive%20Sumary%26Report_30032023.pdf,data/raw/spi_weekly/wayback/summary/2023-03-30_summary_weekly_spi.pdf,ok,319720,1eccefb16c09b81a2d88b313499a6b2adb56ec5e3810e5198ed658c24988f87e,2015-16,2026-10-03T16:05:17,
2023-04-06,summary,wayback,weekly_spi,https://www.pbs.gov.pk/sites/default/files/price_statistics/weekly_spi/SPI_Executive%20Sumary%26Report_06042023.pdf,https://web.archive.org/web/20230422052603id_/https://www.pbs.gov.pk/sites/default/files/price_statistics/weekly_spi/SPI_Executive%20Sumary%26Report_06042023.pdf,data/raw/spi_weekly/wayback/summary/2023-04-06_summary_weekly_spi.pdf,ok,319977,e6412ec79ed5ad0b75c663c7633741e090a87ed2b384b59d0fa27df7c3be0769,2015-16,2026-10-03T16:05:25,
2023-04-13,summary,wayback,weekly_spi,https://www.pbs.gov.pk/sites/default/files/price_statistics/weekly_spi/SPI_Executive%20Sumary%26Report_13042023.pdf,https://web.archive.org/web/20230422052233id_/https://www.pbs.gov.pk/sites/default/files/price_statistics/weekly_spi/SPI_Executive%20Sumary%26Report_13042023.pdf,data/raw/spi_weekly/wayback/summary/2023-04-13_summary_weekly_spi.pdf,ok,318879,bd8a6504f6c60527a65a9f4d65ab6e9b70f83fdbdca1878546ba27f44f5f49dc,2015-16,2026-10-03T16:05:33,
2023-04-19,summary,wayback,weekly_spi,https://www.pbs.gov.pk/sites/default/files/price_statistics/weekly_spi/SPI_Executive%20Sumary%26Report_19042023.pdf,https://web.archive.org/web/20230817132402id_/https://www.pbs.gov.pk/sites/default/files/price_statistics/weekly_spi/SPI_Executive%20Sumary%26Report_19042023.pdf,data/raw/spi_weekly/wayback/summary/2023-04-19_summary_weekly_spi.pdf,ok,319614,013bc4d598c3e59bdcf7a672a3a90ad510685e51e3ac527c8e72434ab8995250,2015-16,2026-10-03T16:05:44,
2023-04-27,summary,wayback,weekly_spi,https://www.pbs.gov.pk/sites/default/files/price_statistics/weekly_spi/SPI_Executive%20Sumary%26Report_27042023.pdf,https://web.archive.org/web/20230503125836id_/https://www.pbs.gov.pk/sites/default/files/price_statistics/weekly_spi/SPI_Executive%20Sumary%26Report_27042023.pdf,data/raw/spi_weekly/wayback/summary/2023-04-27_summary_weekly_spi.pdf,ok,317205,a7f35632724bdb5010eb61a5626110836f72df7f560bbffd2326dd237698c4e5,2015-16,2026-10-03T16:05:53,
2023-05-04,summary,wayback,weekly_spi,https://www.pbs.gov.pk/sites/default/files/price_statistics/weekly_spi/SPI_Executive%20Sumary%26Report_04052023.pdf,https://web.archive.org/web/20230817132246id_/https://www.pbs.gov.pk/sites/default/files/price_statistics/weekly_spi/SPI_Executive%20Sumary%26Report_04052023.pdf,data/raw/spi_weekly/wayback/summary/2023-05-04_summary_weekly_spi.pdf,ok,322242,4675860f77e06e31c8f73dc0f83437017194ac99fed7bf848e35870aadb8e061,2015-16,2026-10-03T16:06:01,
2023-05-11,summary,wayback,weekly_spi,https://www.pbs.gov.pk/sites/default/files/price_statistics/weekly_spi/SPI_Executive%20Sumary%26Report_11052023.pdf,https://web.archive.org/web/20230817132211id_/https://www.pbs.gov.pk/sites/default/files/price_statistics/weekly_spi/SPI_Executive%20Sumary%26Report_11052023.pdf,data/raw/spi_weekly/wayback/summary/2023-05-11_summary_weekly_spi.pdf,ok,317815,2e17d67a97ab0e47048853d2ea90a34379f1d40adad93e732ac1790d44401019,2015-16,2026-10-03T16:06:08,
2023-05-18,summary,wayback,weekly_spi,https://www.pbs.gov.pk/sites/default/files/price_statistics/weekly_spi/SPI_Executive%20Sumary%26Report_18052023.pdf,https://web.archive.org/web/20230909070448id_/https://www.pbs.gov.pk/sites/default/files/price_statistics/weekly_spi/SPI_Executive%20Sumary%26Report_18052023.pdf,data/raw/spi_weekly/wayback/summary/2023-05-18_summary_weekly_spi.pdf,ok,321440,96543f439fdcdd04d1e2e8fc16f8064aaf657ebe5a330a9855d6f4b35b584ef4,2015-16,2026-10-03T16:06:16,
2023-05-25,summary,wayback,weekly_spi,https://www.pbs.gov.pk/sites/default/files/price_statistics/weekly_spi/SPI_Executive%20Sumary%26Report_25052023.pdf,https://web.archive.org/web/20230909070424id_/https://www.pbs.gov.pk/sites/default/files/price_statistics/weekly_spi/SPI_Executive%20Sumary%26Report_25052023.pdf,data/raw/spi_weekly/wayback/summary/2023-05-25_summary_weekly_spi.pdf,ok,321381,c13a3ddcda9d3e9fbd7c9b373322627ff6e29895d9418a880bc59178c7f5cbb9,2015-16,2026-10-03T16:06:25,
2023-06-01,summary,wayback,weekly_spi,https://www.pbs.gov.pk/sites/default/files/price_statistics/weekly_spi/SPI_Executive%20Sumary%26Report_01062023.pdf,https://web.archive.org/web/20230909070344id_/https://www.pbs.gov.pk/sites/default/files/price_statistics/weekly_spi/SPI_Executive%20Sumary%26Report_01062023.pdf,data/raw/spi_weekly/wayback/summary/2023-06-01_summary_weekly_spi.pdf,ok,321368,a45b03290fad73e34a62b1bd5f7a62bc6f0bd6405c1e04cadda90d124a4b611a,2015-16,2026-10-03T16:06:32,
2023-06-08,summary,wayback,weekly_spi,https://www.pbs.gov.pk/sites/default/files/price_statistics/weekly_spi/SPI_Executive%20Sumary%26Report_08062023.pdf,https://web.archive.org/web/20230909070316id_/https://www.pbs.gov.pk/sites/default/files/price_statistics/weekly_spi/SPI_Executive%20Sumary%26Report_08062023.pdf,data/raw/spi_weekly/wayback/summary/2023-06-08_summary_weekly_spi.pdf,ok,319761,ac14b751ddc53dda097352b6eef2c565bb0d71f8c437b2a0fb1a7c1a88299734,2015-16,2026-10-03T16:06:40,
2023-06-15,summary,wayback,weekly_spi,https://www.pbs.gov.pk/sites/default/files/price_statistics/weekly_spi/SPI_Executive%20Sumary%26Report_15062023.pdf,https://web.archive.org/web/20231116133601id_/https://www.pbs.gov.pk/sites/default/files/price_statistics/weekly_spi/SPI_Executive%20Sumary%26Report_15062023.pdf,data/raw/spi_weekly/wayback/summary/2023-06-15_summary_weekly_spi.pdf,ok,320574,14d308c02b63764a9a92129f19c38bef23d94338a89edd675f63641c6b7f3a2c,2015-16,2026-10-03T16:06:47,
2023-06-22,summary,wayback,weekly_spi,https://www.pbs.gov.pk/sites/default/files/price_statistics/weekly_spi/SPI_Executive%20Sumary%26Report_22062023.pdf,https://web.archive.org/web/20231116133459id_/https://www.pbs.gov.pk/sites/default/files/price_statistics/weekly_spi/SPI_Executive%20Sumary%26Report_22062023.pdf,data/raw/spi_weekly/wayback/summary/2023-06-22_summary_weekly_spi.pdf,ok,442140,3bf789d76107e1742608121923e1de2f0cd687c28f9243f50af17fa4fbddebab,2015-16,2026-10-03T16:06:56,
2023-07-06,summary,wayback,weekly_spi,https://www.pbs.gov.pk/sites/default/files/price_statistics/weekly_spi/SPI_Executive%20Sumary%26Report_06072023.pdf,https://web.archive.org/web/20231116132532id_/https://www.pbs.gov.pk/sites/default/files/price_statistics/weekly_spi/SPI_Executive%20Sumary%26Report_06072023.pdf,data/raw/spi_weekly/wayback/summary/2023-07-06_summary_weekly_spi.pdf,ok,429984,397ce32b319b7b29354279e4ec515d8ba2039360500535eb2b5268070cec23ce,2015-16,2026-10-03T16:07:06,
2023-07-13,summary,pbs_live,live,https://www.pbs.gov.pk/wp-content/uploads/2020/07/SPI_Executive-SumaryReport_13072023.pdf,https://www.pbs.gov.pk/wp-content/uploads/2020/07/SPI_Executive-SumaryReport_13072023.pdf,data/raw/spi_weekly/pbs_live/summary/2023-07-13_summary_live.pdf,ok,315091,878438865210d8dd7b1e6f09865941db8b4cd29704de50c5e1a9a815ccc42423,2015-16,2026-10-03T16:07:09,
2023-07-20,summary,pbs_live,live,https://www.pbs.gov.pk/wp-content/uploads/2020/07/SPI_Executive-SumaryReport_20072023.pdf,https://www.pbs.gov.pk/wp-content/uploads/2020/07/SPI_Executive-SumaryReport_20072023.pdf,data/raw/spi_weekly/pbs_live/summary/2023-07-20_summary_live.pdf,ok,315365,dcf6a7970d794f71f9ead8d690e20920f7c8c64a597b27187f4bde3ea1121a40,2015-16,2026-10-03T16:07:11,
2023-07-25,summary,pbs_live,live,https://www.pbs.gov.pk/wp-content/uploads/2020/07/SPI_Executive-SumaryReport_25072023.pdf,https://www.pbs.gov.pk/wp-content/uploads/2020/07/SPI_Executive-SumaryReport_25072023.pdf,,failed,,,,2026-10-03T16:07:13,HTTP 404
2023-07-26,summary,wayback,weekly_spi,https://www.pbs.gov.pk/sites/default/files/price_statistics/weekly_spi/SPI_Executive%20Sumary%26Report_26072023.pdf,https://web.archive.org/web/20231116121324id_/https://www.pbs.gov.pk/sites/default/files/price_statistics/weekly_spi/SPI_Executive%20Sumary%26Report_26072023.pdf,data/raw/spi_weekly/wayback/summary/2023-07-26_summary_weekly_spi.pdf,ok,314948,fc401ea708e403b9afd52d78b34edaea74875f4fc3f61791387091794f8296f2,2015-16,2026-10-03T16:07:21,
2023-08-03,summary,wayback,weekly_spi,https://www.pbs.gov.pk/sites/default/files/price_statistics/weekly_spi/SPI_Executive%20Sumary%26Report_03082023.pdf,https://web.archive.org/web/20231116121247id_/https://www.pbs.gov.pk/sites/default/files/price_statistics/weekly_spi/SPI_Executive%20Sumary%26Report_03082023.pdf,data/raw/spi_weekly/wayback/summary/2023-08-03_summary_weekly_spi.pdf,ok,315855,6127ac55388d25764b0f8df9825e0ae0f8637197c7c7d6d29e6182685d52ca23,2015-16,2026-10-03T16:07:32,
2023-08-10,summary,wayback,weekly_spi,https://www.pbs.gov.pk/sites/default/files/price_statistics/weekly_spi/SPI_Executive%20Sumary%26Report_10082023.pdf,https://web.archive.org/web/20231116121203id_/https://www.pbs.gov.pk/sites/default/files/price_statistics/weekly_spi/SPI_Executive%20Sumary%26Report_10082023.pdf,data/raw/spi_weekly/wayback/summary/2023-08-10_summary_weekly_spi.pdf,ok,315003,32fbed0852192f816069700ea5d87c2520634b4080884ccb51bb3ae4c696d4ff,2015-16,2026-10-03T16:07:41,
2023-08-17,summary,pbs_live,live,https://www.pbs.gov.pk/wp-content/uploads/2020/07/SPI_Executive-SumaryReport_17082023.pdf,https://www.pbs.gov.pk/wp-content/uploads/2020/07/SPI_Executive-SumaryReport_17082023.pdf,data/raw/spi_weekly/pbs_live/summary/2023-08-17_summary_live.pdf,ok,316778,c184352042dfda7be27633e353ce3d42563682003b32b3888efc16c8eed01de7,2015-16,2026-10-03T16:07:43,
2023-08-24,summary,wayback,weekly_spi,https://www.pbs.gov.pk/sites/default/files/price_statistics/weekly_spi/SPI_Executive%20Sumary%26Report_24082023.pdf,https://web.archive.org/web/20231116120139id_/https://www.pbs.gov.pk/sites/default/files/price_statistics/weekly_spi/SPI_Executive%20Sumary%26Report_24082023.pdf,data/raw/spi_weekly/wayback/summary/2023-08-24_summary_weekly_spi.pdf,ok,317306,168ab03693e106caeea8705caa24cc069e836395de98134897c19708aafbd5b5,2015-16,2026-10-03T16:07:52,
2023-08-26,summary,pbs_live,live,https://www.pbs.gov.pk/wp-content/uploads/2020/07/SPI_Executive-SumaryReport_26082023.pdf,https://www.pbs.gov.pk/wp-content/uploads/2020/07/SPI_Executive-SumaryReport_26082023.pdf,,failed,,,,2026-10-03T16:07:54,HTTP 404
2023-08-31,summary,wayback,weekly_spi,https://www.pbs.gov.pk/sites/default/files/price_statistics/weekly_spi/SPI_Executive%20Sumary%26Report_31082023.pdf,https://web.archive.org/web/20231116120031id_/https://www.pbs.gov.pk/sites/default/files/price_statistics/weekly_spi/SPI_Executive%20Sumary%26Report_31082023.pdf,data/raw/spi_weekly/wayback/summary/2023-08-31_summary_weekly_spi.pdf,ok,316227,330e22cf01769d485f9132c4cbc472a2c489c82c5145d17057c52aee83c58472,2015-16,2026-10-03T16:08:01,
2023-09-07,summary,wayback,weekly_spi,https://www.pbs.gov.pk/sites/default/files/price_statistics/weekly_spi/SPI_Executive%20Sumary%26Report_07092023.pdf,https://web.archive.org/web/20231114171836id_/https://www.pbs.gov.pk/sites/default/files/price_statistics/weekly_spi/SPI_Executive%20Sumary%26Report_07092023.pdf,data/raw/spi_weekly/wayback/summary/2023-09-07_summary_weekly_spi.pdf,ok,315532,48d7a1c031e6b47896c6242e079bc7823c242d9b9f1026bb06ec407ebaf04950,2015-16,2026-10-03T16:08:09,
2023-09-14,summary,pbs_live,live,https://www.pbs.gov.pk/wp-content/uploads/2020/07/SPI_-Executive-SumaryReport_14092023.pdf,https://www.pbs.gov.pk/wp-content/uploads/2020/07/SPI_-Executive-SumaryReport_14092023.pdf,data/raw/spi_weekly/pbs_live/summary/2023-09-14_summary_live.pdf,ok,315840,ee2fd3ec879d80ca047c10db684b17e491defe3486d4199a4c45a794b3c5fee9,2015-16,2026-10-03T16:08:11,
2023-09-21,summary,pbs_live,live,https://www.pbs.gov.pk/wp-content/uploads/2020/07/SPI_Executive-SumaryReport_21092023.pdf,https://www.pbs.gov.pk/wp-content/uploads/2020/07/SPI_Executive-SumaryReport_21092023.pdf,data/raw/spi_weekly/pbs_live/summary/2023-09-21_summary_live.pdf,ok,316448,1543693ad0d442d2b982d646c30511657850e7a7b6efdd6943e44a3f799b3e0f,2015-16,2026-10-03T16:08:13,
2023-09-27,summary,pbs_live,live,https://www.pbs.gov.pk/wp-content/uploads/2020/07/SPI_Executive-SumaryReport_27092023.pdf,https://www.pbs.gov.pk/wp-content/uploads/2020/07/SPI_Executive-SumaryReport_27092023.pdf,,failed,,,,2026-10-03T16:08:15,HTTP 404
2023-09-27,summary,wayback,weekly_spi,https://www.pbs.gov.pk/sites/default/files/price_statistics/weekly_spi/SPI_Executive%20Sumary%26Report_%2027092023_0.pdf,https://web.archive.org/web/20231114171521id_/https://www.pbs.gov.pk/sites/default/files/price_statistics/weekly_spi/SPI_Executive%20Sumary%26Report_%2027092023_0.pdf,data/raw/spi_weekly/wayback/summary/2023-09-27_summary_weekly_spi.pdf,ok,317168,47b7ec0cc0050d0c9d7f750919f198531b27fe624a2394ece2d0bf92cff9f2da,2015-16,2026-10-03T16:08:21,
2023-10-05,summary,wayback,weekly_spi,https://www.pbs.gov.pk/sites/default/files/price_statistics/weekly_spi/SPI-Executive%20Summary%26Report_05102023.pdf,https://web.archive.org/web/20231114171454id_/https://www.pbs.gov.pk/sites/default/files/price_statistics/weekly_spi/SPI-Executive%20Summary%26Report_05102023.pdf,data/raw/spi_weekly/wayback/summary/2023-10-05_summary_weekly_spi.pdf,ok,315750,010fbc9b2b2bf026a4073622c5ce7e5d4151562aef16ec767b7b18399db61460,2015-16,2026-10-03T16:08:29,
2023-10-12,summary,pbs_live,live,https://www.pbs.gov.pk/wp-content/uploads/2020/07/SPI-Executive-SumaryReport_12102023.pdf,https://www.pbs.gov.pk/wp-content/uploads/2020/07/SPI-Executive-SumaryReport_12102023.pdf,,failed,,,,2026-10-03T16:08:31,HTTP 404
2023-10-12,summary,wayback,weekly_spi,https://www.pbs.gov.pk/sites/default/files/price_statistics/weekly_spi/SPI_Executive%20Summary%26Report_12102023.pdf,https://web.archive.org/web/20231114171414id_/https://www.pbs.gov.pk/sites/default/files/price_statistics/weekly_spi/SPI_Executive%20Summary%26Report_12102023.pdf,data/raw/spi_weekly/wayback/summary/2023-10-12_summary_weekly_spi.pdf,ok,315260,34b09e8a31fbd037b2329a6f4283bbde034f6edba9647dc5f43f9d3c7ef8bd9b,2015-16,2026-10-03T16:08:38,
2023-10-19,summary,pbs_live,live,https://www.pbs.gov.pk/wp-content/uploads/2020/07/SPI-Executive-SummaryReport_19102023.pdf,https://www.pbs.gov.pk/wp-content/uploads/2020/07/SPI-Executive-SummaryReport_19102023.pdf,data/raw/spi_weekly/pbs_live/summary/2023-10-19_summary_live.pdf,ok,317236,dd9d4b4c4a4777e045db1b41638470ae5f181f29bfc059ff5d7b9651c3e9a24c,2015-16,2026-10-03T16:08:39,
2023-10-22,summary,pbs_live,live,https://www.pbs.gov.pk/wp-content/uploads/2020/07/SPI_Executive-SumaryReport_22102023.pdf,https://www.pbs.gov.pk/wp-content/uploads/2020/07/SPI_Executive-SumaryReport_22102023.pdf,,failed,,,,2026-10-03T16:08:41,HTTP 404
2023-10-26,summary,wayback,weekly_spi,https://www.pbs.gov.pk/sites/default/files/price_statistics/weekly_spi/SPI%20Executive%20Sumary%26SPI%20Report_26102023.pdf,https://web.archive.org/web/20231114163059id_/https://www.pbs.gov.pk/sites/default/files/price_statistics/weekly_spi/SPI%20Executive%20Sumary%26SPI%20Report_26102023.pdf,data/raw/spi_weekly/wayback/summary/2023-10-26_summary_weekly_spi.pdf,ok,315378,ccdab055328ebc31f5d45e6e1f590da0c03f68ed11d6348b33234fe1fac1a03a,2015-16,2026-10-03T16:08:48,
2023-10-28,summary,pbs_live,live,https://www.pbs.gov.pk/wp-content/uploads/2020/07/SPI_Executive-SumaryReport_28102023.pdf,https://www.pbs.gov.pk/wp-content/uploads/2020/07/SPI_Executive-SumaryReport_28102023.pdf,,failed,,,,2026-10-03T16:08:50,HTTP 404
2023-11-02,summary,wayback,weekly_spi,https://www.pbs.gov.pk/sites/default/files/price_statistics/weekly_spi/SPI%20Executive%20Sumary%24Report_02112023.pdf,https://web.archive.org/web/20231114163003id_/https://www.pbs.gov.pk/sites/default/files/price_statistics/weekly_spi/SPI%20Executive%20Sumary%24Report_02112023.pdf,data/raw/spi_weekly/wayback/summary/2023-11-02_summary_weekly_spi.pdf,ok,315570,0fc1d62a3c386e6bed739e5bb50356ee5e8f8e61df09fe3a782c73d4873711b8,2015-16,2026-10-03T16:08:57,
2023-11-08,summary,wayback,weekly_spi,https://www.pbs.gov.pk/sites/default/files/price_statistics/weekly_spi/SPI%20Executive%20Sumary%26SPI%20Report_08112023.pdf,https://web.archive.org/web/20231114162916id_/https://www.pbs.gov.pk/sites/default/files/price_statistics/weekly_spi/SPI%20Executive%20Sumary%26SPI%20Report_08112023.pdf,data/raw/spi_weekly/wayback/summary/2023-11-08_summary_weekly_spi.pdf,ok,314822,50464875b363bd01f3d9f713d4421f45650fc88b57a371a75a5f7c4dd9140d62,2015-16,2026-10-03T16:09:05,
2023-11-11,summary,pbs_live,live,https://www.pbs.gov.pk/wp-content/uploads/2020/07/SPI_Executive-SumaryReport_11112023.pdf,https://www.pbs.gov.pk/wp-content/uploads/2020/07/SPI_Executive-SumaryReport_11112023.pdf,,failed,,,,2026-10-03T16:09:07,HTTP 404
2023-11-16,summary,pbs_live,live,https://www.pbs.gov.pk/wp-content/uploads/2020/07/SPI-Executive-SumaryReport_16112023.pdf,https://www.pbs.gov.pk/wp-content/uploads/2020/07/SPI-Executive-SumaryReport_16112023.pdf,data/raw/spi_weekly/pbs_live/summary/2023-11-16_summary_live.pdf,ok,317492,b57ab786e78da7eedf61b8ba62535dcf58c70f144a635133c640f9341214c773,2015-16,2026-10-03T16:09:08,
2023-11-23,summary,wayback,weekly_spi,https://www.pbs.gov.pk/sites/default/files/price_statistics/weekly_spi/SPI%20Executive%20Sumary%26SPI%20Report_23112023.pdf,https://web.archive.org/web/20240621143114id_/https://www.pbs.gov.pk/sites/default/files/price_statistics/weekly_spi/SPI%20Executive%20Sumary%26SPI%20Report_23112023.pdf,data/raw/spi_weekly/wayback/summary/2023-11-23_summary_weekly_spi.pdf,ok,308068,c68d300f18591d50ccfdcf8fd8bd440f1936044c98b0f02acffdcba4f71581e9,2015-16,2026-10-03T16:09:17,
2023-11-24,summary,pbs_live,live,https://www.pbs.gov.pk/wp-content/uploads/2020/07/SPI-Executive-SumaryReport_24112023.pdf,https://www.pbs.gov.pk/wp-content/uploads/2020/07/SPI-Executive-SumaryReport_24112023.pdf,,failed,,,,2026-10-03T16:09:19,HTTP 404
2023-11-29,summary,pbs_live,live,https://www.pbs.gov.pk/wp-content/uploads/2020/07/SPI_Executive-SumaryReport_29112023.pdf,https://www.pbs.gov.pk/wp-content/uploads/2020/07/SPI_Executive-SumaryReport_29112023.pdf,,failed,,,,2026-10-03T16:09:21,HTTP 404
2023-11-30,summary,wayback,weekly_spi,https://www.pbs.gov.pk/sites/default/files/price_statistics/weekly_spi/SPI_Executive%20Sumary%26SPI%20Report_30112023.pdf,https://web.archive.org/web/20240617100618id_/https://www.pbs.gov.pk/sites/default/files/price_statistics/weekly_spi/SPI_Executive%20Sumary%26SPI%20Report_30112023.pdf,data/raw/spi_weekly/wayback/summary/2023-11-30_summary_weekly_spi.pdf,ok,320317,f688d45ad4f72e64a4809f2dfc004f7f818672e845a675f357a650427787b418,2015-16,2026-10-03T16:09:27,
2023-12-07,summary,wayback,weekly_spi,https://www.pbs.gov.pk/sites/default/files/price_statistics/weekly_spi/SPI_Executive%20Sumary%26SPI%20Report_07122023.pdf,https://web.archive.org/web/20231210030227id_/https://www.pbs.gov.pk/sites/default/files/price_statistics/weekly_spi/SPI_Executive%20Sumary%26SPI%20Report_07122023.pdf,data/raw/spi_weekly/wayback/summary/2023-12-07_summary_weekly_spi.pdf,ok,124719,94c9f67a557b64c46958fdb10983c1c5fcd088c087dae42c25b902b45b5f8da3,2015-16,2026-10-03T16:09:34,
2023-12-10,summary,pbs_live,live,https://www.pbs.gov.pk/wp-content/uploads/2020/07/SPI-Executive-SumaryReport_10122023.pdf,https://www.pbs.gov.pk/wp-content/uploads/2020/07/SPI-Executive-SumaryReport_10122023.pdf,,failed,,,,2026-10-03T16:09:36,HTTP 404
2023-12-14,summary,pbs_live,live,https://www.pbs.gov.pk/wp-content/uploads/2020/07/SPI-Executive-SumarySPI-Report_14122023.pdf,https://www.pbs.gov.pk/wp-content/uploads/2020/07/SPI-Executive-SumarySPI-Report_14122023.pdf,data/raw/spi_weekly/pbs_live/summary/2023-12-14_summary_live.pdf,ok,320084,2deef79c5e8685d9287d140df57362976c44c2ebd0cf32ba19dc86f5a4116290,2015-16,2026-10-03T16:09:38,
2023-12-21,summary,wayback,weekly_spi,https://www.pbs.gov.pk/sites/default/files/price_statistics/weekly_spi/SPI%20Executive%20Sumary%26SPI%20Report_21122023.pdf,https://web.archive.org/web/20231222104720id_/https://www.pbs.gov.pk/sites/default/files/price_statistics/weekly_spi/SPI%20Executive%20Sumary%26SPI%20Report_21122023.pdf,data/raw/spi_weekly/wayback/summary/2023-12-21_summary_weekly_spi.pdf,ok,320464,9d2860c237ca810c833325a82c92537c5f930e72f59c3c08a0e2c0de18ed0fd9,2015-16,2026-10-03T16:09:45,
2023-12-23,summary,pbs_live,live,https://www.pbs.gov.pk/wp-content/uploads/2020/07/SPI_Executive-SumaryReport_23122023.pdf,https://www.pbs.gov.pk/wp-content/uploads/2020/07/SPI_Executive-SumaryReport_23122023.pdf,,failed,,,,2026-10-03T16:09:47,HTTP 404
2023-12-28,summary,wayback,weekly_spi,https://www.pbs.gov.pk/sites/default/files/price_statistics/weekly_spi/SPI%20Executive%20Sumary%26SPI%20Report_28122023.pdf,https://web.archive.org/web/20240621142647id_/https://www.pbs.gov.pk/sites/default/files/price_statistics/weekly_spi/SPI%20Executive%20Sumary%26SPI%20Report_28122023.pdf,data/raw/spi_weekly/wayback/summary/2023-12-28_summary_weekly_spi.pdf,ok,318827,a766bed765cc9a55754f34e86f479c2fb6f34c2b879eabb915031fce8913232e,2015-16,2026-10-03T16:09:54,
2023-12-30,summary,pbs_live,live,https://www.pbs.gov.pk/wp-content/uploads/2020/07/SPI-Executive-SumaryReport_30122023.pdf,https://www.pbs.gov.pk/wp-content/uploads/2020/07/SPI-Executive-SumaryReport_30122023.pdf,,failed,,,,2026-10-03T16:09:56,HTTP 404
2024-01-04,summary,pbs_live,live,https://www.pbs.gov.pk/wp-content/uploads/2020/07/Executive-SumarySPI-Report_04012024.pdf,https://www.pbs.gov.pk/wp-content/uploads/2020/07/Executive-SumarySPI-Report_04012024.pdf,data/raw/spi_weekly/pbs_live/summary/2024-01-04_summary_live.pdf,ok,320051,c138e27847c3673994786111daea2e73f85e7bd919b2199a7809522dbe79c617,2015-16,2026-10-03T16:09:57,
2024-01-11,summary,pbs_live,live,https://www.pbs.gov.pk/wp-content/uploads/2020/07/SPI-Executive-SumarySPI-Report_11012024.pdf,https://www.pbs.gov.pk/wp-content/uploads/2020/07/SPI-Executive-SumarySPI-Report_11012024.pdf,data/raw/spi_weekly/pbs_live/summary/2024-01-11_summary_live.pdf,ok,321485,9ba384be7f28358187d1be4fbf45006cbd1dfa1f981b1285a9c119cc8ba14a02,2015-16,2026-10-03T16:09:59,
2024-01-18,summary,pbs_live,live,https://www.pbs.gov.pk/wp-content/uploads/2020/07/SPI-Executive-SumarySPI-Report_18012024.pdf,https://www.pbs.gov.pk/wp-content/uploads/2020/07/SPI-Executive-SumarySPI-Report_18012024.pdf,data/raw/spi_weekly/pbs_live/summary/2024-01-18_summary_live.pdf,ok,320954,f65b0a5cd0ba93d5b8fd834bcb804abd6d2e3c208b51f457f93910f1f9bc0f8c,2015-16,2026-10-03T16:10:01,
2024-01-25,summary,pbs_live,live,https://www.pbs.gov.pk/wp-content/uploads/2020/07/SPI-Executive-SumarySPI-Report_25012024.pdf,https://www.pbs.gov.pk/wp-content/uploads/2020/07/SPI-Executive-SumarySPI-Report_25012024.pdf,data/raw/spi_weekly/pbs_live/summary/2024-01-25_summary_live.pdf,ok,322297,e1d041a7c748fdc05cd2f2ee796b7f2515f8925d09f57783ed5ec6666ca7ef64,2015-16,2026-10-03T16:10:03,
2024-02-01,summary,pbs_live,live,https://www.pbs.gov.pk/wp-content/uploads/2020/07/SPI-Executive-SumarySPI-Report_01022024.pdf,https://www.pbs.gov.pk/wp-content/uploads/2020/07/SPI-Executive-SumarySPI-Report_01022024.pdf,data/raw/spi_weekly/pbs_live/summary/2024-02-01_summary_live.pdf,ok,321985,b61f46f99595d260d55b44521cf98e48416ab19de9b80dbc93982e8f761b4f3b,2015-16,2026-10-03T16:10:06,
2024-02-15,summary,pbs_live,live,https://www.pbs.gov.pk/wp-content/uploads/2020/07/SPI-Executive-SumarySPI-Repot_15022024.pdf,https://www.pbs.gov.pk/wp-content/uploads/2020/07/SPI-Executive-SumarySPI-Repot_15022024.pdf,data/raw/spi_weekly/pbs_live/summary/2024-02-15_summary_live.pdf,ok,323499,becb54ba8f27bec4e080636bc3dab1f67710307152bff8421234ba6193fbb909,2015-16,2026-10-03T16:10:08,
2024-02-22,summary,pbs_live,live,https://www.pbs.gov.pk/wp-content/uploads/2020/07/SPI-Executive-SumarySPI-Report_22022024.pdf,https://www.pbs.gov.pk/wp-content/uploads/2020/07/SPI-Executive-SumarySPI-Report_22022024.pdf,data/raw/spi_weekly/pbs_live/summary/2024-02-22_summary_live.pdf,ok,320947,90c48a85f26919828deadeb400d1317a1c1edf60cda51a72d3c394f10a45d8ba,2015-16,2026-10-03T16:10:09,
2024-02-29,summary,pbs_live,live,https://www.pbs.gov.pk/uploads/2020/07/SPI-Executive-SumarySPI-Report_29022024.pdf,https://www.pbs.gov.pk/uploads/2020/07/SPI-Executive-SumarySPI-Report_29022024.pdf,,failed,,,,2026-10-03T16:10:12,HTTP 404
2024-02-29,summary,wayback,weekly_spi,https://www.pbs.gov.pk/sites/default/files/price_statistics/weekly_spi/SPI%20Executive%20Sumary%26SPI%20Report_29022024.pdf,https://web.archive.org/web/20240527154441id_/https://www.pbs.gov.pk/sites/default/files/price_statistics/weekly_spi/SPI%20Executive%20Sumary%26SPI%20Report_29022024.pdf,data/raw/spi_weekly/wayback/summary/2024-02-29_summary_weekly_spi.pdf,ok,486014,ecc871cebb43f09c26453e67be56ce6afe1e8adaa9cbf7aed25b5c39f32834a8,2015-16,2026-10-03T16:10:19,
2024-03-07,summary,pbs_live,live,https://www.pbs.gov.pk/wp-content/uploads/2020/07/SPI20Executive20Sumary26SPI20Report_07032024.pdf,https://www.pbs.gov.pk/wp-content/uploads/2020/07/SPI20Executive20Sumary26SPI20Report_07032024.pdf,data/raw/spi_weekly/pbs_live/summary/2024-03-07_summary_live.pdf,ok,321915,475013b89435c9f5c4545fc0aede3db979f165ba96ce0de1e96e523e3fae7707,2015-16,2026-10-03T16:10:22,
2024-03-14,summary,pbs_live,live,https://www.pbs.gov.pk/wp-content/uploads/2020/07/SPI20Executive20Sumary26SPI20Report_14032024.pdf,https://www.pbs.gov.pk/wp-content/uploads/2020/07/SPI20Executive20Sumary26SPI20Report_14032024.pdf,data/raw/spi_weekly/pbs_live/summary/2024-03-14_summary_live.pdf,ok,325133,ddd6e0772eb11dbe171d99cf7817544beabc94afd1084340ec048da11f86591a,2015-16,2026-10-03T16:10:25,
2024-03-21,summary,pbs_live,live,https://www.pbs.gov.pk/wp-content/uploads/2020/07/SPI20Executive20Sumary26SPI20Report_21032024.pdf,https://www.pbs.gov.pk/wp-content/uploads/2020/07/SPI20Executive20Sumary26SPI20Report_21032024.pdf,data/raw/spi_weekly/pbs_live/summary/2024-03-21_summary_live.pdf,ok,321831,34f64445675a8578db1417dc59908c61f3948ee5ee7f04cddddd7540efa8095e,2015-16,2026-10-03T16:10:27,
2024-03-28,summary,pbs_live,live,https://www.pbs.gov.pk/wp-content/uploads/2020/07/SPI20Executive20Sumary26SPI20Report_28032024.pdf,https://www.pbs.gov.pk/wp-content/uploads/2020/07/SPI20Executive20Sumary26SPI20Report_28032024.pdf,data/raw/spi_weekly/pbs_live/summary/2024-03-28_summary_live.pdf,ok,320896,36ab8e9ad408d7c65f8e84ed6f524de3ae8754e43a565017c6253b0e0a1319b6,2015-16,2026-10-03T16:10:35,
2024-04-04,summary,pbs_live,live,https://www.pbs.gov.pk/wp-content/uploads/2020/07/SPI20Executive20Sumary26SPI20Report_04042024.pdf,https://www.pbs.gov.pk/wp-content/uploads/2020/07/SPI20Executive20Sumary26SPI20Report_04042024.pdf,data/raw/spi_weekly/pbs_live/summary/2024-04-04_summary_live.pdf,ok,324021,734ae9c922b4ff646a5faa8aba5f7d5b4504bc8154c92f6a25125b3bbed3e50c,2015-16,2026-10-03T16:10:39,
2024-04-18,summary,pbs_live,live,https://www.pbs.gov.pk/wp-content/uploads/2020/07/SPI20Executive20Sumary26Report_18042024.pdf,https://www.pbs.gov.pk/wp-content/uploads/2020/07/SPI20Executive20Sumary26Report_18042024.pdf,data/raw/spi_weekly/pbs_live/summary/2024-04-18_summary_live.pdf,ok,325709,658251551d4526a8bfc86379144d7191f5109bce0b13a8dc4d1af8951d373544,2015-16,2026-10-03T16:10:42,
2024-04-25,summary,pbs_live,live,https://www.pbs.gov.pk/wp-content/uploads/2020/07/SPI20Executive20Sumary26SPI20Report_25042024.pdf,https://www.pbs.gov.pk/wp-content/uploads/2020/07/SPI20Executive20Sumary26SPI20Report_25042024.pdf,data/raw/spi_weekly/pbs_live/summary/2024-04-25_summary_live.pdf,ok,323337,a587c81bc7a694faf1089251eecccaefefca9be510d899fd3ec0c4fe50bc3145,2015-16,2026-10-03T16:10:44,
2024-05-02,summary,pbs_live,live,https://www.pbs.gov.pk/wp-content/uploads/2020/07/SPI20Executive20Sumary202620Report2002.05.2024.pdf,https://www.pbs.gov.pk/wp-content/uploads/2020/07/SPI20Executive20Sumary202620Report2002.05.2024.pdf,data/raw/spi_weekly/pbs_live/summary/2024-05-02_summary_live.pdf,ok,487283,01afdb80834c4c4ae99eacb81fba21686f85e4448a91f7b6b648ee661eb35fa9,2015-16,2026-10-03T16:10:49,
2024-05-09,summary,pbs_live,live,https://www.pbs.gov.pk/wp-content/uploads/2020/07/SPI_Executive_Sumary_26_SPI_Report_09052024.pdf,https://www.pbs.gov.pk/wp-content/uploads/2020/07/SPI_Executive_Sumary_26_SPI_Report_09052024.pdf,data/raw/spi_weekly/pbs_live/summary/2024-05-09_summary_live.pdf,ok,494962,5940e5752f856e23ba46055eec59297656dfabe9e439cafe60c471134e70b375,2015-16,2026-10-03T16:10:52,
2024-05-16,summary,pbs_live,live,https://www.pbs.gov.pk/wp-content/uploads/2020/07/SPI20Executive20Sumary26SPI20Report_16052024.pdf,https://www.pbs.gov.pk/wp-content/uploads/2020/07/SPI20Executive20Sumary26SPI20Report_16052024.pdf,data/raw/spi_weekly/pbs_live/summary/2024-05-16_summary_live.pdf,ok,325583,b2e8a9f404727b4418bd67ba3165dde05872db3cbf174f78a506455c52fc6cd9,2015-16,2026-10-03T16:10:54,
2024-05-23,summary,pbs_live,live,https://www.pbs.gov.pk/wp-content/uploads/2020/07/SPI20Executive20Sumary26SPI20Report_23052024.pdf,https://www.pbs.gov.pk/wp-content/uploads/2020/07/SPI20Executive20Sumary26SPI20Report_23052024.pdf,data/raw/spi_weekly/pbs_live/summary/2024-05-23_summary_live.pdf,ok,325814,cfb5b02291dba542a50f4c5224ade04a7f8da0a46ba24b85aacc6648dcd24f9b,2015-16,2026-10-03T16:10:56,
2024-05-30,summary,pbs_live,live,https://www.pbs.gov.pk/wp-content/uploads/2020/07/SPI20Executive20Sumary26SPI20Report_30052024.pdf,https://www.pbs.gov.pk/wp-content/uploads/2020/07/SPI20Executive20Sumary26SPI20Report_30052024.pdf,data/raw/spi_weekly/pbs_live/summary/2024-05-30_summary_live.pdf,ok,325246,ea2ee21d12590a1b4612a1f53912785f5ce91e58f45286b5ed3854e27ea48410,2015-16,2026-10-03T16:10:58,
2024-06-06,summary,pbs_live,live,https://www.pbs.gov.pk/wp-content/uploads/2020/07/SPI20Executive20Sumary26SPI20Report_06062024.pdf,https://www.pbs.gov.pk/wp-content/uploads/2020/07/SPI20Executive20Sumary26SPI20Report_06062024.pdf,data/raw/spi_weekly/pbs_live/summary/2024-06-06_summary_live.pdf,ok,325681,f8227b8fa3999ac9ea6c56fd736a0472872a65528ad4d8958860822bb591e9e6,2015-16,2026-10-03T16:11:00,
2024-06-13,summary,pbs_live,live,https://www.pbs.gov.pk/wp-content/uploads/2020/07/SPI20Executive20Sumary202620SPI20Report_13.06.2024-merged.pdf,https://www.pbs.gov.pk/wp-content/uploads/2020/07/SPI20Executive20Sumary202620SPI20Report_13.06.2024-merged.pdf,data/raw/spi_weekly/pbs_live/summary/2024-06-13_summary_live.pdf,ok,489481,bffe012e054f374156c6048a69c8894ca19ed9f1240947cfc72cc1183a57c5ba,2015-16,2026-10-03T16:11:02,
2024-06-20,summary,pbs_live,live,https://www.pbs.gov.pk/wp-content/uploads/2020/07/SPI20Executive20Sumary202620SPI20Report2020.06.2024.pdf,https://www.pbs.gov.pk/wp-content/uploads/2020/07/SPI20Executive20Sumary202620SPI20Report2020.06.2024.pdf,data/raw/spi_weekly/pbs_live/summary/2024-06-20_summary_live.pdf,ok,625883,428a0a4782decff02e1d5879b277525944f1faf619847d777bfd6b695e5f86f6,2015-16,2026-10-03T16:11:05,
2024-06-27,summary,pbs_live,live,https://www.pbs.gov.pk/wp-content/uploads/2020/07/SPI20Executive20Sumary_Report_27.06.2024.pdf,https://www.pbs.gov.pk/wp-content/uploads/2020/07/SPI20Executive20Sumary_Report_27.06.2024.pdf,data/raw/spi_weekly/pbs_live/summary/2024-06-27_summary_live.pdf,ok,627275,a064c26d8ed258d26cddcf9a6cbd88c3957d576a3d923e423c327273509e7ddf,2015-16,2026-10-03T16:11:07,
2024-07-04,summary,pbs_live,live,https://www.pbs.gov.pk/wp-content/uploads/2020/07/SPI-Executive-Sumary_SPI-Report_04.07.2024.pdf,https://www.pbs.gov.pk/wp-content/uploads/2020/07/SPI-Executive-Sumary_SPI-Report_04.07.2024.pdf,data/raw/spi_weekly/pbs_live/summary/2024-07-04_summary_live.pdf,ok,487536,ae08e0dbb1b829a452bb3c102e273f4be505c7e8e46bd3bac815d23290084097,2015-16,2026-10-03T16:11:09,
2024-07-11,summary,pbs_live,live,https://www.pbs.gov.pk/wp-content/uploads/2020/07/SPI20Executive20Sumary202620Report_11.07.2024.pdf,https://www.pbs.gov.pk/wp-content/uploads/2020/07/SPI20Executive20Sumary202620Report_11.07.2024.pdf,data/raw/spi_weekly/pbs_live/summary/2024-07-11_summary_live.pdf,ok,488554,e518fba33f61e861dc43b9c172a08bd7835824356047c7f578a1749b53121a30,2015-16,2026-10-03T16:11:11,
2024-07-18,summary,pbs_live,live,https://www.pbs.gov.pk/wp-content/uploads/2020/07/SPI20Executive20Summary202620Report_2018.07.2024.pdf,https://www.pbs.gov.pk/wp-content/uploads/2020/07/SPI20Executive20Summary202620Report_2018.07.2024.pdf,data/raw/spi_weekly/pbs_live/summary/2024-07-18_summary_live.pdf,ok,409853,8514d706d0086afbcd846c7efae651bbc5c0a42d906ec48c9989275d20daa375,2015-16,2026-10-03T16:11:13,
2024-07-25,summary,pbs_live,live,https://www.pbs.gov.pk/wp-content/uploads/2020/07/SPI-Executive-SumarySPI-Report_25072024.pdf,https://www.pbs.gov.pk/wp-content/uploads/2020/07/SPI-Executive-SumarySPI-Report_25072024.pdf,data/raw/spi_weekly/pbs_live/summary/2024-07-25_summary_live.pdf,ok,329141,d10579462942be7ec9eac45f6fffea2606b1b5d0d52e331c3b3a9e7f39387b0d,2015-16,2026-10-03T16:11:15,
2024-08-01,summary,pbs_live,live,https://www.pbs.gov.pk/wp-content/uploads/2020/07/SPI-Executive-SumarySPI-Report_01082024-1.pdf,https://www.pbs.gov.pk/wp-content/uploads/2020/07/SPI-Executive-SumarySPI-Report_01082024-1.pdf,data/raw/spi_weekly/pbs_live/summary/2024-08-01_summary_live.pdf,ok,330115,1d0953e4464755a00f945238dd276e7fd05e4bf2cc3f4bdd090af73fd3470bd7,2015-16,2026-10-03T16:11:17,
2024-08-08,summary,pbs_live,live,https://www.pbs.gov.pk/wp-content/uploads/2020/07/SPI-Executive-SumarySPI-Report_08082024-1.pdf,https://www.pbs.gov.pk/wp-content/uploads/2020/07/SPI-Executive-SumarySPI-Report_08082024-1.pdf,data/raw/spi_weekly/pbs_live/summary/2024-08-08_summary_live.pdf,ok,330789,256f8daa1383b56400424b4acc94d01c9cf63a90b1c21d17d30d11922f35eb12,2015-16,2026-10-03T16:11:19,
2024-08-15,summary,pbs_live,live,https://www.pbs.gov.pk/wp-content/uploads/2020/07/SPI-Executive-SumarySPI-Report_15082024-1.pdf,https://www.pbs.gov.pk/wp-content/uploads/2020/07/SPI-Executive-SumarySPI-Report_15082024-1.pdf,data/raw/spi_weekly/pbs_live/summary/2024-08-15_summary_live.pdf,ok,329579,76401e1831a8586845e885a72d2d613e2f0d5d2b34e27cea5fa55d3174e8911c,2015-16,2026-10-03T16:11:21,
2024-08-22,summary,pbs_live,live,https://www.pbs.gov.pk/wp-content/uploads/2020/07/SPI-Executive-SumarySPI-Report_22082024-1.pdf,https://www.pbs.gov.pk/wp-content/uploads/2020/07/SPI-Executive-SumarySPI-Report_22082024-1.pdf,data/raw/spi_weekly/pbs_live/summary/2024-08-22_summary_live.pdf,ok,330036,59a9795e6ff3108a92aa0276562bd43a378557b4fd8f83888a473fbb7046046b,2015-16,2026-10-03T16:11:24,
2024-08-29,summary,pbs_live,live,https://www.pbs.gov.pk/wp-content/uploads/2020/07/SPI-Executive-SumarySPI-Report_29082024-1.pdf,https://www.pbs.gov.pk/wp-content/uploads/2020/07/SPI-Executive-SumarySPI-Report_29082024-1.pdf,data/raw/spi_weekly/pbs_live/summary/2024-08-29_summary_live.pdf,ok,330869,97000d69ac7abe1c3ee49d9e6cdd99f3cc2eeb0b5c7d521f2af3e891ddf5a119,2015-16,2026-10-03T16:11:26,
2024-09-05,summary,pbs_live,live,https://www.pbs.gov.pk/wp-content/uploads/2020/07/SPI-Executive-SumarySPI-Report_05092024-1.pdf,https://www.pbs.gov.pk/wp-content/uploads/2020/07/SPI-Executive-SumarySPI-Report_05092024-1.pdf,data/raw/spi_weekly/pbs_live/summary/2024-09-05_summary_live.pdf,ok,330421,b36f4b5e2ae5c8839d1d42f6dae16ba1c01bb8e666081118c52c649f87b50bcc,2015-16,2026-10-03T16:11:28,
2024-09-12,summary,pbs_live,live,https://www.pbs.gov.pk/wp-content/uploads/2020/07/SPI-Executive-SumarySPI-Report_12092024-1.pdf,https://www.pbs.gov.pk/wp-content/uploads/2020/07/SPI-Executive-SumarySPI-Report_12092024-1.pdf,data/raw/spi_weekly/pbs_live/summary/2024-09-12_summary_live.pdf,ok,439062,123c4360e15a0e9597448f24b6a76d1aa5792e9db5e6c605d7e1b5460f45b278,2015-16,2026-10-03T16:11:30,
2024-09-19,summary,wayback,weekly_spi,https://www.pbs.gov.pk/sites/default/files/price_statistics/weekly_spi/SPI%20Executive%20Sumary%26SPI%20Report_19092024.pdf,https://web.archive.org/web/20241102153558id_/https://www.pbs.gov.pk/sites/default/files/price_statistics/weekly_spi/SPI%20Executive%20Sumary%26SPI%20Report_19092024.pdf,data/raw/spi_weekly/wayback/summary/2024-09-19_summary_weekly_spi.pdf,ok,330495,7146e074b1b698b77e450868e045c0af251ba7289bff4e8ba6e79dfa853dd6b3,2015-16,2026-10-03T16:11:37,
2024-09-26,summary,wayback,weekly_spi,https://www.pbs.gov.pk/sites/default/files/price_statistics/weekly_spi/-SPI%20Executive%20Sumary%26SPI%20Report_26092024.pdf,https://web.archive.org/web/20241102154553id_/https://www.pbs.gov.pk/sites/default/files/price_statistics/weekly_spi/-SPI%20Executive%20Sumary%26SPI%20Report_26092024.pdf,data/raw/spi_weekly/wayback/summary/2024-09-26_summary_weekly_spi.pdf,ok,331218,0edd91c700a82c1fb2dd0657a0c5c9b2d8ca13e9e6fc7c32c22129a697f3dc80,2015-16,2026-10-03T16:11:45,
2024-10-03,summary,wayback,weekly_spi,https://www.pbs.gov.pk/sites/default/files/price_statistics/weekly_spi/SPI%20Executive%20Sumary%26SPI%20Report_03102024.pdf,https://web.archive.org/web/20241102152638id_/https://www.pbs.gov.pk/sites/default/files/price_statistics/weekly_spi/SPI%20Executive%20Sumary%26SPI%20Report_03102024.pdf,data/raw/spi_weekly/wayback/summary/2024-10-03_summary_weekly_spi.pdf,ok,333606,449356301da4467b72f783442b373d814a96bb0ea06b4546d6e51c1fa4176b96,2015-16,2026-10-03T16:11:53,
2024-10-10,summary,wayback,weekly_spi,https://www.pbs.gov.pk/sites/default/files/price_statistics/weekly_spi/-SPI%20Executive%20Sumary%26SPI%20Report_10102024.pdf,https://web.archive.org/web/20241115063253id_/https://www.pbs.gov.pk/sites/default/files/price_statistics/weekly_spi/-SPI%20Executive%20Sumary%26SPI%20Report_10102024.pdf,data/raw/spi_weekly/wayback/summary/2024-10-10_summary_weekly_spi.pdf,ok,333827,07398c31d2842eebd34b142a04b9c5f3d4c4195e62ce331ab92df16702bfee5f,2015-16,2026-10-03T16:12:01,
2024-10-17,summary,wayback,weekly_spi,https://www.pbs.gov.pk/sites/default/files/price_statistics/weekly_spi/-SPI%20Executive%20Sumary%26SPI%20Report_17102024.pdf,https://web.archive.org/web/20241115063209id_/https://www.pbs.gov.pk/sites/default/files/price_statistics/weekly_spi/-SPI%20Executive%20Sumary%26SPI%20Report_17102024.pdf,data/raw/spi_weekly/wayback/summary/2024-10-17_summary_weekly_spi.pdf,ok,334497,bcf043b08bb4b0131c36b0a89f2ab92927e77624ecc6865ddd86b365ad8654fa,2015-16,2026-10-03T16:12:08,
2024-10-24,summary,wayback,weekly_spi,https://www.pbs.gov.pk/sites/default/files/price_statistics/weekly_spi/-SPI%20Executive%20Sumary%26SPI-Report_24102024.pdf,https://web.archive.org/web/20241115063126id_/https://www.pbs.gov.pk/sites/default/files/price_statistics/weekly_spi/-SPI%20Executive%20Sumary%26SPI-Report_24102024.pdf,data/raw/spi_weekly/wayback/summary/2024-10-24_summary_weekly_spi.pdf,ok,332967,7b46ac159d2dfa7029a65f6cdf8a7c758e170f75f1125088232530c159183b55,2015-16,2026-10-03T16:12:16,
2024-10-31,summary,wayback,weekly_spi,https://www.pbs.gov.pk/sites/default/files/price_statistics/weekly_spi/SPI_Executive_Sumary%26SPI_Report_31102024.pdf,https://web.archive.org/web/20241115062933id_/https://www.pbs.gov.pk/sites/default/files/price_statistics/weekly_spi/SPI_Executive_Sumary%26SPI_Report_31102024.pdf,data/raw/spi_weekly/wayback/summary/2024-10-31_summary_weekly_spi.pdf,ok,333895,109ad02f1b5afea21a163f736de9414a4b61f9f1949610ba401239c44fb61cf3,2015-16,2026-10-03T16:12:24,
2024-11-07,summary,pbs_live,live,https://www.pbs.gov.pk/wp-content/uploads/2020/07/SPI-Executive-SumarySPI-Reprot_07112024.pdf,https://www.pbs.gov.pk/wp-content/uploads/2020/07/SPI-Executive-SumarySPI-Reprot_07112024.pdf,data/raw/spi_weekly/pbs_live/summary/2024-11-07_summary_live.pdf,ok,335244,4ed328f234618af2e2801a11979dba35adc35ecb231290222b213f1228aa0e59,2015-16,2026-10-03T16:12:26,
2024-11-14,summary,pbs_live,live,https://www.pbs.gov.pk/wp-content/uploads/2020/07/SPI-Executive-SumarySPI-Report_14112024.pdf,https://www.pbs.gov.pk/wp-content/uploads/2020/07/SPI-Executive-SumarySPI-Report_14112024.pdf,data/raw/spi_weekly/pbs_live/summary/2024-11-14_summary_live.pdf,ok,334693,14b0ecf8b4b965fcaf030f9f2987791a26d324a07c3256b89a5cbeda4b1acff7,2015-16,2026-10-03T16:12:28,
2024-11-21,summary,pbs_live,live,https://www.pbs.gov.pk/wp-content/uploads/2020/07/SPI-Executive-SumarySPI-Report_21112024.pdf,https://www.pbs.gov.pk/wp-content/uploads/2020/07/SPI-Executive-SumarySPI-Report_21112024.pdf,data/raw/spi_weekly/pbs_live/summary/2024-11-21_summary_live.pdf,ok,334264,069a65807d689f4c43aa7362af1a3bdebaaa04b7fba88d7f79922a4f91478962,2015-16,2026-10-03T16:12:30,
2024-11-28,summary,pbs_live,live,https://www.pbs.gov.pk/wp-content/uploads/2020/07/SPI-Executive-SumarySPI-Report_-28112024.pdf,https://www.pbs.gov.pk/wp-content/uploads/2020/07/SPI-Executive-SumarySPI-Report_-28112024.pdf,data/raw/spi_weekly/pbs_live/summary/2024-11-28_summary_live.pdf,ok,334613,f1858252dd432af660f147235ffef523425a5c57671393100da4664d0f1f6ea1,2015-16,2026-10-03T16:12:32,
2024-12-05,summary,pbs_live,live,https://www.pbs.gov.pk/wp-content/uploads/2020/07/SPI-Executive-SumarySPI-Report_05122024.pdf,https://www.pbs.gov.pk/wp-content/uploads/2020/07/SPI-Executive-SumarySPI-Report_05122024.pdf,data/raw/spi_weekly/pbs_live/summary/2024-12-05_summary_live.pdf,ok,335144,4bcfc891d98464862883835c56f6e31cd1f6c530589097281f23afd2a50d11bb,2015-16,2026-10-03T16:12:34,
2024-12-12,summary,pbs_live,live,https://www.pbs.gov.pk/wp-content/uploads/2020/07/SPI-Executive-SumarySPI-Report_12122024.pdf.pdf,https://www.pbs.gov.pk/wp-content/uploads/2020/07/SPI-Executive-SumarySPI-Report_12122024.pdf.pdf,,failed,,,,2026-10-03T16:12:36,HTTP 404
2024-12-12,summary,wayback,weekly_spi,https://www.pbs.gov.pk/sites/default/files/price_statistics/weekly_spi/--SPI%20Executive%20Sumary%26SPI%20Report_12122024.pdf,https://web.archive.org/web/20241227142941id_/https://www.pbs.gov.pk/sites/default/files/price_statistics/weekly_spi/--SPI%20Executive%20Sumary%26SPI%20Report_12122024.pdf,data/raw/spi_weekly/wayback/summary/2024-12-12_summary_weekly_spi.pdf,ok,335471,a95da02715e6a6125ee776a400f1471acadda5fc477ddb75279a1031392f4c86,2015-16,2026-10-03T16:12:44,
2024-12-19,summary,pbs_live,live,https://www.pbs.gov.pk/wp-content/uploads/2020/07/SPI-Executive-SumarySPI-Report_19122024.pdf,https://www.pbs.gov.pk/wp-content/uploads/2020/07/SPI-Executive-SumarySPI-Report_19122024.pdf,data/raw/spi_weekly/pbs_live/summary/2024-12-19_summary_live.pdf,ok,334298,278732d2d2ff829f4aff606ca9ae8cf9c59e17f7ac8b61541d7d42aa242c607d,2015-16,2026-10-03T16:12:46,
2024-12-26,summary,pbs_live,live,https://www.pbs.gov.pk/wp-content/uploads/2020/07/SPI-Executive-SumarySPI-Report_26122024.pdf,https://www.pbs.gov.pk/wp-content/uploads/2020/07/SPI-Executive-SumarySPI-Report_26122024.pdf,data/raw/spi_weekly/pbs_live/summary/2024-12-26_summary_live.pdf,ok,335838,0a02ec7dae04b5cff2fc8e4c08691eddf6aacf27db209808082dd5ea5fa1fa37,2015-16,2026-10-03T16:12:48,
2025-01-02,summary,pbs_live,live,https://www.pbs.gov.pk/wp-content/uploads/2020/07/SPI-Executive-SumarySPI-Report_02012025.pdf,https://www.pbs.gov.pk/wp-content/uploads/2020/07/SPI-Executive-SumarySPI-Report_02012025.pdf,data/raw/spi_weekly/pbs_live/summary/2025-01-02_summary_live.pdf,ok,337063,797129edf4d4cf59e5d141e226d54f8452abdd6a8d9e3a4d471d07651873737c,2015-16,2026-10-03T16:12:50,
2025-01-09,summary,pbs_live,live,https://www.pbs.gov.pk/wp-content/uploads/2020/07/SPI-Executive-SumarySPI-Report_09012025.pdf,https://www.pbs.gov.pk/wp-content/uploads/2020/07/SPI-Executive-SumarySPI-Report_09012025.pdf,data/raw/spi_weekly/pbs_live/summary/2025-01-09_summary_live.pdf,ok,338058,153ef2ba351d8f8536b5953bb6587e9cab70b3ec9d9ba14001546353e2f7668e,2015-16,2026-10-03T16:12:52,
2025-01-16,summary,pbs_live,live,https://www.pbs.gov.pk/wp-content/uploads/2020/07/SPI-Executive-Sumary-SPI-Report_16012025.pdf,https://www.pbs.gov.pk/wp-content/uploads/2020/07/SPI-Executive-Sumary-SPI-Report_16012025.pdf,data/raw/spi_weekly/pbs_live/summary/2025-01-16_summary_live.pdf,ok,337356,91e0a0bf91ee8f708ab614af591ab9586aec59cd690629fa080c628caa0fa630,2015-16,2026-10-03T16:12:54,
2025-01-23,summary,pbs_live,live,https://www.pbs.gov.pk/wp-content/uploads/2020/07/SPI-Executive-SumarySPI-Report-23012025.pdf,https://www.pbs.gov.pk/wp-content/uploads/2020/07/SPI-Executive-SumarySPI-Report-23012025.pdf,data/raw/spi_weekly/pbs_live/summary/2025-01-23_summary_live.pdf,ok,337688,3136bfa0c550ec50b5318d2c0c3ae05fd5e0eebff3b4a717c974d4f00c07d855,2015-16,2026-10-03T16:12:55,
2025-01-30,summary,pbs_live,live,https://www.pbs.gov.pk/wp-content/uploads/2020/07/SPI-Executive-Sumary-SPI-Report_30012025.pdf,https://www.pbs.gov.pk/wp-content/uploads/2020/07/SPI-Executive-Sumary-SPI-Report_30012025.pdf,data/raw/spi_weekly/pbs_live/summary/2025-01-30_summary_live.pdf,ok,338279,c4f0aec59df4fe95710828c2eac8a839848850d956856cc32ae0c7634d2de07a,2015-16,2026-10-03T16:12:57,
2025-02-06,summary,pbs_live,live,https://www.pbs.gov.pk/wp-content/uploads/2020/07/SPI-Executive-SumarySPI-Report_06022025.pdf,https://www.pbs.gov.pk/wp-content/uploads/2020/07/SPI-Executive-SumarySPI-Report_06022025.pdf,data/raw/spi_weekly/pbs_live/summary/2025-02-06_summary_live.pdf,ok,337659,a7c8ecba2d3a221ea9603278d2873c5bd72bda5cc03b73a23f38d21e43898f65,2015-16,2026-10-03T16:12:59,
2025-02-13,summary,pbs_live,live,https://www.pbs.gov.pk/wp-content/uploads/2020/07/SPI-Executive-Sumary-SPI-Report_13022025.pdf,https://www.pbs.gov.pk/wp-content/uploads/2020/07/SPI-Executive-Sumary-SPI-Report_13022025.pdf,data/raw/spi_weekly/pbs_live/summary/2025-02-13_summary_live.pdf,ok,337331,7387ef98af821535ce6415c1225ec42d725f28563bceff98706662b8e24c25d8,2015-16,2026-10-03T16:13:01,
2025-02-20,summary,pbs_live,live,https://www.pbs.gov.pk/wp-content/uploads/2020/07/SPI-Executive-Sumary-SPI-Report_20022025-1.pdf,https://www.pbs.gov.pk/wp-content/uploads/2020/07/SPI-Executive-Sumary-SPI-Report_20022025-1.pdf,data/raw/spi_weekly/pbs_live/summary/2025-02-20_summary_live.pdf,ok,339050,6091d0e569f410aab1bb401330a9c02dcf02c971f23845eada592cd4392fa542,2015-16,2026-10-03T16:13:03,
2025-02-27,summary,pbs_live,live,https://www.pbs.gov.pk/wp-content/uploads/2020/07/SPI-Executive-Sumary-SPI-Report_27022025-1.pdf,https://www.pbs.gov.pk/wp-content/uploads/2020/07/SPI-Executive-Sumary-SPI-Report_27022025-1.pdf,data/raw/spi_weekly/pbs_live/summary/2025-02-27_summary_live.pdf,ok,338132,3e058f80fb9fb984592ca8caa99e9ba2a5eb81316eb75f6e2d36f74d0bce2e91,2015-16,2026-10-03T16:13:05,
2025-03-06,summary,pbs_live,live,https://www.pbs.gov.pk/wp-content/uploads/2020/07/SPI-Executive-Sumary-SPI-Report_06032025-1.pdf,https://www.pbs.gov.pk/wp-content/uploads/2020/07/SPI-Executive-Sumary-SPI-Report_06032025-1.pdf,data/raw/spi_weekly/pbs_live/summary/2025-03-06_summary_live.pdf,ok,340174,f0f944af0c33266be60d95d54f0f566953b6cc5eead8810bcb849e5ecaf48eae,2015-16,2026-10-03T16:13:07,
2025-03-13,summary,pbs_live,live,https://www.pbs.gov.pk/wp-content/uploads/2020/07/SPI-Executive-Sumary-SPI-Report_13032025.pdf,https://www.pbs.gov.pk/wp-content/uploads/2020/07/SPI-Executive-Sumary-SPI-Report_13032025.pdf,data/raw/spi_weekly/pbs_live/summary/2025-03-13_summary_live.pdf,ok,339713,ffbfbe54e125f8a9408757363deecb87ff6dabe8e438bff77084341b623e7f18,2015-16,2026-10-03T16:13:09,
2025-03-20,summary,pbs_live,live,https://www.pbs.gov.pk/wp-content/uploads/2020/07/SPI-Executive-SumarySPI-Report_20032025-1.pdf,https://www.pbs.gov.pk/wp-content/uploads/2020/07/SPI-Executive-SumarySPI-Report_20032025-1.pdf,data/raw/spi_weekly/pbs_live/summary/2025-03-20_summary_live.pdf,ok,339384,9f340f09f1bc47a7b49e2c433dd668ed16371f9f8fcd1701883a27b16562521f,2015-16,2026-10-03T16:13:11,
2025-03-27,summary,pbs_live,live,https://www.pbs.gov.pk/wp-content/uploads/2020/07/SPI-Executive-Sumary-SPI-Report_27032025.pdf,https://www.pbs.gov.pk/wp-content/uploads/2020/07/SPI-Executive-Sumary-SPI-Report_27032025.pdf,data/raw/spi_weekly/pbs_live/summary/2025-03-27_summary_live.pdf,ok,539318,e3748768e0ade932edafb805d3f4932fbf2df326f7d4ac15f34cd4adc0d2e479,2015-16,2026-10-03T16:13:13,
2025-04-03,summary,pbs_live,live,https://www.pbs.gov.pk/wp-content/uploads/2020/07/SPI-Executive-Sumary-SPI-Report_03042025.pdf,https://www.pbs.gov.pk/wp-content/uploads/2020/07/SPI-Executive-Sumary-SPI-Report_03042025.pdf,data/raw/spi_weekly/pbs_live/summary/2025-04-03_summary_live.pdf,ok,125282,b564d50e1a84e48004aa290da4d2ff6932df76e65a85db43d58829c3c297b01a,2015-16,2026-10-03T16:13:15,
2025-04-10,summary,pbs_live,live,https://www.pbs.gov.pk/wp-content/uploads/2020/07/SPI-Executive-Sumary-SPI-Report_10042025.pdf,https://www.pbs.gov.pk/wp-content/uploads/2020/07/SPI-Executive-Sumary-SPI-Report_10042025.pdf,data/raw/spi_weekly/pbs_live/summary/2025-04-10_summary_live.pdf,ok,340129,9fed37685a8fb3fc7c28bda8b218e2e2ce514bc3973d078864581b68e2059a10,2015-16,2026-10-03T16:13:17,
2025-04-17,summary,pbs_live,live,https://www.pbs.gov.pk/wp-content/uploads/2020/07/SPI-Executive-Sumary-SPI-Report_17042025.pdf,https://www.pbs.gov.pk/wp-content/uploads/2020/07/SPI-Executive-Sumary-SPI-Report_17042025.pdf,data/raw/spi_weekly/pbs_live/summary/2025-04-17_summary_live.pdf,ok,341986,a270e70a7429b3eccab9187198d5c049a012790f8da5e242e4016add94b2a7b8,2015-16,2026-10-03T16:13:19,
2025-04-24,summary,pbs_live,live,https://www.pbs.gov.pk/wp-content/uploads/2020/07/SPI-Executive-Sumary-SPI-Report_24042025.pdf,https://www.pbs.gov.pk/wp-content/uploads/2020/07/SPI-Executive-Sumary-SPI-Report_24042025.pdf,data/raw/spi_weekly/pbs_live/summary/2025-04-24_summary_live.pdf,ok,341776,aa045588597fbd42bfa8574067e07f5354b5ed0fb1350bf413961565c72b28a7,2015-16,2026-10-03T16:13:21,
2025-04-30,summary,pbs_live,live,https://www.pbs.gov.pk/wp-content/uploads/2020/07/SPI-Executive-SumarySPI-Report_30042025.pdf,https://www.pbs.gov.pk/wp-content/uploads/2020/07/SPI-Executive-SumarySPI-Report_30042025.pdf,data/raw/spi_weekly/pbs_live/summary/2025-04-30_summary_live.pdf,ok,351078,96e1059d7350852c93bbf31b7611bebf40eb4d6d4acaa7291179dd429d9425b3,2015-16,2026-10-03T16:13:22,
2025-05-08,summary,pbs_live,live,https://www.pbs.gov.pk/wp-content/uploads/2020/07/SPI_Executive_Sumary__SPI_Report_08052025.pdf,https://www.pbs.gov.pk/wp-content/uploads/2020/07/SPI_Executive_Sumary__SPI_Report_08052025.pdf,data/raw/spi_weekly/pbs_live/summary/2025-05-08_summary_live.pdf,ok,342217,c9a08223e790ddcefd08355623ba029f1152d2a720eef5955e7560a063aa5c7f,2015-16,2026-10-03T16:13:24,
2025-05-15,summary,pbs_live,live,https://www.pbs.gov.pk/wp-content/uploads/2020/07/SPI-Executive-Sumary-SPI-Report_15052025.pdf,https://www.pbs.gov.pk/wp-content/uploads/2020/07/SPI-Executive-Sumary-SPI-Report_15052025.pdf,data/raw/spi_weekly/pbs_live/summary/2025-05-15_summary_live.pdf,ok,342135,89cf8e51daaa32652c0555fedf5495a398ac344f7ca2109d317aaefe6d2c3ce9,2015-16,2026-10-03T16:13:26,
2025-05-22,summary,pbs_live,live,https://www.pbs.gov.pk/wp-content/uploads/2020/07/SPI_Report_upload.pdf,https://www.pbs.gov.pk/wp-content/uploads/2020/07/SPI_Report_upload.pdf,data/raw/spi_weekly/pbs_live/summary/2025-05-22_summary_live.pdf,ok,125880,a6262fe06da0c42457ee07b7a27fc61fd11a7f5d1f4109c1653c5e0099a8335d,2015-16,2026-10-03T16:13:28,
2025-05-29,summary,pbs_live,live,https://www.pbs.gov.pk/wp-content/uploads/2020/07/SPI-Summary-Report_29.05.2025.pdf,https://www.pbs.gov.pk/wp-content/uploads/2020/07/SPI-Summary-Report_29.05.2025.pdf,data/raw/spi_weekly/pbs_live/summary/2025-05-29_summary_live.pdf,ok,408765,d5db665db866523491c6dde867d949012672879310f45aba12ebaab784f50eb2,2015-16,2026-10-03T16:13:30,
2025-06-04,summary,pbs_live,live,https://www.pbs.gov.pk/wp-content/uploads/2020/07/SPI-Executive-Sumary-SPI-Report_04.06.2025.pdf,https://www.pbs.gov.pk/wp-content/uploads/2020/07/SPI-Executive-Sumary-SPI-Report_04.06.2025.pdf,data/raw/spi_weekly/pbs_live/summary/2025-06-04_summary_live.pdf,ok,408676,353f63be93d761fecbb8265b609ed49801130e619658824872817caa6d18cce8,2015-16,2026-10-03T16:13:32,
2025-06-12,summary,pbs_live,live,https://www.pbs.gov.pk/wp-content/uploads/2020/07/SPI-Summary-SPI-Report_12.06.2025.pdf,https://www.pbs.gov.pk/wp-content/uploads/2020/07/SPI-Summary-SPI-Report_12.06.2025.pdf,data/raw/spi_weekly/pbs_live/summary/2025-06-12_summary_live.pdf,ok,409262,2941569a554703fb4fb5b719dfef581e06c8bda6481980aad319af7f7ddff9a3,2015-16,2026-10-03T16:13:33,
2025-06-26,summary,pbs_live,live,https://www.pbs.gov.pk/wp-content/uploads/2020/07/SPI-Executive-Sumary-SPI-Report_-26062025.pdf,https://www.pbs.gov.pk/wp-content/uploads/2020/07/SPI-Executive-Sumary-SPI-Report_-26062025.pdf,data/raw/spi_weekly/pbs_live/summary/2025-06-26_summary_live.pdf,ok,343294,1282ee2adea51e287adbafce7d00fbfd8b2591bff3e241dce2d5c6c9490a52d7,2015-16,2026-10-03T16:13:35,
2025-07-03,summary,pbs_live,live,https://www.pbs.gov.pk/wp-content/uploads/2020/07/SPI-Executive-Summary-Report-03.07.2025.pdf,https://www.pbs.gov.pk/wp-content/uploads/2020/07/SPI-Executive-Summary-Report-03.07.2025.pdf,data/raw/spi_weekly/pbs_live/summary/2025-07-03_summary_live.pdf,ok,410715,66cd6252b27344bb881944a4afa6c9b0101a48794fdb0d510e556ecb41e12fac,2015-16,2026-10-03T16:13:37,
2025-07-17,summary,pbs_live,live,https://www.pbs.gov.pk/wp-content/uploads/2020/07/3.-SPI-Report-17.07.2025.xlsx,https://www.pbs.gov.pk/wp-content/uploads/2020/07/3.-SPI-Report-17.07.2025.xlsx,data/raw/spi_weekly/pbs_live/summary/2025-07-17_summary_live.xlsx,ok,141809,a7292b76f7cfb030365edcae45006b5d9071f31ba8083aba35199380945be3a2,not_checked,2026-10-03T16:13:39,
2025-07-24,summary,pbs_live,live,https://www.pbs.gov.pk/wp-content/uploads/2020/07/3.-SPI-Report-24.07.2025.xlsx,https://www.pbs.gov.pk/wp-content/uploads/2020/07/3.-SPI-Report-24.07.2025.xlsx,data/raw/spi_weekly/pbs_live/summary/2025-07-24_summary_live.xlsx,ok,141800,ceace8c78a2ccfed4f203c97a3644a22d59f0c32d284b64ff9111cd33d1145c1,not_checked,2026-10-03T16:13:40,
2025-07-31,summary,pbs_live,live,https://www.pbs.gov.pk/wp-content/uploads/2020/07/SPI-Report-31.07.2025.xlsx,https://www.pbs.gov.pk/wp-content/uploads/2020/07/SPI-Report-31.07.2025.xlsx,data/raw/spi_weekly/pbs_live/summary/2025-07-31_summary_live.xlsx,ok,141567,694af14820a6e850d2e6e69744d41694361d89e11b94234949f6744c3ef8db90,not_checked,2026-10-03T16:13:41,
2025-08-07,summary,pbs_live,live,https://www.pbs.gov.pk/wp-content/uploads/2020/07/SPI-Executive-Summary-SPI-Report_07.08.2025.pdf,https://www.pbs.gov.pk/wp-content/uploads/2020/07/SPI-Executive-Summary-SPI-Report_07.08.2025.pdf,data/raw/spi_weekly/pbs_live/summary/2025-08-07_summary_live.pdf,ok,345630,6a66a3b0661a29ba918b1b3437d633331fa701d07fc169ff00b32471ab16b51e,2015-16,2026-10-03T16:13:43,
2025-08-13,summary,pbs_live,live,https://www.pbs.gov.pk/wp-content/uploads/2020/07/SPI-Executive-Summary-SPI-Report_13.08.2025.pdf,https://www.pbs.gov.pk/wp-content/uploads/2020/07/SPI-Executive-Summary-SPI-Report_13.08.2025.pdf,data/raw/spi_weekly/pbs_live/summary/2025-08-13_summary_live.pdf,ok,346002,a6b128aa0e77d94d6e1d2ba7655fa3b17e3e156aca0d6b88172b113dc84da747,2015-16,2026-10-03T16:13:44,
2025-08-21,summary,pbs_live,live,https://www.pbs.gov.pk/wp-content/uploads/2020/07/SPI-Executive-Summary-SPI-Report_-21.08.2025.pdf,https://www.pbs.gov.pk/wp-content/uploads/2020/07/SPI-Executive-Summary-SPI-Report_-21.08.2025.pdf,data/raw/spi_weekly/pbs_live/summary/2025-08-21_summary_live.pdf,ok,345040,61407c2036eca0da486cded8da2fe34981f27924d20f744b58e988179bc422bd,2015-16,2026-10-03T16:13:47,
2025-08-28,summary,pbs_live,live,https://www.pbs.gov.pk/wp-content/uploads/2020/07/SPI-Executive-Summary-SPI-Report_-28.08.2025.pdf,https://www.pbs.gov.pk/wp-content/uploads/2020/07/SPI-Executive-Summary-SPI-Report_-28.08.2025.pdf,data/raw/spi_weekly/pbs_live/summary/2025-08-28_summary_live.pdf,ok,346589,a342203b4997599f77b7004b8022df70d6fabdceb0e70d8965190a5be740e686,2015-16,2026-10-03T16:13:49,
2025-09-04,summary,pbs_live,live,https://www.pbs.gov.pk/wp-content/uploads/2020/07/SPI-Executive-Summary-SPI-Report_04.09.2025.pdf,https://www.pbs.gov.pk/wp-content/uploads/2020/07/SPI-Executive-Summary-SPI-Report_04.09.2025.pdf,data/raw/spi_weekly/pbs_live/summary/2025-09-04_summary_live.pdf,ok,347265,6899cd5c487e4608eb56de1f10aaab054db21e32853aae2947cb2b23696ea00e,2015-16,2026-10-03T16:13:51,
2025-09-11,summary,pbs_live,live,https://www.pbs.gov.pk/wp-content/uploads/2020/07/SPI-Executive-Summary-SPI-Report_11.09.2025.pdf,https://www.pbs.gov.pk/wp-content/uploads/2020/07/SPI-Executive-Summary-SPI-Report_11.09.2025.pdf,data/raw/spi_weekly/pbs_live/summary/2025-09-11_summary_live.pdf,ok,347815,ab93ad4472b40f1072e7758bfbac587e7e96f6d08f55f549b52bf371260d4299,2015-16,2026-10-03T16:13:53,
2025-09-18,summary,pbs_live,live,https://www.pbs.gov.pk/wp-content/uploads/2020/07/SPI-Executive-Summary-SPI-Report-18.09.2025.pdf,https://www.pbs.gov.pk/wp-content/uploads/2020/07/SPI-Executive-Summary-SPI-Report-18.09.2025.pdf,data/raw/spi_weekly/pbs_live/summary/2025-09-18_summary_live.pdf,ok,348189,145a678e0423190b8b2de1bd8261c3ac22244263c67dd54d372e54f8d13c3432,2015-16,2026-10-03T16:13:55,
2025-09-25,summary,pbs_live,live,https://www.pbs.gov.pk/wp-content/uploads/2020/07/SPI-Executive-Summary-Report_25.09.2025.pdf,https://www.pbs.gov.pk/wp-content/uploads/2020/07/SPI-Executive-Summary-Report_25.09.2025.pdf,data/raw/spi_weekly/pbs_live/summary/2025-09-25_summary_live.pdf,ok,415701,f29087985afd9265f6fb546c9ddeb6256a5c17a546b9385e1efa47522c32f434,2015-16,2026-10-03T16:13:57,
2025-10-02,summary,pbs_live,live,https://www.pbs.gov.pk/wp-content/uploads/2020/07/SPI-Executive-Summary-SPI-Report_-02.10.2025.pdf,https://www.pbs.gov.pk/wp-content/uploads/2020/07/SPI-Executive-Summary-SPI-Report_-02.10.2025.pdf,data/raw/spi_weekly/pbs_live/summary/2025-10-02_summary_live.pdf,ok,348698,6080c52da456b6b303e1eb9b957dacbe3778ef59f0d5a3585db40f1995758acd,2015-16,2026-10-03T16:13:59,
2025-10-09,summary,pbs_live,live,https://www.pbs.gov.pk/wp-content/uploads/2020/07/SPI-Executive-Summary-SPI-Report-09.10.2025-1.pdf,https://www.pbs.gov.pk/wp-content/uploads/2020/07/SPI-Executive-Summary-SPI-Report-09.10.2025-1.pdf,data/raw/spi_weekly/pbs_live/summary/2025-10-09_summary_live.pdf,ok,348320,5fc833989ff28b81b2bf52acb77ba3f6435e83220a231e07d0185952d2459db9,2015-16,2026-10-03T16:14:01,
2025-10-16,summary,pbs_live,live,https://www.pbs.gov.pk/wp-content/uploads/2020/07/SPI-Report-16.10.2025.xlsx,https://www.pbs.gov.pk/wp-content/uploads/2020/07/SPI-Report-16.10.2025.xlsx,data/raw/spi_weekly/pbs_live/summary/2025-10-16_summary_live.xlsx,ok,142192,74475b8de9280c8a656e9e6fa404a9b27745c97df86136eb677286414efe2595,not_checked,2026-10-03T16:14:02,
2025-10-23,summary,pbs_live,live,https://www.pbs.gov.pk/wp-content/uploads/2020/07/SPI-Executive-Summary-SPI-Report_-23.10.2025.xlsx,https://www.pbs.gov.pk/wp-content/uploads/2020/07/SPI-Executive-Summary-SPI-Report_-23.10.2025.xlsx,data/raw/spi_weekly/pbs_live/summary/2025-10-23_summary_live.xlsx,ok,142024,582685a467d8ed8fcda1ae01685bea4c53d0859541b43083aa60e447f6d819ca,not_checked,2026-10-03T16:14:04,
2025-10-30,summary,pbs_live,live,https://www.pbs.gov.pk/wp-content/uploads/2020/07/3.-SPI-Report-30.10.2025.xlsx,https://www.pbs.gov.pk/wp-content/uploads/2020/07/3.-SPI-Report-30.10.2025.xlsx,data/raw/spi_weekly/pbs_live/summary/2025-10-30_summary_live.xlsx,ok,141834,449d3d2aca03a4e62960726add1657addbb2901bb34befc4df2191e6b8c8b115,not_checked,2026-10-03T16:14:05,
2025-11-06,summary,pbs_live,live,https://www.pbs.gov.pk/wp-content/uploads/2020/07/3.-SPI-Report-06.11.2025.xlsx,https://www.pbs.gov.pk/wp-content/uploads/2020/07/3.-SPI-Report-06.11.2025.xlsx,data/raw/spi_weekly/pbs_live/summary/2025-11-06_summary_live.xlsx,ok,142073,ffdb522ebc99d4c4559581aaddd4078d7abe01bcc006420687c5ef35147e39b4,not_checked,2026-10-03T16:14:06,
2025-11-13,summary,pbs_live,live,https://www.pbs.gov.pk/wp-content/uploads/2020/07/3.-SPI-Report-13.11.2025.xlsx,https://www.pbs.gov.pk/wp-content/uploads/2020/07/3.-SPI-Report-13.11.2025.xlsx,data/raw/spi_weekly/pbs_live/summary/2025-11-13_summary_live.xlsx,ok,141963,55ebd1f93f7f1524788a058452da33ecf625162df5d99ec0704ef274126f2b2c,not_checked,2026-10-03T16:14:07,
2025-11-20,summary,pbs_live,live,https://www.pbs.gov.pk/wp-content/uploads/2020/07/3.-SPI-Report-20.11.2025.xlsx,https://www.pbs.gov.pk/wp-content/uploads/2020/07/3.-SPI-Report-20.11.2025.xlsx,data/raw/spi_weekly/pbs_live/summary/2025-11-20_summary_live.xlsx,ok,142158,988e13690a387c57bce00169ae9d08589dd8fc483c8191774ba806cff8242f2f,not_checked,2026-10-03T16:14:08,
2025-11-27,summary,pbs_live,live,https://www.pbs.gov.pk/wp-content/uploads/2020/07/3.-SPI-Report-27.11.2025.xlsx,https://www.pbs.gov.pk/wp-content/uploads/2020/07/3.-SPI-Report-27.11.2025.xlsx,data/raw/spi_weekly/pbs_live/summary/2025-11-27_summary_live.xlsx,ok,146894,76228876c8d4fbd3ee296e9c0ecdecb8938c466d3f9216a5aab1f0ed8c14c1ab,not_checked,2026-10-03T16:14:09,
2025-12-04,summary,pbs_live,live,https://www.pbs.gov.pk/wp-content/uploads/2020/07/SPI-Report-04.12.2025.xlsx,https://www.pbs.gov.pk/wp-content/uploads/2020/07/SPI-Report-04.12.2025.xlsx,data/raw/spi_weekly/pbs_live/summary/2025-12-04_summary_live.xlsx,ok,144655,640ab072e489d88eb72a7b4b0459dac6c4d0258a21c685f1ff724195f9bd905b,not_checked,2026-10-03T16:14:10,
2025-12-11,summary,pbs_live,live,https://www.pbs.gov.pk/wp-content/uploads/2020/07/3.-SPI-Report-11.12.2025.xlsx,https://www.pbs.gov.pk/wp-content/uploads/2020/07/3.-SPI-Report-11.12.2025.xlsx,data/raw/spi_weekly/pbs_live/summary/2025-12-11_summary_live.xlsx,ok,144430,9389c4a482947af37c63d79bea611085a5b1c8a03b23e6a7b6128039563927f7,not_checked,2026-10-03T16:14:12,
2025-12-18,summary,pbs_live,live,https://www.pbs.gov.pk/wp-content/uploads/2020/07/SPI-Report-18.12.2025.xlsx,https://www.pbs.gov.pk/wp-content/uploads/2020/07/SPI-Report-18.12.2025.xlsx,data/raw/spi_weekly/pbs_live/summary/2025-12-18_summary_live.xlsx,ok,144774,5cd1a27823960c825a20c108716fe8dba3cb00d6bc36ba30178665269c6471d6,not_checked,2026-10-03T16:14:13,
2025-12-24,summary,pbs_live,live,https://www.pbs.gov.pk/wp-content/uploads/2020/07/3.-SPI-Report-24.12.2025.xlsx,https://www.pbs.gov.pk/wp-content/uploads/2020/07/3.-SPI-Report-24.12.2025.xlsx,data/raw/spi_weekly/pbs_live/summary/2025-12-24_summary_live.xlsx,ok,144564,3736948380658cdcb5836546899ab06da9a3471ab0671dc5505d44cff0d9aff5,not_checked,2026-10-03T16:14:14,
2026-01-01,summary,pbs_live,live,https://www.pbs.gov.pk/wp-content/uploads/2020/07/3.-SPI-Report-01.01.2026.xlsx,https://www.pbs.gov.pk/wp-content/uploads/2020/07/3.-SPI-Report-01.01.2026.xlsx,data/raw/spi_weekly/pbs_live/summary/2026-01-01_summary_live.xlsx,ok,144266,4bb3a91cc3644e5f2b581fa56ec6515ec40d93769e7e55c51dd3e1eb28a1e9f9,not_checked,2026-10-03T16:14:15,
2026-01-08,summary,pbs_live,live,https://www.pbs.gov.pk/wp-content/uploads/2020/07/SPI-Report-08.01.2026.xlsx,https://www.pbs.gov.pk/wp-content/uploads/2020/07/SPI-Report-08.01.2026.xlsx,data/raw/spi_weekly/pbs_live/summary/2026-01-08_summary_live.xlsx,ok,141901,5e7aa9234d6ae38aeb0ce4f0ec74e70182c63b86b1c3ee0d50a5eb6071d11277,not_checked,2026-10-03T16:14:16,
2026-01-15,summary,pbs_live,live,https://www.pbs.gov.pk/wp-content/uploads/2020/07/3.-SPI-Report-15.01.2026.xlsx,https://www.pbs.gov.pk/wp-content/uploads/2020/07/3.-SPI-Report-15.01.2026.xlsx,data/raw/spi_weekly/pbs_live/summary/2026-01-15_summary_live.xlsx,ok,141850,e8df5ef0f7c8882fc0c525c8f332c311860a6094441ce801a0099bda75821ebd,not_checked,2026-10-03T16:14:17,
2026-01-22,summary,pbs_live,live,https://www.pbs.gov.pk/wp-content/uploads/2020/07/3.-SPI-Report-22.01.2026.xlsx,https://www.pbs.gov.pk/wp-content/uploads/2020/07/3.-SPI-Report-22.01.2026.xlsx,data/raw/spi_weekly/pbs_live/summary/2026-01-22_summary_live.xlsx,ok,141727,b3c7c0cd44cca9837ef2ddabfc54fef66811a83790f805c2f21b4197e6fe11ee,not_checked,2026-10-03T16:14:18,
2026-01-29,summary,pbs_live,live,https://www.pbs.gov.pk/wp-content/uploads/2020/07/3.-SPI-Report-29.01.2026.xlsx,https://www.pbs.gov.pk/wp-content/uploads/2020/07/3.-SPI-Report-29.01.2026.xlsx,data/raw/spi_weekly/pbs_live/summary/2026-01-29_summary_live.xlsx,ok,141956,b48fba1a11e7c334999a4bf7ee9d973559b049c34fce4a5eea2cbbe2737d7b34,not_checked,2026-10-03T16:14:20,
2026-02-04,summary,pbs_live,live,https://www.pbs.gov.pk/wp-content/uploads/2020/07/3.-SPI-Report-04.02.2026.xlsx,https://www.pbs.gov.pk/wp-content/uploads/2020/07/3.-SPI-Report-04.02.2026.xlsx,data/raw/spi_weekly/pbs_live/summary/2026-02-04_summary_live.xlsx,ok,141760,912b3a601f591f00f910b123e85cebb3f63123461cf9880d1e62f7299d88f48d,not_checked,2026-10-03T16:14:21,
2026-02-12,summary,pbs_live,live,https://www.pbs.gov.pk/wp-content/uploads/2020/07/3.-SPI-Report-12.02.2026.xlsx,https://www.pbs.gov.pk/wp-content/uploads/2020/07/3.-SPI-Report-12.02.2026.xlsx,data/raw/spi_weekly/pbs_live/summary/2026-02-12_summary_live.xlsx,ok,141919,468b1d7a999f022db78989fc9e4308309bd6528025a390b809508c4adb211bdb,not_checked,2026-10-03T16:14:22,
2026-02-19,summary,pbs_live,live,https://www.pbs.gov.pk/wp-content/uploads/2020/07/3.-SPI-Report-19.02.2026.xlsx,https://www.pbs.gov.pk/wp-content/uploads/2020/07/3.-SPI-Report-19.02.2026.xlsx,data/raw/spi_weekly/pbs_live/summary/2026-02-19_summary_live.xlsx,ok,141984,3ed819cf32db6f2acd603e91e4bd5ff7d3f193c628761d5d250813c67d0d4866,not_checked,2026-10-03T16:14:23,
2026-02-26,summary,pbs_live,live,https://www.pbs.gov.pk/wp-content/uploads/2020/07/3.-SPI-Report-26.02.2026.xlsx,https://www.pbs.gov.pk/wp-content/uploads/2020/07/3.-SPI-Report-26.02.2026.xlsx,data/raw/spi_weekly/pbs_live/summary/2026-02-26_summary_live.xlsx,ok,141837,5e650aa014e0c0ac539764f74e78157a7a1cd3de4c60a427ff8145c023c12320,not_checked,2026-10-03T16:14:24,
2026-03-05,summary,pbs_live,live,https://www.pbs.gov.pk/wp-content/uploads/2020/07/3.-SPI-Report-05.03.2026.xlsx,https://www.pbs.gov.pk/wp-content/uploads/2020/07/3.-SPI-Report-05.03.2026.xlsx,data/raw/spi_weekly/pbs_live/summary/2026-03-05_summary_live.xlsx,ok,141815,029830338e20a23983adf1fe9a53f1ec3f8b0cae5bf3c152778e188c1996b2ce,not_checked,2026-10-03T16:14:25,
2026-03-11,summary,pbs_live,live,https://www.pbs.gov.pk/wp-content/uploads/2020/07/SPI-Report-11.03.2026.xlsx,https://www.pbs.gov.pk/wp-content/uploads/2020/07/SPI-Report-11.03.2026.xlsx,data/raw/spi_weekly/pbs_live/summary/2026-03-11_summary_live.xlsx,ok,141833,970a203c41a0c6651b712cb7ad4ded951c77ed57ecd7c2e4807111d29e801fe8,not_checked,2026-10-03T16:14:26,
2026-03-18,summary,pbs_live,live,https://www.pbs.gov.pk/wp-content/uploads/2020/07/3.-SPI-Report-18.03.2026.xlsx,https://www.pbs.gov.pk/wp-content/uploads/2020/07/3.-SPI-Report-18.03.2026.xlsx,data/raw/spi_weekly/pbs_live/summary/2026-03-18_summary_live.xlsx,ok,141888,f9120513c27b8fae7be313860aefb36d37f1593a6a56fc0a4d442cf746fee78f,not_checked,2026-10-03T16:14:28,
2026-03-26,summary,pbs_live,live,https://www.pbs.gov.pk/wp-content/uploads/2020/07/3.-SPI-Report-26.03.2026.xlsx,https://www.pbs.gov.pk/wp-content/uploads/2020/07/3.-SPI-Report-26.03.2026.xlsx,data/raw/spi_weekly/pbs_live/summary/2026-03-26_summary_live.xlsx,ok,141986,4f1f728c576122c900f998ccc3f851d16359da5e4718d4b9bb3ebef62564d417,not_checked,2026-10-03T16:14:29,
2026-04-02,summary,pbs_live,live,https://www.pbs.gov.pk/wp-content/uploads/2020/07/3.-SPI-Report-02.04.2026.xlsx,https://www.pbs.gov.pk/wp-content/uploads/2020/07/3.-SPI-Report-02.04.2026.xlsx,data/raw/spi_weekly/pbs_live/summary/2026-04-02_summary_live.xlsx,ok,141877,02ce42f7f62f1ad1d11659c22435ed45751b0a88e4af9d44f54d6534cae8880c,not_checked,2026-10-03T16:14:30,
2026-04-09,summary,pbs_live,live,https://www.pbs.gov.pk/wp-content/uploads/2020/07/3.-SPI-Report-09.04.2026.xlsx,https://www.pbs.gov.pk/wp-content/uploads/2020/07/3.-SPI-Report-09.04.2026.xlsx,data/raw/spi_weekly/pbs_live/summary/2026-04-09_summary_live.xlsx,ok,142393,68b76f0725c3aa81afadec86c7f15060e025f21086e5ef0b3c01e29c45fc70f4,not_checked,2026-10-03T16:14:31,
2026-04-16,summary,pbs_live,live,https://www.pbs.gov.pk/wp-content/uploads/2020/07/3.-SPI-Report-16.04.2026.xlsx,https://www.pbs.gov.pk/wp-content/uploads/2020/07/3.-SPI-Report-16.04.2026.xlsx,data/raw/spi_weekly/pbs_live/summary/2026-04-16_summary_live.xlsx,ok,142159,e13c156ab1fb7be1511da567e303adb1284911dea558b1b1b04367095ba632c0,not_checked,2026-10-03T16:14:33,
2026-04-23,summary,pbs_live,live,https://www.pbs.gov.pk/wp-content/uploads/2020/07/3.-SPI-Report-23.04.2026.xlsx,https://www.pbs.gov.pk/wp-content/uploads/2020/07/3.-SPI-Report-23.04.2026.xlsx,data/raw/spi_weekly/pbs_live/summary/2026-04-23_summary_live.xlsx,ok,142004,310baed7faa21aa00b336bd94f292538aa9e317471a2a4eee40a2ff3269b47ac,not_checked,2026-10-03T16:14:34,
2026-04-30,summary,pbs_live,live,https://www.pbs.gov.pk/wp-contet/uploads/2020/07/3.-SPI-Report-30.04.2026.xlsx,https://www.pbs.gov.pk/wp-contet/uploads/2020/07/3.-SPI-Report-30.04.2026.xlsx,,failed,,,,2026-10-03T16:14:35,HTTP 404
2026-04-30,summary,pbs_live,live,https://www.pbs.gov.pk/wp-content/uploads/2020/07/Executive-Summary-SPI-Report_30.04.2026.pdf,https://www.pbs.gov.pk/wp-content/uploads/2020/07/Executive-Summary-SPI-Report_30.04.2026.pdf,data/raw/spi_weekly/pbs_live/summary/2026-04-30_summary_live.pdf,ok,154992,69f4e6b543e4e6db89ab7d200debea175ea5cf7d5d5e6a4c01fc985e0d25d89c,2015-16,2026-10-03T16:14:36,
2026-05-07,summary,pbs_live,live,https://www.pbs.gov.pk/wp-content/uploads/2020/07/3.-SPI-Report-07.05.2026.xlsx,https://www.pbs.gov.pk/wp-content/uploads/2020/07/3.-SPI-Report-07.05.2026.xlsx,data/raw/spi_weekly/pbs_live/summary/2026-05-07_summary_live.xlsx,ok,147110,530b95de6a1ab11985488f821a75748952ba08a49d43c73911f353867e793252,not_checked,2026-10-03T16:14:38,
2026-05-14,summary,pbs_live,live,https://www.pbs.gov.pk/wp-content/uploads/2020/07/3.-SPI-Report-14.05.2026.xlsx,https://www.pbs.gov.pk/wp-content/uploads/2020/07/3.-SPI-Report-14.05.2026.xlsx,data/raw/spi_weekly/pbs_live/summary/2026-05-14_summary_live.xlsx,ok,144772,80d2d429b7fb9013d4cc816eea40d88929e1149c4ca2cfa2526398dfe88ca47b,not_checked,2026-10-03T16:14:39,
2026-05-21,summary,pbs_live,live,https://www.pbs.gov.pk/wp-content/uploads/2020/07/3.-SPI-Report-21.05.2026.xlsx,https://www.pbs.gov.pk/wp-content/uploads/2020/07/3.-SPI-Report-21.05.2026.xlsx,data/raw/spi_weekly/pbs_live/summary/2026-05-21_summary_live.xlsx,ok,144886,6b8ced79275e8977b55a495b61935cf77bf41201c780b9d151b9c9e780839a27,not_checked,2026-10-03T16:14:41,
2026-06-04,summary,pbs_live,live,https://www.pbs.gov.pk/wp-content/uploads/2020/07/3.-SPI-Report-04.06.2026.xlsx,https://www.pbs.gov.pk/wp-content/uploads/2020/07/3.-SPI-Report-04.06.2026.xlsx,data/raw/spi_weekly/pbs_live/summary/2026-06-04_summary_live.xlsx,ok,147029,35abd7ea6ff184460ed76c1b84f886a78d84d9ad2f785626cf19f8912a7579c1,not_checked,2026-10-03T16:14:42,
2026-06-11,summary,pbs_live,live,https://www.pbs.gov.pk/wp-content/uploads/2020/07/3.-SPI-Report-11.06.2026.xlsx,https://www.pbs.gov.pk/wp-content/uploads/2020/07/3.-SPI-Report-11.06.2026.xlsx,data/raw/spi_weekly/pbs_live/summary/2026-06-11_summary_live.xlsx,ok,144535,0ca1f8cb89ba0347ab69b16631363cf8f5104e38ee25674c73de7385710bba05,not_checked,2026-10-03T16:14:43,
2026-06-18,summary,pbs_live,live,https://www.pbs.gov.pk/wp-content/uploads/2020/07/3.-SPI-Report-18.06.2026.xlsx,https://www.pbs.gov.pk/wp-content/uploads/2020/07/3.-SPI-Report-18.06.2026.xlsx,data/raw/spi_weekly/pbs_live/summary/2026-06-18_summary_live.xlsx,ok,144777,31f22fe35c0c699109fe60b7871c4fecd72537ef97d1e4f5b10189fd6047da1f,not_checked,2026-10-03T16:14:44,
2026-07-02,summary,pbs_live,live,https://www.pbs.gov.pk/wp-content/uploads/2020/07/3.-SPI-Report-02.07.2026.xlsx,https://www.pbs.gov.pk/wp-content/uploads/2020/07/3.-SPI-Report-02.07.2026.xlsx,data/raw/spi_weekly/pbs_live/summary/2026-07-02_summary_live.xlsx,ok,144948,c720e2710e3225b615b30889b37afe8984290219374342afa8ad195b4991c0a5,not_checked,2026-10-03T16:14:45,
2026-07-09,summary,pbs_live,live,https://www.pbs.gov.pk/wp-content/uploads/2020/07/SPI-Report-09.07.2026.xlsx,https://www.pbs.gov.pk/wp-content/uploads/2020/07/SPI-Report-09.07.2026.xlsx,data/raw/spi_weekly/pbs_live/summary/2026-07-09_summary_live.xlsx,ok,144806,adac4969ab2521e17cd90a04fea362682a1169e9cab8d483a113be6abc644f7f,not_checked,2026-10-03T16:14:46,
2026-07-16,summary,pbs_live,live,https://www.pbs.gov.pk/wp-content/uploads/2020/07/SPI-Report-16.07.2026.xlsx,https://www.pbs.gov.pk/wp-content/uploads/2020/07/SPI-Report-16.07.2026.xlsx,data/raw/spi_weekly/pbs_live/summary/2026-07-16_summary_live.xlsx,ok,144959,2695ee0a210b285beb35d2513a8d5ca0b8e92b406a385d2aeaf456a7167b321c,not_checked,2026-10-03T16:14:47,
2026-07-23,summary,pbs_live,live,https://www.pbs.gov.pk/wp-content/uploads/2020/07/3.-SPI-Report-23.07.2026.xlsx,https://www.pbs.gov.pk/wp-content/uploads/2020/07/3.-SPI-Report-23.07.2026.xlsx,data/raw/spi_weekly/pbs_live/summary/2026-07-23_summary_live.xlsx,ok,144899,7c31f7a33f16ae796729ece9ca2327cccf712f3e3b8f43dd2e522c1796d1e173,not_checked,2026-10-03T16:14:49,
2026-07-30,summary,pbs_live,live,https://www.pbs.gov.pk/wp-content/uploads/2020/07/3.-SPI-Report-30.07.2026.xlsx,https://www.pbs.gov.pk/wp-content/uploads/2020/07/3.-SPI-Report-30.07.2026.xlsx,data/raw/spi_weekly/pbs_live/summary/2026-07-30_summary_live.xlsx,ok,144996,24ad8960136b3065b9c030587951155a29632c54ac1ac9bd5a63a9f0d97fff12,not_checked,2026-10-03T16:14:50,
2026-08-06,summary,pbs_live,live,https://www.pbs.gov.pk/wp-content/uploads/2020/07/3.-SPI-Report-06.08.2026.xlsx,https://www.pbs.gov.pk/wp-content/uploads/2020/07/3.-SPI-Report-06.08.2026.xlsx,data/raw/spi_weekly/pbs_live/summary/2026-08-06_summary_live.xlsx,ok,144871,aa33e3d116310a2c3b8cb1208813b147e6fa8feed9803ae6d22396138e712754,not_checked,2026-10-03T16:14:51,
2026-08-13,summary,pbs_live,live,https://www.pbs.gov.pk/wp-content/uploads/2020/07/3.-SPI-Report-13.08.2026.xlsx,https://www.pbs.gov.pk/wp-content/uploads/2020/07/3.-SPI-Report-13.08.2026.xlsx,data/raw/spi_weekly/pbs_live/summary/2026-08-13_summary_live.xlsx,ok,144832,c8a86ef190382d7b1aee5b70b2d3925f69d5d6c358b1715651d62b9bc7eb497d,not_checked,2026-10-03T16:14:52,
2026-08-20,summary,pbs_live,live,https://www.pbs.gov.pk/wp-content/uploads/2020/07/SPI-Report-20.08.2026.xlsx,https://www.pbs.gov.pk/wp-content/uploads/2020/07/SPI-Report-20.08.2026.xlsx,data/raw/spi_weekly/pbs_live/summary/2026-08-20_summary_live.xlsx,ok,145009,698bc9426b65abce9cbecf02b0cf1f4b37deb436e42c89abfd5b79217eb12f1c,not_checked,2026-10-03T16:14:53,
2026-08-27,summary,pbs_live,live,https://www.pbs.gov.pk/wp-content/uploads/2020/07/3.-SPI-Report-27.08.2026.xlsx,https://www.pbs.gov.pk/wp-content/uploads/2020/07/3.-SPI-Report-27.08.2026.xlsx,data/raw/spi_weekly/pbs_live/summary/2026-08-27_summary_live.xlsx,ok,144976,b0ce966b939d8ed917233fe4687f7ee037f1fc55246f11b3d11a0c066430f83c,not_checked,2026-10-03T16:14:54,
2026-09-03,summary,pbs_live,live,https://www.pbs.gov.pk/wp-content/uploads/2020/07/3.-SPI-Report-03.09.2026.xlsx,https://www.pbs.gov.pk/wp-content/uploads/2020/07/3.-SPI-Report-03.09.2026.xlsx,data/raw/spi_weekly/pbs_live/summary/2026-09-03_summary_live.xlsx,ok,144235,70b176d9f4033f585d3080b85c3b9a6ea519558ab2dc78ba0fa5f70ca0f7b076,not_checked,2026-10-03T16:14:56,
2026-09-10,summary,pbs_live,live,https://www.pbs.gov.pk/wp-content/uploads/2020/07/SPI-Report-10.09.2026.xlsx,https://www.pbs.gov.pk/wp-content/uploads/2020/07/SPI-Report-10.09.2026.xlsx,data/raw/spi_weekly/pbs_live/summary/2026-09-10_summary_live.xlsx,ok,144323,dce4a2adde3d377ce1c4db35f9426d33a25bf960677fe83b7a36d4de9ec1bfe1,not_checked,2026-10-03T16:14:57,
2026-09-17,summary,pbs_live,live,https://www.pbs.gov.pk/wp-content/uploads/2020/07/SPI-Report-17.09.2026.xlsx,https://www.pbs.gov.pk/wp-content/uploads/2020/07/SPI-Report-17.09.2026.xlsx,data/raw/spi_weekly/pbs_live/summary/2026-09-17_summary_live.xlsx,ok,144439,14448e4b867839a750d6a1711324dbcfc0abb2c425e9da9809e7da705ca95e7c,not_checked,2026-10-03T16:14:58,
2026-09-24,summary,pbs_live,live,https://www.pbs.gov.pk/wp-content/uploads/2020/07/3.-SPI-Report-24.09.2026.xlsx,https://www.pbs.gov.pk/wp-content/uploads/2020/07/3.-SPI-Report-24.09.2026.xlsx,data/raw/spi_weekly/pbs_live/summary/2026-09-24_summary_live.xlsx,ok,145699,fbec567e4a7e990abee49aa9172da27047d7d27860cb4b93f7e36a70ac917a4a,not_checked,2026-10-03T16:14:59,
2026-10-01,summary,pbs_live,live,https://www.pbs.gov.pk/wp-content/uploads/2020/07/3.-SPI-Report-01.10.2026.xlsx,https://www.pbs.gov.pk/wp-content/uploads/2020/07/3.-SPI-Report-01.10.2026.xlsx,data/raw/spi_weekly/pbs_live/summary/2026-10-01_summary_live.xlsx,ok,143388,7656e24e886dc59b4955bd287e19e656b978d92d7d3f96b6149843bebe414e37,not_checked,2026-10-03T16:15:00,
